left_shoulder,left_elbow,left_wrist,left_hip,left_knee,left_ankle,right_shoulder,right_elbow,right_wrist,right_hip,right_knee,right_ankle
149.53146597553248,116.67495633253831,135.97581302554366,167.54404265424807,158.54406237128114,162.10486583766294,154.3966308058951,144.4699655424798,146.38564785143288,165.08653246038682,168.45835302398535,171.51789915649752
149.59402930306788,112.36531062610116,149.6533400820101,164.9802557152128,159.98785839651083,160.86762616770807,153.7953743313807,138.9094672355848,146.31312327971432,167.67807299768683,170.50964383996072,176.5712399226821
151.26629264654918,115.41588855435897,145.3030332181583,161.03009270114254,160.89729714338208,164.26740067259172,146.13020490701956,131.10663410851097,143.04721220249752,169.98597503311714,170.2707571419305,179.5015336978719
147.8862596003103,112.38524626060945,144.5031357347108,161.75311994416384,166.14571036046055,171.12119701699638,143.7894355230463,126.28813843833957,146.35223143674162,170.338490209144,169.92513551541091,176.45275209308718
140.79314324347334,107.21106941142718,145.90741851867628,161.9974630599308,165.5741602663832,168.41414976267924,137.02591107533138,118.66307663147096,151.5460671750929,169.89462702599002,170.42608269469488,174.28114456556702
135.99169292813207,103.43256588778543,156.1802888814225,164.63149624860884,168.94882159777572,176.02118481088354,134.1759455018141,110.46632903175204,152.23560903776414,169.22481511650673,170.75560848042252,171.67867104317946
131.41419379652427,100.16611328425978,156.83771441649984,166.48733515537822,172.43674747535678,179.22839853612774,129.5027941300271,103.7326356441514,152.44889864582535,170.97482721434307,173.16503933526036,173.39489081505278
123.41425538332211,92.09303884140918,160.91662183459354,168.27766441403114,174.31395261926428,178.52646893163165,126.1515813679795,102.98083719175624,155.17742704116137,171.92821360135846,173.21754503776893,169.6888049654166
117.01416028416942,84.2624061009994,170.18668285646197,168.91535410829354,173.20509092431985,175.83467749897753,116.52266283010533,88.79747361404567,158.53741916626794,171.74448015859446,172.80071619825847,168.5899910046068
110.39240389545584,76.46401161244016,176.70757146965522,168.7984244616018,172.24185891631967,176.64193666641714,113.16047660525115,80.18361247143815,161.93635937143432,170.6043751338818,172.17942736283976,168.3871164412904
102.82468014231596,70.0270142611939,175.12612820556544,168.42933648575126,170.88454665029343,175.37784399818565,107.48444153752723,76.72777782089997,168.10235339512403,167.36264177994198,170.30424270981638,168.4225703849676
98.07244278551082,65.7967416100315,171.85659323148812,168.7173216550344,170.73848162313013,175.4947555290388,102.6202581792713,69.65726490915745,169.32717541298496,166.12358444327208,169.63718746411067,171.5443564858149
89.45120933168005,59.43340743731213,173.30816285332796,168.87277446121834,170.57568015077445,175.23108786906042,98.80183486340033,70.67507518101709,174.6891282191195,165.28063518552625,169.21541531213325,177.19056170213952
80.28427933008018,53.98789289234087,170.55020237830828,170.55885655571979,171.16626815097948,174.20629099225076,94.1080327955546,69.3345780759289,169.8303552450874,163.31123681531804,168.1190522012809,178.07672461275789
67.89756053948419,44.42827985363868,177.43237599684127,170.7779877168887,171.34877426627372,175.0156301722956,87.86018721374373,65.27411117176743,166.10600123265962,162.8653298544844,167.92220969184166,179.67336975561093
61.190777060106626,37.6294884213681,174.70921138302253,169.8567998749076,169.99394598212226,173.51228451375957,77.7156944833014,55.826045791742345,174.60596349904543,163.40609162172274,168.01303532759513,178.92819757555498
52.44268278769742,32.91452107072149,168.06059732983593,169.23105020726288,170.3791004387549,173.8109887909614,73.75319717663695,53.70808268502458,174.87417453818625,162.9631564818334,168.07462555698757,178.2787945608676
45.61241025296244,25.058660816617714,163.56085750784754,168.3329929618305,172.98288070573903,174.82119872166882,64.83218349422367,50.37543247150837,175.6678977869522,165.01356195713691,169.07846988804553,176.81117702815644
39.25727270447593,21.137697685215137,162.62525427446928,166.89566013220406,175.18929452184932,175.58975667669955,57.597080823312304,48.132608666286515,178.1439588232585,166.40202547095836,171.76799072516383,175.09032386527923
32.49282607760006,22.1840101495542,157.4182071295947,168.60936702776382,173.46571197233192,166.38335477436289,52.29735009237582,46.168431583005045,177.00392391911436,167.41668585116201,174.0583109206288,172.46076752078872
33.24693281997305,18.29864526212391,159.56592795349044,167.40369267692617,172.08736213151866,162.79496743496432,49.00678663742248,44.85318559294762,172.71014574667447,168.29924921976678,175.80179913075483,174.11076230909686
39.141947642858526,23.334905899327737,158.83378045777232,166.08566622487817,171.5335539102634,166.48767917872732,48.92952307873279,45.59029793756847,171.24228445932297,169.70189070411155,177.9023697636301,175.220218998722
41.21093581805309,22.627480422915145,165.46687931381598,165.9287711542826,172.20320006861482,173.42923615419028,49.48485745149761,47.00052543373055,169.2260045807583,173.42158677446827,179.97629377762937,173.4167660763961
42.12935442298704,22.614600106128893,170.63422793864265,166.52067573667802,172.4747087294925,170.78744758306155,54.35084699208554,45.57494650438411,170.58761593096835,170.59545332816793,176.31066463049015,173.37274244616475
44.324721801340935,24.1106289478471,171.2680089287736,167.13773075666649,171.72345339874428,170.83552182900965,60.68799846759483,43.034256863392706,172.819614473839,169.20541457889664,172.5920073660871,171.59035489938876
64.35387263208543,42.3190961235377,173.44776987358608,166.90400744246455,167.53237543273002,167.74550031535557,73.79822465210108,48.313512610533884,172.7403225532351,167.5638137393845,174.2620865432085,170.5391098009854
86.74175287855935,62.707721635302875,174.44859618827877,165.71615585187837,164.79552311890177,170.13068815186477,89.94376040245481,61.11688535878971,168.62856803934167,165.6063735524444,175.360268246588,168.06754048739722
101.58731541212141,74.55296289021486,172.12215088379838,168.2187936685673,165.3894965103187,175.56581689498003,107.75033265746477,75.09893731324041,161.26276129508554,162.4368536221086,176.13606597350216,171.84454769444423
106.78681230351252,80.10561590213763,166.98967705469056,173.00696414597115,169.34242160708592,174.7342843615355,120.44340496512379,85.60053103392364,162.14990330135097,162.76179051893897,177.91091242190942,176.61612817227513
116.74732991489667,90.69831316905247,160.84502826174415,174.0344213781494,170.04081529159933,168.7278752871904,128.68045067600244,95.87788099651934,163.11152429573553,166.705450390387,178.4362908464377,177.63702789177268
123.33379343833346,99.68663497143535,159.02735641298773,176.58937570053666,170.2677432249209,169.11580753881094,140.56976550754098,107.50727688900724,162.91309060841428,162.4036982270809,176.90951824784088,179.74036070064216
128.87811634908067,107.00417997240113,158.91630499712446,176.0162758128556,170.0900907464617,171.63003246330743,146.31035593282056,117.30802168183779,156.36052904849944,163.5685510509224,177.10628487978528,178.65116167152402
135.0251301942019,114.57730430586744,155.80155504154038,175.8636841504742,169.64824168145756,166.7608214501695,151.27331205979044,123.80914147030826,158.99827300251812,163.87512689418983,177.8384421837176,175.18875223504142
138.10641626444368,120.48855662436462,152.94096384251137,172.62940037668776,166.499483888912,161.82737093877088,151.45493787414847,127.00120239280169,157.88914521400136,168.77776026504674,179.37874892290498,179.26072457135388
145.48715546769924,133.07237592405394,149.15342527687403,169.96597456829542,164.03664499643992,157.9767379625038,156.83979883555995,134.76401946060275,156.2072928697412,168.87877705512403,179.7285716922305,177.26613516682983
146.87667581556403,139.9192495040835,142.23229186951266,170.3531987401952,163.76298563975791,154.97357803960455,163.05248903735026,150.11951408449283,149.80198864461985,167.66361121039202,177.60448774047399,175.54686919992105
154.81929206849412,146.4120972826763,140.44348465206485,171.83901185604265,167.93212845687862,156.67839670619364,173.1622472254096,172.38276242039285,143.25372050111034,167.50671419139874,175.96113336280837,178.9066414823524
155.76928901362717,144.07807957748196,150.41317262324466,172.51338567176882,171.08409950467552,161.86110149333481,174.086611829674,177.29977876803784,151.84875715461772,167.64536702654829,173.10281352402774,179.65992973374182
156.88712772267328,145.51160293215653,148.5231332361,174.68324510031314,176.58114526030323,166.090643289715,172.69495735933776,177.49980844081873,152.00759278025015,167.53173034883028,169.20363778730587,176.75128429399044
156.91552969745547,143.60352095760814,150.30944023077242,174.0767950178063,176.3697894512516,163.56082630680424,167.51947915802964,169.93884030694295,150.00983068024212,166.64419081439345,167.22891901660478,175.53330266583274
155.15456207056377,137.81158863521642,159.07371164570358,173.2854825250635,174.5123599544671,165.334293115003,157.76215242264402,153.54975678916895,150.7124455044451,167.9216145410793,167.76411290173618,175.5031340052553
155.21086545664815,135.74932575890236,156.74799530310423,171.53616831278845,173.4898247744291,170.62146160563225,153.0457144295916,145.10568706982804,150.34618317697243,168.3332432859369,167.22260601286106,174.7070225845066
154.99204888998543,134.78440398790434,154.30181837686183,171.48465390150466,172.90748841258295,171.83931278805787,149.6832565127319,138.6085019825656,149.91175655574847,168.28626840708762,165.50329515757323,172.78034711184978
153.89313594542367,133.20391980659133,152.0247548399271,172.3377870634704,174.5377075334913,172.77578996553157,147.08731302094563,134.64855707250382,146.60282793690018,168.0081335520317,162.63568318597453,170.32229238980725
152.55490965160368,132.10895324120236,152.21052123530941,171.83108360716557,173.74597764117198,170.5333060205476,145.76378066603246,134.03591212540738,143.96053957866565,167.87313570592727,162.3638612948975,170.92954080157483
149.79662829098513,131.41648878373243,151.51429910395092,171.883265891828,173.01430445822405,169.44724270001106,143.59691405997918,131.19918984027333,142.7363375367905,167.6980605749107,162.91454663795932,172.09053107020378
151.43499447855115,128.40804945349026,152.2804930097659,167.9379634582258,171.916301500466,170.8574806466852,138.88777586613529,128.64605594704156,139.79764416160432,170.14268092386575,164.34146556102846,170.660849006115
150.78415983408814,126.2232681250818,151.71866594902636,167.2470637459446,172.0591708363602,171.90425666679351,135.42909342763713,125.88876281326289,142.45882692631153,170.09696031191805,163.0680864283228,164.55593511812643
147.21814544590524,121.7766287276495,154.5162178536618,167.6542113217357,173.35144768522028,176.10882934242647,130.67975593048166,117.96110536094702,146.04081869318503,170.42953887159788,163.06056966807134,163.0729759728573
144.29977089448863,114.24954124509459,161.8891915107461,167.89159208164983,171.8062209422544,174.0524214742594,126.72240256134606,107.07742148759816,153.42332312714774,171.61826000456816,165.73079646305553,168.90921686385488
135.23857413431432,107.03365690492907,161.22236634615172,169.06872483746673,172.39048737150532,175.56756579934236,123.8783036562892,102.66113327009428,154.0548387985624,171.71243450645298,166.066554723522,166.89895309040963
130.18563044218035,103.33419506286516,156.83598225769404,169.78805612547723,172.92388187481504,179.5790297101791,119.18471011372682,95.02380261269921,158.11576785809933,172.0955670438664,166.88674155250703,163.976500952326
124.77730344167492,98.2296042381761,157.4642625861375,169.2370150853335,172.45670677937085,178.33523796158022,113.70377521948399,89.82098601987981,161.9983848599062,173.57665757930198,170.16868453140873,166.59154889766378
114.57432369776876,89.81606650645048,154.66105437005044,168.0543659224504,171.70878209175922,177.79355126960363,110.7753050035314,83.8809540348834,162.3643807833104,172.37093805587804,170.00055841976234,166.9993011596254
104.36577916713192,83.0373417457126,153.66236082760727,164.87537415193498,168.17387722555227,174.04260334575176,108.97739450978938,80.54374580852816,161.75511901619686,170.34066880234437,171.8565386560911,169.27878987610075
96.1844965923907,76.00815295665272,154.4074852094611,164.83788349010123,164.7790024265308,169.9218796948313,105.27547406414457,77.01086293468052,159.84910198955222,168.4005398493425,171.41172073865383,170.23643504363034
89.77157984069932,71.31226565092085,155.53032283713458,168.87712713147755,166.34631191735937,169.3739436955755,103.69727321190327,75.80926771350416,161.49734615803155,166.58066682216278,172.2316999879388,172.25843303727203
82.69850851114131,62.28854962599697,155.54226052595786,169.23161708008504,166.2635054197216,169.48852848056,95.38845903772993,73.28452110324922,159.75652843311906,167.33922533267335,173.8442639664127,174.90466537577103
74.8932903705323,52.089853884979426,159.90353351888666,170.0569154777766,169.61314020496954,168.81063927390719,88.37675988088286,67.25256613807909,164.6601332738094,167.9298182588698,175.50991099980342,178.81334401259767
65.869592793276,42.49263816175612,159.97872770588168,170.23569312654604,171.0202149495594,170.5449527409101,80.87595115444198,63.74721298578798,166.1149510621762,167.14186898037224,174.71069601878213,176.26677379045609
58.53345987477772,33.77917965380895,161.28664820435202,168.2451029207968,170.33377563234248,164.7081387168981,72.66435954793567,57.01599869631835,168.6020920482286,166.99443222876633,174.63715056165586,175.31266150300402
52.79023299773041,27.94107440390477,158.29831690663102,168.3061758413075,172.7920780127397,170.15625139997098,68.81405295351676,52.300868972834124,168.81760893156107,166.59761155014093,175.18032758912184,174.9240405552152
52.975527110021076,27.92902399113155,155.9901653267517,168.20164333524954,174.4744148188749,176.0380084491738,67.83650624953953,49.8425818826872,168.47382935171595,166.96275310943813,174.41593273176346,178.10308755014657
57.980684162018996,23.913323136907668,162.57181876323094,167.57996806146608,174.60962336252567,177.19269146856604,68.93101583227917,51.69119154255181,161.11955790745276,167.1761749264544,173.3406209720625,177.54633816569643
62.7852331056658,23.101445227629437,167.37890558010363,166.29437412181056,175.19529560434734,179.9271407473076,73.21758920876671,50.300057362692556,161.18889709506806,166.9506460396198,172.31271003947978,172.7196027378321
66.52191946162085,25.301355557748185,168.05121835310126,166.53597699628378,176.6737981530048,174.9524342049872,77.15502715120888,51.205844927227496,161.26077199498783,166.503257409272,170.43086485284908,164.79430501693264
70.11884831848042,28.205661718575197,168.2905274158218,166.2392072949067,176.60089145278016,171.5867862055531,77.65156455611195,53.517254154672436,160.29981155809116,167.7489497525022,170.28810631569468,162.96048475724416
80.4833548024104,37.870729062691936,166.24870529925863,163.95873851211803,171.68463749750725,176.18069659412126,85.95425171368774,61.83577250074504,160.94960685361406,167.25381050442576,168.67752588207512,164.00453499882101
92.07741385921021,46.90049979813744,167.91255692523237,163.7390847630951,170.30667107880532,175.92599952408037,95.41290735947156,71.34601658030931,162.07249493711382,165.51264445639552,164.89214742119805,163.55090996019337
98.73902129698473,58.16815843894073,163.88837930608824,166.14040060664297,171.90037317606394,174.7640133766243,104.74453407302914,80.15498658711671,159.69605041274636,165.0484371671113,164.98167853994596,165.37615544766237
108.87691541558243,73.20885924579153,159.93081946650202,167.56829318508773,172.80821477770397,172.53693011211703,114.41851846942747,90.10606193550886,161.20239529420908,165.34863927298596,165.68038677977978,163.72708390833247
118.03675050699957,84.57117265303023,158.73809864341985,168.21060481478796,172.79514392057894,174.77994090734748,122.19631756483199,99.94976027453025,156.65511611141307,166.11867337106526,166.14075410544774,163.43347395037736
124.3126423843128,94.68838473825252,159.4225477713012,172.0620761561501,171.8695905286996,178.48772252878683,131.4394131351204,110.10013718529517,153.052263540138,165.31448072355093,166.92110800505353,166.7154181479845
130.81992881902707,103.04731558423572,162.18036806955473,172.72660606870906,170.6479565426829,176.5053486801357,142.14034281308133,124.30738750386432,149.22443969692745,166.25784436190477,169.42516007162493,167.8527620713532
134.73806043689186,111.73855229900163,161.79500328761216,172.75127659806972,167.98455249518966,168.10335774299347,147.72577577091556,132.07246818247475,154.98131848936336,167.02933989336924,170.01414758735237,168.18646170382758
136.14575827416917,114.8869526630034,164.5179423524157,173.72196201927542,166.593463468783,159.92600424078717,152.7563078263997,138.95761766656344,149.46801078006553,167.98051882895385,172.59227651435504,170.70258916742824
139.2140361858903,123.76181971167992,161.87435560098618,175.09130725031608,167.91375200194088,157.32395235248484,160.83273115025278,151.63406278816603,145.87917093847463,167.55116552351004,173.93107180273117,174.20651353999094
142.03659178892997,134.99389672042517,150.63075619571063,177.28841526245418,169.34799255659587,156.57066346863223,167.28659641637418,160.4109604944585,150.22808176008593,165.7289993549044,173.26372666713564,174.2572519877079
145.38644668900204,140.57071813892844,153.32622314014176,177.5283675599966,169.16457312727147,154.07965460423156,173.04079849260307,169.36219520840697,151.45249280974565,165.36169732616767,174.06903259052004,177.35515519714215
150.82768681042523,146.29459035723983,151.23619907608304,176.08783869563746,170.2333191610917,153.50676566125168,171.36387461393366,165.30590253379,156.31741488804525,166.57255979445375,173.05050352787902,175.0848915472025
150.96016889890987,146.43278035210378,150.95775598094306,173.70606648857805,168.21304802593005,153.31241664307595,169.39914246807314,162.2096591484028,156.79398688188886,168.84888367847225,173.01928099049115,179.7068378927252
152.13801357934105,146.8917837823574,153.32413235376046,171.19723504338708,166.9082681400284,154.34462239540275,167.58447147935757,157.6421629630345,158.80764457904996,168.8360684480578,171.52969349369326,179.0733451660514
154.59594963180905,143.98169487499177,154.44448350278745,168.35449308260357,166.43174023385802,158.37579388653467,162.1594365472077,152.3724225157867,154.46406136849404,169.14863352943894,168.9939710816598,177.0552524335155
156.20948261347883,143.40359420541608,153.99511639971777,167.23173428080617,167.42630656762114,160.96095572191985,155.41620485007908,145.97455601090266,156.6747771151628,169.89307478456814,167.55376295491857,174.2436052259778
156.9456617381096,140.70885277355828,152.75007233506952,165.73451014746868,168.12968246659702,163.89930044219892,150.75708035552134,142.13062324806006,157.2169040640216,170.67530127480683,166.88017931031754,174.02889646822652
155.11318273683176,137.42351314917624,146.16941739821672,164.83539336194028,167.75078179999878,164.2029969992145,146.7319548696485,137.56157106111482,151.59176898387273,171.32098529420477,166.2416710223886,174.23108789388053
154.82956883653824,134.94037648635145,149.60197262126061,164.0719349010967,167.48898672265221,163.9562385094206,144.4358094568962,134.6176362481157,151.9280141216865,171.61283356161059,166.08170103323474,174.44961249432575
154.42378956759345,133.7449432561892,149.63304309392782,163.09939977313996,167.8813346548507,168.07203148791766,142.06939608742516,131.12540795353902,152.54037962223103,170.86264057378506,163.87627147864512,172.87803046230667
152.9163746648498,133.26392617738142,151.72990587350688,165.58757180405735,169.5404667174321,170.8740930622443,142.39887019570511,131.34259490075746,152.17201488890763,167.5471967951596,161.27847932964025,172.45572076058016
151.874477345026,128.50863234963788,156.40851733328705,165.80609068854224,170.35869187822584,175.1300170615726,137.9390511329988,127.80232436693458,149.2445928049532,167.35811089127418,160.65660295633649,172.38773422151104
148.242960986682,129.8261192315293,153.4476172244656,167.28309930812281,171.5989474198945,179.1912470551151,138.5284654587725,127.37362368934578,146.01981328002324,165.7161804451661,160.352709794389,172.26977299848627
145.63334491897828,125.56059141892213,154.56895088372522,168.5041839853733,172.53606899596468,174.48465237763767,137.81198799425175,124.83146912218888,143.32249758724885,164.52136696820568,160.2051270095026,170.98108320075065
144.96691857703397,125.72136463386614,155.69440522310424,170.980345718811,174.3787293860154,174.30223458329039,136.3272114479519,124.62253751762206,142.91577140959194,162.5506856133191,159.9049578576073,170.13764128238762
145.60974669950048,124.87678580672264,156.5176601415759,170.10108219505975,174.4917951150248,174.77831597023447,130.21079549673598,119.9657705070834,143.28198963794134,164.56947615143707,159.84030686713305,167.42403764006724
145.58113123013823,124.73006952166547,155.22244234888262,169.6487009246115,174.80730315523726,176.39842539556074,124.30431376214358,113.03165789452991,147.4968951851233,165.45941022910827,160.2025085847698,166.5669899073187
140.517229054755,119.50487873277626,154.0204725540513,170.88370786183438,175.81160351233294,176.64806083792269,118.8507738537012,104.54598271970019,148.6088896795647,165.18183787261518,159.916739789217,163.44330217618108
132.39305493935075,111.73203943265281,155.57704776945263,175.30400504909755,179.90422680934435,174.1530335273729,116.28036196313916,98.90952387755173,156.9270073260465,163.25883747954762,160.07463954950464,164.0186903983446
117.79600236438075,97.01824293336325,156.94007837985873,174.32154384121154,178.44799350514592,175.50108397798945,111.56464442242489,91.80183600789185,161.51554528629225,165.15634519054922,163.9675365301029,166.1644856139069
102.53615125948748,81.34996831474857,159.22005217151207,171.41347321763266,175.8278236030227,177.0035697435579,103.30969701757124,81.47091419841502,161.64345373518756,167.4448755486057,167.76855985680714,167.37096645001273
98.9556288188944,72.83568546803437,163.88490332783127,172.1899897655133,177.12611091988933,175.39838555732698,96.52616964233385,74.28337217811526,165.59213394689885,170.5682827980819,172.37414426189375,170.11185597789148
94.23586120708833,70.92324544998246,168.01184720003278,174.4279229100804,179.59199043270524,173.23337083830208,95.16390071673557,75.07374801997422,162.2437921518618,169.3716384927646,174.06979380991774,172.9781695057097
88.92788786374976,65.10058201220374,169.20844172106774,176.0317940499333,179.02231547232006,173.09744549155525,88.66973203433534,72.13717869958467,162.26888583831033,167.17976785779533,172.44194925936094,175.41477556938705
81.22042074532058,57.19455032673174,168.5261759137917,176.88986288121507,177.61326112201712,172.47808951899876,81.65635492001229,67.84797075735756,167.23233131626998,165.63788856845844,171.4533515963389,178.43171793894462
73.48047742105129,48.48442063066933,168.56015730194753,177.45369744944344,175.41521743004742,169.85785058617876,74.7833756583015,62.69177194568394,170.16100483055845,164.58026402190393,171.54680320865748,174.77311325823771
62.57220191424479,37.00139370187641,168.52689692935448,177.01715246362645,174.53230265252282,167.3426742051038,69.72386861233393,59.20842958616197,168.09910864737788,162.75959083222992,170.80956308095395,173.70175701158425
58.15722715371604,30.885244041597307,164.92706359626916,174.69255467274112,174.30069463367877,167.18248284997688,64.63977749803504,55.805324616834724,168.19394365369854,162.75894195273455,170.96203163497677,174.88858638278646
52.38200850913812,27.55325824208667,164.58432532637207,175.3863779096276,173.40979753742587,165.0989213883613,62.27830263013072,54.91247527464397,167.8788104522228,160.9739155045362,168.97258872996247,175.6831214770169
47.48852090157233,24.589882894817023,162.78228907081498,175.12042087813774,174.5676210639889,165.4181774308806,57.74495340665692,53.05371997108948,163.95403466939908,160.78205321242152,168.2809712099322,178.31306684849753
42.689767937100854,24.78958600093877,157.9691705229668,173.7765953233929,177.5260761378244,168.11807521591936,54.34347967861121,50.099756640839615,164.70910782346715,162.34798443562892,168.69355934908106,176.13075538861256
39.641852363660014,25.514310999464353,154.89529754218017,173.1646560582486,179.2663647547294,172.10352506990134,50.698590595724525,49.000847521966904,169.9565358507877,163.23706820006328,168.9786064077084,178.39283847435314
38.98103277640736,25.26455241390652,155.65825174311985,172.3497363929736,177.49724288015196,173.54430711458312,52.28669495436931,46.0536061286991,171.04693669499906,163.88754368732359,169.3198677837233,178.85683018751385
42.497768513052854,24.03414561203054,161.00511083759287,168.21026404928145,171.95651272089788,179.26834514622678,56.480041864437496,46.18338328468971,168.96747799200463,164.9346703391097,169.76455335450774,177.42034480379715
48.939998157617254,27.135730774937137,162.6001099700927,169.41787390215396,171.2644235775657,177.803412364857,59.38768049369501,43.57432724755819,174.11482420751426,167.56352277525326,170.99841716151326,177.7543835473617
69.67579836420862,35.50191023701693,171.62168055886943,167.4598328023295,167.83582813216296,167.82095004204064,77.44774164785792,48.17409151876746,179.186393350732,168.05638925180426,171.4142414362233,178.3674881977616
86.7585646995983,48.78596682125613,172.68824232238993,166.65039323380944,165.89193210102067,164.60372344657776,92.63152879001434,56.51685113758091,176.88376128285583,168.32782746611306,172.22411107375976,174.8748560936594
97.14221220197531,58.1506590416522,166.79789651402393,166.95633617810648,164.71390788581806,161.485823736043,104.13630542243992,63.28701536755538,178.57157497472858,167.8223652880939,171.0016730181388,176.7068040723229
103.52906340544047,64.98529214374825,163.89303793776097,168.11933718827174,163.11771122856752,156.7584364119408,113.57949150598601,70.04201206816751,169.47835309870396,166.47490479559787,172.30412487884306,176.49443404251977
110.57311020528472,81.76129867284214,156.43881418124718,170.96829714655104,164.68509822587663,158.76138104252186,125.39552144605787,81.80032173276203,163.89687417605057,166.42148259156446,177.55644645611002,173.36848069135362
119.03416968806198,91.86532898821257,155.09187086093974,171.52370673201446,166.97172833999383,162.98419706004205,131.978169957582,88.90488777312096,157.01985302341373,167.3534818968893,177.6667818267464,171.37560834161127
126.26300365060017,101.61225906598214,154.93306869260775,174.51716303712573,168.47467690296358,163.29856341653877,138.5045415044979,96.94719837254557,160.70150717689478,165.14683317202596,175.82136167624427,174.61689108296113
126.43670195858158,104.83723268880476,154.30705964631048,177.09568230245245,169.93076541864647,164.03070192751022,145.775641041593,106.9219026970587,160.79143900681981,161.9200689413811,172.46608908421632,178.75492183569938
127.74944527694068,108.71126846957478,156.0510110629279,179.0791630557793,170.38224898972064,167.40707636796225,154.17669772163222,121.1683729442732,155.8001500406115,160.63275066481933,172.02410272053496,178.254733111113
132.63856305808363,113.98183195185403,156.28450368185202,175.0768883497411,164.04672223181734,158.87427451847512,156.62428775228847,130.805984291262,151.64149452048613,160.68058338375496,169.80682760199778,177.4088507695027
133.82434926366253,116.3905762761585,157.90875279451214,174.09544753982456,162.38478678376453,158.34828107483972,161.20027513652437,142.8062861620829,147.96352883283964,161.85424511925075,170.1054564053101,177.75090335372772
137.3170184037293,121.65899921607253,155.27214790186633,176.505385356097,166.4735306787367,162.71829928897014,164.54768818034648,148.85504026220448,149.42017223864073,161.5258872776297,170.2626003270743,177.7624220523889
140.50992043437395,127.24442043386333,154.22352171951638,176.92121301169843,164.53166847046694,158.3350308458836,168.88108228808323,156.59127569294657,150.7352439822323,159.7497788434285,169.05429888806862,177.92314521093155
146.1379164775303,138.0770972025035,150.38045689575844,179.0404076804018,164.52677763541055,156.33095262580687,169.80990896121563,160.65723279687177,153.67428838123809,157.48074664047732,166.652945426146,178.2435193318569
151.45281559811897,145.0656055869034,148.82286131010758,178.5276218643674,164.3300445953407,156.2651158378877,170.5111566392352,162.02561451508595,156.74671438193056,158.00661058856764,166.15831634784107,179.9608085276399
155.62075334645047,153.09188505773514,150.31512830478957,177.6437376579554,163.15467913481294,155.98734941798068,173.83632095002898,166.8776120676903,161.584318211342,158.9466574855454,166.3694531571673,174.47302677394688
157.57561151394341,154.9193211137276,150.4741018200455,176.4637501438697,162.75373545136566,157.05177764420304,170.4899621831879,164.9578366079849,163.14126624563215,160.9913373933099,167.2698250238496,173.89303732739404
157.6106241761034,157.51797620817416,156.11339701784206,175.83203363025262,161.80861587425755,157.48692762097676,172.50685156548388,168.6296447685545,162.48246219519672,162.08135373781272,167.97227843390402,174.79842748671075
156.94102865473414,156.88563631935074,157.60675172182965,175.50512803833428,160.79175491614546,157.0625038360614,172.52249737367242,167.85809591968484,161.69537386243658,162.48654787470272,167.2002189797108,177.11123770044398
157.81398328924828,158.34153658679793,157.39970045577058,175.20135015929174,161.62552420195672,160.06965110036086,171.88898786400412,166.86657356645821,159.13671803737682,162.64355801236957,165.3763655595963,179.89625893147834
159.10292639483305,160.5784438013535,157.81674950453132,175.36621300617074,163.06642050134184,161.4964999645042,171.45309586786857,165.44414432670968,159.17454835041104,163.0848263351983,164.81496747477522,176.14509724119765
160.64932151601255,163.32213264057555,156.11228926628613,174.6876485720328,163.67793352734054,163.37732348380408,171.75233863469566,166.51170585639372,158.92960203744784,163.56467309346158,163.10326378538488,171.04093410942298
162.66404886464267,166.73027360326012,153.94015470876826,174.15850967852847,165.63177720951515,166.05712119110962,173.77103508067944,167.67447656322125,159.15634494654444,163.72381868120323,161.652174212222,165.81491029517045
165.27784690807908,168.2676435862812,152.14025154984307,169.1127499922675,166.28161592297266,170.77659360914896,174.17978845502353,168.6453248308387,160.63679862757928,167.71827585668484,162.71615900316405,163.3921418616338
166.60721346432203,168.05362022273516,151.94542229554713,165.6182254420919,166.46868323561796,174.07650688325782,174.87521142910794,169.46933959105766,163.61342270103532,169.37871899993357,162.3982610648109,161.11652615297197
167.28163499354665,167.14667149263138,152.16337569618466,162.05981331899048,166.37744093520178,175.96460618688766,174.21570088649034,169.88840385985873,166.80301774207683,173.22480481416687,163.6832328684125,159.44141874883448
166.83733617631793,165.4055612674797,152.62788615001693,160.60883416980124,166.0538158517811,174.06733921722417,174.42973187245298,171.09063074875542,169.7973055730982,173.33345007327762,161.4321005770533,158.85240744463894
164.87456904182955,163.86061603337413,149.97590789835795,161.63616185914773,166.55313112045707,174.30356741199174,174.92982426372734,171.87325913930084,170.34223614344126,171.9759686812025,161.33921601999558,159.19547375970052
164.35570376644907,163.52085831424353,144.72592527969704,162.78457034837447,166.0317002990659,173.29693419157738,175.78619232015845,172.56593747767198,167.86364240767338,170.47815472986628,161.01556517886533,159.8584040522066
164.14847097845285,163.56352209998622,143.16450448502212,163.43381646282518,164.27226643677972,169.62733424719409,175.13026137187833,172.2116221924483,166.44453830373692,170.7913052636801,162.64511227681618,161.89572305240057
163.7852018654462,163.17136486299512,141.29734592914158,164.6500311378426,164.3693085626369,170.72465787313712,173.2485227564945,170.9057442648869,166.2781703026506,171.36941294491106,164.09118506864328,162.4829938184682
163.13675649050663,162.62668137852788,141.25811765512816,165.94527780215736,164.7831022734279,168.17869826513578,172.14754719586443,170.25905658520145,165.6226188130425,171.382711353067,165.6589340788322,164.024574141239
162.99119059584166,162.71145926112442,141.0904945131724,166.98642000838404,165.26067698746124,167.44572878477274,172.40150008213146,170.86511382677182,164.88832539540823,169.78517447049475,165.47531080663373,163.64044213234905
162.84387099559396,162.62266894080662,140.33634654244685,168.9702561095781,167.1586147100339,168.55651782036364,171.7769968732388,171.52376998698784,163.07531654347676,167.58855518411093,164.38694355586657,163.1162670313914
164.94781957318472,163.13739948694055,139.97971498195793,170.3889113537143,170.00657706697044,167.13791982684467,169.4659368279036,169.71673772013546,162.79411895638162,166.98773656430188,164.61814291747865,163.3212450198313
165.71455515997596,163.671524061225,139.27720994059158,173.24044980871224,172.91784521403056,168.43104268575377,169.8254328038087,169.95038984181545,165.50868525081927,166.82265467167807,165.38111325521982,165.41275320642816
165.9801053363803,163.49720814412268,140.3091434248185,174.92778640543492,173.2037560429173,169.86492927372737,169.86833341055112,169.77761257242426,168.10981783011252,166.99665084024852,165.79232205434914,166.58872292792626
165.71322192781778,162.795780047631,140.70072187734,177.46924216987992,175.13436183101717,172.50148177224204,169.01664802993184,168.90423470803788,167.9761524180534,166.36946842202954,165.47128864567614,167.1611781399456
165.6637697210904,160.58409139821944,144.23634938766753,178.28725515931464,176.0794128393018,177.21994787419723,168.2770534361481,166.9606954931122,168.45934507639993,165.3489544538866,164.67966350630425,165.1754480782114
165.83253023443092,154.241144013704,150.98573840885402,175.3674213059143,174.3140583914642,176.95256075534485,164.2302021634645,158.12355744129283,169.58260724198257,165.6095032999835,165.6526608220321,165.58320247481066
165.0651593965977,147.83896272821423,154.62382954152488,173.97716182757264,173.43039115933863,174.70151955547638,159.67425463805043,151.6880408427545,166.86494205761937,166.2163366341995,165.75086007527727,165.81449764316585
164.56099428522504,145.59921212592855,151.41140040606228,177.37381730126094,175.44610007275216,175.66149104379548,154.58004017426128,143.60915497383027,160.25266905864578,164.77459226439663,163.55069032389767,166.25584149251173
164.26011951877268,146.07063690721245,151.05312179678447,177.73474880208389,176.83784995196515,179.18911276513745,151.64932974190066,143.8531220451347,156.51911069991522,164.47788862389226,163.27495280579313,165.6635283438366
159.75298450891236,135.16794490243714,157.9396299045616,177.68147693201217,176.38151716502148,177.2233271954343,146.45563670539954,135.92925241787017,152.5519098245991,165.90759880917165,164.17728444049735,166.4587443166255
156.23205942694176,132.4991955473114,155.05550150844476,179.35982637109012,177.03204101609347,176.56789176104493,143.4094501366996,131.41462145888173,151.8304581499824,165.74222016231658,163.55247648995257,165.73024139044279
157.43122481566922,133.87457568665127,155.04977698348452,179.97444289427415,176.20026985315485,174.8120818224557,142.66338818073245,130.65241598959352,146.44091240119454,165.56405261629527,163.48023320362455,165.6999820177763
157.99008761091247,135.26982184451907,157.80192573188393,178.54389144260443,175.1068961421354,174.0773293829287,141.0575821148664,129.3298839095656,145.8339186406977,166.21711298469438,164.09638964249876,165.2956598497171
158.18594428674265,136.7393430117897,160.3469860353909,174.78521581887009,169.23857059205739,163.51840602143974,140.21662515738268,128.17106105329708,144.0880849115893,166.14582504758542,164.76017978281732,166.03709074555994
155.02620186954647,130.74882725754182,160.94137417556757,174.39789480024137,167.82182287322777,159.94121429807825,138.61657398185326,126.10759247359267,143.60819336482348,165.92061752182346,164.32797388649942,167.568971424445
150.28495359734256,123.61038415049073,161.97312362618302,172.17348084728616,163.33483593794455,158.23545115824277,138.45886381927582,123.75529699120268,146.82761794169042,164.09508989185397,161.4868275523755,171.09310134645787
150.4911166107039,122.59392756058438,161.94464054923964,171.2561221600118,163.99043951518604,160.1329418830462,138.18794644755985,123.1282668447304,148.27365816310186,163.60754672905287,160.45018980409182,170.85421997143234
150.43628275751814,122.94665950038873,162.49369180668134,168.8041368534117,161.6429094828264,158.92152551535264,136.1237027314298,120.89746807965695,150.05942239865215,163.68315370815367,159.34903705537658,169.32159549339192
148.94927400466426,122.80988886142573,160.1178219499542,165.8000553665098,157.68873736562838,160.3863667522908,134.97082070843604,119.64495290371953,149.71919860354186,163.84347957651818,159.48688773338816,169.19508990005374
147.75118846626276,121.18366254882115,163.2527811043891,165.6858237458131,159.18915450983215,162.71834235071475,130.99567091900167,116.67100714759161,151.10536238146932,165.73654427031838,161.6691366625559,169.54823984363586
145.92704646881592,119.83862374304564,163.96664042488243,166.4822497716788,160.66399297810838,165.3314715500857,129.0487218098948,114.06943220705915,149.04341500689625,165.84738302219088,163.3996930388879,170.03756493572325
143.84417633985134,118.23375276267546,164.30364918835122,165.4343957981394,161.3974412012189,166.79382055862575,126.61443299965227,110.07274270655654,148.7410587374301,166.1381150080317,163.3290204910926,167.13972908283452
142.33714669987762,116.09597005599923,163.56280970594338,163.06210465459498,162.48772632042045,167.32769251021972,123.1562630066854,106.52219101146979,147.13112067398902,167.43645960303772,164.65412841001225,165.39940887292698
142.15066753818047,114.70397920949866,163.81655656747563,159.0947452663779,161.11173583839357,169.78697505865415,121.54664094894868,103.19400879455492,149.12395656346658,167.8347981122216,165.0386782616668,163.86514973103684
139.26381537275708,114.2916294807478,158.8964175215062,158.4633104060569,162.6039152000813,178.84776482235702,121.71408490134105,103.43172280557856,150.73947777086897,166.12863339023042,164.10308246317905,164.16225476574894
133.70851485125556,108.56411159580244,158.96053486216755,155.89826341364912,159.1321521522422,174.28690208126116,120.02838659432064,102.01794828271724,152.65214234471142,165.73499420064877,163.6944435322169,163.5515836698196
120.53460366194813,94.15909590656733,160.67050473262682,156.01607787347626,158.56540185523787,176.7107426047317,118.29456687824026,97.86172445807692,152.70028775666924,164.03944226754302,163.48788052242085,163.65111783647995
116.96716584191383,90.97296660334527,162.65090279342724,155.89418816195166,158.58774279190902,174.9244213076123,117.23915954078103,96.15884735604186,157.87719409704175,162.43390191732172,162.25281408436223,162.49201091370728
108.21880511508884,84.3532537781989,161.64489242799212,154.80153237945234,156.66587152475415,174.9898019715924,113.67061026781022,92.04665263704733,160.78682220771003,160.55670611334463,161.30394950936736,162.09778038337052
103.44168879317218,80.57194732849196,162.39547966091436,156.0462298033844,156.8357758046934,171.37188895278268,110.22442077491453,88.45766817107038,166.33645855392083,160.1137262091144,159.66987268529707,158.27533249747023
94.80138073086475,72.15847634469017,161.43903305545072,155.05331601326355,154.4414341801126,171.79217343980207,106.84572892069772,84.352832260452,169.39142065702276,158.31650159658338,158.69084566392502,155.93620868813713
88.33741934804819,65.8354417522802,162.79801859720143,154.681222584496,153.94829510227567,169.7709590882084,103.7285826219543,82.12440384670518,167.13756239736037,157.30094561099725,157.51364363857112,152.21326609204377
81.36311168909236,57.95067563888477,165.81949890882606,154.11540069259178,156.0747278367208,175.44250769684058,99.75942788234374,78.33079444133882,165.8964041088296,156.60344507385423,156.73439416690252,148.92212497560223
70.11337928863655,47.61846820912191,167.3198590633453,155.13749875076877,159.0365487211125,175.7648019198011,94.33675553815182,72.16686306937554,165.668622587471,157.56800704649794,159.96720343827704,148.52329316920554
60.62678171118149,39.40296247504835,163.68280269015307,151.7946284426954,156.83700813444065,173.4569625049298,89.23557738965269,68.39280374259363,167.93936014259964,160.49052394039978,163.23987140198457,148.80844498380117
56.534892857430464,35.282320259577766,161.6439810011632,149.92379960088573,155.25569824529146,170.71595992039758,85.56583649032964,64.56647951339153,166.78435715767694,162.51786600185108,164.85590010641627,150.3928514586425
49.57756848810002,28.983818371619947,160.81008530798272,159.12117558195834,169.07122308899872,176.607070925299,77.54239489095846,61.94114937585845,163.04130275371068,161.06867938557332,162.56086393681613,160.8016619248722
44.137695281561285,27.077972754389197,157.54134179873003,166.15447608217022,179.1926780968479,168.9514606814763,71.01251669549866,55.76635040312853,167.51154081270255,160.45452034796602,161.24511101701756,177.85102865061972
38.804305920257846,27.80114568474613,152.91417669080462,172.17036178230995,171.06006816304074,161.2633812155143,67.61737417045715,53.80552896432889,171.2924330119864,160.89767833681597,163.58079414220964,170.7670936685595
32.09094930757271,26.2369375952317,150.6816859168682,171.4124110123952,171.21691859781603,150.83272053464162,62.03824659139162,51.0338415884149,173.14664179481096,164.69778086621858,166.96140836144235,176.7900000007818
29.757269647332553,24.003403256249122,151.0623804202785,169.74646298030314,173.39475132553125,163.154027108203,58.108849973657925,48.0136376087041,172.71460183541654,166.08522499415264,169.8184729146111,179.71804242081015
26.656073070304124,21.26955098902143,157.2978773941075,169.99625180925625,174.02147044036184,170.00925581294982,52.242735737992945,45.902162578456355,171.43756499665704,166.59537046715528,170.65863915622188,179.66654688831196
24.44130501162546,17.978088023409512,167.16557708549237,168.16146745849363,176.29549593081038,171.957443061333,47.590329576108644,43.60275463807866,171.40862899276414,169.53994510194823,172.98372100224188,176.34739458394827
25.703363681636127,20.262668110218424,167.17745993138928,170.22321728343712,172.7650937237598,165.32718641504073,44.55858009418665,42.0707007300051,173.21705687652724,169.1282841683234,172.33279871587263,174.38114040091506
28.868828374678635,19.274850135842478,172.9339608168927,169.67879535674294,171.1247987911087,163.40568329225906,43.54940302513589,41.93111557805667,173.7078120342073,171.51678376655093,173.89147642609137,175.55074634323964
31.1131334032991,20.461412335739595,172.8322237940145,166.9265966755724,175.70194793239617,171.3480198903513,43.95172521480829,41.36625834692104,175.28485019394125,172.24871751837264,174.0572176280736,178.67004531093255
33.071282925330515,21.04482814310578,173.32711801284728,164.13406085290057,179.2303290183022,178.21217249536906,44.73570192832926,42.4698661388535,174.76246540622972,173.36371840646385,174.11504648062973,176.60606253958025
35.26612777413757,24.02745180622695,168.19979597762017,161.67275528123608,176.28589400115533,177.14345393202137,45.34175380208399,39.663130719614394,179.31561511564942,175.53931999644206,174.95920830983303,171.7105980575379
40.87877955544807,29.505827936879783,161.22920985121024,160.83443050799448,171.32381640054592,174.11559872588217,51.25383971730902,39.77896473719577,179.7921058764379,176.4363180932829,177.65678145922152,171.24237924166016
47.47398850506867,31.531578470498427,164.9215624561791,163.59551239346771,170.6803695608349,165.83725113264984,58.36457586584975,40.37634808769591,176.92505531550535,175.3430752694856,176.3046979374134,173.72157773389668
58.0617418420517,38.8766439640642,165.93665778523575,165.0054104840463,170.06415286570757,146.8252791003011,70.45785296395867,45.70504329459569,174.49084959421683,175.323972168843,175.5958493786974,169.57798867146607
71.8332557937826,47.534194962180194,164.27020399342376,165.11936503705564,169.23808499953708,167.47251111234132,79.31270218368414,52.44884273943442,178.32164996121165,174.29893542020497,175.91466322790478,172.67505109518257
88.07563871591232,60.068708233383155,162.06825780650342,165.04582913203726,168.47232569258313,169.33384400052648,92.99053979068758,61.74736373306885,179.17432301518878,173.79618044551475,175.85053458617313,174.18218519292893
100.08894582125717,70.80576277003772,156.73537604309996,167.24494563112336,167.44950930473814,171.24223885571973,104.20258366816742,71.39400976232689,174.16017074334567,173.2140818699111,175.51270752757958,175.8021696812951
111.3452136640403,82.74445823819201,153.44346811654665,167.1903092597019,165.12385932957082,164.77722241639714,117.63054458038324,84.6687613203302,169.6021601074749,172.79906710433116,175.16500532565186,176.43700916802584
118.54149836893491,94.85486941943653,148.09600065337293,168.64024402339194,164.98386866819467,163.0155945900078,126.14907974035111,89.78673371004848,173.01066568732813,170.1960308858384,172.1578037282022,176.3676487102188
125.96605662167259,103.89363954771984,148.75156583359467,171.92884183376648,167.31219001174478,163.97805356755921,136.6548112713673,100.81169554957141,169.42657077525104,165.91615613849544,168.60893990359986,177.7652683943039
132.88033735745537,109.5939006154188,150.5632550031978,172.31755903984333,165.39598638733708,162.34067109207206,143.6770270131865,109.63488210015218,165.31967644885393,164.0770048550573,166.98377237593994,177.6361127561528
136.92889477718052,115.02896213136445,149.55331469029093,173.80929847944367,164.60564233470325,157.7499421056948,148.8450345983663,115.67725032245826,162.0619586799678,160.6220876923109,165.86589454952266,174.9329451336242
139.9870790488142,119.06548176739582,150.41958860525153,174.00116651704087,167.516660581856,156.32377920062774,153.75935064999322,126.3185688604255,158.10042626926898,161.05782352953537,167.25224711464034,176.4140218878523
141.7412010303748,120.93385295150408,151.2421794498219,174.29923177683324,171.00764202351706,157.99384294481584,156.00100462596558,131.81554048667417,151.17703145607442,159.98183664630136,165.45791968608586,175.31095500728148
142.47356210859303,124.64957335274005,154.28164385855112,174.34878631711902,173.71277397985023,161.40375464202648,160.58184289131745,139.68071571420586,151.36533269054647,159.14394516900296,166.30831015382313,174.31530451631892
144.23803331468588,129.88980137430414,152.01529756795023,174.11417934138885,171.47602243813577,163.06655670248608,165.05763211260663,146.11989698687796,151.22012717249055,157.0177888848657,165.74949150895574,173.60456164350066
148.57362644455742,137.77891759156557,150.3582600640726,173.76682589757024,169.3218059929332,165.44753079898757,169.77584576049676,157.72576546945152,145.78616078660647,155.21204091991896,164.492967495249,174.668041874391
150.31991100043524,142.8920382774255,152.259712415665,172.10411119405754,165.0928963296145,165.80999244370088,173.42859135790678,163.92454004033354,146.63208146443898,153.5914818310238,163.228912869982,174.9623678147082
152.2178108721547,145.8148653932568,149.6062947416857,171.70589692672445,165.80060607112796,168.45694539772887,170.70104507183768,161.845987230724,150.21793940417973,154.12392932047655,162.61549597048895,175.13736543197822
153.59528797475866,148.20979408665957,150.70494834709126,168.93873565273557,163.6548598888228,172.37942245963114,170.95254975595464,164.0829044999044,154.35202778350813,154.79693109929786,161.01137188924562,179.21438031847947
156.5510389652945,151.42562884386024,149.19903207459484,166.6029286275214,164.19703449465018,171.62416708729387,171.6981843502312,163.83197840480304,160.66281326556214,157.25317466009832,160.9867628380145,179.060921753311
158.551125327664,154.28344197221838,152.7615024225545,165.42904449213933,164.50129779464882,173.39507924871012,170.8978964022528,163.41765768115425,160.8157752344931,159.7808788066291,157.72878159985464,168.20011000051804
159.2868088718098,154.90321065532365,155.29257573210336,165.42342403547644,165.86732069334826,173.04343184217336,168.41342373825495,159.88086575829732,157.74911544601423,161.32541064027185,157.89304262496046,163.3162351627363
160.1024230568748,155.11579940185564,155.25416223569053,165.4445721043482,166.60994226049644,171.12989181105803,164.95241798266088,156.27748984622673,154.6824631744604,163.06270896826732,156.17373042098055,160.66529937781132
160.42719364387412,153.57682515675626,155.69714402396272,164.62266486927555,167.39340786379003,171.6275735290728,163.34538325021873,154.5031366115931,151.9508435030284,164.56465050232447,156.50902762198373,163.79318965703766
160.13968484691367,152.25141167349068,158.05565619938983,164.72968701100817,167.94145082560976,171.07177907644842,160.72213251738262,151.3941748876883,151.6798597216941,165.69945587092005,157.6610736791877,171.19165651632312
158.67686460811836,146.35464401572096,160.22570860325007,163.93352568444996,168.4447990835704,172.19449058338756,158.03235200770098,148.32079960570172,154.64791163391075,166.69882623471233,158.35730115551095,172.21833172927202
155.45436030213148,139.1882468010894,158.41590241175206,163.74297256564637,170.3880139076442,174.5193496907353,153.68779775020877,145.0364718383509,153.5592564837072,169.33558675808342,161.3509164491471,170.69272900947783
154.93685559748295,136.88122263073367,158.2043618836618,163.28964257277067,170.51751409872114,175.01789337421633,152.1560562919681,143.48430515974232,153.04503215801503,171.43531755981726,164.36354902574237,172.24904772996976
154.1742421725647,137.4082571121708,162.09724772974548,163.22322291020237,170.65606974384323,175.26836019293367,150.74893420681866,144.6339177521169,157.12630063378717,171.63846429645426,165.04843199901427,174.4465380551704
154.50078987149263,136.8891078847081,160.90371691625677,163.0486330894568,170.45661517481972,173.06259113880162,148.87798512813492,141.92402368801058,152.31113729040572,171.75629995531406,165.4402488473219,175.42937478207494
154.52693265538372,135.76270097462205,159.1278013513779,162.33747511918313,170.11348706445546,170.80023575334954,146.28824022852513,139.0703225996114,149.81369680576518,172.31014092328908,165.90771149792644,176.56830711283268
158.05574230658567,137.76873723166247,155.53447950631207,162.6108173930271,170.5761401345327,163.93027696964648,143.07028904493598,136.17948479150738,146.44850287853316,172.8367426524084,165.55901888212315,176.27973586000056
158.1502147543154,138.05297034762145,154.2094901523782,164.12007166982187,169.70632920420422,156.63167851513074,142.08888264170773,134.6700747999734,140.92790186873776,172.87760324780243,166.6755425405208,176.9088327691891
159.15420594240672,139.55296727592247,152.04921105507728,167.15870152225256,170.13267640495343,154.60695788872926,142.644156571396,134.5231693330315,142.11398534186162,170.95087628811459,165.85463219855293,176.9215316315275
158.46234395514284,138.1921417450922,151.06866820890272,169.78068971748974,173.18418398609467,167.8309862627902,142.35952926729874,133.8869392686847,141.42652343023673,170.85847561772118,167.15326891250191,174.74396775708095
159.0846173393967,137.96164886150598,150.92401413685377,171.4646471321351,173.36026596648225,170.6742714632306,141.98008888326467,131.81060186759493,141.06598568155826,170.81766504045967,168.9348673026251,173.4269270803346
157.33732273143124,135.43490400591236,152.95793363208412,174.809201838303,172.9923017319935,170.8847017845568,138.80673528060603,126.98995165864537,138.46464576320167,165.94513571741533,165.5973723742061,172.64244491975177
156.9032363245345,134.58946706174544,153.5613237206743,174.75736596093358,171.47470798386357,170.33397065745834,137.91250601772967,126.04474572751484,138.35455345441525,166.22669330990675,167.49362164728845,173.16537712148704
154.88121417211832,133.91701603611835,152.71219387936787,175.34200850836623,170.58633344175746,172.16077158652487,137.32235184094054,124.76770894625399,139.828520964764,165.83344916894714,167.46457842329542,166.66276240229433
153.93260201774495,132.79127434342,152.45475564422102,174.3959086627781,170.20240659281754,171.55695626243417,133.6923034655242,122.35455605029075,138.86051980802688,168.20088082156778,169.12373709924225,165.9665711053657
151.56301902613535,127.62094273071634,152.8247569776265,173.51447267756413,170.79906957173816,170.3854122101568,128.86557518978472,117.18898599848923,140.9365688032298,168.8544057921272,171.89794773979528,168.46314625205352
150.3309575155387,127.20274411227362,153.44603569278894,171.79132057377578,168.26891591121142,167.94501740576683,127.65207120139783,115.92466627130295,142.7630478307967,167.6017298395611,171.4619209915982,170.80070597327975
144.19475730201484,121.64446610868156,153.60060441921328,169.35828490331292,166.67723442608366,170.827952369658,125.02943551427988,111.78724640888316,144.80088643658584,164.36486180915114,168.37993829755248,167.72871183042082
130.98725654611968,109.3834335687218,154.16198312188078,165.29796597224228,162.2914979437861,168.5156912380156,118.56861914527333,103.06865728951104,147.43345305145698,162.27592674171072,165.30257230042974,167.29478109600836
120.01820253909972,98.04960976006026,154.57755074977223,162.37849210651066,161.0901452703511,164.98197278123493,114.26066874700425,98.3365965083292,150.9482320648784,161.02504328041522,165.03608232522132,167.94323868457855
109.0165768710648,83.27254678355254,159.87035645922467,160.79804827033306,161.71996522056574,167.8951808034495,108.57314639606801,91.99141542533214,152.43406564428088,159.45634945677298,163.95386511070083,163.39584757766798
103.10816113061689,75.94033769978994,161.88012024018232,158.1272866651105,163.44975477993643,173.61812361055678,101.06480810731884,86.11701545517474,158.0629655247271,160.74212088033354,165.8170345902403,162.8187950210677
99.62494245654422,71.2044684807109,163.6296836642798,156.30909896649806,162.1782346986056,174.44105744026973,94.58733384563648,82.23458881276827,164.4639160944821,162.17335540566845,166.50915675043353,166.0139040389979
92.30110759023219,63.04153665123378,165.32332704078,155.52089291485595,162.35156940196313,179.7706750356952,92.04752309308358,78.41192662585092,165.2047507275118,161.06498321390637,165.73626354475297,167.59485471419046
84.65951737379628,56.38208927915522,164.64109002396248,156.67181018332752,163.2636835825252,178.41399945738138,89.18093179938899,74.26763668469005,165.92809930222728,160.6642103297039,165.9357058729863,166.405375309907
76.16715139665038,47.92439781850649,168.64054179358726,156.73446119633564,163.74933824041034,177.20189476564198,84.55251432746124,69.905998634342,166.23779856869933,160.50239126319622,165.5318431753151,165.2758094945347
65.64901565718209,34.89213787761251,167.7387421155023,155.09154870063804,164.90505403432533,177.75466824597657,79.41988530178696,65.33888224671351,165.69052344993878,160.9090566876414,165.57091132087206,164.5067633573022
63.262324173626254,32.76266701615981,167.4273982327554,155.62117125810536,164.90044550629653,177.67694256999488,77.37094138162911,62.56268576425066,165.4163499316893,159.4896174173338,164.58810572993056,164.20949472271369
59.08921596344341,30.65062542694774,168.4093060449151,159.38736658272626,167.78658714816606,176.34544162005864,73.56206763803452,58.60427851663943,167.25799060940972,158.5879332738286,163.89443186430574,164.1438969707933
56.80303001404025,29.742725224116647,167.58617586244944,163.73663640636815,173.31920072432493,169.0270515644826,69.7343543315597,56.13522147889315,167.37093575656948,157.83309627568354,160.89785017273715,171.78448043748384
51.869227905667664,27.64740868658654,164.12033058964062,165.26862427894295,176.86907615923303,165.56641191191062,64.70029883691458,52.269548201705554,166.3947988147232,159.1789558193827,164.5402369902324,179.60075248307808
47.84686011807433,26.63745488567234,161.26673979386305,167.18447981579064,178.58054180780996,166.5488729336316,59.11423350103927,49.65019520296439,166.39540396282285,159.94830643522562,168.99115586892094,172.77236214314613
38.394802472755444,25.3539923383405,153.14807049735373,168.35444898678224,179.04942043859376,162.4134702833094,55.04866934759314,47.08993320982475,168.37677263679888,162.24778178904228,169.31166474964095,177.90160397588122
31.983022933000427,23.368306162611617,152.16835649633148,167.76795219464196,179.73714158539656,163.3578465598917,50.80889810894735,47.39328705279944,164.00885993536744,162.8873086094115,170.55013544845852,174.50333939073485
32.12206756835564,21.74068872950768,156.26758350097816,171.4980262159576,175.8551502641659,162.4290983130798,46.12080880674107,45.67556238163948,163.0123645087269,161.9811980224399,169.2530661504584,170.69286272945524
30.610238962461764,21.919446593448146,153.87123603846007,171.8456276642142,175.68779308412695,161.7011328083444,44.365722181522614,41.81792434620805,168.1191358075841,164.32011421184924,173.62435695446018,175.452846319441
28.739057753355812,22.6391194558018,154.89223132372817,172.07781494754386,174.20781806870733,160.29098500452798,45.38902064705006,42.51833510785443,166.01534227141988,165.6787721716913,175.54167291073395,169.78933660442394
29.12406084136001,23.822946583464983,158.3307643950465,172.79995106160973,175.2640223140283,167.86110899492573,45.32255398376628,42.67449711868704,167.90707237983713,165.97104502926564,176.29930751861852,170.50418913187616
30.2387264041966,25.465602151750677,159.98877006068238,173.76089132908825,175.56064157591675,172.50711995180816,44.234879428656185,41.30460290669533,176.24908780157529,164.96791216909156,174.71330455105846,177.09835985941294
34.66648577515817,29.236651654158315,161.7287436893804,173.32790042386213,177.82821921317154,174.58492377906353,45.376185601757534,39.989022800276885,176.09073720575384,163.39004294818645,174.03228627838595,173.93257487192193
39.90168015534702,37.05506667655704,156.80322908457327,173.373065495503,178.93602213090597,177.1951522752646,47.95240384347247,36.85189077940821,176.62762432846407,162.19722456155506,174.49434683148124,172.99776275213114
44.497180425586166,40.4156772712098,155.87640051538347,171.58972777775108,175.6304980743603,178.9780487603587,50.91807342692493,33.86160016344943,179.7268853088778,164.7427280045869,177.49114023257383,166.084783105344
54.51327734059385,43.83977973270338,157.5364309184832,167.53994895023234,168.4228309713352,169.61806220217886,60.050393021005306,36.01456628856259,172.83706519771093,169.4347805862743,176.19412724616976,154.98977760357067
64.39093985178113,49.644693162343906,159.68746257534602,167.0355696033473,165.16104058946004,167.05698831968928,76.79012468504159,47.09825178745402,174.19207183306216,171.51164619709652,173.7339630752608,153.19311815527888
80.18993443969546,62.8250665438937,163.26401315779418,165.92046143316006,160.61721022549355,161.67403455932347,87.21645628584653,57.13962327351445,177.84693919218867,175.01773470998353,170.23656622808915,155.62794624968188
94.71825016271205,70.03060105937743,164.91802243976542,161.71666668215042,159.4127558815023,160.8219647432026,104.44783263330872,69.43686429086338,179.77733749389336,177.5994635051675,168.79140309183984,162.69925347718308
105.11010244571231,80.47718368859567,162.11304474486553,162.26283127809967,158.4240453709047,156.87597671543352,119.06882129015655,85.15009417670008,170.73308882566127,177.01760314062005,170.63700915608743,164.08061870860226
112.34794653312748,90.05688398001602,159.93508515713802,166.3521474486751,163.00021258651378,151.54496553572332,131.50795761525814,96.56200235545683,166.4125627462748,174.97372200417874,171.53673947562885,166.9341807761048
118.32215908428168,99.32804278568231,158.1055300938305,167.2917143906888,162.9268516994719,148.16178002002124,137.11502628969788,100.77096638659826,162.73060185994348,173.19716520132644,174.11659947178538,170.72529951602604
123.09716347053819,105.64837290057453,158.21136905769123,166.3360998875668,159.19607380508245,144.35531969200252,144.1709598708336,108.36814835254302,159.8003075766829,169.38141017394744,178.02838849979915,173.46350215445278
130.5758081285731,112.44741577453327,156.42030533190942,163.38050835074566,158.36080081377062,151.1785405479636,148.7808832255752,119.63559135110727,156.25020117989231,169.8735163950281,178.8495838346474,173.36594030384188
136.3252311424472,117.94963995043318,156.4842148612579,162.13221094448883,157.85293036216422,159.80348415195957,152.48911604628447,128.61350888649184,152.4204683539213,164.16183245491538,173.80989059347752,177.46394341760498
140.1023150554749,120.75189563201141,155.08445432914104,158.90653505212836,156.15294254838386,166.98356492002176,155.2378287116279,134.70282408320193,149.84525246865869,160.7815897849929,169.9938643424736,171.42226740154254
141.20336270031083,125.49085129929789,152.75714309124055,161.7816720740266,158.96959237829242,168.70973900036063,159.88877301305484,142.07154800067636,151.31863795085852,157.30574775046978,166.9025710551807,166.46564106550832
143.3014390787559,129.57595941987296,153.0791804386865,164.06361706305407,162.1509720175579,167.45620504328545,162.8016260823927,147.70860079489734,153.10260938376322,154.43878449047202,164.58444174517572,158.2035595972587
147.49289647876498,137.34633068964553,150.34738918699244,163.08526555935728,162.29469635698402,159.4318128972141,166.30525721831654,158.77670156319488,152.01721910087525,154.40506540374338,165.49238604408603,156.90399207921175
152.440944891474,147.6040455865675,147.98582608903402,163.3553394153346,164.57498491411258,166.80195636300397,166.35380767378123,159.69106353864956,157.14538958431868,154.65970690183053,164.93206508433246,159.95335806048112
155.0527609133768,152.12286870471772,146.4535207650807,163.6861342784431,167.05121369787523,173.78084017733514,167.95729492772335,162.9788003591335,152.036379598653,154.3008025693583,164.2752124271118,161.9069475757877
156.95933414773532,154.46276750358712,148.79746103317902,165.2705609697256,171.4108438878317,178.51859039479393,169.76460702340924,163.97313201303763,149.81984212834894,153.20416117814813,162.36739073366329,164.49263001874482
158.4986611322929,156.34215630384043,148.33272915685478,166.05803562457547,173.8953184884611,178.3111927038699,170.63273301533206,164.71250569521848,150.7115024464821,154.37458400080405,161.8144519007199,163.036430826152
158.07608209547243,157.09615033365895,150.95251840250148,165.08901243567897,176.8187862037742,170.56146633289381,171.2926240545598,166.05947163217684,152.96351823209693,156.16348698294235,160.78777975168148,163.98693196353852
157.8447750035341,157.07046717233305,150.7433936451408,164.80756862042605,178.95982079040886,166.13209935614952,170.8845701659646,164.75978382889812,156.11072120736108,157.56348686657367,157.08682220858185,162.68887273863876
157.82805873857887,156.57240615663954,146.25724931109954,164.82703004704342,179.6303256208571,167.09088817158388,170.81237809311975,164.4141654409989,158.0980415099728,158.45033084663575,153.03623889022947,156.45473099136953
157.89756954698714,156.27412943382612,143.02688610692343,164.74843920370088,179.7336351367447,165.14610873490852,170.30878716913455,163.50541898730341,159.4920538139199,159.33845464613538,147.65447790732492,145.65518551059614
159.08171261994505,157.57128264225085,140.56308932780527,164.82846594506006,179.46552042083604,164.9416423439485,169.98213819124322,163.3821957544638,159.7365863420785,159.615458878728,142.21166592962638,136.40682608363767
162.06566773733064,159.77596869278835,140.25812378069222,163.73862979171986,178.58689185803314,164.83553014663158,169.56222132273166,163.4071063307645,161.33659158382122,161.00244045805763,140.5021477340321,130.46031482506444
163.8117455113573,161.64478467165623,140.79521732370657,164.552340147492,177.42733280993326,164.1613899841747,170.52218877478492,164.01761768120366,166.21776099021235,161.85440963332098,140.07072126748582,129.44802433298923
164.53002320268953,161.6390075164086,142.41843437840313,164.75684142478832,179.45482238542195,168.11156223909094,170.43884325260123,163.9636852964932,168.71749916188116,164.10117752887908,143.10535890878324,135.36379554986132
164.50531330327743,160.67867755240567,145.5182467483193,166.98743792995745,179.48410418175075,173.56597815488078,172.09445214130105,165.31378744277282,168.59380949582325,166.78062362744646,149.79861278908547,140.24134280240327
165.3677465653682,160.12601754106174,147.3222382617037,167.1512000825222,177.0315433837993,178.79862990187817,173.4474137064442,165.52101877451125,167.65268715065088,170.67547667057374,159.45863752712089,148.50698144838023
165.4705306203338,158.8139314465032,146.74257011381735,168.91999529463652,174.4797170928416,179.22538879698718,175.27476496929947,165.38740686036093,168.82169582003507,171.987963066195,166.40077166058418,154.80836590133057
168.9280262523826,155.97381128152728,145.06847074515386,166.51012824786912,171.57869151554175,176.6156877862746,173.58972767433747,162.2627413021563,166.45288362746845,173.1911292121434,169.47078680946686,161.22995038489367
166.36025558001717,150.3116320961698,147.63626550220175,170.1785727311603,174.07649735647348,170.9545353033471,172.6278899684423,159.81096302037665,165.8873740386461,173.30790643123908,170.54147033873986,161.63002603764235
165.03845758203232,145.39595064882033,151.5686010031213,171.61994962750776,177.04957816423067,168.43821875621651,169.88767091967324,155.1875524911109,161.2742723946632,177.22330337652664,176.3829395101917,167.6563180800054
161.77825955760062,141.2195794110859,158.5814415978485,168.60256831459645,172.96142950816602,165.5081497965723,165.4273753642557,151.10297556646057,157.94034137536528,177.16292186447717,178.03686979875204,174.25388585288098
157.98737677306843,133.24731407547404,162.19130319505422,166.91049556651132,169.6292704254375,168.39888139335605,160.1347071615007,143.49524801039254,158.13474475251704,177.29931676192336,179.93033471416302,179.5602484706454
155.83942698497205,130.4076227041418,164.6806563960903,167.49646406083406,167.8759956499989,166.32260686073977,151.16149526362395,134.63639919017413,158.08359301899227,179.44140234105018,175.01418427458825,175.81033898929192
154.4481130208942,127.30615173135413,166.0296872611654,165.8931956311103,163.99308323652497,163.95704542549706,142.72639900119978,127.93609784860165,158.5862530232332,172.74278264362732,169.1165454168896,172.3937435679167
152.10242229768042,122.98791660832158,165.72633910922357,165.76157057946162,164.712378390908,164.4825616530613,134.8018344575472,122.22058079201726,158.07349225203168,173.28730979404995,176.81036711717243,177.0211238668555
152.18594289765727,121.40738034541198,165.40882772359967,162.76423006492115,161.9533762813418,166.67948269711562,127.1578075445608,116.6290526157957,158.44928698646336,177.07775269630633,168.99391268084594,173.42313903294493
151.58864891199667,117.76118676108304,167.50212647458235,157.68819402251754,159.99260574964947,168.85045275192206,121.04499413007774,112.3116079525516,159.96319130669767,175.30633679874805,169.215287759313,175.76065441814814
150.27823700358056,113.04702543559586,167.4511956555708,154.79477665914177,159.65369800066014,168.83424579305932,116.97892634303372,110.90380472058196,160.72268465160056,173.47113248082198,171.92113204117643,178.69169677574766
149.56059922420837,112.05097049594917,165.8587585089671,155.8204105351388,162.4365628781427,170.4346780915328,112.97582038277768,106.3344425470461,163.26131994824883,172.91463003506664,175.6193136955668,175.84766357547636
151.91374315470978,111.67490285264789,163.0241235702326,158.9422880968139,166.15308009964062,172.64586756431635,109.61165078057013,101.93909978236334,162.90952346632238,175.6052648925059,172.47332904766873,179.8042669063864
152.07401971643947,113.44764164127959,160.3566058678353,157.5533556927459,164.74069042727285,173.15937034290477,108.46374855901917,101.12193817624618,160.3733816598705,177.17044306703326,172.40535941639519,177.0706956662428
152.53727822682052,116.40639564060649,155.97903906922394,158.91244475385733,165.85639989596788,173.24805075957835,109.39795561472204,102.31473854205717,157.24303776117043,177.85945167357892,165.51157548740105,165.6135257486494
154.8808133826602,121.3142385885761,147.64187428700976,160.68748654905278,167.42604624042403,171.9638634754238,110.78875455658809,102.26212734440188,156.74690271849167,175.8466043343475,164.5049057450308,152.7985333607297
155.2580456715717,122.9894312533155,146.33279689502916,162.53133387772823,170.61190910833514,172.54737299538453,112.07485395163378,101.06825153504168,156.4237820663978,174.46192957997596,164.114758319592,146.20051817143812
155.15930145897374,124.43557388574737,145.4045644009009,164.1840690772701,173.10175463774735,173.3200255902746,113.94300990796077,102.208162857352,154.79551244641456,174.23120401066427,165.6079994179041,142.95050334948186
154.4090329291424,123.52019004121794,147.4892534727321,166.66139212398488,175.5322988890056,174.50854714583966,116.51810564014777,103.55197633465286,153.8665938804539,173.09885662448605,165.94398447298732,146.23064302730072
152.554927002001,122.63589424477503,149.25159389004816,169.70321169371528,177.04486079809143,175.39831413340158,119.40881203029741,104.41597924377845,153.59409785111964,172.12318601607325,165.93958730307244,153.08740292007764
150.39342302093291,121.92904711526269,151.8419769587446,172.25937351200744,176.5670111278905,173.57855527147225,120.84375937230789,105.1886459053483,152.65800760771006,170.21462355802572,163.82244576330075,154.65182041913366
150.20051388740382,121.26241066318867,152.1074435245066,167.5241777794152,166.6957246832658,167.54181291421622,121.05806971237094,104.93891006190294,151.83187633962217,169.33824402214353,162.58380160250516,157.47790710231112
149.95678466233073,121.06293578262553,157.66162367687693,165.54092837987747,164.16368039219338,169.6443667312815,120.00065224494566,103.23266594736782,151.95642566858447,167.3646829454734,160.83815927395318,156.72713925519264
149.05103908077317,118.7043491692027,159.87664786704454,162.15114136887343,162.6794135910274,170.06897246987933,117.6737567888057,101.26073630936281,150.3381739094411,166.84901762954183,161.44351730484,159.5179669251364
146.71058350808414,113.61364925266298,164.12927765147342,156.2134513154744,158.80663408650022,171.139299243806,115.20078243963319,98.75153490069083,151.5193952391837,166.72360170861782,163.216122200894,158.46162450665034
142.3760527779993,110.16142773926106,161.87818209872802,151.95582842492155,154.37195877710462,169.0519347069157,114.02976595973028,93.88433544306932,153.28879864347934,164.6094313361804,163.27571841693913,155.59482201262907
137.17797792533636,106.67818957546179,168.8055386581115,150.218307058774,154.71188488387637,168.01550539789335,110.68925173438994,90.6609849354246,155.61370130981405,163.6494405069999,163.35599664034555,152.95892998721945
123.84073803507907,93.58365448766727,171.14577886814172,150.00320310805344,154.77672912552654,167.90884799749844,107.44073720621999,88.59114019306364,156.59862672811386,162.49642782684262,162.8570566383113,153.6671828111825
115.75888411598088,84.74242306586562,173.3176180782397,149.55910974344724,154.98235435694878,172.66026827604603,104.97516071005496,88.2902629041979,156.87406730845208,161.81387504981342,162.62549492884236,155.0998459834616
106.65874637946195,76.23610205257894,173.4613091244099,150.4801061078003,155.46651447275073,171.28077143999585,102.71164423180457,86.98191733482817,154.6978547059155,161.42871400308422,162.20468563327256,155.26832852417462
97.51813542449989,68.50751103841914,172.17255108561815,154.19127362608057,157.2915048357667,166.7170380832194,99.36609890963575,83.34078238361614,154.74574743470637,161.20294210217105,160.742803389855,151.95000629675457
88.53012584414746,61.90957989035194,172.6756462685085,158.3167392087371,161.1165373047719,165.53403026527056,96.91352669649282,80.65455950248885,154.84481297689186,161.6876500476538,158.39562093733278,144.86499351076628
81.19104570534574,55.480416044957245,175.07523881015487,160.48547474394908,162.19273126183384,167.055507098127,92.46981835399946,75.64933922143875,155.8583751992062,162.388578057039,157.7879611346203,141.37458285644036
76.98850494671883,52.542295760268914,178.45744144407047,161.9977580844399,163.01273095739012,166.902761850233,92.57193660942549,75.17542620201668,155.46317515815994,163.37474180562282,158.38649504397225,140.4623071456421
63.158396747943854,38.54502320709898,179.67110595230915,162.64850932155818,164.74852090669876,170.31542032419935,86.63287687900666,69.34932987561797,155.53560808483806,166.7357854269425,159.38545761345372,141.07985907131808
55.20407796899594,32.37335581087474,177.72650616519664,162.49109552278682,166.3255832602706,177.51316674530472,83.25323511420704,63.929383354340416,160.35721206115568,170.14611884049458,167.05503888680198,158.11883385124787
50.90220099577722,27.635569829131402,174.39081511394068,166.26191015750123,174.72914956802467,174.63512417791986,79.37588684691063,59.86521366843954,162.93665947067092,170.9539499014194,167.62970363406234,165.31196426123572
48.24381030066697,26.989860988616954,167.9131942394337,170.772994172503,177.6082568019314,171.10709586520903,75.28149700284938,53.96853282602242,164.45287810485812,172.1466297097105,171.53716172339622,173.41667696382328
45.12960869088653,26.133782005454485,166.67416280677367,174.18015314156744,172.24457521702138,169.59060752369615,69.57838353302388,54.27690932058016,165.5269527337254,179.74611111574106,179.59662181670637,175.2599472966374
41.140050131650405,24.354385397226622,167.2935639909703,174.8370117915332,171.15276730157376,169.0190615587373,64.99891846699988,51.72890981262386,168.99386972799834,175.87779088748036,172.73208677754775,169.62437280160518
35.291302235029775,21.421287853646678,166.93500812475708,172.64114305892204,172.50650534375518,168.80730311025846,60.833165674673474,48.7025307057038,169.50445675709625,173.96763634207832,170.87287023915724,169.46416842864545
32.96688179022339,20.98522333442394,164.73088432370304,172.6313429796456,172.86539928558187,169.5180510704932,57.40984648590786,43.5822098597828,172.39372166691535,172.07846507665616,165.3105753101574,167.98466056909228
30.879832742299374,18.649113341066432,161.1570599590225,175.87392038986383,167.7287940298101,168.41382849801258,54.54478182417815,42.2877733745873,170.2433965734387,174.67994668769265,168.09491790564704,168.89211096860018
32.513903182320675,19.04305883776033,162.32308333499813,175.90427963550175,165.26740766464295,168.23318226770039,51.9694183878176,41.773898146536716,169.47701056012042,174.19368443921715,169.5687332166453,169.6069210591192
28.435568296744663,21.007911381494687,159.51634194847452,175.91262889512703,167.01440450066926,169.7560636010754,51.43817267164047,41.82923437587964,168.5429417791804,174.46584144078892,170.3006243142458,170.47381482533058
29.94537307565567,22.302095403898416,158.97501187881497,174.1915836689563,168.94279074716553,170.147251248381,50.6704393518623,41.6748247376525,168.07220346438754,176.3478997096438,172.70770752462366,171.34467108653183
30.791001762135327,24.12526406682475,159.26888812277622,172.76977117016338,170.38019037049065,170.23521533898895,50.932705084626875,41.9684643359441,165.33334150163702,177.99593335421477,174.59894766580538,172.51272186851523
32.10114759401522,27.340717285373664,160.77969191401428,170.8347238997166,172.9637926186671,171.3625374664636,51.62196662172114,42.453949599831766,163.88586316374884,176.49220344530502,177.9317433430004,174.01498860216404
31.936192075696965,27.897007899681732,159.95715990462816,170.4004893526741,172.87142875856122,169.4346097111153,51.946629986864906,43.1237002709894,163.56990554483963,175.0153422136925,175.6343015982194,173.6832133582839
30.51825778653941,27.181768412766235,159.52041658262397,170.71342808209104,173.5510073305941,165.70813490672782,55.07840815722894,41.13286693930406,169.3394056565579,175.21392269735512,175.46073576915086,172.5601603810109
38.651446554297216,24.903081996967007,166.72156888644437,166.03571836054965,177.88486286969,171.03924299284054,60.183334519664456,43.391638169383526,171.80031494365474,172.5746524683878,172.07473178532672,175.4046250985311
49.66788572362234,26.16547762241083,173.3801023663956,163.18624788980568,170.12165957307795,178.03988963490383,68.46656728120962,45.880102247583466,174.04900214061198,171.29137519489348,170.24461285198933,172.1680728852491
59.49636676101694,32.111685317495734,172.64345476485875,162.475586220306,166.5639068130999,179.20648845490302,78.88957288452534,50.67317550129028,175.65201357828641,170.07280565113538,170.38721158704573,174.4834751717684
74.21226041857456,40.42814163514545,175.82989178923208,163.15950782979914,162.0232401575584,171.44405784552904,93.08066404623209,61.07554419072479,173.91247232180018,168.63582235157455,170.21868611057923,176.29506674217666
88.46904682326439,50.303182186631155,175.01528731569164,164.86619176457293,162.13278018599163,173.05730963578515,107.67739299992384,69.83405197766245,173.09739747492867,167.93379318836523,171.28378879142016,173.89863330887465
98.97105871215345,60.40916875359657,172.38667207350665,167.07194077393189,162.39017864918395,172.74349933902676,119.55961033829591,78.4710226322311,162.66820866180777,166.38931996927056,170.09174939591648,175.26989213854742
107.74954577494825,70.92481340296975,168.03323025074778,169.17640193980634,163.5960997244848,171.8118143499032,130.88788118246688,88.61431426921102,161.01373480992856,165.39605375495887,171.32201006606564,179.8759594043915
113.80376328707369,80.20072744715182,164.69158423412685,171.5407556175126,164.3330468973979,171.8878594860009,134.65292050614258,93.20245660540783,161.43351235820333,165.05103024382862,169.4874103073222,176.15723996300935
118.60791824484838,88.24511365563878,160.85118886095893,170.8180357736275,158.9193766409739,160.15153846400568,138.96078774396923,96.96808242737367,162.4011029142586,162.26311131570282,165.83748129213805,173.4773848374421
125.70932944463534,96.22932211339621,156.4532189962791,168.72614640109356,154.28143933859835,148.04827906717648,145.21711252855465,108.65641415076922,157.4874382602324,161.21855444520992,167.90643033410592,176.80853047128736
130.92026764161383,104.73543677021914,157.32399813703123,169.03806354791197,155.1365511749894,152.49069980779285,151.37368045264222,119.65096099636169,156.07128975162144,160.03278148461212,168.77718894848195,178.50543139316238
135.098814360632,111.5237914333244,157.20464299888374,169.40912729838658,156.34704500695676,154.8124071669019,156.16820352873697,130.6962416673629,149.18054443553672,160.08532896475438,170.09472795565537,176.7282303356286
139.44206916108686,117.84004379993527,158.07540787836396,169.89359390218834,157.43876501757583,155.06225026402095,158.87857479833502,136.92793317672874,148.43419562565978,159.93766790594705,169.4916924726882,172.34473322686273
142.48731208979916,125.6677361032791,153.88957162171994,170.1547328563369,158.5393162475132,157.82849601715998,161.95460416511506,143.38460651994868,150.4118299365096,159.5939937233553,170.33379070891723,170.84145660249825
146.17270935026042,135.18263702369686,147.65868636721143,171.64764157899998,159.7823855792292,158.09478849446248,169.24125325721323,157.15977615021652,148.20600554014564,158.48361014305408,167.8632167677653,167.53090556476616
149.01360612791976,145.73809339880503,148.79099806253518,172.62960107433327,160.72870840322838,159.37382153106773,172.7367883814234,163.46891250335747,148.57249580467527,156.5371251943974,166.21147835360512,171.3674776690105
149.99359878791722,148.60581622749822,148.280764465646,173.54036613218332,160.4111519848056,160.79346244144446,173.97597025044922,165.04543309384073,148.08155582838577,156.23194815583477,165.31776753706762,171.90316093333655
152.49272952267492,150.64255669491385,148.25630189014373,173.11240073387583,160.08950185850605,161.22016188244103,176.28268969126728,167.98347775814898,152.845668989344,156.36281125622745,164.9125543730514,174.63613242215212
154.8163961098971,153.20075650855463,147.41291481207338,173.3975523494825,160.83242330135272,162.86701029875567,178.65024406580486,169.66897632715285,153.04262828434565,156.55803907006464,163.99367034349143,174.700735762888
156.4303433815345,154.41165315189667,144.8283823863382,173.46919125938163,162.41203554858583,167.93358074331314,178.90754553241192,170.3517083510309,154.6834399753506,157.12431949595023,161.87654084696547,174.40195022861624
159.15514081831927,156.30738393938117,141.91936449114436,169.87470813839877,161.93534735855198,171.08645816366808,177.9821380298672,170.28518349008303,157.90991016281296,159.51295921115087,157.79570988343647,168.71082729685634
162.24919361441584,158.29538338959895,139.6853112977625,166.05261343580023,161.3096281233378,173.78208520532678,176.76921687610985,170.4319226399376,159.54957683806606,162.10403958523443,154.9417843694185,165.80620811848513
164.41500976547775,160.45646645185548,139.1646866924706,163.9063169156517,161.3843949466267,175.19044818104575,176.26650632863235,170.65190335171943,157.9489756753369,162.52141694977027,152.48906547352678,164.9757960558082
166.86489375858943,161.3808076777623,139.27858117610987,159.9071221874409,161.19283746254817,177.15419422709792,175.06076655940055,170.3220265852432,157.99551542140384,166.13520936519467,151.9278489321488,161.08098782601488
168.14398847372482,161.64056066086457,137.95143992050777,158.69414245938165,162.09793179113015,179.27086034727682,174.65143861723408,170.481462335449,158.43114670860055,167.4420259228978,150.1215421192015,157.26552157955507
168.91181710614413,164.3287694191173,137.88724177289112,159.925969667743,164.4165882099096,178.27636527602792,174.54155145378613,171.23706448770255,158.95133199918567,168.67111132442557,149.23450181921046,156.17221582538073
170.6874427280424,167.6346347782974,136.91581038816122,160.36779511544393,165.19893789956686,176.75262476983968,174.24988650391458,171.42211617201033,160.42133717760424,170.73222107746676,150.3518281023949,155.80240480471727
171.09504923643973,169.8686946044931,138.11029008414692,158.9356336108278,163.11530365076095,178.77398972613585,173.79864538349068,171.29707652662876,161.80432434619402,171.48609477570454,149.54594293188325,154.83406020272182
168.90313659279977,169.13945228758803,139.54680316988166,161.85877461957654,166.95336266874847,176.162940582155,173.41514063386816,171.05556529760077,162.00187315034484,170.95197660214285,148.7544758738427,153.5046809839396
168.33402666558686,168.28670384041118,140.81543535375104,163.80253570234328,169.75102235184704,173.94667672512256,171.9145903919531,169.69505423114202,163.65211941058655,169.57907241440003,148.6176861701237,153.65790190100032
168.12409908130044,168.39582357681343,142.6904427053071,164.56343610729655,170.5793828660643,172.72710412776124,170.7831172075081,168.79190669830294,163.5312871265056,166.19601377514817,143.00849166575884,147.8029395652909
168.08975521596653,168.31535974841844,142.41528420411979,164.86464432878512,170.90474264753294,172.0625724857133,170.61154991248196,168.40730314503193,164.23396214835464,163.00517024281848,140.46585127875474,149.4824401537301
168.12955245526794,167.22004252662404,143.31721334320724,164.9176877372222,170.90613811819475,172.611085400614,168.8513044062219,166.8751705753778,164.86638865060706,163.58565699001147,146.09594785534867,152.97349070067347
168.09040079847523,165.93797012175338,143.4922038666206,165.12570022374575,171.17033188924384,172.97007327104814,165.5368392593859,164.71968848628248,165.1267116227503,164.1472381274656,148.8443539464757,155.80167427122362
166.94053341654603,163.55460133372821,144.43514109615143,165.2821181550396,171.17968777870516,173.2911845242417,163.52908539643693,163.3345221726118,166.12961109882573,164.6817511829658,151.63061030205205,155.01679328249145
165.89068929463878,161.4417575247675,145.95937083131358,166.20855551785732,171.9554467462638,173.56479314373965,163.36285352749545,163.31694550283387,166.32795056541298,164.18741191370273,153.5240257652469,154.09714413502346
164.7724235623134,159.76232589208476,146.02672527126396,168.21674071002454,173.65579715983844,173.5675728472635,164.65825509002138,165.52819339294916,166.07439440970688,163.2913379815318,154.7480609603189,159.32512024953124
163.5043908638885,159.3274507987014,146.23292312952637,171.29209840718823,175.1515693653352,173.33486595738864,165.44644396130627,166.38678296463257,165.4822471300908,160.91622051712204,154.48765673250296,163.80009438783242
162.5914245295402,158.97392764853564,147.06109778803656,172.99629445890858,175.36956069442337,173.93252010374178,165.46905612584362,166.35276531414684,165.68629694405573,159.38351037044626,155.1833850273288,167.4416339908753
162.06552838448303,158.49861182717711,148.53534056778707,173.5109428258845,174.92007881071527,177.07960144339413,165.637286246123,166.62726003889168,166.27749359828394,159.42101179684332,158.04142227694388,170.6200660444139
161.84827414437237,158.08660958553983,149.2832917675521,173.60115548430295,174.5168719516436,178.4625530984521,166.0802337158875,167.02259719255164,166.64928355105164,161.72458713915768,164.66999527786777,173.96493504128802
162.60274573167572,157.786718859887,149.9208819309856,173.8736019929579,174.32759733089176,178.8744329608576,166.46305285759504,166.89726434625888,166.25230873125358,164.81075284407794,171.337374865926,179.2548572351692
163.87285646404675,156.90272564828874,151.05088250561647,175.0030541763061,173.8104538239858,170.54186915221842,166.43288982035997,165.05522591521162,165.28992214037433,164.94462731056552,170.52799345265154,179.0567144707998
164.6240564770323,156.0723306789654,148.24991265989505,176.92905656976032,173.8664362800398,172.3960147000916,164.11485934030583,159.76063125362617,163.26112175945318,165.27957762880624,166.48189505274982,172.1293803213354
165.34497412694836,153.23424186188439,148.98578592944384,176.83288209585953,172.79864144787788,169.3918634136378,161.7483711396984,153.39342075843805,162.63601821793577,165.44755421783947,164.314696048849,168.29043288397887
164.1939977970454,147.4566108296917,152.20534944074714,176.85876300396598,173.28835554630734,169.79396666466275,160.14784693095592,148.99012020518018,158.2621925914818,165.5043922702912,160.9186063048437,166.40415763155326
162.82728417546508,143.58180024306287,154.0562916548078,177.12853878676947,175.78017771635177,175.11838171199213,157.964499707685,145.02128229906558,156.3130999738534,165.79993973804312,159.65721258159354,163.7484855863844
161.5267120372839,139.0062266429081,159.08141064670167,175.12728970677355,174.43770757333334,173.42046364010565,155.05417845131038,142.3903136960009,154.3457155818963,167.38607898396867,161.47761722436405,163.87355477312292
163.92667275225497,138.3997677752006,160.59429624675556,173.35664022382488,174.26271133043326,172.60954075009357,151.9265678899689,141.18780872744216,153.13983169119334,169.8527979195166,164.5751037479053,167.1238426110727
163.17453634176132,137.24893410051575,158.2475811440613,173.00331409663448,174.95570998868834,172.59129583701144,150.1325987890615,138.8752296963918,152.79924022538748,169.49264062066467,165.86622197613482,167.8175992892896
162.46658169088644,137.03177512171385,158.588191139163,172.23083803132798,174.38272187536677,172.8439852574177,146.60300252559102,133.6194080146125,154.46503000945785,168.7902739228633,165.7501398427863,166.72888265834993
161.51024770612037,133.13377958465904,160.65048056805807,173.05848910570094,175.01537231467506,173.70204849058226,145.304059103144,132.5097030970038,151.7596661247129,167.67775908516947,165.25781561382175,165.6706264785417
160.16997327566,132.97098770013076,162.1528956329851,172.04536726739912,170.39630273975357,171.1610274709649,144.54518009613554,131.79545584834344,150.54668557283426,167.0130064703764,165.58146084341178,166.27313366733472
158.8709029933563,132.58869001080444,161.47610109093424,172.29052608048923,167.99160888461293,169.91404265734312,144.9328449249948,131.70603435427097,146.68783422261,165.5312248975432,165.99596162702528,167.8336550077133
159.44034698256357,133.03880068926256,159.80188695389768,171.88228013080885,167.34356698792476,170.99330360970367,144.43872453814706,131.7447846928417,146.47626294374268,165.2887625959947,165.98447377710193,168.28432253953292
159.88198734375663,133.68091005007082,161.62760656598417,168.81609894532156,165.4403002249093,170.3804358620793,144.79252009994917,132.20754337790697,146.44804515189958,165.30763271815607,166.0480170423691,169.71658367303246
158.7158775958551,133.68986922677837,163.3653256450214,167.6926060385954,165.92357674514483,167.0295953112689,144.49309147006628,133.22936423457057,147.0014229253582,165.31360352227256,165.2115376850717,171.4076200019624
158.69195167364856,135.13897139834816,164.5754868618085,165.59153417404954,163.46214548591652,159.9553722376156,144.64027249553993,134.50558070338013,144.8366273906263,164.96261662283874,163.38592656551256,168.79564966141953
159.37647722041095,136.55633275882266,164.1598863316241,164.34214505208513,163.08370849373156,166.44078813400233,145.1178972285306,135.7349973502111,141.4693636303477,164.55270703942526,159.78485364867078,160.59582032393777
161.37384739053223,135.9034240135888,164.28046315997926,162.73446222379275,167.06827704028677,177.574991620385,144.24667165998073,132.4585970879527,143.76256266199195,161.29857502113973,150.2527509248604,149.24757209582208
162.28842084406526,135.70380545516483,163.76797354312927,157.61051437944752,165.0521906546439,178.0501066597088,142.64018822524608,129.6758573594881,146.6140619989783,160.32732049469632,146.19847807476611,142.8679436911171
159.66161402046734,133.24598182471578,162.53336641262342,152.6231361786855,159.43944942603738,179.75944722136126,139.8880988036077,127.55765903620289,146.68238914640474,160.1282352591262,145.18179087084383,141.08800080557182
155.38310935005055,128.83292574632486,167.31627862172272,150.66055149185152,156.77662881495823,179.45348278470897,137.36109532926582,122.00223174009643,146.9510103207796,160.26004825061693,145.1861232207186,143.0265674313793
153.0947707726813,124.43458163561372,171.27610439988916,151.15395395536834,158.59639897635927,174.32080468811787,137.83309371938685,119.79936302149369,149.08198576396285,159.21760475525605,147.39720451003015,145.34216659648575
155.5977678421488,127.04783854959571,173.44525081414776,148.9995350238185,159.14405162139477,176.58124521037954,137.85551443262332,118.5631699516522,150.54171094673939,159.20145650570018,148.7089887399604,146.79012917438916
153.9260761866971,128.07999754169026,169.72725635020302,150.3997529136494,161.31365213871698,172.11890195407005,137.7362158862046,116.7364034886095,152.95751248636753,158.35199244288273,149.196421716708,148.0121230264965
151.03069878506193,123.76541845573887,170.05536602830804,151.45190911880397,163.54010068561527,179.49553578140063,138.33653815678178,116.16393939178981,155.41453326300612,157.77201792369456,149.32977011130848,147.8904370573607
145.13345634037043,118.23985220592346,169.3951097056874,151.43603118934712,161.86618054256854,178.89710693279665,135.48724063322882,113.7872077772332,156.95329836820076,158.04744195775754,150.46137476243314,150.0972429817157
141.8584606102938,113.6174812123666,166.72019349420367,152.41762058655092,160.7492046283037,179.244405266466,131.36826520828058,107.91546573311639,161.21315957459367,158.7528005359514,150.57337091392864,150.1524224440214
138.023444586393,106.52774702201327,156.85972671730778,153.13776722284507,161.16545685894872,178.46208964227455,128.12223900719465,107.0522215259769,165.90501305451073,159.46497803925234,149.91685817201042,148.4319062567667
135.69673505331951,103.32417066173075,159.27437574785236,154.1970073359224,162.453440736054,175.40016463624386,125.28788154713554,103.51947756898865,167.13219033992016,160.6478611361861,149.57627406244688,147.47580101337016
125.9794290993573,94.55544275313636,163.0682647568775,156.40899279241017,164.8924910963748,168.03739258841938,119.73693898607834,98.88279488831456,166.74737920212107,160.7097293489428,148.76845150425606,148.87964942319778
113.32311101205565,83.04712008367282,163.18944702398392,158.30532667327216,165.42225078096533,167.87439274922565,113.88439748235747,92.87999603875991,169.27967406734507,160.47203817000405,148.1511547478899,147.4498322738939
97.7683785350231,68.99756151622499,163.4322520953335,160.11783938418063,163.43576547834653,174.697467657589,110.61332257128888,88.95881438586143,170.776021390167,159.8378470530492,148.27117266172496,147.45867360265075
92.63967594530864,63.640144662597855,163.43729741473737,162.75701984311215,165.386110734403,174.002087956987,106.68104551131653,84.59925608018789,175.10506062122923,159.93130587386779,149.23993870630542,148.0390604479995
89.61490252738977,58.36112576780643,166.48435064857117,163.53145151825942,166.36721324209387,176.9593336880978,103.68847363420078,82.21789693853232,174.76002958759815,160.6662236715062,150.64872445662448,144.22217333325509
87.91801182618468,55.50894276337053,167.8807034258623,163.3684005296615,168.37454140227868,176.2536021329331,100.55893035018974,80.5495246144151,170.94504402186996,162.04387643501138,154.19406964042489,145.98120620506796
78.64851899849651,45.36649079193705,169.34362958091648,164.3788684168922,170.83198786813128,171.9538704342894,94.69362848192374,75.08718045315842,172.15860733975103,163.93036130328855,158.20245404682936,147.56953208012237
72.61989656582575,38.837733006725664,170.86624759832796,166.707011431356,172.2943602919053,175.31231297183,91.44144039773823,72.62996738697301,171.8239864578041,163.12495768219975,159.35927336453392,151.8664044329486
69.1256974094083,35.44519621429691,171.6058670409378,169.73386866584752,175.56664318078384,173.00629040719744,88.72418203660325,69.86649118443914,170.43276203462787,163.9753110534137,162.14623057206236,159.39124279029133
67.78212159094763,32.61459544011598,173.18573791183755,168.47497677088654,173.85487206323484,177.0695301943935,83.82979367284963,67.10170352328261,170.13457784346755,168.02156409320085,165.92735680190117,170.30612763540893
63.545243047466876,27.010217156287343,175.19488472615382,166.40363623810813,174.20076851339712,179.70132621181588,80.02354913678323,64.50251984020603,170.35284406405603,167.88516729913104,166.32963075848602,176.7516732583958
64.3671065806571,25.954874386617846,174.88640749626995,164.47830169689067,174.9183231869248,177.4924409626488,76.70767754363241,61.89634415960119,168.11989138775598,164.78378020869926,164.53674654226174,174.4655474023607
63.72184553163829,23.87361422188252,174.5918826567443,163.59722307890522,178.77943436820476,170.2706598179747,72.62840444372262,60.177799517370865,166.43475246686322,162.2644902609704,167.04170039592657,170.38090561031515
60.788353035067004,22.983988325538196,171.72232409548363,165.44237778200625,177.73568155818592,169.78880749816628,68.4416906765923,55.36624333331954,168.36024862491263,159.63761675485526,171.40871323527657,178.6704449740798
55.56058956412982,23.826992590751992,166.52503622370705,169.32175490954126,174.8907268931287,172.84705284531637,66.23560939530904,51.115299823813,170.2037957087891,154.59188331868737,168.72574493812593,174.0580942089398
51.53001561851868,25.615480628823466,163.56288646479067,172.35265912467253,173.86207041674984,172.68592009839352,62.37179430626475,47.874511328949836,169.41235690665727,152.53036221760087,165.33533618442917,172.742252190071
47.345830020031286,24.84157046727096,161.63740185958707,173.41320381954304,175.15227355319735,168.6637428377921,59.50962688878038,44.582289030785965,169.93580472744395,148.42743095433318,159.64994918567166,170.8349937969187
46.76403978576521,25.755272775867155,161.28581382070638,174.20809962622636,176.25502861270706,165.7458128536237,56.05495360511751,40.663290838255946,169.2215580863903,144.92627340856612,155.6770846861271,173.45723423222705
45.1955092606915,26.071428920667273,160.93921222327717,176.68142438814942,176.18924055087342,167.36439483798685,53.19734528536217,37.28405014068099,167.92284234953294,143.131252172479,152.8746215902128,173.740932146116
39.215419112956745,24.45247339975487,156.18124685025762,174.38746593100285,166.6453804518493,163.63159679333063,51.970027142606305,37.19712195126516,166.95110751895905,143.497629801794,151.80644881974297,173.15876157575036
38.76797425063652,24.67683760634568,155.36873066731482,170.78511043534206,161.28943686091264,162.57710965778233,50.078485462433875,37.1603113906783,165.11701755899776,145.8142373110487,152.8260871629049,169.13491183824343
38.27664297730027,23.143520727252685,157.2362364074416,173.92285783297797,164.15234277078704,167.55567240352087,46.72147103777525,38.546361626032166,166.08821429978784,154.57080116705168,160.61594690038714,172.20061682749358
36.95794297330569,22.23929348671295,159.473544850519,175.4568950150585,163.02098121873888,168.97620259094438,43.36578374507585,41.08184413023331,162.53241230661428,161.20733642421143,166.84321843803787,177.81587804450913
36.335542207758536,23.012025333724424,159.82580748648726,176.41112702239678,167.27349221527206,171.92650593568203,41.96755696892961,39.60643854549659,162.09434499765038,162.99934317043352,169.4616087235618,177.41836217516448
35.21575047176882,24.742305969431488,155.66558251540388,179.32335968848835,172.26130534778787,177.98155592176659,40.37036019849829,38.49897219298388,163.9174495151244,165.78741014552554,172.2145882813841,171.55662783496663
38.42963780454977,24.640157046352154,158.0453404417597,172.77088308528553,177.18640184054183,177.2615073795572,41.80602474799882,38.46356163977222,165.04958838466302,166.55195837857323,172.0340294456507,172.65350884083466
39.46814943114405,25.928790214589423,157.64613147547416,170.09007459766713,179.7607116141714,172.72033769167746,43.602781322692785,38.37449778431025,169.59279497398833,167.71949098665132,174.3434911274337,169.3179649665152
47.1504365767778,27.751191020732914,162.87155572964207,164.44377156696632,171.62642528201079,174.45233169977604,48.624306387763774,38.427014907605724,175.62907865202206,166.67470733313237,174.04715713474926,178.09728835157355
58.99919137846531,30.182073776911754,168.35260574797283,157.68064590462728,165.26694547441622,161.70675985616708,58.684062030642224,41.366127643348385,177.87083662711953,166.08928016918617,172.93160414669808,167.28587616676663
69.48922518939003,38.10228927242396,169.32365488586206,154.81024483712304,164.02241888087676,168.97088620993796,69.8925563354513,49.50554311890265,177.82331166893948,166.19955761755975,172.27372363011406,169.61460150390764
90.4074420649189,54.80554642783172,170.29193026373267,152.20557743692598,164.03497135456817,178.04182020126058,86.4731376130172,60.66393430130889,177.52472076407582,165.77735042575446,171.99916511547414,173.00637379358798
100.46417851243812,61.744058109994185,171.76702743286785,153.75533968033983,164.27188730543747,179.43981568255543,99.38948333342968,71.07484768521728,175.9580813921272,165.85566394387962,171.5737238885625,172.36361199695165
108.97018621160082,72.34186485803316,170.86832681755664,153.72703734695108,158.05094838362714,169.37250382418918,113.88437157306927,81.93234176113808,165.9657737893358,165.34043899955486,170.38203159701888,173.77981627335498
113.71172835237358,78.0728357730843,168.70447774147155,158.06923059321292,157.44766350908387,161.87990001278774,121.54067805905156,87.41519814358116,160.5058601568405,164.6046593815663,167.81366828823667,170.68383081511226
117.45625411075248,84.30114518151865,168.1655866610546,157.97181817813228,155.8313372138065,160.0795508885635,125.31488434456195,90.48300204601355,160.27927468190524,162.96791272091667,163.79004831261895,163.947814359686
122.61348155542824,90.99020131905495,165.0751979455866,159.46582108135118,154.02255900154805,154.25120057840263,131.12238004067572,99.1741817254547,156.33981582103934,160.49533719368412,162.65019255778347,160.68652189923856
127.70660199702883,100.47560857223887,162.92965712855832,162.56350314714982,155.74739035979178,146.16141661305247,137.8396637284296,107.44919417410078,152.37153964259497,155.75621615673919,161.61281286478868,158.95504133378125
129.33154706819641,105.40799079848689,162.6460543274972,164.17180152207789,158.43069623095784,146.31883969581912,142.32001832591615,112.83103248472378,153.98734191075923,153.1153872151096,162.02914646952834,161.0703035044553
132.25314512999196,110.1966397527341,162.74216530259142,165.5588630966493,161.52620429070888,153.57829027864543,150.0708241614547,121.1285280940446,153.51011343324066,150.24121845839588,162.98634172464807,166.79184223178743
136.17667383171946,113.81480774694307,160.63040714469489,162.17392193763735,159.67966070168103,155.77111883046678,151.51195738812012,124.84047898889804,149.4508675174344,153.9048319856356,167.1293100506223,172.7651961765679
140.82612816563687,117.96753098955232,160.13783266525726,162.16731480120757,159.89667472245907,158.17067211170323,154.05255177252275,130.52129451024993,147.33215083428354,157.87381064518263,171.13103638171586,173.3046592994574
143.35373302157507,120.58948062913805,158.6333105554012,161.8848661672041,160.13061957206276,155.94232108119593,158.14977682797974,140.26387175639536,142.91311772936942,160.23364257151667,174.61308437234464,175.452220493361
145.88131739368373,124.50097027198815,160.26574550147035,164.4489290813276,162.44193763650574,159.78449545574946,165.04145115136424,153.41527268822063,141.05487163607887,159.59432744105658,171.28257476721993,171.8428677900426
146.54413387093157,128.00831342827607,161.44603669609882,167.36356261827956,166.56452557796138,159.28084049898493,169.44931995602516,159.33956569941378,143.84425147533335,160.09109175032467,169.84125580222528,165.8559552584916
151.0464145184851,135.59486826558236,155.41599791768618,168.92422738089118,170.41536136414788,157.97230937964343,171.7018813114381,165.36904306570094,148.83853292741443,160.34440481844337,168.3125727362556,160.4306409896563
154.06607483992445,135.0357367248459,152.89207931002758,167.10432153244875,171.13156819470436,156.63237022476625,171.38232483797347,163.19537131690774,144.81456878740204,161.80149804335386,166.27252952479125,152.56429059774138
156.13169394248987,131.77355742724674,145.0780343392046,165.85699479688432,172.93042573191659,150.44139145146016,167.93707305186962,146.89408183820464,139.42809729558095,163.03128099872967,166.95602691886955,150.52687206716323
152.5982953667415,122.22431387576788,156.55359168736754,165.37810830431448,173.8353667751015,152.45247156067734,162.32479964504586,137.7310905184668,145.65866898263948,162.71640396770457,166.30198097534924,150.49679486363186
145.3375493293999,110.9507452860368,155.04998931293025,163.5992871070892,172.3512784550465,150.88243452910527,145.79102314790603,105.1661284946178,154.08923315560145,162.15365489874185,163.04612327443058,148.86891665299905
128.44965167350844,99.84788259669641,155.20995168526113,161.54415147090577,167.32477392685976,147.72626127243973,132.62784475218496,81.34117450785283,171.74372029687356,161.53271189671432,158.4475744797187,145.1535867745043
115.90396229020968,89.96264920511548,169.469135319863,157.87223300227447,162.05215954064957,144.74116729518997,114.41427997050506,62.37550499735266,164.85535908576117,161.650230452518,154.4584215149636,139.29119654152242
98.15691272102751,70.74996682263045,162.47834192832568,150.78032397369503,156.15049872025685,140.03498249350056,98.02196500644715,60.14820544231698,168.4688746987471,159.1711508254917,150.17097118186,135.55382525971268
84.52812189741174,112.70369634641546,163.48212320004913,147.2028403185064,152.06423976058724,139.64830756411448,82.06301929941377,85.12138079911414,156.2837267321943,158.624011116754,149.4855490399063,130.85876073696332
78.41065643839673,148.1504046766912,171.36294245318624,147.4991340255307,154.1316497514075,140.8763663806979,77.97646630552335,156.62069983193717,178.18722650384356,153.82242839522095,148.649245031321,128.00367977042626
74.37703217722022,178.1003144026472,174.6638724982227,148.36535902974992,157.3296413330246,150.39149737376115,69.22782234942882,179.29396533585626,178.72654302227284,152.34561364981485,151.98622481273767,130.58517242279686
74.40927572426861,160.52546970265254,170.08975752486984,151.06703599378972,169.44678536149047,168.65818401154417,63.81813341070623,169.6480616829601,152.60039349729607,148.17675581938067,154.52299844235569,136.7232109736793
79.73674338997718,149.6506559689097,170.87214936655153,151.78446645635475,173.66898318549497,176.15260417209802,63.73305846789217,173.22049207261708,176.80900210221907,141.97657587910444,156.86182753401752,141.21050388777132
81.84605057744393,137.8983272824598,169.93963172821182,154.5561046081483,178.66280171368555,176.25937838693346,72.47477909989696,176.660455286167,170.72943144473385,133.01907021907337,158.36600222181093,142.6159623799228
86.39173020495723,124.04521679079711,164.40144817227468,155.48930599581593,178.82242990233053,170.59832931207617,87.14563756398574,147.76233115966625,154.9192317506196,124.11142354698751,156.74226435226564,146.09967421455679
74.90407337512319,179.86167224199548,141.44494100272746,131.81758387649825,164.98929725151507,159.20409184027253,65.09132782093484,141.60490973792213,58.39273659161118,108.89045040178337,159.92047830033073,149.95245425699105
132.69388797017834,131.71176089012897,162.32778998167632,68.70251063511608,165.45016614895783,156.6326847617098,92.41367972540183,139.54619718175672,10.815625938579322,76.97973715604114,154.09802685401152,146.00189694293465
127.21026592181263,136.01125186951776,8.578350425626134,76.19465837144058,162.57320583748367,154.21864461385783,105.65387449011273,115.53414123186809,170.37312955672044,61.099437878845706,143.99771226025533,133.11826362839176
117.49190482221994,146.73757708601255,171.22841040667973,80.40817180879256,157.40556079517867,150.81304388136456,93.93208479979832,136.51570903431767,169.37345363049945,67.30938334555991,136.91290873514143,114.63384541892529
147.78558822906794,147.18390917615682,172.12428680834617,46.30194327972322,158.07614438101774,156.84203975368396,89.93540334501141,146.75837556121672,46.44170527192106,69.39781087425881,133.1222368052863,109.05125525134748
155.21549916055005,147.0367083353842,167.10060192959693,49.98546469843679,162.2560107190051,159.75275730814087,90.02720148898467,151.26597171661254,170.71578307810623,74.04022675190105,142.01578777083117,113.84798920016156
158.4769861817526,176.96785202966106,137.64454892984264,9.773861365617009,169.03700303504638,162.89590629444112,79.05630182277271,154.0887119221705,171.43395096511898,81.07681238736663,147.880626082775,113.92194990678475
48.11172704130027,148.43752442135363,177.1692559150826,176.77631222462853,168.2103171285758,161.4116173832739,71.99921877988018,179.10352499836185,152.81387567031902,104.85753578800606,156.23112983580364,117.86454220226095
42.94415866114246,150.850643213985,172.05614247291155,179.02554856333504,168.86058790399744,160.73031951386378,54.915776652855826,168.73894531156597,163.5931503116109,119.01867854035575,157.12932920645179,118.02189225032214
40.755474337192176,150.08988210781837,171.7694780614849,179.9967556094795,168.64690791510267,157.62380854423972,40.161237465772516,164.26139618435434,168.05852389131053,129.44107579328744,153.66153133660717,117.6559282061252
39.95520257150386,152.39458415527136,168.6343024299507,177.67977662720583,165.3416207475009,152.96682968573595,42.50892923185896,168.31299696379511,165.1043368857929,132.78924072810983,151.76234153836495,117.27334879450062
37.194989230179566,154.2684555039921,164.3756975977889,177.59299302492525,165.58167819960272,147.45840984699092,39.5706645105553,168.40580241265798,160.85380924124436,136.81682121624397,153.6533099412468,117.86084016129965
34.82988310200591,156.17407942928136,160.25160453250822,176.5575895262818,168.49409038091585,145.58857708899194,36.08413170394491,167.623441253558,150.962034663409,140.16318144367614,155.73980440177147,119.05930283490895
35.350516541811004,155.18466846449894,159.38692833607186,175.4130739073273,172.21698013345593,149.1817206767233,36.515975899495196,162.71993632226003,165.91346466593689,141.8537495565986,157.88499016183584,119.74577317555652
34.140961801024815,153.97746461804783,150.82125975245458,173.7648315323526,173.2308763934436,155.74691255760203,36.81471012793488,161.33345783658118,168.30784118813932,142.68707813557833,159.41842500396615,119.55943636888406
34.77226322922472,151.83601038980825,143.11987715689898,169.62547333378964,171.5022686102445,163.5576077406289,36.26639951237064,158.4918774722354,172.74345968217438,144.5001337665978,161.96923399990115,119.77818680449649
34.61197401533031,150.09022609899958,144.21156861590393,166.02032039577722,171.17250297531396,165.91123985119754,36.554091958415064,159.36260117023167,168.81209647322683,147.42847552970005,164.95442804827243,120.52046192019465
33.50324538037843,152.0072929439232,143.70005712253482,161.89782187700783,170.6221320104409,168.08025778047224,36.00140825468349,154.76118953526745,170.5152122326554,148.55651872818416,167.52289537786356,121.89325441340388
33.830262948569654,147.41642127872439,146.25707751813437,159.35422224943997,173.61896243289027,173.542886127342,35.774623321665075,149.35667404531355,171.04839307666424,149.62283126701638,169.18709752488036,122.24747120989404
