left_shoulder,left_elbow,left_wrist,left_hip,left_knee,left_ankle,right_shoulder,right_elbow,right_wrist,right_hip,right_knee,right_ankle
113.52581478337369,28.253731372075762,82.02758121978376,92.08729571884585,58.68227107184757,117.53679442158483,111.83351479173993,129.90206644814242,51.29965677262982,100.83494894176647,67.98083880582882,129.34034980318293
114.30585946836734,128.1947475733453,65.37788468448028,91.87742643822298,61.51304147400374,120.70498892483126,113.15154097246185,74.11307337846429,176.52099399865887,100.51016053544734,69.32374027998361,123.3661251249436
112.68037765053023,139.71562615860648,79.70788368535612,94.20536959990191,64.43800966592411,115.17466655696954,99.42213902200514,84.11509095422143,138.85890431728726,98.07760625325015,71.30007946816998,122.13363439189088
111.20584719543912,151.61622757547795,65.25005405111553,95.48610570495484,62.450995716904515,113.36138515479719,99.21635463042671,86.0807613149807,118.01877284925601,99.2853461224282,73.00064435609094,116.67185573043314
113.8801091753761,148.72005807352585,66.60834364609799,99.80534636303457,62.80289531000717,114.98222906168658,102.49028012100837,74.19046895897519,127.89699272366471,100.30286375720723,72.34729153805888,115.87897100442893
120.5662981306054,162.9987840638533,71.87117356610888,102.97632167598411,63.409682768518614,114.57634696104265,105.03203642955036,57.9021318766758,150.99885667829895,101.95362427205254,72.32095491769901,111.78252846209197
127.79739622023834,174.70392310649683,68.25904026614485,105.4505343937054,61.05638199346603,115.34189654704825,98.6939711569194,42.90686599234269,150.6123132069,106.9946315028453,67.93221886087804,112.38858312432468
143.24703954824432,162.53245359845175,50.25169811803606,107.93368318889418,60.777731496457776,115.8548888509067,99.29858722954985,44.258407195517925,161.16154622368953,108.7163139886032,67.36945290949308,115.50098648595133
138.38407096780418,177.88754720371125,56.48767448321919,109.36818134324966,62.61266838155647,121.76524522242131,100.67154904957818,45.84730957589167,167.64102588991076,110.89237437321921,69.8119697703947,119.87926245535671
127.46914707627792,166.60466037720028,71.76801628526275,109.92959972250053,62.842056632702295,124.80033618316644,101.63695718677201,52.031856827248625,173.88349077114583,113.13291463070072,70.16624270022668,120.68834219698087
126.99182353845559,165.25560815554786,95.91480695574178,109.44764394876113,62.79593153002505,124.33095034608954,104.09594626606689,65.51151661150627,164.6202632953134,112.33568668172563,69.71890744529489,122.06744082009993
125.68058865971045,171.85377799561954,56.25785108664748,113.35762393950729,64.84620882112475,124.65686572147533,103.08044210827947,67.81726805425411,156.40357293490567,111.39172170074566,70.70754026050126,122.10925459920978
115.44272582554262,174.96195382235905,34.971973496372144,114.61059157662703,66.50889072039952,125.17119392610361,93.0538608118911,58.93717417112134,147.42130330645884,112.3352994520185,71.88547364126903,121.95573671408809
103.84472370279452,129.43332457411077,111.84733721957922,115.0776573372539,66.85180734214138,127.04708802470022,91.74927174996677,57.18568592649757,149.8596846068256,111.98264851721045,71.45341986486586,120.05389037183653
99.69674585723128,80.89815158178816,121.79749547812098,112.82921879706885,65.81116356827813,128.50370684023844,96.17945287690144,59.26041999484438,156.41075800163753,111.00250500988226,70.26725585239724,120.53093639306601
89.95361270065753,49.12908145111444,133.20270505906507,108.59884639079857,65.13279226979041,128.3079369362354,93.50328066846262,61.13128112203551,144.29437763413438,109.32598588550783,70.16286547845706,121.40796691068219
89.40884309329353,55.81765662701774,130.12391084869193,104.1150623576691,63.81826665489321,126.02778457328469,92.97860408190012,60.94190242003862,136.57752223491224,106.97833874351218,68.70295191284865,121.61874056190256
94.3271922557324,60.44722620160608,131.82744751866267,99.37725987753255,62.69948473365729,125.36931036327003,96.58069143253279,57.526967464170546,149.92884399055674,101.75927665869413,65.00288143550736,119.62463708033802
97.10929768510316,63.71084751697946,130.75460385842683,95.15566777234675,60.95446738187091,118.13858019921568,96.19365879325112,68.41710767947737,149.77637447980635,100.59946285183517,65.06470611764254,123.04153528483836
106.29245876441927,65.44962088541375,143.92013301193614,85.34910571303503,58.63110896754001,117.64810038965493,96.00772638725655,94.74159549062544,165.4689822096715,101.74150636705983,63.30497843379188,121.75536552310993
108.01192397351534,62.124693771953176,143.0401358203579,80.21466587814398,57.73195133280112,113.85076474393772,93.65369193919588,107.71341139828615,144.75999861983374,101.83024558698024,67.61713265342648,122.25854454864744
109.99241548725554,66.6846698050096,136.35193600504255,78.44976574827166,57.221100097038324,114.46804129111601,96.59638851898413,104.32651433512054,120.73764309228827,98.54154097486798,66.32189694245568,122.09837795842301
103.13614653527542,53.31666660118026,140.2898955063323,72.63699201554368,58.094093324522646,120.84610953091291,102.30816952390342,125.88281980638571,163.5077618575185,83.45875071709686,68.40566906129953,118.21546209111922
100.85531272263187,60.162860092579265,138.93644557739736,67.24433692479381,57.052725583446986,119.02300759991213,97.84061676130406,114.54559555682734,173.82046979211617,75.51101678643961,57.832129046561185,118.00462136115851
93.3951767240854,57.95787678774193,147.7221333637071,62.62670481481656,57.46975206502915,118.68284107356624,92.2509965391989,95.81992344628594,177.72979530793103,67.71271111604078,58.326134135074525,119.6630972628373
93.84100252550225,57.602622012386306,137.36528455853403,57.282690095025124,57.9317059735095,106.50889776927391,87.9059856481428,71.96633938510155,149.01780357485126,63.81758218833306,61.85685387439226,105.10553257491748
94.36639128946173,57.385802752282714,146.91732018143995,52.306036489245464,57.28150266332371,106.50253006708438,86.4843358465358,68.7358559578248,144.39854144910646,58.88776704594812,61.12087445205314,104.31296353113575
95.47140571688071,59.59664071079773,155.86039330607952,50.4313724705443,57.634357718789005,106.53992627085465,85.51803435993007,64.3329453882722,151.5181358960695,54.33865768443941,60.73184696584592,105.5620003465155
91.64777916772223,56.55268616554078,159.55227205443504,47.73977940256334,57.15391551137973,102.96847545193383,81.50497959182202,62.60524829195178,151.8988653532123,51.49330313164327,59.90635379489804,106.89963528764866
85.63311675744553,53.146024180016965,162.89184063933686,45.29182329573152,57.046600277634056,101.47898976537391,76.81306320067834,49.68215585743386,162.13412252989164,45.392358390457424,58.40614553133174,113.93178145114184
78.0494687048279,45.4078866767366,157.91562450906076,39.944539771191074,56.89495773197671,102.84224765380489,63.45072494349886,62.170935349662884,131.11668230224572,44.62941088727222,58.078953992679075,129.65739809488753
77.20207806479722,49.768438501048735,155.65829017094615,38.81065188708197,56.18556415574084,93.97488931417301,60.4099263716271,44.93979204606752,145.68720424172474,36.278406736455196,53.735056543064324,154.15041557634808
75.03476420245332,47.98618841626651,153.2894213604641,35.08346122274662,54.317080940687795,94.81268616300939,61.497533769299764,57.953666222258164,132.4928870759331,35.39153997495118,57.62789469515017,119.65026715804227
69.4801319034947,47.8836758123475,149.4517573543714,33.93312515371485,53.577380681882296,92.07763428281388,62.68554221895684,52.50308232436573,137.14262431997568,30.782201491166497,56.65226252228435,115.73706105804294
62.861159265801064,46.7860112624381,149.1319798005677,32.56907280740599,53.55838390850314,95.94851021367667,60.04872676935448,48.10814556110312,142.17307364659,31.35598429121924,55.106007016397605,116.4515671654783
62.697263802988935,44.3767711892922,159.96113715206084,31.33887352613153,52.860449347993175,94.88660359787163,57.90007295665756,51.19802408802872,148.63316476733553,30.958226384662577,58.03459976829589,122.52705062338846
59.274121274436744,42.73410720590999,171.58966329344574,29.25813871474261,52.14205033279259,97.16321595978408,54.58849601650735,50.626395458649256,171.24016633909835,30.952545943510646,56.94580982696572,120.73344746674837
59.59065508849858,40.350381526609056,169.3574576133927,26.546100135167933,51.307365710474684,96.78317507103614,55.284233070640525,55.548073998686036,153.66552680201414,29.973243414635384,56.319430291165375,122.00528241165686
59.61977250423782,41.12407313756224,172.36802684053433,25.832165920810805,51.49627574032279,96.6706164107765,56.2277628022671,56.4321787673449,157.63266606948613,29.21401443790117,55.639374723783625,113.50323368118796
58.95265120510888,38.110433032277356,179.42567480955225,26.998400073835743,51.712806126178435,101.7617250188949,58.23483301351037,46.50409532934004,164.23562723417655,27.098735385987585,53.48083651893045,119.22205988006216
55.1069828757587,37.4052478394232,179.7467832491373,27.469329109072987,51.043459363787754,101.21187064064424,54.991779931213514,41.70371509498013,167.97245043311526,26.142302329650015,51.719234866795944,123.43612573901824
67.10694046772127,40.59803032254405,175.07651992700173,27.809918072938164,50.83777609819718,107.44625287067672,61.83041133957567,48.02831861525934,161.94404570282813,28.17592327111105,49.52634354758138,124.500131216401
74.4493194853651,47.58928253445413,150.42890407357774,28.12902629599261,49.86523468912342,104.52923936334025,75.70086331086344,56.7538244692726,145.15823545005318,29.248389709071816,50.620090498276284,127.08283878256516
85.53651980371555,46.66761757165147,156.32226506838592,29.04181879477876,50.23133270652274,104.51838420765199,82.48697819763476,50.56757918824174,161.07124043701054,31.919287715531674,53.356021503643994,120.66907265791527
90.93369726296882,46.40336918105637,158.36906751475001,32.49610651898184,51.46230663767769,99.30932915513307,89.38029831366349,46.8978540139204,170.8625642305701,35.21678058839508,54.79654530914111,115.35207158490608
103.7940353151082,54.3909926765383,143.2821239415168,33.08204358381149,52.4398358428938,101.38460247413123,112.96208096311618,76.50091630678615,150.52635664505624,36.02266096392213,55.23649487994456,115.380834540114
107.6389790908899,54.407201963056536,176.98314709251596,38.207098497176105,54.85795010443225,103.8928595889041,114.29306382161558,70.21943222601529,177.10285092355358,37.34458097466955,55.688346158159604,115.96704160406998
115.2391726052195,64.59411892479781,147.67482267006747,42.1032954975356,54.89443499147872,104.67464417433104,122.03607104475066,76.82418295669409,163.02886577172097,40.39450156246013,56.853977433576766,114.34957451178784
123.36932103437327,76.72927854813899,158.06179144088284,45.93499394240507,56.75964683532662,105.08050148122153,129.3224499697942,90.35715968577269,158.80596725272562,43.80382966520553,58.92097120798378,115.45150529080877
128.82693620666552,77.94646723964465,109.3488948750533,50.925028420969646,57.57655962021332,103.87413245667094,133.5273434775244,105.37633308644334,103.24737666558262,48.065358937926256,61.0869266081976,108.46346019717684
123.96920632838707,101.92916183000492,125.5818958452371,57.75072581595277,59.178850118484306,111.82819778586907,125.61275572654988,124.49187156596318,171.41393742357414,52.7144890737082,62.41187149111472,111.28007996109876
120.45823053736804,127.36720737017139,76.3583476333179,61.375528032448564,59.243890370904396,114.10023288946118,117.81175726727855,94.80626562685313,125.91524468396526,58.1403706254308,62.56168456905278,113.54285248399327
117.91613682997921,129.61477318636324,39.78867657710199,67.6462178399957,60.32529512328589,98.87378202702818,114.23802577751829,55.18533259686137,144.87273379851862,63.336672156501905,63.73954675910964,101.78268521744174
130.88381232519367,49.81769687722316,150.75528416829223,70.71941108396514,59.327746612710534,103.24990018084203,126.99956075232976,60.684895671438724,143.72046733496325,65.37054031628365,63.15580379478685,100.68643390298058
124.40943569180914,86.64179605326486,123.82868709649462,76.93673282309302,60.19856300899086,106.799200602787,121.1328401341186,65.49046196913373,133.91638298527968,71.44178127964962,64.40936325448067,102.18050047553977
122.84198127738814,154.591607835477,20.13230100564524,82.87981354515186,61.40991048252297,100.25495426841223,112.57344096024772,55.575917186513315,153.22435282204924,77.2536556926823,64.38335509607175,100.30099415619854
133.16394184409089,179.35793452323145,19.256182509442866,89.90180207219444,61.60336137444308,102.46900915432859,115.1291892329976,48.6826111563106,156.49112285101864,82.99004562397947,65.11990367251401,101.55870805206833
135.3501172567599,165.09494166170833,53.33205949647476,95.70624808198447,60.91216770064521,103.63047740506035,124.19765049150675,48.44772285408127,169.0122947623291,91.41235928537351,65.23057918001841,102.4913383032918
133.67130703621294,148.8507102301243,108.36038138011183,103.10468383055503,62.914577134888304,105.22157210704395,107.54796776814557,45.8204809089347,153.22441067086788,100.41539246911397,66.4391550544539,103.86178500590432
142.56663617174908,173.2486632600887,156.15480477630962,110.78706807552958,64.39854605714329,107.4836351846137,112.21944875745237,65.56227871935623,148.3648475287522,109.2999232437753,68.12351038809551,106.08285518614092
154.65695100006252,111.88713937836344,161.51003919532585,113.3629615738132,64.97867271082508,107.8059719265442,108.6105204402918,62.30953163533771,156.67590805944565,112.66190678178367,69.29350567904365,105.84212054932458
174.3537386493441,96.95798530943073,168.13430138487493,113.14359345856413,65.09746356355234,109.16477935731272,106.21788176550872,91.56241006728364,125.50789668286383,111.80760181081152,68.78644144240715,109.31709499947905
177.41071298106726,76.77446798991832,45.50960245723592,114.31736666246854,65.61191444909718,108.64280318934985,68.4916900336681,165.93454250602412,95.99525615145933,115.02711441023263,70.77819862311603,109.08041394725797
168.32434163412046,71.33246423313669,167.24475465442055,115.59939673899846,66.17905940228395,110.25862443095204,37.170425749322966,161.81524433813973,177.74467834419778,115.53578169110871,71.33035199059191,109.49466291220959
178.5208368386351,48.089957113743466,164.03261639714933,115.12507284975062,66.04913105686059,110.29412163000951,108.3698023260598,87.85298789997752,151.80005562934343,114.60311507512192,71.13956229560038,109.69504758470877
166.946140410932,67.0136755579092,152.72651428745604,115.21835273679774,65.93128190869207,110.26670737592586,118.055143596592,88.11211871070684,149.41415268653984,114.16714699295149,71.1849545464999,110.39252629644915
136.2081271605409,159.29807188735137,134.09629412376856,117.9531918051976,66.43498545768496,113.31270580396358,102.719200696048,46.47048358393241,173.6914155683107,112.74706530699478,71.58836589811789,110.71193754728915
119.4632234365955,173.771297808961,35.67750989044136,116.55801313454292,65.9554678508582,116.87362042889991,98.84117036402785,39.012630288783626,160.36755331585596,111.11316658093457,71.68987284891155,111.38524546077304
102.08651189180546,151.5755311145732,38.43481466534971,114.68606799327867,65.56043010744457,121.77613221622974,93.03314102490977,35.44449756122313,150.59221670404483,109.95905193673971,71.22452677452048,112.83934708172086
91.88025795324482,152.0241598394889,58.5715544730407,112.24732280038435,64.32724464059832,120.23927451277568,99.46997697734542,48.17629716231287,144.63989769256202,103.16843793347351,69.62258572347578,112.17275656520972
91.5072074333268,152.35764194139807,70.1688834058939,106.50747293367519,62.37660983992087,118.54606935310349,99.78803733704,53.92719588022847,151.13972192199452,96.76956700031026,66.87085845542323,111.87041650714319
99.92482548420311,152.5771324252315,67.30654538898871,100.24691328356995,60.21272687971381,117.8824640527738,101.7950952658605,65.96466111320602,152.47380210300818,91.12987072923903,63.94292988448835,112.72343772753396
101.11017877371017,152.1428701228312,88.63455660452338,94.88188209193855,58.94920073994647,111.13483777476836,103.79249381992656,65.50384571167102,171.28106703123566,86.81765473940182,63.68757611246217,107.67779494085981
105.57220411092783,105.54642119152093,114.33442640458595,88.13953302178051,58.17405034158534,104.07759288063107,102.61670724534116,70.92029132350504,135.06587175885863,83.40083963920051,61.11944972398671,106.41410171800374
104.80293514522407,106.8341788659479,123.26396417296296,81.732254827665,57.87065627728095,111.4507291539883,101.43656970482307,134.90593078041593,169.74737131226675,79.23981284845276,60.09055568925384,111.24894338354635
106.11056202296616,97.1940122363644,155.3410231054473,76.35603463460076,57.03270445525702,110.79620190732406,106.91427275506098,136.98446503067274,177.82826038687446,70.79005991657054,59.71338283651936,109.38638746963811
92.9395004373257,113.41369060427155,116.27709656010141,70.26936627520368,56.04006994346147,105.87333335501754,102.27578496673166,112.21089338850332,169.03339609412114,65.34142259805647,59.21765265695401,103.69471257942433
94.1271012193884,125.34815534986289,84.603571488152,65.26152215510935,56.03590192514757,108.4828887386594,101.71382356557062,101.33833629523974,167.29794951750551,60.76317637173268,61.28310266619287,98.67734628163402
93.60513723389222,113.24222504155033,120.85982579726596,60.44792615095794,56.59450677110591,116.40145142662436,96.09391630248427,83.08496920045246,178.93102121578178,56.74450651951007,61.56398532277295,101.65494922233442
74.08230017449212,87.5954461285917,154.36939979832297,55.12603459128131,56.108491241110286,127.78959475134651,75.67919331005261,56.240905818905375,165.01979082888428,48.61009350599727,59.78187936540849,101.78854151540831
64.64423393059096,87.41622464507938,153.13172765110698,51.519232184516284,56.59994956709656,134.22880011885735,71.40014857956777,49.607045247542025,164.44937613646087,42.446170752073414,58.46717289589969,110.67188264960224
62.926962426797516,79.23385836010068,164.5607234109539,49.61266339407873,57.315321547252225,139.70818686516546,61.93648401787003,46.11339399629667,175.24587839344485,41.20788194017293,52.51253639181783,129.6124719223142
49.74984215258661,59.02691147847799,161.75343505700158,45.45687877640831,57.00087072833716,143.34462357042838,54.55968730859781,38.96364739323877,164.96495115084068,37.69581154745153,54.939480597813045,126.0332284351854
35.333094803223794,48.561379799718885,160.612264709579,39.56506391642913,55.33367194093465,146.5532355902445,43.41112418194997,31.593946864605535,160.36669503389265,31.97653620059049,52.83515624901023,135.59996559929345
4.131934415855635,39.72441986445746,162.63991073312988,32.47632810930421,52.18432603077787,126.95694981514981,35.70864129272111,25.99251319614637,169.65812174682387,25.837983877476248,52.89823750184229,135.20924984629553
29.063070359592267,57.89821326413853,169.15214067517522,30.221918825325808,52.721130618996476,126.0108484140618,35.19678300643258,30.617994194998342,162.65205800830714,23.91933560975027,53.33097323168194,134.59465213966965
43.41332318971407,57.09154619193076,165.32859351544005,28.148103818770867,52.944200809932305,117.07440130736617,34.805697034775946,17.607924133172567,158.34715320989147,22.845051514182842,53.89364174210618,113.61070796237053
53.296974803822586,54.17498095889832,172.52088780816223,24.981844747415256,51.276475504798064,114.4702107938152,33.39839415130391,19.766711235853048,176.93488029510968,21.684216122367484,53.50086648625536,103.2993080499056
47.2462455075131,65.80876120507095,170.85923270620523,21.861692737916744,48.730159475042434,112.98132890086251,26.563897825566006,12.229700363257741,176.1690700341037,18.594339109250008,52.31376539091717,100.56613162674238
47.41439867152527,52.231576760848206,178.45372307797527,18.460996241290694,48.82095563659765,123.88992058558318,19.648782985369387,113.5886958375276,159.0569617278406,16.470696306258994,51.3897031767819,106.09143976317982
55.11255676631174,61.662208168475445,156.78898030138305,19.236413470690366,48.506832213689194,132.55585939123696,22.796834039365674,1.3770615112990132,170.24488594179144,14.85782378636799,50.632053360009685,116.20006596826764
50.94415394634776,69.09606230966423,165.28904088883218,19.912877669689372,48.795676341442025,135.99907259763862,29.696812708197502,33.623735710139265,164.95639686538962,16.203350586592354,50.57905910927419,113.22871242711363
57.21937615338215,59.08683506636913,169.82185598595453,20.431592603398784,48.40696243743218,135.90743023511095,32.54691666737664,18.095296500045436,173.88112200352742,18.412583578287624,50.5132003394853,112.16514930674609
63.59512007718553,70.16588880951306,162.28698123710888,21.75673761280518,48.10271860013481,135.89063515883535,39.30927867290502,18.624975373892358,172.98169234835166,19.849503805234818,50.910469295078485,111.25367170956658
54.33848557827387,61.846185262124195,167.32754587852813,22.259454201892012,48.90532300923653,136.86155290681756,45.46005726678884,20.27179155192566,156.450309083708,20.368478298431075,51.82389980064193,110.56130342560836
57.62104116302041,62.59151486609273,164.99876300983934,19.934486629291857,49.22357831979224,129.79269910134926,42.89325289556252,8.723279422241566,159.51538245350457,21.021192429725357,49.08135951042639,109.31254482142802
44.54620189861221,53.8870612473639,160.4582751721131,21.53097549165925,50.31323390040392,129.68993505950908,45.80382192256726,7.4218392420629575,156.57355448608615,21.47096258394335,48.969304712638646,104.50628611648139
29.811036512552707,48.047184058047485,157.55232117377594,29.03080162526299,56.900029298480256,132.20921031512339,49.768835771337244,17.649246679773402,164.4074212457461,25.93012560840629,52.65796855306673,104.56920630211877
18.636025511161762,35.61147246984211,168.11016819872629,37.06411531846379,56.1423610305457,123.51749520255089,49.49403519989222,31.452534082249255,159.44351544196815,29.613714276596262,54.315976891506246,108.07259379681658
16.948928214183628,30.162450896708545,178.05746276966315,40.70668083321136,55.82288557796848,130.09300492115779,52.82907227815616,23.645814805549172,150.487218982016,32.69406082713271,55.28511601221036,120.09282486474352
33.928198061389566,50.61635189598837,152.30381212613,45.11939285363645,56.32867663079692,114.01043996561377,65.98307354767307,32.918176918348706,168.0618899936593,36.81280547692215,57.05990145220401,108.4035289407613
56.740177181418865,78.70707737290984,140.6570855813627,50.97164406770939,56.43914469202046,125.92585821148919,81.60557276122208,46.47514735558793,172.3193853700073,42.63645544313727,58.40797274975239,113.23212090834795
84.63120754055042,116.31046118597536,122.11074308949078,56.54682585706686,58.08591106150435,122.80936469494837,88.93917240945545,66.16084114181027,157.36761120619101,48.92364521056199,60.95082529351378,117.48559543009331
85.68257731800651,115.56541092302417,92.65786280027989,61.95345927382915,59.73210433881727,128.6882804971214,102.82335556829338,83.24331006615274,161.61607660121533,55.69067227616167,62.61548993071584,124.60271070798416
106.16184068962605,138.87815999945866,94.20166030745736,66.6996733205979,60.87223853998438,118.26105036493651,104.60157423107307,86.32401704902695,92.45345392120541,59.57503182842412,62.21457761113518,105.16278704039405
130.47568648275413,176.8334629258276,89.7133389219013,72.2464629193744,61.744931560121614,116.4723796775816,100.33930097311425,49.20530401739018,152.45609539753139,63.06236077022106,62.270251879836685,101.21518469412605
121.3345502738346,170.32393280029652,64.90537063569606,77.73900229338187,62.315789862647804,124.1464645300622,98.07920961514525,41.37746535425914,179.74620595354705,69.48542298939002,63.747011532125505,104.65550643772438
132.11752591935607,146.1426937987929,175.55249957293742,88.38765321471753,64.12946639649161,123.46778985520315,109.956960091746,33.40851397147359,173.03803944219533,75.35528799569889,65.63059620078364,106.91844371653701
148.16796424640555,133.9657817362712,57.53784828564235,92.77812268291626,63.08606880325619,123.77181813893617,110.74249488522673,46.82743744218604,164.47394242461812,83.04869248308484,65.24983351308622,109.78700193880202
152.82803797992642,130.17665178565275,71.37019213050078,101.10685478092974,62.798503790721234,123.83609458844018,106.36467494933986,53.767519453553945,145.54313501319876,91.03081174654028,65.55738794511053,109.49465904072964
159.45824253779583,84.19268742982031,101.04468822850366,106.36787839967519,63.41830286106381,127.11825685315955,121.51600189109556,54.00045744538364,155.96973336978573,98.6871049656036,66.15565370195696,116.1329469306032
168.07395930968656,49.58191143085715,170.12690343718498,113.41786317051228,64.8440052190477,126.30752378748056,118.64485201881811,41.86003433978699,170.55603618620322,107.86858882121405,68.99042600123103,119.14631772515185
178.55583457434187,54.85431562505407,177.4464328530875,115.55985793979997,65.25567077497864,123.35279657806255,117.71184935367972,69.81803676730749,158.7741374261188,115.75648941129606,70.70183421428436,117.34810341902494
177.33518238866594,42.12730980814966,144.45007422447515,118.68526278444736,66.76842018396418,124.0442177052176,128.99280967184754,82.04607656691344,165.19957610084717,119.13076627216276,71.33596375675435,118.01770684906978
178.33291538057463,29.79233931581498,174.2046528083393,118.84206546244302,66.7461545875372,124.5877923686891,90.25945611808574,47.32052986422899,144.57166635453285,118.56434328707522,73.5120625942184,119.08333229530619
165.65350143231444,20.820771932092974,165.9267067515454,118.04536974738154,67.08045716507665,124.80738410885456,123.93634311406922,80.50522982553464,147.97597650569665,118.21571919828544,73.96615772605632,119.92388612177598
171.63285433606484,81.90427976871806,132.94112846695137,114.40565296619218,66.93367329873651,124.55888161880279,122.83355267059994,86.82331689680046,130.9573294430099,116.05047014900337,74.25452868438185,119.69756616660698
131.33407723167977,171.5448875935462,18.162180905934274,113.72332119439513,66.30935180874938,123.56366790136413,115.92241920319792,86.41739827131371,135.01213051115633,114.56706210301108,73.67017973338278,119.81795964241057
107.45287234738718,74.59379243929253,103.24172477221093,113.4883866096779,66.19819441850927,123.67656087919349,97.91009400600625,64.94985865369691,131.84903334523557,113.73641019542353,72.92832674739707,120.25364338238008
96.10567852410723,63.83043028974386,133.23441973103462,109.46020560553667,64.75371198693557,126.3159198080219,98.5929829874059,88.84024786766538,93.01241480002997,111.63102112906878,71.20543491152381,122.08581900264899
92.08766129621348,54.06808068914764,140.8284594749413,104.3650581510013,63.425723889674344,124.36510726034012,94.08946150564142,60.90323765740226,125.27873811561605,109.55559865965367,69.13745198483387,121.33519682963725
96.07441821179259,47.948387957469045,147.43411934033907,95.60016407721683,61.14046904205127,123.34401937101433,88.32795772073679,54.621564290821325,148.77710919048585,108.33023177609041,68.06805701075315,121.29762022380153
98.64357670939208,45.04923986968224,148.2690478062087,85.4914422206059,57.37755883525504,117.15590530033991,87.07764937701278,63.89233102968553,148.1763489786011,106.08133156043803,64.99558202738372,120.17396116010737
101.93604215952982,47.83169446294516,151.56829657279198,80.17472129624637,56.58747494297751,116.3325018074073,87.83270460789369,71.04484761726917,150.5561956920864,103.3189298466334,64.77553419268311,120.06388012335101
102.76499941401859,51.74455082308939,148.00722218653846,75.22655921151919,56.09197732063871,117.12547940279458,92.55644359582459,91.46940230967816,101.91417048476082,94.26369639578421,61.988435094340794,125.14070400336155
102.08438623023162,142.84657271017892,74.52100521306134,70.05881958291265,56.58039098518729,107.01535791359655,93.86108507849683,124.45847367091822,165.1315395047994,88.71910461475643,65.41890232139451,117.50218798684624
101.19848393473991,81.1572808627528,123.29911443298298,66.13874706821639,56.01533582842649,108.49641779523311,97.3294149227296,108.29862900738266,143.68255879709093,76.12857956494395,57.578216047351795,114.54757301052913
98.9930941749031,71.9549280720251,146.51494582346513,61.931012627733175,56.629825240033774,107.87842633829271,96.64812319045143,105.90260979254386,161.90429883367867,68.5800762522644,60.93544356170351,114.7711631711718
96.8655385415475,60.08358123399673,137.3693036750323,54.94600658692602,56.24774635856667,99.64073594176983,92.86106583882133,78.78040691357444,137.8657427728616,64.01971961735691,62.348871832858094,105.40345450043658
96.18800693495876,55.717992766711305,145.43782564207476,50.64337303205779,55.525953243724544,102.37179638123558,92.60534514106658,67.66995317526599,141.3372128680127,57.66699803289856,61.18966720796544,101.43619946015271
90.05859983174503,50.12478072033287,154.10503980578164,46.73772084611168,54.62358535964306,102.01258754963558,86.68644997090134,65.52523257528279,150.8161900965512,53.39569777432515,59.93714230645038,103.33426480065026
88.06204006609158,44.65506364923003,171.829103812583,44.6152521228008,55.6451370023101,101.66425604878062,78.76862778995141,66.14204068204208,166.84452571153244,48.1216317982792,58.2981458708529,110.36516250876856
84.33555868754698,52.47918299604425,157.72722190087427,40.00399990373666,54.300861174656774,107.56030948410553,80.34094771205038,75.506892995511,151.65384482631674,40.30601781653542,47.43571350396127,132.48525027513492
75.24296086633159,50.69829712213666,162.52068013567182,34.96994535756504,52.15671550461982,96.8437595299604,57.83384880043396,61.65471571976182,152.0501719467219,38.37597426326111,49.034326070566095,134.26811410492314
60.5381845262309,53.82800281163667,142.94452480121808,35.72607325063275,52.575486784943266,103.01362685465433,54.964472434817836,46.18602863688173,161.60440030167635,32.68113715241542,48.54447073043809,119.69802192196497
49.045212554333794,56.14076014191248,131.56378702925178,34.99788726987045,53.11601547622006,107.08649614551676,45.668365692484414,29.25639032861811,171.80325936590805,26.1107801462365,48.10271919196408,118.0697242395499
42.71416844554354,45.87571881239877,147.225780334716,33.795444810414544,53.24441558442893,104.73219904751713,50.420764284198576,30.094286244550418,176.40737504959844,28.747011746216415,52.481037595880856,116.32581015631148
38.39973856846751,43.746681000693826,152.590414949032,31.079159662501425,52.753871823022685,104.01497432424469,48.727988971736394,29.771348108406503,179.08195130656898,29.969113817065512,54.28259369664738,113.19806619331102
46.63852405122583,38.5276738358886,168.28402762686028,28.198858943726652,51.69118138377916,102.46685869787774,49.98827964516969,33.25973262157641,176.60905832602614,30.257121428136504,53.75719989887418,110.77006174850014
39.93308087965301,43.63056090715669,163.00483217484486,27.95488606320906,50.30727864911617,103.5659518299761,50.357351774745815,25.884681498585945,167.74256338989377,26.25876052201324,52.742126191368236,112.48488045994853
37.286021425183264,43.07500452880094,162.30270793815072,28.264214170492902,50.02821098564312,113.11170550275442,49.463627131312144,23.76868086809617,178.91467379611686,25.164990330335886,51.850511596819516,122.30145152989932
46.71138988589095,33.551740270810726,177.23939890692932,27.7369454571689,49.70313471480785,110.65961546679335,45.77170055877841,27.660344808967345,171.90137505799962,27.05939190936148,50.67357308681232,119.2775792342104
58.557846169698855,38.642381661631894,174.04444759685111,28.401704562752027,49.09218209041667,129.37913516572385,61.39985970824607,32.647451779892016,178.87076403042053,27.901518081822303,50.827988332054545,131.25018071643262
60.68153294165173,43.71970436527547,175.1507857526594,29.76036742242121,49.141398947406316,124.89154959316791,61.89387136472393,31.00742807555717,178.07528101965636,28.084409583292377,51.08957467845995,134.1890330361676
67.02225958371352,37.129780348470824,166.40978045724447,30.24985125722412,49.67299207624114,103.20832580014604,63.712317424805555,32.48675446023172,175.23320905056534,32.62672003845118,52.91503735487526,110.34339531816225
83.78146370533362,39.90422655401231,179.54659391473984,30.809491237690022,49.781582808768626,95.42533651288753,70.07798107976822,38.037016852932396,177.44690825449368,35.59027300913187,54.708715251183314,106.14220780199547
102.64510908585358,48.70837583984974,169.31196539248256,31.421545688452287,50.041691328243886,86.00731429738278,19.770757197397025,135.7691391469593,165.77017402230723,36.06668851659559,54.1625525338736,107.3873950968027
108.98850631713388,57.273079437864475,167.60933845812949,36.14690088314656,51.16540444610004,93.9451115369176,118.90685357529759,77.42133929753618,140.42022990338307,36.37651883441287,54.65439102412548,114.03403656989808
112.2784996043005,83.86409227606131,174.76012769198442,41.72018469793343,52.42332572830278,97.20649107941703,118.71302676821266,88.60950657791857,156.5173467171568,37.72463356771492,54.9381005036,123.91575957300122
117.17018841989706,83.58211178234062,156.81292347133638,47.276179912353015,55.54897595073417,95.80189516450147,116.03592430096779,78.45045414145419,176.50665974845134,41.413087411829345,56.6256972491026,109.7273286608192
121.92638290133316,79.932936480165,154.09696812563882,52.424791638107614,56.93046911966748,121.06748044407664,122.96113411530965,99.77740627024461,74.59432362719775,46.04417172456164,58.306699225523694,113.75809496499596
123.1182807229246,109.78699938425387,155.93159089767488,57.625734074904436,57.37811232797327,118.17987276602526,125.05638192024624,120.33874618184399,118.69494208547275,51.50788669911467,58.893023742979196,115.09949889426434
110.88794598598707,120.10929538584546,161.97296445183613,63.0719083243069,57.34842552956989,147.32846923936984,126.1552213912851,144.52399687594237,175.82292062277781,57.432385126926846,59.99038662354928,135.0197491214207
122.74997670535828,123.28123926478393,94.34124229200107,69.21154020124203,59.10063403942599,133.5938634885036,127.23518495720461,54.733384152669494,179.4242318873667,62.65414113975758,62.870255911653466,126.24832797470471
128.47008777097548,20.107001932698502,146.8317031029664,74.2953062312182,59.22914964071184,123.15159258865626,131.19496574555444,34.689233727079674,166.78332492494806,68.88513209637937,64.17212408759072,106.6932032190575
128.20443638415625,78.18824032023181,100.87227465025946,82.24836295198402,61.79931183390082,120.17792479935251,127.51978324416199,41.68076146315483,151.70756803058018,74.5160226863347,64.95951396749223,103.58854460482777
120.72921384876032,165.78124336229016,22.74476803072473,88.37411668858175,61.65606669745014,108.29033044434794,112.73324248338758,49.861201525063585,168.5601140876524,83.34114637809542,65.13042623916002,101.06473525419396
128.41996156967406,179.57638519789404,62.45444731491944,94.91894698245459,62.788161491802775,130.61889397125515,121.40880439397081,69.54705797810787,177.1525638672365,89.33322833759462,65.7945734396625,109.27814940623485
140.8623617211386,151.0782174586412,97.77721466991294,101.6200008877775,63.49775298391114,131.4044805086698,123.86917956472755,64.3718329786396,154.12307793422886,97.15194426399226,65.89746742984751,109.42417138055038
146.5987095879577,69.6254549481617,174.5503409902391,108.33944341998416,65.319284846873,134.75428704864555,126.77648616072268,48.82202398452345,171.71236561546303,105.4021658841128,67.72274307273365,115.18878342968188
159.5157701767586,37.117536078119095,126.22449238993798,114.50475784101758,65.82107276194775,134.51760529324264,132.01211054855344,80.29144653732924,160.37075611901582,111.7610695756109,67.749973895225,119.59549125486451
175.37712756845767,15.012597805373218,92.31837556003069,116.38880202615205,65.8060615481561,129.21988636876526,109.77558570600662,97.02570867212235,178.4618532551685,114.41953443733541,70.72134543616656,119.24964333189432
179.63776883729292,19.10377082553018,150.27337418583178,116.49328902158167,64.31130101511965,136.15202037493677,118.0311291745624,58.15847945671681,152.69597861694714,117.37545180393847,70.79565413274236,120.31188362856192
179.88760763773925,26.808883450450907,163.71992292275417,116.26245169933702,64.57746854522237,135.17696920907994,107.80855261492196,64.02824416199353,144.2614804917391,119.0652586214214,71.10124316403073,121.7650861626757
170.17842527281408,57.958504504154426,148.10884873820967,116.3167631871469,64.76464142867529,124.03226772908745,113.95569372773211,77.68975917030964,173.31371366006871,116.89344892666163,71.1724161406365,121.07437936391928
145.3415148815611,139.95343776170134,168.1478701642046,117.39807383220285,65.49504931334536,121.55429818446817,96.84402701069905,70.62029987508325,173.1737432187512,116.91956431999974,73.1211617247666,118.56608551547366
137.32708001077225,143.81174157490244,160.42092620243125,116.94126343327845,65.31293804760384,120.86778856317392,91.06894511261386,43.235188344503186,161.64154408412725,114.19483145628779,72.9364663634765,116.49531421426362
108.99376971696448,154.90769199639757,28.894276063113626,115.702487218093,64.98824681141852,119.55743653394642,90.35611498660577,37.151369253484624,157.7485320979673,113.03016674784355,72.98593583103562,115.57665506678454
91.99533855933646,92.09617177299265,93.68670791747698,113.89638078113056,63.335824239257,121.47806045975211,91.16542319106216,48.29697222438718,132.3061392193476,109.69130620982155,68.91705986977856,118.03674470671051
90.53430020986603,130.60868351915593,75.12326152076034,111.37713494216209,61.30893961502394,123.11726078883072,96.41378626734377,57.08501437170249,138.97481181036002,101.33425436652387,63.6504950089866,120.46901022850234
99.29046184401074,155.3547518798924,51.815160045037615,104.26942859348227,58.71028335833138,124.88700676140076,98.67773498050902,57.53480687183564,147.87384659744163,97.72957795543219,61.97979318331998,121.89913996997781
101.18659163982649,151.07578995271365,63.942285570745824,98.68948003215333,57.06071590068191,126.4382098694035,100.26400145700816,70.91580581561016,138.26686362969934,93.0873443169349,61.38247259893562,121.35544281256755
109.49432420620258,157.517799106946,48.01040000182989,92.17550665390876,56.73398249277031,127.052284598423,102.80275754430315,64.23342524534262,160.7938081492219,87.91413432866582,61.074543872728206,122.05059560070633
97.49665861609236,132.12391597074728,97.2239956437571,85.82187262785234,56.08138186869609,108.69716594204714,101.89527748220193,71.19224579382491,166.78887897473695,82.65039811920379,60.55551738548686,112.84307220989645
100.78984140897435,137.24479286034193,112.8549428637844,79.82178504988609,56.69799487449286,109.15782009089098,102.8994874786804,123.2109817997849,170.85585536160602,75.60449277881007,61.30869633755514,112.50971727872086
97.17846401391553,126.12113292214383,122.15023119559883,73.78825579558094,56.06218736781691,110.32097776541644,102.67168233851541,87.53364965597977,163.6116439777934,69.37667505476672,61.05285381552542,112.56052480367104
109.53253809060756,148.0254083903386,127.0574078531265,69.01487302680117,55.68574902869275,113.65916093653392,99.87763463890506,82.96859369206231,168.4749894000317,64.6088604916262,61.521980493353475,115.76650182275864
82.40263302575431,121.48048382610814,168.34132938591412,65.98142268616996,56.31816500018866,116.53644235833781,96.27170763960575,70.16600928950493,176.88607687046823,58.747388149639285,61.69055410370343,110.20471537717805
7.79214088715386,42.04282832496139,158.39371667500592,61.37219540311065,56.89071061668535,113.32818596443634,89.73989540446226,63.05809725434237,175.23666111158877,52.66890875609063,61.02368981347984,98.36217028868002
9.708369267824125,24.61899897881764,170.48988340084355,57.12330623224057,56.067027363183854,120.18546144512779,88.58448057758997,55.88004528313624,174.05889090888982,47.395164241184645,59.81348876531678,96.42606433853067
17.262455972998506,17.853067372534703,166.8974512452107,52.25359936334145,54.459025054398566,119.2167699950079,86.0992192538116,53.53662650089938,166.35759631050757,43.599970604537795,57.87562593307198,103.65260672519778
11.980864717747396,19.09190834968174,167.39501532838727,48.43540533804624,54.515386003594095,121.46162048158159,69.03701265784613,42.140917912464914,178.7378410567457,39.66631148735374,54.865664634719685,113.1433399913675
14.84196556561193,10.210398549222392,171.83375926947036,44.03622960060779,54.756221371447495,123.10158197663857,50.2333132461894,35.28808280391235,179.82256637286196,33.865613235567025,55.13375692300945,116.9721970967685
16.13376315331604,35.529948818615225,173.3532878412516,41.57606685888116,55.54552792053275,126.4723728753283,46.157523577338544,23.984204001234158,163.00856621156393,30.299433303689593,53.632163817772955,130.8852674324804
16.35540101346894,36.22837797988502,174.87280404345066,37.32000686683303,54.07421601671183,111.32490504813715,37.88360566250057,168.4566098119028,175.67807567052955,26.890479971083465,53.60599841097198,130.26788059018335
5.601945241849035,29.141301449675986,177.9712757555993,33.23253463967625,53.08149979818952,115.37984888225478,34.32683363448788,177.02167877004803,125.45536538792574,21.12299456796263,50.38596127019758,131.21451505977166
6.952432231045766,27.932808180234165,178.31551367500714,29.618646309438358,53.12696315294006,111.44230114779427,35.46874828971981,151.5593241804472,140.50318901728616,17.23332549625302,48.60533530968567,143.7621160146349
14.74214046056977,32.08270992548642,169.26530768299492,25.866029427310195,50.67074998905777,111.05301461505482,32.89703547718969,8.068882111963006,177.70624439185147,16.06147423340507,48.74195572323264,141.14182389315033
15.579701203765495,29.76176861917755,179.77024194820478,25.766505137104758,52.320947197839175,120.43745360580836,30.280595250991283,11.453659448182249,179.55396040031368,15.657851301952062,49.54806956445611,142.71644365156322
35.916822322376156,47.98733460874473,173.34244148333383,24.764573439546815,52.836793766464005,131.69973342123654,29.20306859143639,1.5979370017061771,179.81153802413507,16.506753205920464,50.52445089596457,134.203052829663
27.38352012454245,39.42170362194656,176.13788094420826,24.25669109623271,53.093616607232256,135.2319172868919,28.996670246500237,10.174164909697462,176.07681427435355,15.549753547747306,49.84673223005179,134.22055241383285
40.19847717523767,50.91915691396044,176.5087565571043,25.772106160715175,53.16666335291102,133.64621922279636,35.59845383277034,26.748006478667143,162.7060253778079,16.87089557175889,49.37906364864793,118.56983911049252
27.675103792227404,42.06715757878932,172.859460327721,26.71535472482831,53.55976057450789,135.61767614379002,41.59297845728441,28.241595690971014,163.79357670526065,17.31811740923289,49.169393485054016,120.05537510317389
34.335419176515856,46.19464125493205,174.2971826159365,28.941005521503456,55.724137553232026,137.2684512772171,47.67347192060041,32.814253584214114,150.43603602695447,19.145841149692973,49.90179058974181,116.90402265076767
32.41914678262278,44.88743883103317,176.0054035638882,31.47139901500091,60.66949857875123,138.63292265352035,51.99535219079667,35.391555808172825,155.2856213155388,21.16014088733064,53.35563657051521,117.28095099437996
29.858558076260806,39.161751176215006,160.72866737464892,34.46823761790645,63.13981365217471,133.85258182574378,52.43409896218861,17.189065304477136,161.09795573534623,24.624442925959755,55.50039110960154,117.7498748783663
25.01389608882841,32.39887059499186,170.39429929717028,36.47712042859306,64.87969331449105,133.17244304028554,50.30265053657153,11.635538354400754,167.17295336142706,27.000173393540678,57.11709080591377,117.84384224282981
18.963950189456437,30.541503720544018,169.29065323639912,39.51689387041789,64.20970844539505,132.52013868272508,54.01624573485118,17.13851532946904,166.78786264921655,30.03446620167276,57.52240573015678,120.64670818000722
5.71692119441673,19.921861990394532,163.96080833182876,42.47301186070354,62.83605485776943,125.42374893597776,58.46920385613073,23.96912151906922,173.33344396061918,32.326627574305135,58.11226362194472,132.0471759191222
13.94601951875496,27.284811234789455,161.7677877182032,44.905851917722316,60.78859355361013,120.33893405604621,66.29503449515481,29.43704083192433,167.1364632863185,35.34981621293856,58.92342330507825,125.48829300043077
18.541423168104032,35.01642973660544,127.15524643031746,47.90720515686358,59.6940437400301,119.3910111625921,73.04289614059398,35.14263502576977,169.10409594529182,38.922449896299966,59.789514011592736,130.571389636288
22.51458309210246,41.9739124667526,148.8786284885491,52.401701763984356,58.90139901144254,128.4852415101293,73.65049949197035,33.02896936006697,160.09531928435038,42.31236639337023,61.73669344861582,124.67886699219879
12.711269511610322,35.53859244360695,142.95166008082583,56.7555995680766,59.345369938716686,127.7807208184472,74.92419673372068,46.93768101398379,159.12024362222968,48.59496698093945,65.07087322246903,126.93163130305715
25.909320319444312,56.13484011971639,136.31313962164654,61.39547577861419,60.40337756037107,124.56123671011318,99.81433308125337,74.18414739266608,160.8970764242988,53.05626199597515,65.25679483004362,125.91392341240011
60.22957507315377,93.45638974503565,124.12906110717097,65.82817914543536,61.68528266928509,118.62136250335728,95.63933304067217,74.25828709835658,119.59282713429111,59.37509331065123,66.22704809192604,117.4966224816649
89.07696170616435,123.11738305090357,95.54381384292058,70.78755774892967,62.4994539731374,109.01981987748923,98.2469998655018,55.66091572121704,145.37175719330497,64.58466350131067,72.884623785776,109.16727830720386
108.77473729107447,150.60543867511365,132.7238995756684,76.49049940904486,63.12126422652085,109.91435754765656,92.88678602085558,40.25517486864304,149.13078977362701,69.85280357944295,69.8600443399528,99.13349958380176
109.71229455369055,155.3039830619393,134.21826854213387,82.62901199249539,63.21241566001583,114.15282498199782,99.56901454307337,45.89998372474329,171.47453441191573,75.88479578712762,68.05302091147456,100.2429655192713
124.25829526772404,153.74305859315277,124.84087567518453,88.62257217272926,63.45387408920542,108.65161747279218,102.19873424150674,41.418185179041565,134.9202593575026,83.426491357258,68.61121377120071,102.53544956095192
115.70199307541164,176.4821458295645,98.95707379103564,96.80508733417658,62.77287895445387,115.59909351355708,100.79201151783657,41.05967055050853,165.0543254985425,89.12064878157592,68.14513640403676,102.8759762582176
105.20924520464382,141.27168549566838,70.27582667999835,102.20183913907569,62.2237389974595,117.41047335612791,99.3562361556064,47.723897718630376,155.38618497552977,97.50033312695318,67.42843707747392,107.62053239627333
106.23520570961388,151.8447766397807,48.58565132382813,108.86490403508454,63.143674452126625,126.77903643644801,95.5190039637403,43.36485894302078,158.70434891880026,103.3795572727478,66.80552608789752,122.1348952410918
109.39228450889233,137.0997628686724,105.2839415043391,114.86047510876973,64.32387016151336,131.3380465499305,91.91016613557593,40.19243303679089,163.00271204500388,108.9146746030865,66.63320384384178,126.90882296599013
138.6381371899074,172.26603885567133,0.8591131999894618,116.20639059942049,63.50773275090823,129.86296940589293,92.34182979919926,35.25692177435729,173.82740509138335,112.0947348226021,68.19771135856269,126.09038176299066
157.02713470276444,148.27402977344897,51.51308256164612,115.20301240280054,63.24302095714093,128.8463069055169,109.27201172993418,50.48030620798669,173.38912663716744,111.16404576276864,68.80577730619272,127.91844342626767
158.91282968521858,126.80567885642428,169.2393612062754,115.36469918866216,62.96845337513222,128.64021950321515,113.80780129886323,53.24937925707406,174.50430295315684,110.11552974938479,68.74325878128016,128.9980602276188
150.71042445924695,156.07083634285985,86.53291855539345,114.59823494393213,63.711326004304595,129.41911922136967,115.62936430894538,90.39000555381506,159.25241927148048,113.14498479790637,71.22632388835729,130.30579259420008
130.24155630432347,175.4643529373865,8.505900370317525,114.78570017394817,64.51939024363269,128.75712252647435,111.67255361278974,76.15876116158766,154.07730865719768,115.57126843300591,71.72595644237782,128.37170577928558
125.12721429520481,167.72791964128982,39.92868361180942,116.17649467645991,64.68066568654388,128.7871706312442,98.99902859760046,52.7451820967803,176.67400243067698,114.48724524229817,71.22355801884734,128.40076928970586
92.12537881997093,63.651897565399665,138.2147530882638,117.00530152066911,65.32925924911608,128.70243949438895,97.77263078590032,46.16789119152963,169.2125087901233,114.99699047615006,72.71557352233124,128.389419895025
84.54521910891812,41.948067860311966,158.17235241577745,115.74922017070311,65.15644544720433,127.79218977414766,96.34053709846309,49.244227368375554,157.87942936411244,114.3638617754067,70.88245887381207,126.78756644963285
87.90401541789636,43.766318525777095,150.06339107297194,109.61298306356979,63.56075581584711,126.39974401234369,91.91941368792126,51.3994189002929,145.07812250261622,111.24465037839184,67.89624287083927,125.29915759325895
92.36684390310772,44.499049946085016,144.74791658926725,103.32057348852335,61.87808490071081,125.00748451685799,91.14588064244897,50.624006152423426,145.1732922092969,110.65411583823061,66.04300770271331,123.84060137995738
97.86369602993678,48.098152315109466,149.2907229970429,95.74275869634515,59.17123895170382,124.90453090652416,90.01188145501351,54.8081215150332,143.89518641585502,108.89104159744758,64.9873188105394,125.0041398424744
97.8081507027966,51.00158224765442,143.72210265943806,90.82165778742922,57.623944485525136,125.02835034103833,92.13011387592617,65.19913359069366,142.3059952381165,102.83993826328809,62.29927949005048,125.79341365116488
99.7328917169687,54.5714131243995,146.7053043633545,86.10611824928543,54.72589412577398,124.74815618318816,93.01057171527005,82.42166302685918,123.60106337864192,99.97671450656132,59.32846161779277,124.76954948499619
104.48234418789347,51.61707055410231,150.81733280866914,78.93963516774372,54.142391096041585,123.68521315315296,94.35005326787713,82.10641723227742,157.66588953827645,98.52851770497121,60.961454823213224,128.75321827474409
104.11119486340839,51.50885136028056,141.24157666374873,71.68734650691265,54.33790282230768,113.54717650798383,97.5541001120448,90.71953155008481,175.35819178381522,89.47887537768028,60.08389506700047,119.66218708640899
112.0083319457418,67.24392616720318,135.98132003792242,66.68900945914775,53.62356313633052,114.16471882990673,101.21173907881584,114.17260751518083,163.41631944186472,76.8326463856339,56.196120184461236,117.24569672617909
107.67545350120014,68.9007504316154,132.31385163936366,59.07108267084097,53.60307429982247,113.70167278194452,105.60517164241296,143.1216171901157,170.2852653448441,70.58106472068694,56.59980204206449,117.17354477248834
100.7427681981845,56.19510818040952,148.8078926679701,55.253178004287484,53.169474316764386,102.88034981049148,100.13142175032573,96.09625689866462,165.46971101112,62.91458611838182,57.19878253273614,98.22948603848889
100.89592530211917,59.00683199032584,139.39550542732908,50.091254316136066,52.045729311352126,110.92607843807659,102.01900801997168,82.97225790068941,139.81746229661587,55.81574356034453,55.43162597733521,104.90662825393993
98.03222822804241,54.8387083348878,149.27424977632273,47.08962946684501,52.18437325939498,111.97369246493261,96.58624786109468,64.27848389504886,138.70024225323252,50.777466749944374,56.256902542982004,108.2139643436335
92.93130460023377,51.72887708652567,157.3508598732729,44.65523810161295,53.03478742650674,111.9149943685492,86.02150572335123,47.73689894328863,159.5595257971734,46.309026965311816,52.29595308402508,110.71735867404813
93.31709427947467,46.47778552543303,174.25724899533617,41.04464904142136,52.969259957171104,113.87982861673169,79.19348533718677,47.795771308357004,163.04746774289794,43.00900887952973,45.33979067828435,119.4998150404789
89.90837679480043,51.377217292579125,157.48891197615197,36.75343521125603,51.53372774095436,110.0306381646992,69.88863465467328,63.25529201591399,137.5138400681521,41.33641598672437,46.87806016627598,141.00561692677354
79.94282649692782,49.65425881890167,152.4609737856186,32.078590426449786,49.632753840463266,101.99294751490936,50.60025470957537,64.67685684491451,144.6876894097749,39.11274908513822,49.19565773815044,121.51876093270683
69.26006382453471,52.86751975970992,139.3120750871767,32.494116207445344,49.70228236878266,94.96501664635836,57.09592941608679,50.791300459404425,159.35807507911935,34.393411228189414,50.51608181518022,114.22715854215467
57.09391492590571,49.20320905380535,128.49946865840835,32.15239153028642,49.14819460263849,100.76309859756148,57.82692273631616,41.245849952447244,153.91859727690698,29.570749411165828,49.22778983004795,118.43981376514905
56.187237720358375,45.255977050411126,142.498547901467,28.77564421365939,48.53794909162069,100.30276175330391,52.86084574876589,47.86674287356608,162.01831173357667,30.173880826205263,51.459467637746215,123.90070290028436
50.52109913189671,46.339937037891005,164.32722154763027,29.666107156663458,48.033934127502256,109.42344373455435,54.41825410418792,44.16327990216102,170.76838064051734,30.438094854732213,51.82181127590026,120.15769189716772
53.79077300536191,44.25396123281786,168.88685800129394,28.574376543170366,48.77722271623875,108.80626276243522,53.868370346955594,38.087282159219,175.82134423236445,30.421183932078012,54.59531090297942,115.50254757515533
59.05033749316789,41.93954692603457,170.96231661637938,25.070929863015607,48.415040766260184,110.82993097039272,48.100917034557,49.00658661211947,159.75710713927,28.38184220797421,51.2517500613994,111.80529143052571
57.328101211837584,38.27110076345676,177.20103866202982,25.388750287370165,48.63141642411063,112.49912014696623,41.287374118766564,47.7086526205222,150.89471947266014,28.16905436073927,50.93154135143109,119.81447388048635
59.22256584931097,41.10021597191383,176.1127219240347,26.403775325753774,48.69544708002209,120.07095487753526,46.768801098426714,39.61878638651425,158.81781525908795,25.125466324424487,49.91653424270185,123.62702600540645
62.206574432183,37.65806164173521,173.65628548633555,25.8290275814922,48.787067619504285,123.26337789843089,57.71404373286036,45.588654512292706,164.50759080125238,27.53613884008085,50.31508595821955,132.11928121084452
67.0984710963374,42.98991490039841,155.20385753291174,28.114290201476894,49.0284984644402,121.09326070846562,66.05403669465551,42.79284482722512,168.40405526691757,30.274428950726428,51.17223530754485,128.3665931055188
73.96258573468108,35.060252830916134,171.3153412918848,28.91084404929231,49.11194182812531,120.71508791399431,72.1179896148862,41.565401444461166,172.3500774987829,31.72520535295941,51.97702288899648,128.92679786959323
78.36114141361828,42.19949657202098,166.76335272667714,33.290508500528375,50.70784322073638,99.27879247651839,74.0664066171383,39.62619667420116,158.82625894570398,34.889235524271434,53.13140929959451,124.42659186580559
94.08901738679056,43.87195280462138,178.1350210350523,35.01063734583587,51.03478215133845,100.32420806462144,83.45497707918885,48.511631420601645,151.07695190215196,37.696559141527786,53.399764459086484,120.63904193996838
103.27139038713945,58.89575865980796,177.3658905688904,37.97388136496231,51.34401211858501,104.76678626058164,106.39547086156344,76.9842335520979,144.43340838725854,37.01336491203434,53.685113420462585,124.55214231532759
106.30064285479891,58.51621963328485,165.21345799178638,42.19663563004042,51.991582265457474,106.57327401186109,109.19391925699004,84.75483405484195,113.45220768472596,40.60881474846517,54.54737774288853,124.37148062671115
108.89104436321858,76.05977677458198,129.99045134795952,47.98601590747682,55.06677881662426,109.12827272640494,101.39299512680273,80.57944067618112,96.74569844065067,42.35866698727233,53.20737162197443,121.12712356922722
108.80413336719118,77.0415297760347,120.83445767084942,51.74578754809981,56.27632491792148,120.74655150481493,94.0581187299892,84.54527585165073,57.69827314557044,48.04448072304959,55.19215869796375,127.0293333316706
117.87797770844719,123.20920996715823,114.76871580523598,57.831190179358615,58.37885234239578,117.87176383294248,102.55294097805276,110.13141741056407,123.08541382870145,52.924543208525805,58.22248140304006,121.89119270529866
123.07869554682917,128.91471410828504,123.94217015099653,65.19555394185791,58.68036462994514,118.74948973490264,115.15017114667309,111.96058607256245,102.37138713939387,57.00697269357085,59.66394741946075,121.74213916244884
122.47236581690181,147.0582330325846,17.13840357888694,70.67194920524551,58.1237552840173,116.80206956839339,113.77107044969244,86.63615458471956,117.88383335721689,61.900543670263595,59.14631919190124,114.11091174184025
106.13423192123571,159.8689511475273,53.48496849778467,75.31028694423856,58.331099449029914,123.73880293790388,106.88028713609044,109.1942473966842,89.33858123391629,67.99008343758908,60.69445977726049,116.53384542010434
104.36896370272618,141.73847922895698,66.56938416893732,82.3437614745566,59.20771939058459,124.07602987285226,110.2791492005124,62.23047523874044,98.92870321846615,73.45058337166468,62.75822463417597,114.55196932227614
124.42069155478187,174.5805046754243,49.95818490363587,90.52300343389088,60.009711365304426,124.40448324679663,104.13809462376929,39.359344066152914,174.8768739444278,80.37166977898593,65.1598498949678,116.99602742890417
125.75425852734216,179.51107130075226,71.79507371385954,97.76504160667768,61.44234055815414,124.49174066465552,103.04500961133326,53.01990756389093,151.91985699431018,89.13866253127097,65.29423422551689,112.97031680787754
127.00440781255814,161.67787299970234,59.582171685417514,105.50856020630971,63.34807048527563,126.85245795703315,101.82832249234045,49.666707349635374,150.26408841954446,95.40355588899828,65.48292737143764,114.1266224606026
120.06384506484629,171.74941965361285,37.81077999152037,113.71536981242147,64.7538633748977,122.85877355317822,95.50016760092443,52.07095844334648,151.0341200610947,105.7277705322314,65.47152044044755,114.25997613882821
161.37687456545848,139.41298080986658,164.44634971216777,115.56706449556253,65.08009067084855,122.40246742430053,108.13100213838604,64.76867194947795,163.7903960192534,111.25991677718761,68.27632848961889,117.1820955914253
177.79740368715846,61.9904613284344,132.74973078540012,117.1496862290742,65.04790327711854,134.58182257477475,79.86308768303877,66.17289623439879,175.02036543158113,114.05124540088624,68.37911399144816,118.0959775614811
168.64699540246878,77.46639802944557,164.50036924640924,117.76869474429155,65.33386208879577,127.68822533568371,110.07721461374065,64.85616258432104,169.91216571183762,115.43104078495047,69.63646723705787,118.13754699058464
162.65704323723293,102.7853003333168,178.45675017654204,115.9057306407546,65.5520132705051,125.25031469356075,122.57448297195651,78.43768715936751,154.87076071020965,114.42707576995855,70.90656982090482,118.8502136781332
136.6231756262598,157.94458171965553,121.02784259691747,116.57402996100869,67.14451675884143,122.14605170023832,95.77292643830057,67.41111134006673,160.39891030386806,113.58846818369048,73.01100600043398,114.74611765340596
120.98981323835446,173.05065195213714,154.46347532429775,117.8608558074737,67.03232972411973,121.4484473011198,101.2153007555833,43.386700602903595,144.00705649470518,111.80129384598152,72.15340128870325,114.31865825623412
100.03172676616303,135.68936500388452,150.0323763440246,117.9368732853731,67.61047106160315,123.55972451448802,94.63374086282121,38.38992482109803,169.61379775854454,109.75601688002608,71.88161977155488,118.83098224125037
86.65554216817476,129.69227692824725,134.18757852470338,115.8785275562709,66.66921423225666,122.44102449068524,92.76780204921344,49.083461779844335,141.31351831009766,107.51636557606851,70.7866837470917,118.49918260811005
83.77160413040356,140.58824936367597,105.70768097452246,113.44026138135696,64.8385302254039,126.19189228886998,94.15703312649211,52.89707463995439,146.12338907472167,102.18568090943494,67.96184253880696,123.24751772401902
92.80633298768154,148.61973264855035,54.47005644853705,105.23693535560794,61.326790128506985,124.9852226843279,93.82725421590503,57.43395605925138,143.15703151110216,97.19804229184341,64.56685829469122,123.38288096225875
102.34716634723023,166.55420762941196,53.8810921977637,97.78044789359379,58.79620847477763,124.64260686789132,94.85828004158408,57.57057445209612,140.2957228121242,91.11195610505997,62.83005094692357,122.16435750424864
101.47863972219024,133.0655872025277,77.61118856327018,91.07308525821747,58.08569553385358,106.81003734524285,97.65886020119865,60.82861177980884,154.2333316797229,85.21919820365599,61.07628731121467,114.39352395163844
106.31593145317146,141.68960134801526,177.19184258084428,84.45591418407278,57.3539973322253,107.99798128559844,97.92450928690313,109.37137146847023,167.36010069067257,79.95587271182292,59.98473296944685,113.20610563074993
91.88898163569621,123.80423074785425,144.31294558279438,77.89598704451768,56.35942988322409,114.38768753628597,92.56120181128145,103.32941541104714,161.9842037864285,70.6890656794596,57.97135243038152,111.96241624306623
84.9919211789567,109.20496316411132,131.3523885539403,72.55418544617005,57.17051425529912,113.45367574507391,94.42952579985953,90.53887849680788,158.71768789057356,65.2623204758761,59.34176220096116,105.66779002288573
97.47642751563964,131.55801179108323,70.28043320794954,66.73076274114335,56.44832628042919,115.67569080663995,95.81688902435644,89.32148192144412,163.63712312106833,61.410400679438986,61.25843651384984,110.33582579615597
82.89317640137158,113.33291631906779,138.9937346998415,63.67433272624251,56.79992129274863,124.3597599967901,87.0478972079192,66.86239808699001,176.04263899177252,56.96427273561972,61.17619813980972,106.35942027746401
44.40009176289308,78.26207655450098,149.70778478700217,59.00100627677951,56.895073309916356,126.30251734629489,78.15286535014796,51.18559714692924,179.43132842771942,50.92669949753893,60.68408549866063,107.8903346297599
7.478321880803671,26.4515521436819,151.20327086200243,53.76388956004614,55.459207973108626,124.2213804472864,76.16432155350539,44.98427451339516,176.16908795258988,45.87885867299281,58.226742249608705,107.92285261913575
17.070439500151544,15.289518570963217,170.33218291688513,50.97236316538059,55.43828879796783,124.36177340348709,58.822245886691476,30.425677069756595,178.42133060063387,42.497098161129216,55.76583499277687,122.88301828048662
17.543336028102296,15.318877498201427,178.06241974368243,48.27950769095287,55.298453608013084,113.73701081600166,52.04601833598589,26.415521722285728,179.28078681153454,39.319415537739175,52.3889345936257,123.88098714456673
18.203888967695992,9.600788628450895,169.55362454693267,44.12144975484032,55.50400988791496,118.02918013096921,45.287599940448516,20.500056716917108,172.2958427955281,35.08642743642438,52.98320026822492,121.61422773437234
12.266747390230108,8.494004551370239,168.7503825083533,42.635216544265724,57.36459969318296,111.08352577688532,43.5371790302463,35.53898726017534,167.2041555175756,32.07530841741816,57.53036587164114,123.05276929908867
10.509842763377328,9.280018014527155,169.12979023166818,39.49569065130931,57.79546093148604,108.21327868344491,39.26209520835471,68.58680509013621,145.6073937081091,29.606474454974013,56.884884327189184,122.23507724345515
4.693424336031348,14.899340511601215,168.68947185063274,36.069070049861274,57.828637351588206,108.63451538910152,38.740429521208505,25.99373944639015,173.66187927266722,27.1252600077449,56.94346770518257,121.92028168043318
11.552915094841588,28.351416742472065,172.02568463810698,33.420333171888494,57.719187050372064,113.25231739680665,40.774751331654286,20.45883211795301,169.507269064681,25.158675519168487,55.686362520114656,136.57023593474872
16.883149113901066,33.10086871806107,169.00711929230894,32.90055869641039,58.0245457627557,111.07335306246958,39.83698220942892,24.114582220162976,178.98299569086106,24.65450065272017,55.26641977096555,129.42968905466532
17.449903057161045,32.575137890964896,176.87503922399523,32.635701907335346,56.47533607719279,110.75675216477406,42.53622311176083,22.92806036694693,172.73728943446085,24.430870214862367,54.628490742608726,117.69722247085598
15.518572995951006,33.12968969157133,173.88537796454912,30.591878843055827,56.042017161382574,126.20639911243894,43.10874494636916,28.384176474339228,158.38551340418286,23.716957095106153,54.17741105773766,124.37526869079487
9.124865864205015,29.626699606766284,170.52698709060195,27.50502923990761,54.8908861668062,136.27468346303482,40.153310925165606,27.65307981034028,168.07981870349548,21.96246901537753,50.92058056703578,115.4331283959244
10.04770390223849,26.409317286058954,173.51617990428863,27.975434219694836,56.46854160913536,147.0089120982174,41.42540171715238,29.462257319761683,157.36008977061064,21.917511570183507,51.80947737194306,131.78700391639074
26.97449858660627,38.248539752818694,175.89543704910395,28.920940751701973,56.473665107753135,146.1346402543139,44.40608749964392,28.833598147489422,169.87477176774823,22.781723722336388,52.39636828837844,122.65729731444905
22.148829189855732,32.81013228353191,178.75404825954888,30.627329402884993,58.57393054158878,148.74463603823298,43.963957809009656,28.089487745491116,165.18980696466397,22.815715729984937,53.14832319546173,118.56078344997093
20.548346004970654,30.508036489291555,176.46867437808748,31.07173666909214,59.64747802593003,149.0090628253331,44.98200667542526,28.862986716628114,170.62003779776225,24.21497081633406,53.44759261399507,113.04870964739598
20.15928200655362,29.218393273052996,176.32675317167812,34.241835975083234,60.67499358031228,141.4968474877271,43.47055791352525,22.424271635293447,161.18929347047663,25.238848359645413,54.80787292407215,109.42651451848901
7.22601289699021,21.04434419431855,166.54740353961114,36.88515812427273,61.95964028561884,140.33109519202839,46.211373435309284,19.027808168227846,179.40675548848455,26.807100265261326,55.790937904945,104.88460975422731
4.3246846808208135,20.2149187364736,156.7353445320829,40.45612473973004,62.7215523752246,145.7172485789944,50.46503070061614,19.967592963554633,178.0155754678234,29.16920932123846,57.28855173703171,138.3526951541857
11.71376611303706,25.965468054559675,161.17944185220372,42.92388072058669,60.200136140707585,141.9768489475023,56.14801476946539,25.465666385159306,176.6888236956622,31.83043111975081,56.7511336214054,131.6522768905171
10.236193077865622,25.550399614662687,163.16892594019873,44.5960759024118,59.23903863372041,140.17702289204834,58.97108971688481,25.86291513876048,179.42823517723244,33.54598544260096,57.570809690735395,130.99544770435233
15.737141889682919,30.762171508088798,168.56792287935338,47.563839161042424,59.23537819534865,120.64092123417124,65.26904245916803,31.672736552641727,176.05999046473286,37.48508449696999,58.99494200516149,126.38744345094521
23.265833707670822,45.57708957167378,163.45267150264084,49.93162158984288,59.307216497396794,117.98090563110027,72.22216669689104,33.56297678198793,169.07881193060481,40.53699093135989,59.878206605911274,126.19154655027896
33.97034412197664,56.34246339660457,147.0823676392902,54.12492351727556,59.69030085409747,120.69221643390578,85.39632970292385,45.194103345405274,170.49057767800562,44.912607604683984,62.34560759076789,125.1301413390817
72.71219252974525,102.65564494464017,141.83864756402673,57.22678568961775,59.896960175683155,118.70733130808631,95.40873463640561,69.06518594781065,158.12789514579973,50.987026129897124,63.1636859735416,117.65791681263259
106.58952933202247,137.8793959068237,88.85481240427477,61.43646214279166,60.280226842399316,106.93980880348875,109.54956756634634,104.48221708196749,136.25974411670708,56.733077646961306,64.29905923527427,111.61345944173735
118.15925439982153,149.13416259398423,99.9396411988253,67.26495948774689,60.69053026356128,103.09300575556394,106.11931720881088,66.52903408936602,151.38339891663261,60.73807027128106,64.31680117567711,107.94134687543148
119.3507124713181,166.57918484434535,175.5866645912219,73.15291684868573,61.64841287868216,103.9870700421792,102.31282297058357,114.66594270678189,174.77177009740987,63.411081781101956,64.8783551787134,108.17682449656827
118.21222939546972,92.99124334843273,113.16207278109324,78.1856176468698,63.57721970135359,105.47167469090901,106.1050422731608,59.942726445308416,168.05362158494066,71.79113778185858,66.20534184181304,104.08787812273417
120.72026818763416,154.47944082665867,10.904786301857152,85.94441153134981,63.107767658890644,105.46326966375963,106.64125620966156,37.05796742425877,170.42754001182473,78.44444962803153,67.6523991710878,101.67525193041068
122.89928246158148,138.9646031805628,108.58857976524374,93.82352836852891,61.68923509478895,109.75983387966632,104.08222675439404,34.11092048754474,179.43463817982285,85.46084885973698,67.73384202559208,107.37851454823624
108.26817417936601,163.42691767050113,153.67955659917754,100.1059863747659,61.221874896167755,115.34336835503471,100.9645399208205,41.932584391119555,167.93418475810776,91.09428492530621,65.4286749746114,110.77974216008155
113.5748305071349,165.89633936958725,76.34746929157714,107.4062017557206,60.96306512939896,117.47237829114616,96.53523914584275,41.397727323095744,157.65161780614483,100.78448030866602,65.34009210034873,113.45609632803706
134.19224921521408,164.86892958809693,175.50634188575913,113.75485246368552,62.749038445870234,123.75496435120998,96.84152143814906,37.73718524111446,171.36920155211905,108.64230557498769,65.64937227605829,118.51049050442639
144.73821069751008,155.2352372866907,179.61452483001204,118.31094945634709,64.00715466499672,128.82471392656709,92.08570880727669,36.802731713637144,169.60350426361026,117.6038007266306,70.50744012931126,120.72238602837275
162.61409753757928,26.655376639721027,168.84869214794165,118.50350611666099,64.5751251773164,133.3335191056113,122.19232124661309,46.88004766922667,177.02331115144295,120.23088529251272,70.27444606361105,125.95239864771443
162.24558640148564,18.07746499597939,142.28107048168286,119.33637663252816,63.99600018018757,132.82688334161014,126.39859919268496,65.23049507773811,169.51331310883762,120.25462697883236,71.16704769581068,126.30473219356804
154.96256017719992,1.246974257408537,140.88769503866368,119.61950653338492,64.05747009995906,132.50042505943537,123.9507111718091,65.39200824881276,174.77341440802047,122.63110040484108,71.98157350378695,129.0382215103857
150.9099129719894,126.30557152412271,155.71252136318816,119.43734470991492,65.11355640489114,136.33782327150774,112.54528017677262,79.85416667236304,149.75743949700177,121.14926878247346,72.81738808011715,133.62284535171966
145.6297162966721,136.94751420151502,37.294638365483934,117.87231994863365,65.72146617724387,136.39460404667747,123.45027887461683,79.02401681696877,133.71556042866416,118.90118091930269,73.24793341022914,134.7292834309859
121.63287141490208,168.25133430254206,14.925091199814704,123.6936883215858,67.79297529300653,135.99650697488116,107.23504229957585,47.7937020401521,173.159828945094,119.21035635223393,74.71759367905373,131.90878352544036
86.36767592083207,91.53514102298362,102.9661083111197,121.55853682503225,67.75613438623047,136.59674870052834,93.60168349409899,48.882571467132834,137.80068868463215,117.55504808603555,74.86218913773183,132.4538110539591
85.1557906329084,44.046368717262425,162.12005358994466,118.79702402109706,67.25735472593364,135.75808572706453,93.5960799951953,54.50951859236615,133.1461065508245,117.38865502230472,74.57106039388427,131.7128456499119
96.83568770683372,47.5663753637752,149.20757477222554,102.58835294748816,64.92972641975337,132.6248886991195,87.87619282886317,57.79275961179977,134.79428902832933,118.7554633227178,72.72053090097309,130.89925493002804
97.92513048964689,40.14080513072621,154.31971449493878,97.04685501880579,62.821793001007194,131.0889044185037,86.16908938196376,59.14719073652701,136.3252987542926,117.37608585919124,70.9883046616397,131.64578749955916
97.21272165361896,43.47209803227169,148.05413415906867,94.98225940087715,61.69509264774938,124.31076886579602,86.20531158374602,58.97175037743073,140.7846214720061,113.25702357705036,69.92328176993946,126.06772848716346
98.57430260917289,48.256500492118384,152.36343857658937,88.45674548458341,59.348500811435905,125.85858232709572,87.66831713283558,69.80612881015468,149.35190098849284,107.77755194473741,67.77447717210943,127.69754964847762
94.56207429494177,45.125210232008165,157.41565708715345,84.66356678661309,58.96813729089629,123.09712241500472,86.45687826466508,144.12922836335085,88.36603737015298,97.35212520171294,65.79859396285947,122.99707525380602
98.40967256114446,49.613331107011106,156.61663472892675,78.28083273544765,58.2601975760888,118.73756128829277,89.30937725166058,117.34530947470165,143.0279772676752,94.51555505182036,63.91694724998263,117.76624294892615
99.05119272387567,48.5920551008168,161.81429917858827,73.09429780793313,57.05623430932122,122.23411047378855,93.47069626577104,128.3270727146048,170.97447039391898,88.10712439371567,62.008896723538946,119.36559409962305
96.47211172204793,54.17565265749884,151.29494569684584,67.65652941810663,56.06413539143608,118.17815511114159,93.57868031385068,106.45634622040906,144.6554195391817,76.99967220860162,58.52854999590855,117.45645663938933
95.19026504636892,61.105792011990495,142.5323692414861,62.79362116039011,56.13349877009287,118.5525449580055,97.96277786081032,123.61728204504796,163.535155555696,68.96580631511684,59.76476053797207,119.70840453026966
96.36255741608113,56.85641804560615,146.56899084428832,57.44242290898358,55.26198639460241,109.95867210545752,94.52487164209211,100.0717846343199,170.45367164827317,64.00552105992266,58.03457242776501,110.9332074654825
96.98610962180668,57.332363516884755,150.71318724788847,53.46849247216423,54.45727548737851,117.36790778148081,95.20937190044717,86.22195523019765,161.6431260201532,58.59668440197496,57.725794600679805,109.01947080197463
96.18428475212191,54.34664026935063,158.0048232585548,49.35030855573739,54.859144434221314,116.61538061130706,96.28671059243362,82.01108298515773,170.57821087605424,54.20139898789125,58.324277199112174,112.16482108709047
89.78562865185071,50.1372007750962,156.03460452528816,47.59706390084165,55.73664991834562,111.89268363406038,83.58649470053115,62.8904445483265,179.0415668937487,50.7016581889284,56.668422705341094,108.73708281939724
90.4427434461863,50.068681359056,176.49479840859166,45.97410657191476,56.86663726410002,109.05987459627626,76.2923697504077,59.17334980395745,165.2161578393396,46.630063610620915,51.78532819744189,119.77565360224183
74.9690689565596,48.413866920188006,163.1197303241531,44.04190873431335,57.213134510888985,116.6312988270581,67.79240384127331,47.273456786067776,176.8120969056588,44.08981021348068,53.14551263884623,132.32088073384406
71.18300117754407,54.83480978210533,149.14518980277126,42.418516718826936,56.46024935888342,107.11381264138183,55.80536324848783,35.89781173174813,178.8338757021089,40.58427969014304,52.636312090481006,138.35948636749723
64.00859280219088,54.76261329098497,134.22867559902832,39.23543496788305,54.9051920945736,102.09246549779105,49.03708466582008,44.42634748896003,166.84449942405973,39.259921770098344,54.23435783557058,128.26482505930136
59.48592278107105,43.573008379311524,145.78450597146738,35.514760413266416,54.11621971962998,98.8044560467078,49.095011494868125,53.34612152318758,153.7276202531456,37.90645710753774,56.98798860810196,113.79656889826595
55.048515550431844,42.292078743847,152.75402051313435,34.35616507646975,53.99054397492709,92.60210158917292,57.05884057455946,50.136997408096526,164.19404819076766,34.12289634800033,56.52852269141162,110.94575285396834
53.69110692859918,43.62173850285196,161.0202622772727,33.76559682270963,52.79207112902169,90.98227011431266,51.31823206968646,49.17162690702112,157.5189658971313,29.656205977236343,54.337065936582206,107.61270368682035
50.67496127263284,39.44026597042262,168.9353249853911,32.72200836569896,52.74949065543228,91.40327827620234,50.69518702816339,41.0295834727605,166.29973378920062,31.17853784127141,55.808619321697364,108.25526675856835
48.531468735877404,43.283677553851604,172.1365668770448,34.1069518579048,52.097077644303646,93.46677095376273,52.7839794946836,39.83464658668559,167.0968917752713,31.577721536302114,57.59410140319678,109.57754634141352
52.72152404851593,40.02197802243209,174.4449948211697,31.322813224175285,51.009250221305116,94.13780818582543,50.268449523936845,43.07244682176858,179.23007833575465,32.22244870868561,57.832905469268596,107.19143934873077
53.51662339925639,42.965309591993105,169.97982753915045,32.48418264267434,51.758104452946895,94.94268566526902,56.18047967244473,42.382353353006216,173.99878819347686,29.94278736810358,56.426049450992835,109.96569678921291
55.58569904018199,41.32134919000293,171.02094991503856,32.144307661831455,50.710438347390514,94.4238467779942,60.79618927916685,38.78955094640051,157.47073420815656,28.217339015473087,54.31521011612254,109.8205342182484
65.55932002289198,48.257282400663804,159.4249986258254,32.03743400792811,50.27329377391846,98.81543874280534,65.70271961229086,42.14427587568501,174.24430092736307,30.277275150539456,53.53290219722962,117.51117433278884
75.59753305442007,40.78072039815096,162.6116161848634,32.199185836925565,50.271307048403976,97.7128687456233,71.6278681744356,37.83700962007009,168.33175693300905,28.99001768609909,52.58372646294951,114.42966872908535
82.81797995353865,39.671346108079305,169.96949844054845,32.30683156230639,50.06356432428272,97.5220683860075,82.56396443173286,46.612484176686685,156.3801233302228,32.44418713445317,53.26978727990411,112.56513793967103
96.66012383432235,50.67414370459787,179.28366731262201,34.98101082847871,51.02843326497472,97.68763581292055,91.67727310205615,60.051254131361425,154.12336044939545,36.5142501433945,54.34946494457597,112.8489377722604
105.40222822331225,57.048392649628084,168.88245618351252,37.76266751135169,52.177243837573144,102.3818434527064,100.09664059843267,72.25243838299892,145.7171304197123,39.7644914855618,54.93195884777452,116.02819826128403
108.6240838096727,62.20606492248162,149.9979485056142,42.775611839396326,55.40533163620778,104.14633475771518,107.11745387453286,73.61797263999792,169.49897029724227,43.928364287979946,56.60258867897922,115.71583140441527
116.28204628412095,72.93601260815463,114.84938481887244,49.59255741864437,58.07704470567709,107.97350802795775,110.7342376980223,72.84334086027198,117.24631531900846,46.061976244182674,59.028106859471734,117.65778808640185
116.2181051410228,67.90186057963206,103.34135763027882,54.384280077934335,58.5966200929396,123.1351880035333,105.61764432620244,65.13023827541531,117.53999150386666,50.35983897591403,60.10413911287415,123.88774305450335
103.55832146268163,108.70739114336591,54.20635894670613,61.113218259613376,58.74859213546114,125.5048560223279,120.83891524140937,119.07537519098064,138.7382184528118,54.2375869888811,61.16670162468985,122.184660154395
111.00668342804093,107.25608551135305,98.80858442512097,67.20713323352355,59.681993679749105,117.96283235361561,125.34562989142628,96.77649431770492,117.48554641587553,60.94552353296563,63.179923282616485,115.77136529931182
110.76116289115154,130.31183125111437,91.93622264561064,73.26294010805124,59.83063244625483,114.10548804420488,116.52223791771169,64.67661750063284,134.13813823939324,65.10196002949887,63.86741725222775,115.643740428505
112.85136181076463,139.56001169606952,158.59385417772813,80.17830664691799,60.49910674950262,119.26172322934555,120.66264517909727,147.54350816836302,173.0595127697872,69.13481580529167,64.93894895350181,111.12187847875288
116.58692335131832,148.66263407361834,48.88376341024559,85.90294489679889,61.274550919514624,117.63406941758149,118.62617474202273,40.480089352441304,177.7501736595368,77.80765727114577,65.85159496363065,109.42858367348367
118.42926597979944,175.6125044060499,4.300606827932979,93.85813728988147,62.46089699022704,124.18072481517146,113.41222704913669,31.429685834849046,164.02076571291082,85.99066434948288,68.22568667336476,116.83104981734728
124.74299678184639,169.1636337453839,8.910022094272776,99.65749456025674,64.09989123069424,117.94926233089313,66.64071453749152,11.946451144038202,79.13226870615308,96.45100569623204,69.17323445702161,112.37862031308579
121.21219358517712,108.87646723575737,84.74094950660263,106.56197409474343,65.8952737643716,120.65452432264605,56.16355355482294,122.81351761439333,177.64418969878753,105.85934479683011,69.87104572721988,113.27985273363831
144.4043215854484,153.81239473588892,105.95655622592245,113.24453830222515,67.6213738572366,117.14689899256027,100.57805831776525,56.23502019937155,155.36184818488576,113.8118807030111,70.4054239085253,112.79698933817741
165.41466560098937,122.90436202929342,176.4139806051429,118.58591936206547,67.59819570120924,120.07176474207698,109.43031026555923,71.07318154731047,152.09120034397716,117.32412552390853,70.82268263432127,118.03789005969274
144.16751659858988,53.90831574184028,151.53286185040662,121.09696949925451,68.71456911647279,123.49422704203077,121.83194332765589,61.1191055670213,158.98221846477338,118.62031182893497,74.58250413125093,120.65508677019402
156.64277230788147,123.72054622704334,161.29801607526053,120.81919369328973,69.26794140894162,124.09630346381479,117.9394806350155,76.42728099312801,176.26025672771655,116.21085049884061,75.10617765885117,120.69719075090067
149.9180157356588,133.73846520927768,114.9098113522782,120.13084297494045,69.57168268329762,128.5539370811615,112.96833049148584,70.21576017917214,149.01371626804064,116.77607386468698,76.27266142492371,121.16973816532709
109.76145435722104,156.66259430671028,55.99582096923033,121.27752929545008,70.37881559388046,131.8230319850036,98.88116125266559,58.11529071024557,160.52874743460893,118.21469085393198,76.81017821240353,122.31400453972289
115.42131166698442,176.44299618123966,44.147473623356305,121.81410788331696,70.8837899418566,131.30256319773738,100.20451149485345,43.35316328403394,161.61174532746975,116.70693595781898,77.50112945819782,123.1809745820525
89.59460094787592,63.11793438452651,110.39465497863527,119.18014006693124,70.79487277433093,130.89677530861465,98.6555132454011,42.018096834105435,153.47431095447894,113.2497282557386,77.00343364900667,122.6706485024213
84.96631969084757,54.16453652992147,147.03270097703557,117.47238725962289,70.06436598317906,129.55289441373338,98.48830675998657,57.84029102605823,137.70395599113667,110.30640107229247,75.4563171766604,122.93315084429506
92.25785683942036,83.48975666135878,119.6654865292363,109.70586038712186,66.83114082047248,128.3763590877515,99.47965354710665,58.55855329963155,150.85763090325165,106.60780898277493,71.7892828978316,124.35531034094987
97.86995652875028,132.0269234385127,80.18559989716915,102.93683722026108,63.80666432276698,128.3718296626065,96.26607585877224,60.52369767251863,161.71023065558845,102.94882867495454,69.39225147198167,123.90233985875963
107.00289023330778,106.43789655216366,106.63225044970542,95.7164042391214,61.850147451662075,125.83391034979458,103.39345460216865,105.09308717405938,140.09863124402372,101.52970593226989,68.06212867966526,121.75825541017431
106.10029107775773,107.28605988929687,156.2460204808195,92.49035046123072,61.03742660310375,123.99050896377855,102.75244740468759,155.13081807840132,169.30852264012123,89.39007316010048,66.87505480416169,117.02922583737956
106.90183076267947,111.56745412594141,170.5360387463077,85.63325784214263,60.76894880928524,120.20186375753735,107.53212966101634,139.4478545895142,165.6519092859199,83.12392612426802,65.76593516937989,115.58335429688279
105.78553810106591,148.03670606841538,129.692655151471,78.97422118098541,58.98694613317218,119.61389205430063,109.05126185999816,138.79805147412026,118.72616789604992,74.44939786573384,61.983939356028536,113.79214036212822
98.86608566819544,114.47038645049753,132.90443925924296,72.44222239152899,58.6390141796314,115.29271677202735,109.7116591152765,111.32327948910785,148.73593536079676,68.4729482876218,61.87478454479668,111.77171675475209
104.68661890295986,117.75846652993826,155.71561781453164,66.46547665601604,58.596138278260575,114.85241740486671,107.97612742657519,116.24175054569372,170.64136711233348,62.505357151422956,63.71744399858521,109.08619262342857
99.76490401140126,111.07888120285824,149.68499261863053,61.86304279873744,59.008007836385964,115.82041538226373,98.7897828088995,86.24454313459438,177.12135381743136,58.03310949498915,63.4461434705086,106.8589583217112
88.95974815685602,110.94794888394709,146.61476572997125,58.24420887782691,60.20335507813596,125.52316905973177,93.32780938317433,79.9387312401897,171.83943351888126,54.050651032966954,63.067240338993926,115.7945245236327
76.89669227774716,100.46402939601806,161.02190086006794,54.37463553504452,60.522971721588135,111.17212431061634,80.8432141758458,49.464527400251804,157.59520641984543,48.160936707836306,62.68137236837846,99.10223924741588
2.9022990568153917,27.471109186354724,170.08129542905291,50.340729878535015,58.463582292667624,120.90934734611852,71.5293797795087,37.27375382130811,153.58931699856566,43.671982762420924,57.98446234567331,110.19376094835768
0.14762871787863166,24.88119072815159,170.675449442285,47.123641727068254,57.77589913779515,121.32537411787122,67.40466515591393,36.27596293355158,163.45282664023043,39.53034284130149,58.993160491761955,119.13632398206438
13.072645552035556,11.046816810050885,171.44457067825542,43.119878188311,58.84210637910037,121.77843372586898,60.35438281207781,29.554114392242518,170.4128693717826,35.96767846303835,60.681841164435355,118.23951545636808
6.758734369746669,12.098919297237444,168.26155602401857,40.59966323670677,59.82844592693241,116.37866455363363,50.1079359855777,24.179256720492212,174.874457381961,32.04881961067919,61.39889696756152,133.51974217216292
0.31751672248078455,20.513712676809558,164.17333436807928,38.45821083497601,60.17022903423349,116.05945141693408,49.13534705346121,24.619487027633507,178.16869360143087,29.221274914871536,60.68546071214103,141.6277544954147
11.767552372948073,26.604637014165135,171.8788896112825,35.447855594497234,59.05392424752099,111.43973590549243,49.97370879228602,25.334280053049035,175.74798362976063,25.265753905003113,56.910306860577464,141.24919503720218
13.742311162551028,29.596438892345457,167.32941538411202,34.7359547675971,58.495225916600376,104.34477143716842,47.18908840114031,24.842515184319687,179.70173679269465,23.425275585653328,54.70025028387356,122.96992576131741
14.773014208785645,27.590826799798585,172.5069342773891,32.194186284237,58.43345431475634,103.28025807096317,47.41393023081977,20.43259015727511,170.11447451447378,21.474851358866093,53.594078157827035,107.4508381466378
16.528570846059974,29.209300126236382,176.00048724243877,31.43351352875415,59.687959629723096,109.43076293037366,48.2410365225247,30.293611108068426,172.02376836321818,21.848299651956662,54.45106880588036,104.0138763926313
26.75862195533501,35.00688344706838,176.60503324272787,30.629358629353856,59.33960720595968,121.96576860493293,51.09590711124641,34.72417259247618,173.34630438469014,22.699656171404044,54.417645015311535,103.66797716840884
22.279633423516124,31.628750529643217,174.82670118792305,29.8090852760838,59.45776653415831,124.87933153719369,53.019225135177685,37.94431397552601,170.09430601227328,22.516773221525657,54.78548926868507,103.23318203499454
22.151325592663017,35.08430208058904,176.8827298659903,30.189607377912072,58.74648177128282,131.57003541598127,54.7240530888948,37.27296137648827,167.42660085917612,23.3314908997383,55.105205620497664,105.3847755955103
29.097660874312776,39.0060699314628,168.8442077327818,30.980755473831767,58.78845671995615,130.7156389361849,57.3635530119725,37.298163275868205,165.65478988944412,24.533122384746722,56.90556546185384,101.66861852093984
30.58652135006753,39.675441715317476,164.00999511703293,32.264024226264354,59.63117381512389,132.3559528693399,57.41931214688026,33.461092741553564,179.24020615079883,24.804328016219955,57.52217904565797,102.53245115257346
29.937406489518672,40.44067553474627,157.0195742246494,33.70796483034425,59.58778685779769,132.99420600648915,56.36512538266598,31.399717967162417,158.06273976097123,25.609774954389316,57.891942549183,101.47632328222915
29.840575405602333,41.68654515847362,151.10070593940318,36.53340581929873,59.958940105867086,122.69784224567103,57.30450660559741,24.634649484646744,164.01723686442458,26.43723734269585,58.59633297368382,99.28493814647076
23.368074034507536,34.07984599146034,160.68163628216328,38.74715897202029,60.42414304322953,139.63718714916672,56.6460816557369,24.540304942653364,164.49144691740548,29.554978394348662,58.43269026421105,119.78421345505618
19.25122001062228,31.774831651008668,160.03683801828947,41.21053253857896,60.393787541412244,117.82979400658978,60.49581205906105,33.65617064634976,161.71255010860207,32.23362522110408,59.10789163013233,115.92191141377866
4.851759155166371,22.60691479770366,172.7210059438948,43.943663268937705,60.401780312101465,115.44761197418337,62.4343066074183,29.954819629319807,169.58390608010413,34.46392795924124,59.75472568031592,118.55062824052224
36.23074160011457,53.94067645173173,153.03032732633145,46.886499350231894,59.9123852252287,137.44486736086682,66.96828394959742,30.572298177251284,165.0856378765988,38.29897750431141,61.355584464416104,126.62454074683596
72.69030054535472,97.91272278971361,140.23900221355603,51.34692239718798,60.713983001564756,144.6212657931738,79.74921327288088,46.79070770149448,145.39815053934527,43.14189852926458,63.29777899472574,129.90124083698203
80.76928661505018,89.42237371439272,131.47381485530906,56.041550212558136,63.207265399592565,143.86502072823674,97.483578117498,67.02604324152254,112.00826164474292,50.00987595204648,67.69842931675122,132.4199483035105
92.6354067961201,114.21766473054922,121.65593567340719,60.36711587883764,64.71942938993486,135.05907654922578,95.88812401898565,82.99646717949486,115.00605594422467,56.98457499173485,69.24971826549339,130.52143398561972
99.2780562205932,102.89603014749598,114.66540371478723,66.20067722068823,64.7514945955591,129.87745863435217,109.5234383655208,105.9901717296516,118.72456882841928,62.11279682614552,67.66046970789964,116.82075177924251
107.97742400377639,112.40337183187405,118.45664064700516,72.5339443650431,65.09986669515307,125.4059512435236,114.65237535415967,102.02580814957365,110.63532542016173,66.54864248780942,67.4389606822883,117.59687466713004
110.81539973885474,115.35716592871246,79.1982043408104,77.80608543771088,64.5022327313667,141.09596729425544,112.12046337854675,44.055882416179664,151.4744440278477,72.36938023697626,68.64023594514612,122.52288756887152
101.02829391704365,137.91003392090914,136.03253933960139,85.82190310342916,64.9242167749561,121.95262369156949,101.98266403924787,123.32763806299155,173.00368053899723,74.11861759684874,69.74981132384595,112.93085554741621
107.8930935034237,151.92295125279657,95.5775698035019,92.73120908812247,67.44927612026135,118.33206833573664,117.51336984862678,46.701812556213085,166.82212689807307,83.04074389886368,72.41053104700089,114.3389257169879
104.95245228357015,135.29508017685754,51.78938583480423,99.81628495625448,68.81680775875707,119.67831650718692,103.77538991271321,51.66221506994748,152.61491477507184,91.91106621499225,73.98260421695764,115.25501184014486
98.52056161459535,83.24956705481745,108.50407732011578,108.311736229721,71.02260605153155,116.51489428770607,100.79638103974445,51.67157868607197,141.60576149084835,100.21692842790858,75.6899853434961,110.80952804482492
109.68005600052544,173.8674791754451,22.240305794146497,114.21727037652315,71.5418591537391,125.82040094323946,99.83193633712757,44.41954294080293,148.22007210361434,108.00515271162155,74.76890516502745,122.69599867010012
102.61038568348036,143.30745593781617,65.25374721252872,120.49430421455722,72.38306866346002,127.37779519807818,92.11116402237924,44.027161942887204,150.06813802018522,115.6735265176518,75.08257008126785,122.87243838998907
123.25954506485402,173.88824713544608,50.01199644669233,123.21614110699198,73.47255220350002,130.11744350450024,107.16199200886624,38.18718290079459,160.75994788720166,114.07160959625683,77.29215392538592,123.9606525228446
126.96556110460413,162.22283061889246,24.021316717636275,123.35358429349735,74.4989028664713,130.16051424186264,95.43868903327261,52.17499440077232,156.05257052684308,117.915513816315,81.2726731488837,123.24917342855957
102.69500119318455,155.50814463080056,42.74245031441165,121.94311369650929,74.52497667157759,129.264641347943,99.09448977218264,60.56432878685619,148.11784732487106,120.48655410725756,82.2016598628691,123.16848532496557
38.495387803178474,104.97406125605718,137.0433377382431,125.56995280592827,74.7421399407148,130.29144150156304,101.09384420607367,69.28508307934986,131.6506871548817,119.59630446534312,81.54930286652838,123.54452888397705
87.33143767096287,21.441912370915144,60.0394186944149,124.95878545189312,74.33864392975286,121.82022422170527,105.28352983040627,72.4083818308763,129.15260616588333,118.71126317396616,81.66764303536533,119.09826489737404
88.98147128348027,28.19676694437389,168.50143264894808,121.06205720420358,74.19140863768308,123.21772855815423,99.65892835819648,75.85102440804597,142.90467810674053,117.98226635005337,81.1841121965902,118.53438192700982
90.05166806078174,42.78552751735858,151.40156032622818,117.17832171150104,74.5893390123434,123.00240909952983,99.70689048183633,64.36581673981863,156.05289153219795,116.62414121078955,81.15637676222458,120.38697160978475
94.18755462911298,52.05159064031353,139.21361387375956,111.9235698213053,72.70674202899332,123.43237965847597,99.56782468334269,55.178210829239916,167.31919697548966,115.10464673018603,80.54684688842268,121.84064925216292
101.04361001198382,47.028762330390805,155.0154543546696,102.85659006617057,69.55731974923037,117.4713101111893,98.47968208129764,46.276501759693225,172.41290221628327,114.53054583184317,77.75955546619535,121.55326986304804
104.076139185973,48.3182217709639,162.42266966310316,96.72796156730746,67.83304262456325,116.44092300334279,101.46872857482062,73.52635570617205,174.44849786018997,109.96181695123745,75.46025604661364,121.95766328163302
103.02503005203803,50.51637604727828,160.04740602456926,93.47609116702127,66.96056515922918,116.40110766309034,101.26405504599413,68.05225264889876,168.44220233504,104.59594692253167,73.64689805455527,120.70460732221507
105.33464737527949,54.241156528928855,148.78244441420824,87.161201134325,65.2979574662665,129.98316113358493,99.54623136296314,74.62725392695174,151.5761748011412,101.3914209652807,71.92439232156516,130.401572742175
107.33854950955634,52.603556824614884,148.7456647026961,80.39208694628587,65.59566499634698,118.7799111385778,100.62080157781196,92.99295574133282,146.70863504041594,97.42750066737747,71.95498328572131,110.58018087324483
105.94078341897361,61.025888261949916,135.3787942686045,74.08646340680362,65.97811972419228,117.81767815835242,98.06094480570634,94.82643908369421,169.81275788717414,91.20119482887185,75.19508384810649,109.61541406748033
107.5418057250729,63.543421588782074,134.57509434636364,69.480740658663,64.59358011862814,128.57207825337858,99.95999943541736,90.48485073528433,132.42189773027314,83.25885747438402,73.41147325868774,124.03708360581668
101.34761758321838,59.90654053549069,143.20300263372465,63.97094519623713,63.69733700633839,128.01151972231145,97.20778888957788,85.92235780198321,151.97931802046656,74.21648225772762,70.99909911063669,122.69947146252369
96.91325591468237,58.273568372259675,141.73547000908664,59.095344831737414,63.24580221497831,120.61676358903891,92.13710135424898,75.89649871187886,134.95273845460164,67.85029576519672,71.1974362215167,118.65094537743055
94.95277181640523,57.80810647485177,138.5996250575663,53.98888143707216,62.109911407065866,118.84273149502631,92.63798000471589,73.18369070983381,141.07971203965704,62.33795112988681,67.62157504047755,119.74052560761571
90.87821967543067,50.67145906974128,157.78338595635714,50.31723842134128,61.942668723298034,115.2355876016861,88.07811877636941,68.02902890999462,145.5451299292939,54.80850083187633,65.6157565384548,123.56637481487013
92.29447717983824,48.345629062484804,168.6354548979547,46.26173138460105,61.55753877083265,101.28251865292447,88.0877063277175,84.15670217489024,142.03580720807668,51.31882711977858,65.68815451781727,120.67009487761298
83.30549775838044,45.98057250092518,171.22012121061212,43.749718492957584,61.89941498919283,100.21727697861317,81.2001339958952,80.94712539275851,136.42236772509125,48.6487720735183,66.88244662617939,131.13421739287136
80.52766203984977,48.613290788656876,159.4989637082335,40.25443887639477,59.61830039928558,101.32584761675223,71.86166719155587,85.13994162993805,133.63654952264667,42.78218311006823,59.96935802483558,141.94727049489177
74.20723164529014,47.90272425181603,155.29177577139603,39.09028319483975,58.03517602583029,102.22797970679788,63.262055869682534,54.0834104957189,139.75325278737245,38.17669165038036,59.572213282026496,135.98705189432735
72.35714238311918,51.062927390536125,148.50812854845086,36.88742259821564,56.73885695200887,104.40990490481647,66.77675816395667,52.64024053518908,168.1957414302802,34.72416518800825,58.731144850897415,122.91185059091602
57.17253977971403,44.668288830217776,139.07877001933727,34.75548655254739,57.30133310376996,94.31135967577912,56.897914941805844,41.41274265806758,139.16323382448198,28.68197166747661,60.09101497879576,121.61406682917418
51.55950095487536,38.751115121341414,153.647216939966,31.54264632870674,56.36566398126387,98.96268847936189,51.391426990330416,41.18226506092392,156.20302029970938,30.05911985482243,63.949685661361876,130.12766769763184
49.158792458777704,34.722898215254794,165.78055924429313,28.76158468550164,55.120624359732766,98.90909335135072,50.41612494569171,41.754414030838795,165.45744050121039,28.582027873588892,59.62840835904705,111.23343183886277
47.583055945825954,33.201832253071004,169.54068089174694,28.628355684328106,55.39530177685014,99.4535380806843,47.94875677108283,42.551171758656466,164.28426049485515,29.013549939404562,58.5858576212188,115.10588408108381
49.64735587263868,32.53787667402498,171.63066252850228,27.06444307093072,54.882523467079295,100.03425059519607,47.944800614419,43.091576845693446,165.3519915338843,28.80094965628416,58.387250066995165,108.45193460913569
47.968327135078574,31.723150692243934,165.93133248391456,26.69623971269088,54.91026164041077,114.78683493812787,46.926501719329295,41.15522591367284,165.56532671305538,30.53065244066218,58.83932842966391,123.00070428953728
49.07851534599317,35.230930693666785,166.53501817707476,28.219271496336702,55.63819354488755,105.37186117266465,44.57780488074698,42.78205658939488,162.07594240535357,30.240584544217125,59.123613224663835,118.35781916328219
48.049671986865796,33.37668054942683,169.54361395669605,27.872046937649475,55.644242062617764,106.49979203843122,44.51749943449119,44.33531527310971,163.36110533125938,30.752485200095286,59.22404308648326,112.99543644167568
40.8153570053294,30.484234251846107,168.0226845220732,28.398459385179702,54.74129537465877,112.93692238330321,46.587022520007395,37.91541406040428,172.15655622232967,30.924684197137886,58.35054712097303,118.00708702719801
42.87423256638657,31.295943465303097,179.47286391297567,28.83311248315009,55.05496397334391,112.7227333192237,42.569665310470484,35.057571606418385,174.5970288695101,31.446433808582455,59.66559378795831,126.0288606095602
47.96232510372595,36.5060104135646,178.5331945796901,29.358990598233586,55.5561500290221,102.20830304070428,48.37057177178247,40.215615133689525,165.120565361816,32.06852856565575,59.35248111969985,122.44783709485253
58.63244817643202,39.93206194034329,161.0074428758888,31.941780938436068,56.31207648629398,101.73731260596855,54.528250601027715,39.32889065490693,155.42823793695482,32.22974782464702,59.519217259529924,127.02495448049075
66.50192869246314,36.031244872274584,168.68061244642905,32.960817241603394,56.601742910278645,97.72106989374747,55.07923354742121,39.624206403253204,166.14682128764582,39.022013672128644,62.43984010272455,124.68695776994677
71.61224013475405,36.16970929459843,170.25280670567037,34.83017497230789,56.554625707020286,96.46292057050142,65.06279727764439,48.4851850090081,165.0302938203079,41.48329598930152,62.59528047632358,121.29201979337965
73.21184236896046,43.10714239888713,166.4827531796037,39.55512124570076,57.52568450331513,101.57870145236396,71.024219186079,43.993837990947846,158.54620714653527,40.11868194816683,60.81329077143101,121.59659820298977
87.6714902306574,51.99257355709241,166.0821222777871,40.702873070024424,57.97310431374626,100.18827902206985,86.54727335298146,64.34303277840132,172.71188934135796,43.5911412256836,60.7508597614812,122.3741243924612
97.06511324582945,56.355900678733065,158.2746124049997,45.5313139759247,60.72278629111165,102.32854231684838,96.06690247442597,67.68032682474768,175.49818269574544,47.55083296604226,63.32972663792094,123.29981914685858
100.60956019698678,57.79448447751693,160.0998671222702,49.07336840742718,62.53151213787786,103.47330368751598,95.5458910786317,72.09715636853328,167.28383160917997,53.23000674773502,66.56256487670582,136.12382632245908
104.1805400731934,60.00198124741604,158.0006072866727,54.84416162046018,62.67155371909581,106.17093815771628,101.58645220913147,81.86609199356472,127.34109968149927,55.79181156604459,66.54579369208214,128.59373765664907
106.39698985816783,57.22290191793602,142.63417052454653,59.523424453855306,63.82519197954488,110.59074861276072,110.72933398677837,89.61116217936936,126.77559840799466,58.62096300117681,66.9060690774615,127.45859045409127
110.55635807618191,56.454014589758316,153.0966110401488,61.293119638600544,62.37794029936682,106.9635977928312,112.81765338554843,98.96089603011893,178.82689561121305,59.82007583513866,65.5037898907414,119.9330191950531
114.62418316822948,42.89114373592306,159.85310446964655,67.66253020874099,62.99185300154384,125.53933575573643,122.70191341097012,85.77433311770217,127.2624838357488,61.27771609483402,65.40625042197168,120.31513971341222
103.99610990172373,82.76870627535808,128.61425071907954,72.20835851805765,63.98882770063277,121.84067845582156,113.04604561123422,88.30579595612156,137.15225043443058,67.50266262778885,67.47535164747687,114.27899832286764
104.63779087193036,128.93395448791188,154.937014746414,80.63658437964801,66.11397804000697,145.80797773474941,105.0274224344349,125.92908683135761,135.0785388318591,70.04598252701653,69.14776658369483,114.30911573752894
109.06818939649365,144.28541423444906,150.38796267463587,85.4700495480586,67.93455335338442,129.0922305699415,100.78570158256227,128.1200271680285,168.9768634513379,76.16120698907227,70.78701356565185,112.19309468173188
92.83203964084765,140.02043319537185,119.006776177639,95.66505562524758,71.73541249629224,113.94431931097067,99.68395094416748,61.59094563544987,108.64029779410521,84.00997182553341,75.93719214774482,107.93630674394554
92.37533599641675,128.00269402217188,127.78836936925403,101.23919760775294,72.91733057779247,117.84312643832399,94.74111015404402,70.11539902318292,170.99528610449545,91.8593471358071,80.36779671934111,109.05689251470235
121.64433308146637,161.93767112872982,13.880444357168722,103.76429153684745,72.94528337599738,118.39555249769442,110.40064142744423,52.29120907966133,157.03282539367348,99.42960487582573,78.58144332547668,109.81073636130829
