left_shoulder,left_elbow,left_wrist,left_hip,left_knee,left_ankle,right_shoulder,right_elbow,right_wrist,right_hip,right_knee,right_ankle,torso_angle
23.525439645198052,102.03492196802004,157.17279176634725,171.8067155449667,154.71927788236434,137.4503549470389,21.19315074692143,127.13493874298143,160.71706211523062,152.18626943094728,159.02184442533948,127.17103943536739,2.3120678782156183
24.751185959348668,109.5066346978583,160.76952841586896,166.31428726831146,152.21167070519238,116.03041823090574,16.762368556589326,143.54783521941502,178.26706944970016,142.4544217001929,144.64341537969605,121.88992051327594,3.2286070353572596
21.79569241474668,120.5597198533406,148.7047383227515,166.7114945313145,144.94124992375203,108.62690327473217,24.746792387231924,167.12782924998217,179.2164295218283,134.55586182390005,132.83210840228807,123.13285296743365,3.502352347922525
23.50851618813496,118.39460836664321,148.4989127077206,166.1478732397985,139.9958418258944,106.79878948172576,15.833993381632249,161.0943923205878,175.76243235391897,128.77853238124572,127.13162365756608,123.86421539119085,2.174883591666654
24.196139155154864,119.69525675289871,153.179223832656,167.20043653702712,133.4754487634343,101.49900810264259,16.177881513098075,157.24629491738304,175.0390180071543,125.27096082813908,121.26068428104658,123.69966451732074,1.8464714209993405
21.68194742986548,117.01522907211782,156.29354545783403,168.79626460346302,125.70896800892577,97.99200463372883,12.481426346458518,166.43727132995923,179.63728895157814,125.16592869396024,118.1614662040797,121.1188061840554,2.3573030484546185
18.90988215797606,122.55329101274356,156.34876647018945,167.16467846942254,121.56979090412277,93.60868884011859,16.319561379345384,157.41910245036766,177.94350587485263,118.16695441989181,108.51997501691515,117.06509406942419,2.8271397010578
15.832009773970492,133.03587206387755,160.71265783640172,166.9020854453562,117.1317236692726,91.49978341901799,12.339708975130812,160.16157086679,176.28781148293976,112.15621041742666,101.65590080784814,118.68614551192523,2.0417451601350907
17.360066266052502,129.01752731706873,147.24951733431325,166.97004682867893,115.27730250626257,92.07055996699475,10.927276943193514,154.41002865403996,169.76562586053896,107.61043764977106,96.86514801148714,118.58183042023434,0.8783900837014694
14.607514179652473,132.1526815238652,154.25722650932968,166.17183843820047,113.65309831792175,89.65658683186835,13.28218685949621,148.4048253780446,160.9096197337336,107.5114282765016,96.79657777024815,120.43414721716428,1.0626249440482938
13.043954848852712,133.6425387911553,152.72161071996436,166.26890248292756,112.41738934949345,89.17147950671007,12.030743171643724,155.0420201459815,166.95632217345107,107.34522193093443,96.59920310206174,121.63942662444816,0.9003654971516301
9.433896854752103,143.36592097671962,138.09321503253136,167.15329075596,111.63370623470604,89.07328185052013,9.9635735115201,144.22884124056637,169.78915086915498,107.74755285414336,97.40154549896096,122.95165022102722,0.5467153953457681
13.094722120877782,133.64405978113973,129.47805193366523,166.55907369244002,112.3206901273723,89.16054797541895,8.788257849965653,143.16831537621232,167.3134433710445,107.35969087930123,97.54799098945146,124.55234168873291,0.7168680752678819
14.417017688755282,135.78550757016612,138.6615014721999,165.7887031412973,115.9909060962286,91.18888712924048,7.130829798005644,132.11276275451206,139.92973771872136,111.7359586797124,101.44464425619284,124.67730503477372,1.5204940817969859
13.559568371561765,135.12378472083006,146.4499968884461,165.56298624793294,118.95006825123984,92.70947965516986,9.577177440992308,124.36215339967895,154.68108407155674,115.31453927619012,104.89157286500024,124.71277118671321,2.2687408442217913
11.684122875110589,137.0736445290157,146.9681806932875,166.4213032772547,121.12433924995021,94.29939895248411,8.506306049803152,127.72664961323018,106.62504643041304,118.38894942452151,111.24033143425774,126.225941453222,2.453889520851154
14.674875075950418,133.77912975630574,110.03798078162062,165.61880720859398,127.6333148784201,99.01062330710685,14.980804847960036,141.5770739521798,91.6418063017028,129.50855018524834,125.7274734007547,129.18338306287566,3.06938490879083
13.840490310200591,148.72907944683152,120.87648560829322,168.63483860871648,134.38139028816255,104.75954412969102,18.85519806303016,146.93689844608014,119.07380542133473,141.62903351095227,140.546407253835,131.24900711197418,2.8467123494802853
22.597460241228237,20.311445603575038,172.67669926214853,170.38816981984195,144.2229626029494,113.20853335802605,18.038735146975526,173.48678082085618,168.49270392834177,148.19256592850397,151.6408165173829,134.69650655883095,2.417641457275202
10.413075929468333,36.77083074954594,175.95457115954207,174.17480858366594,151.51062992561026,117.28039068159322,17.287019271932706,179.91193558628441,168.85069450602123,154.38283801878654,163.52713040220704,140.20896022494603,1.3255001517814713
11.995380477478005,76.84617495994979,154.03758791894845,174.2073756138644,157.7589505283196,118.39604186848536,17.077723910184424,159.52026438842904,157.26110146709507,154.3497207990906,166.93872756322452,137.16733019939852,0.39987985625846917
13.830179818193555,131.08108206879413,179.46039523620234,172.74510420221952,163.52488657415623,116.84184108904732,11.325629106106478,152.72716974667912,140.21581773678665,154.72437259527226,162.77300540182173,124.10751339761642,0.19174963854974267
14.64532152651292,137.26901709990346,172.6194918254611,173.45289067612447,166.52101763219616,118.34112640388281,20.831252572818688,143.8721757570323,152.601423546124,154.48822574429008,155.49602385463186,115.96915575400331,0.07582308913499776
14.793800205258963,146.88516536214354,179.35746583690118,173.3919665032044,168.685437868972,118.93444501499972,8.785671254253282,157.9874118896896,168.35448221940248,155.97474306895208,151.79489834097748,112.97926409212847,0.6666888624995467
16.256556721855276,155.16074188405602,166.93923310244173,174.67212993497748,170.6889757121645,120.52022765609718,17.54628557684972,160.72881861782912,170.30080294126657,154.97367990899735,143.63107538601088,113.3486098693598,1.2270591902598391
12.569033825131966,147.04867621499199,175.74730212023866,175.4357780106505,171.7220422819021,120.18426226667329,15.826560351703472,166.33634621918677,149.2545830316606,156.71109094966084,139.47979303458274,112.3865034361661,1.5384618960584955
12.925530581641473,143.97827032736646,176.80822655514368,175.16374149972216,173.12762844442327,121.51714448072102,17.89895583088366,157.05524938699944,158.97093871338558,163.56050943885074,140.44953600815316,119.8256004525806,1.6054074299653875
13.402439358004624,144.0915474075978,174.30945738649802,174.62882866673675,175.49934685602705,124.12289964161187,14.796855981273234,150.85579100365916,171.58789525012364,168.41570370548376,143.756698964698,125.44428488202811,2.05862439342858
12.885810398706418,148.28912745969959,172.1021987730259,177.2621164382288,173.03845863701363,120.42765584673572,13.713132580504533,148.0166505782762,174.53710505154334,174.43247427558208,149.54171478105988,127.32588515603146,2.2306748620242356
13.842411313668158,150.27018365437505,155.69198069840638,178.593225569049,169.5396674248744,116.70349767688235,8.186024734112447,154.56175642405427,169.43731993891612,179.26193833914274,163.24190827341573,126.84601539042717,2.591675149117974
14.18117347528945,147.20602483071272,167.51795623833374,179.4784684407862,166.8555920545569,113.29031419924338,11.10458032695794,151.33186160196615,169.3265540232372,179.95043402527043,163.81963001256722,116.78195526042116,3.0063443726964976
14.237661146527653,146.64528197884374,172.17680185745238,178.5929423595273,164.12773630491532,114.99461210493241,9.227776662843441,152.84753991718023,171.37920067588982,179.015210991814,165.04363016587746,121.28097758923323,3.638057240659081
15.902901822390167,147.44324983164904,168.30027111305935,172.11693176829917,152.74034273169642,121.66631480621163,6.632648012359348,155.56828362282798,171.00808609069313,177.37938933258297,169.54166091189256,132.04934531949334,4.584367943062588
14.880168952285679,149.74660160578293,171.98005965599248,166.25154179985856,141.8973828280833,127.20684108046277,8.565008586975143,154.71227931048296,172.21304554500344,177.3888802213108,168.6211962370939,133.63993748470298,4.035497333491499
15.202816500300187,150.24914747262278,172.15708540086635,161.64052090946691,136.0611815483058,134.3839104074987,8.933584617916821,157.76508945451008,165.83270950807255,177.33193755282812,168.76910272718703,133.9721653904111,3.8516775816975968
15.6159053376969,150.66459559137996,171.4326609015404,155.42048192474346,131.5133673748717,135.84915990044863,10.060759436976552,156.3223799344506,166.0271343342855,177.75251702663567,167.4586511273806,141.65011556278012,3.83933713890872
15.930790728604387,150.55598699515713,175.35535947501967,150.84935142792662,131.70094929857774,129.1525975002831,10.747822998416918,158.06530160643496,150.72294307777236,179.15451187798976,167.0360219357927,137.32065588486185,3.551563130770229
17.534843880043304,149.27885012664171,173.49685756147255,149.68748591885742,136.52626882601098,132.03437200910346,11.761457439714729,155.07532936544365,152.49451773848193,179.87044217229447,169.01004497497,129.4302856706113,3.0006797401331267
16.757436813314126,154.85057795789297,168.91480918291745,149.7277761602814,142.412765882599,137.43560087196815,11.522741308243258,158.26298384974376,141.4183335262955,179.26994785604387,168.92223823037602,118.85015264123922,2.39860421588955
18.566934686373948,152.56928922229827,165.9170642703841,149.30860860078994,148.7926346828177,131.79901339137746,13.792793384851509,155.17113156471692,135.49346345960294,178.3814884080093,169.01950990492173,115.76897128730663,2.2745715101029957
15.247585035944427,154.43844801464797,169.458133526224,149.3240357585938,156.111494556939,121.91122501525278,13.643176762676296,161.66343505214425,156.42099738077928,174.7969658475962,169.42775213968875,111.44846456105714,1.5562839742474652
11.948393619113803,157.33777572514796,161.7322674316877,149.35241785297708,159.51384100867568,108.97133344025079,11.62034257171271,155.52464992017994,138.09534299045,171.8733318327661,169.96268588064189,108.98277488442082,0.6669420155761292
12.843519064048062,156.53122471978108,165.14252848807612,149.4362872990484,162.3127967525695,100.353474326058,10.135102588744266,157.40770564337387,148.2246323829108,171.28691946965856,167.20344265111828,107.0109525713661,0.12911347554197675
7.600470672180812,157.51665201668334,166.7282919565112,149.05070770402904,163.11670057084825,92.85353961991173,11.054055694441693,166.7660400062086,141.21431265667002,171.57527397160038,163.28095561355664,104.54673576426342,0.264941727858753
7.144286675843169,151.8438897704123,166.1580597033208,144.58269677234622,157.0265298006713,99.8892704812591,9.996456098687913,163.4644738134383,107.44375790091865,169.62149378259653,159.67213755745206,101.38290240386652,0.9100090197486409
3.9737973485087146,157.5001488115635,150.6887424251847,139.39747464877775,145.46668683731153,112.87569896609696,6.979058173718359,157.4892534512284,114.92202890519981,164.90020624911233,157.81830996413223,104.27597773559147,2.3874353821976393
5.878958883989158,149.85619814200896,169.96584392370048,173.39712005942383,138.40973645166696,129.34091840361182,8.691570465192928,156.00781772448462,174.94643064494434,137.7672741325782,140.19598254653508,133.10255637600008,2.9360896664612937
12.339378828112396,130.45616525367967,174.0720446949631,133.765493385556,129.65923790881587,138.96603469978956,6.83431630953705,148.1715160027085,174.81877856119343,175.2420592963281,133.81340699818625,119.6516502858906,2.757616899313551
10.7040157754028,118.54585893661495,179.28196927607652,167.1888238876928,133.6957755093088,107.82473350519462,11.260456654562937,137.70453389659022,163.53078823456428,130.15249645210793,124.10983924959031,126.91864805075757,2.941634938540888
12.474303648443914,129.98721528421711,171.27680663519146,123.6760093949645,113.40640992989266,136.70866449800164,1.344944675449249,154.1590778962413,171.0428372218691,175.1750515636996,102.55149326461012,96.26226819003467,2.481764126930954
14.796301130944572,123.54286556783133,159.832942476246,110.73125409525854,100.14850075793626,133.8238992131112,6.532990604685506,141.76842453274563,155.24734125771164,176.87806412545322,95.63015930532805,92.82215769574563,1.9884999222789168
13.661676790531073,124.80974030158313,143.1909200415337,101.31246248499082,89.63656355488062,128.6588053514527,3.8786639061003427,148.90557097056112,147.54662402254576,174.13309603704315,104.05484198925973,87.1481010856428,1.4059096668551574
15.498764417551877,125.10413075328461,152.15160631431417,92.7586899178889,81.34797417164745,126.24667328884307,6.222626691616222,148.71862710621292,94.37867623244682,166.09765620761206,113.52141161761809,93.19032297702412,0.30779489162401547
14.699265201882431,123.84616314671305,131.40397145452067,86.8976963460639,76.16813494568821,123.61024900345147,6.813324874738432,161.51062090255002,84.89044239090987,163.1866338989374,115.3457663601996,90.58296044660766,1.4589840511372005
17.783346915009652,122.55184564636795,121.60529270579569,88.81816057420609,79.5346690609661,120.70182637803254,8.005685560759884,159.3564221997716,99.34855118098885,163.39621271443875,116.13964343889121,88.96591902158526,2.8997002035931745
17.011425511315128,129.6703420988833,84.48889474601492,88.59976911120681,80.30775835478795,118.29661874487591,5.083709530737746,155.75608942588616,138.83529660578694,161.6409774269422,119.38556111855037,90.21798137125401,3.366213501061376
17.625394679880348,122.24895156096342,125.12406947321607,91.02993152576713,83.18893048108708,118.7596609072907,6.214635571828619,137.03441052110384,103.77979284718755,162.15387442857067,121.92466509063044,92.81491192828929,3.715049947391026
17.422800500961213,125.27669648442739,145.081903472007,93.20004874132071,85.57488110290188,117.51782773978304,10.020538640813966,138.18432174307307,82.6373914307578,163.11331954817788,123.5113900798593,93.07868496576943,4.08527227209618
18.608733020255126,118.60566620746218,149.30932452005257,92.86000961916393,85.83628642252444,118.17221184066356,9.475784376317375,130.68397117969204,78.74356488443298,163.17962726923398,124.41438887086373,90.6512816828122,4.280705740939121
17.113035655731927,122.23321150940362,142.88076228787025,101.25027369378205,95.93913670876883,120.76500214827972,11.68177638130601,130.95019195923592,102.28436951796576,160.37910822479523,149.45262741008676,137.4090475228458,3.877979941039075
16.104080330415613,122.83001612326215,155.2238791740623,160.94702418653287,147.9027220788826,104.69748536421378,12.99618427063548,133.99448937820003,114.56254297041855,115.05435106767932,111.18726701861938,130.16011792683074,3.9497781539651204
19.40248945922218,117.98620287998084,152.9535649294029,163.31864653595522,146.6495287390251,105.20106918498713,17.952481789659092,127.97848092818967,129.1769741814969,118.91358942105958,117.15258257364107,127.79449809602691,3.8410983781031396
19.54573799766845,120.98005307420935,159.40427783053855,165.32246936975648,147.1889703474379,107.10936376840642,19.099862464647618,121.00778406888806,155.23362826496606,124.04560098709163,126.11451723486495,128.20587649672564,4.014356688872
20.127023366351363,124.37289883336909,169.56893900453647,133.03413027239003,138.03732478138267,137.8762174856349,12.800143414915176,148.64993781010236,139.18566799451713,159.4128807773298,172.6130931167048,121.40628920575985,3.847500839608515
18.629516853578362,130.0574442233784,164.03036809539554,133.20382014241827,138.41660386150727,130.8159236326711,8.342798530702261,156.85299740159758,133.7748727110809,163.23387038298551,168.62174486868074,113.3418305427754,3.679948679189547
18.662656581218986,133.9846338650468,153.56488147160653,136.3776018095152,143.56423045881334,128.91524445974952,10.312384105009878,151.80252504952634,118.20663929035769,167.15680335535592,164.70650995944882,109.86703481206976,3.480327181320733
17.722386158653183,136.82928315666382,175.12389129417073,140.52481009105614,151.44200360059588,130.26769695090655,10.555236478565943,163.09923740204613,139.69950398967833,169.98799477382659,163.2415346594306,113.08877793452825,3.2893131812652965
20.329617912139753,132.9126332598436,175.99448928909405,144.90632666629128,160.27436752738112,136.32903104266427,16.129132764747357,158.25390928116252,108.90221728897855,170.3925328740228,166.8434942627721,113.0224369366365,3.127906903218549
23.394930429714854,132.20301910090913,174.7666854715918,144.3954745089252,159.33767628351853,131.75541538348497,19.203471904245497,138.11871502094485,124.17288918425041,171.11863402058378,169.6085773332294,115.8630721581763,3.346300325240999
26.726461194110193,126.93534243350955,169.7970467359848,144.16516771949128,153.53866584138146,122.38038040411901,21.29485923128999,131.88766803205263,147.98569443079387,173.54588417671192,168.5641370807719,114.05204357532249,3.3202822745403435
26.92165955643354,125.2108782655583,165.22383397068674,148.63798161757288,148.39734850883286,118.5244278770402,20.64134871639143,131.1915698327547,130.08580926698164,173.4158766013975,168.3680110339337,111.72864690807921,2.4298695112185755
26.679805502134272,129.02430648604442,161.3939458006505,150.00027792638835,141.01899543040474,116.86895896955501,20.46594093523247,132.939121854537,145.13227514590432,174.67674011520478,169.0398341930973,109.85688270887499,2.5110932975067333
29.63674970143861,127.76606381065733,153.5538067607464,152.24502637429234,134.61138534285578,125.32566081049453,21.18074462484568,129.50310889373583,144.04590156943385,174.6949144252474,170.07939532628296,114.81829425415872,2.276187638494222
29.856793541573875,128.03174830447924,155.14189931689646,156.58303555202622,132.854790217326,134.7999202520717,25.700965197737123,128.38233607313367,145.97395805453263,175.9963515258564,168.48778932735664,132.36336588790564,2.238057862784944
27.048879814175656,133.4344467446232,155.9397846653552,165.25120149426647,135.47387789689537,135.21345234998057,12.555422375328025,144.51684656739417,166.40150541664661,177.5866655131375,169.2867099595104,134.4452225335798,2.308064086844395
26.4852569653,133.75829309715456,160.2166856312683,172.70353141086372,139.88238275632304,133.62110570464336,12.432370964670708,144.8517277569977,160.5753177799248,177.3265110517678,168.26430651995184,136.87127129710197,1.7619878466512395
22.60480171940221,139.428638275001,162.25479488908792,176.6024943251184,149.80304528265575,130.0473107593693,11.398023119734004,150.9724997144368,171.95822875798038,176.92793576184602,166.21912273221125,134.47296900807476,1.9288776615524938
24.293972303608356,142.91167286591076,161.04060500639406,179.77023431832112,155.57790239040614,122.13139242739865,16.665880809084417,151.61269497114034,172.8571190663613,174.5451374596339,167.02697410410104,132.51341811523258,1.1789832267050266
23.805279457404247,141.76322034081713,149.30027229519354,177.64156133420607,161.12344740639753,121.14997982339949,15.8006865091925,158.22118764614015,163.923865108792,176.91616638921724,160.47470845209816,128.4789049884834,1.1038846021612747
21.802737359733808,135.84741926636033,149.52546304112,177.8494136880271,165.58451353030597,124.12486376881961,12.882861648946445,157.68064335471,178.2224920147101,174.32271800270573,147.51673315840006,133.1667335819977,2.036477393109216
22.334004402652674,134.28893609037078,156.44990896280757,176.8833528688685,168.65227224380718,120.07437724964832,17.24418965898943,151.59025003864946,171.92024658191067,169.49309316437396,138.25170118626,138.39406510238186,1.8833396310069863
22.43111246815199,135.4097747126495,165.58965504888317,176.1382446753654,169.41853669841717,120.94198948385612,17.982498512937436,150.43689385272916,171.09528672048313,162.34203646876,129.85828725696777,129.97578778856163,1.7409194880215124
23.008355828799544,135.27649153370479,166.12381100987028,175.68200449450597,169.1711082602138,122.15380902604534,19.096348778787295,148.05292396184197,170.4483668175205,154.75604580480092,129.07878331359044,131.49170493700746,1.6388772059056271
23.504656237051076,134.8264296552494,168.1248945284792,174.91734365709306,169.42759544536133,119.99006353591184,18.571739049557326,148.77093529891988,172.216779449723,151.2788596962378,132.66311050921087,133.88891362307336,1.2159343991926572
23.590722086837552,133.3431397940764,165.74705152033053,174.44528763077483,169.59513428937615,119.95374947232976,14.268648863516187,155.3459278274108,164.1638051429297,148.01276607297316,136.19476451978102,135.89120366815555,0.8511812901105639
24.023677575032693,131.43481041033868,162.04846565347913,174.4385001359437,169.56040794706647,121.11563536012984,16.21773206077513,151.39346835083276,163.58305988724098,148.13797935654662,144.59492152036023,128.397775317894,0.7136574713977052
22.381179628231973,132.66155459563672,162.23517044002222,173.33920207583807,170.07006029186493,119.70231603277344,20.998290148025653,142.8906541121072,152.26398510824882,149.29285830292508,151.13457528102649,121.68303106171916,0.3661716353053117
22.78835756988731,134.69025860319175,162.2006747180355,170.39187689279333,171.6367553758135,119.87999465203514,24.330825355623023,135.9459744385278,153.71570175517127,150.09714810675158,157.14563120940468,113.56258674966615,0.12416174279907531
23.943889509476975,134.316885803141,165.48831932978982,168.93449205551804,173.2144645539362,119.75047124209169,24.4561383611194,137.53972501603826,166.00814893282555,149.6614828556251,160.23667477379573,105.87602726208029,0.222068857527676
25.48655234166504,129.9917541716403,168.72253084215853,168.3191194844434,172.83846523274403,120.15553163387426,24.942233658051794,136.23473195332562,169.41585550269448,148.465929128745,161.31329859563286,102.87732623837657,0.9026572758867786
26.61793376905,126.37505427974611,168.96824622376639,167.98031250341936,168.26211528284034,118.39098858582398,25.31528450175329,131.4915250907891,173.62325303769046,148.1416723530728,160.32618440219406,106.02033924965072,0.3113696840317494
23.18441338783578,131.98268795303957,167.05975740151868,166.41605948139187,164.67682755938338,114.60866939188575,24.22844123402794,131.99882765392178,175.13978952764455,146.42998811191217,154.49503249756845,108.68836668710976,0.7396979356089768
24.600907481341924,130.4970791320655,165.32237751588733,165.36416440715865,160.20183996893226,110.1100435115613,22.055853960816055,138.01296135240082,175.63606599275943,137.87589644678187,143.12524688554242,115.47500221287784,0.20519914069988598
23.850578882809394,132.11463226267202,168.16931091096566,162.88755679151583,157.17571534658342,106.8032570821438,21.37623548774185,139.92694508639596,176.02255838806647,134.59707200418265,135.98794009056965,117.42062857065478,0.0823447062067594
25.03054081256196,127.28156792694898,163.87040006702483,163.94956483487337,150.5603172664763,107.16701883064594,24.711824580637973,136.68185146100393,172.34000442407972,130.00537054894252,129.69866929678446,116.57525571077689,0.9134012836326628
21.826829101610052,128.07033051868896,166.16335438929895,162.23466686073684,145.27231424283582,105.60976705700173,23.061132995467023,135.107706599459,169.75236993598065,123.45171225963476,118.83238414083613,112.13125651797343,0.060347348630315364
17.60666346459359,129.71884877945416,157.65571412148333,160.19942990505177,141.6483410553965,104.0296549901636,10.320545886216552,137.73313834340416,159.6301885690097,116.31112532501189,107.53781938953385,111.4812210272323,0.9524702789872078
19.850383876884212,127.88046817284386,156.4391812744406,159.6296024984568,135.96713837821562,98.71877348739376,17.391409746545154,116.70021029775135,166.2532272232604,109.06633956052028,99.31972489326466,113.10745254010112,0.532442796905377
19.28046351569326,127.58384568383785,166.46145878881507,159.49523044751422,131.8312699514647,95.69172277717321,16.162899177133756,138.99678872449823,159.3308513724363,102.09119905793015,91.2384118630358,112.70455417091952,0.12490071334158973
20.231462723445382,125.71616943026469,167.400697816246,159.4052912941915,128.08692017628445,91.69044069803964,16.56465241977283,142.95659386320182,156.64654225248458,92.71494861489396,81.27557088230428,113.83689057816913,1.3824349251611536
18.72669906606196,129.46727073702334,163.58588141788687,159.54912563507747,125.08785580017175,88.7905554988323,15.300750580858967,145.7165440104349,162.20013115390364,89.8720840922416,79.22480088340998,113.50774543499813,2.2366638877826435
18.702192286881953,128.21522864144023,167.21969159667097,160.98115527841105,121.62505655665481,86.04571105214386,14.853774133010678,139.77978980012236,165.67332295828413,86.33699362690716,76.20046420080969,112.52478195987673,3.490524081743892
19.879906046775247,128.81915955224537,165.27774263903672,160.13835485711346,120.62276181214187,85.33747043629248,17.858300347523997,134.79971738739198,159.38505921515198,87.2129232563072,77.20870973143549,114.01113872081083,3.4489722312529185
22.312045460353772,125.56855925667804,167.77995811140948,161.94631781177796,118.0487034648225,86.087802921543,18.779010217026972,136.96797196798892,164.65722394856778,87.1305703763073,77.66307042346317,115.27776203926248,3.932322334562951
21.669359437193954,127.15589008403195,161.76297178859053,162.63542652418886,118.02217443792335,88.05576250906125,20.198697259658445,133.97342587067627,158.88945023878802,89.04243623410511,78.84399642868144,116.53060414104816,3.6530626670531414
20.760452298780308,128.83955807733003,166.9255648774369,163.28331152498126,119.13857621124528,89.13563892423166,21.596243862792697,132.88613719696167,148.75943992854616,90.33071669862039,80.97675347588249,118.52566896834395,3.6989406722150995
16.977929504143525,135.72850117575743,165.2896686390767,163.3013035098243,120.47662562223675,90.1786170210662,17.088442463361304,142.14123953662408,141.73001677991712,89.8880501617384,81.1286712913941,119.82065529991618,3.3798180567284932
18.06112953440434,132.15767503211111,154.54394610103563,162.82125850730927,124.20508066320453,93.85808453215098,15.016285081655147,141.51394180474057,130.0139574817285,97.93305472228495,89.90045126558708,120.79088975165698,3.123053676533835
16.128022699907117,131.54811785923107,158.84035277399843,164.0395159823385,130.90874897367004,99.9492345476492,12.92003343176554,140.48170362561152,135.52829627476495,104.11887936543134,98.66400382235636,122.50323944460264,3.5594830128437027
12.89659150053031,139.35758868192198,155.76339577769656,164.80897187815455,136.68043585148234,104.99806261867087,8.5255974197854,139.83184087854505,148.9463462815543,111.67341940942455,108.36143559096463,123.81352502895155,3.1039327119734046
15.204394064940509,134.6702559685747,144.92606684898854,165.95486856911077,142.15300485856105,108.21436639378013,13.8992089270848,136.28384563851466,145.2055479368389,119.95192686829176,119.91843538409309,126.80836695877528,2.669880729134958
18.144499119524305,133.46855151202942,158.67511171508767,166.61548899121445,148.01089522938486,112.78196688582157,16.496057193090174,133.3093274597511,156.25646354947398,128.0922703465059,132.39066359641242,128.60591684109096,2.9012619946700835
15.87623931829413,134.8843100821966,159.90791470043038,168.50564267786825,153.13749508534477,114.60296107438008,17.087427636389148,136.29511803487136,158.17474756986422,133.99543168264188,142.65935595757963,131.82612038863977,3.3025352406643815
18.195500344787916,133.6376395231203,162.76373448840266,170.9072095005145,158.85232204748615,118.49209989923712,20.303954794162667,137.80491983248004,168.271751094975,141.34073233181218,156.22896869639845,141.02803546151694,4.4468686984976955
17.65322367345271,137.98772795286226,161.9631586701497,172.0587784626183,163.55116160534,120.16725851543042,19.562840126340124,142.07725731910824,173.44018454492175,144.91420257323443,164.06263021324864,145.31356802720796,4.79171089899633
24.193289010105367,134.94642206747622,155.1733623633334,171.01526044036603,168.1173806775494,120.513018482295,21.640836838987344,144.305765260921,165.01366917941064,148.84793032119015,164.52443444144924,132.88102888616632,4.085730105615477
20.998941963958785,134.93339938019963,156.56784069506037,173.3516535924696,169.46668393628488,120.0353051768139,24.42608134516414,144.26175453849152,166.7915426597131,146.54498757828463,159.53943951974128,117.23760796692812,5.15072987506167
18.260818530500337,138.78316749030836,154.22894146894592,174.04832350106517,170.46703783442962,121.40467935021626,24.573121511259128,150.2835299381103,151.1933737818948,146.43857409131007,152.5527852033786,111.73684264857978,5.176411856723625
15.192876383006038,140.3425817756778,161.19220386690574,172.86095170650174,172.4711215118229,122.09740254827136,26.3192731707518,138.1156531749277,163.75483994589936,145.76892205511155,144.95426063889497,105.17988558323144,4.904750264152073
18.35075388406843,139.36245905691015,163.1947570572214,173.99751288646203,172.28118868635545,122.74556300232139,24.986215757311534,141.41388152865773,161.2034770842104,148.05062353363257,140.6260046610984,102.11687764432294,4.967196114618865
14.078848620331112,145.04158782233804,165.64259301006325,176.16477023453564,171.89487385608751,123.97677585254182,23.906975224226738,140.62974230038736,159.29528068664277,151.25319511898806,140.18926556427212,116.57189689886624,5.3762995916896665
15.74908744024791,141.105723526987,165.70277948644258,177.08459468437024,172.2778919381559,125.97973647779926,24.28948731147752,142.79190758553207,157.89098705402063,154.9034927309154,139.4688185122723,119.417125995328,5.585112328765587
18.00172328920822,139.0037652832881,163.19369012279373,176.81410944152935,172.7032884629061,128.1615970536237,23.728942013926943,139.76771701739858,167.5463624362845,161.18075429759816,142.58685868056529,121.93202320270889,5.33173908763902
15.29793818207022,146.91460265947637,158.30188063026173,177.59039334155798,171.0906927859509,128.40632912703265,19.89616462038093,148.34695173583802,168.41450910788188,168.41787429492985,150.292298027054,125.18797310304781,5.367391582244904
18.153572614665475,142.55526564632035,162.91887402163113,177.91471558352688,169.57179775799668,126.62813447633276,16.922247702241542,151.3831644529184,165.68447235744736,173.53403152593557,157.41959416062986,123.32110779677343,5.507839193966561
19.549304192254677,144.60550739603653,159.38414469684355,179.8069625862945,163.4079349500641,125.37737366062714,15.782033477587415,152.03625067389356,164.137443781112,178.05797975472143,164.7007335438371,124.71773204623035,5.073238366489577
17.819228793792185,146.23278839321318,157.89036421415778,176.62594291665843,156.81373911759334,129.42283801400362,15.526325092120194,156.8505208505546,168.21862977389995,178.36875036961365,162.76771092074807,120.55778105392339,4.610592969039847
16.867952876450364,149.19547258795436,167.86410327857573,170.7585784581045,147.9596003982602,135.23320572111703,15.586451984474088,156.47548745280818,174.35258786627884,175.07075355591104,156.61924721670553,119.92890228937486,4.740822926468354
19.010833532641,149.8388071361209,160.44851889550316,167.87011487322758,140.54740953113816,137.07413290905708,14.261268900972176,156.520530424329,174.84619983553634,174.8065300197795,160.91751775868207,132.33721037562904,4.531539376300901
18.70639686625442,152.546577231851,160.42371098614495,164.7198355072389,133.58196832559628,134.36853368024808,15.238731197320993,156.74593896516592,172.86764241461864,175.94514510643538,164.60700789950076,139.91441081075146,3.654620016800033
17.167956005323564,150.08599836243064,157.6967271380553,159.830334744043,128.2409000109558,134.95718232281257,16.167843850093295,152.04090293009543,173.92648947797792,175.77804721809298,164.1696924143156,134.16127086987487,3.3738956426836912
15.158868526904165,150.14829271959377,165.8836613575039,154.28165518821615,130.1938989682644,134.40580098212442,14.21148461082414,152.72627968595404,149.72408299860544,175.3370251176154,163.26070215126467,136.01427683956683,3.6629813338890655
16.728473352819783,146.63440401026307,162.81524005236048,149.97009538127804,134.417039965869,136.5670796752502,14.828894665824505,151.67623861140655,137.39633817466358,179.20918434459077,165.55086303436053,128.9776808718571,3.08978373351175
14.337168518512168,150.5808728697687,166.69316169772662,147.07762908899173,140.6612016345292,133.0959451649641,13.936631028446694,151.76376147295787,144.70564645221603,178.13781293411475,167.0855024442184,125.33458092469465,2.6271132098521757
14.477457096196806,150.1718997652092,174.39609190479035,145.41109844692852,127.27331908453853,114.46675574894678,16.95384402999448,154.5951783926447,178.55460493171674,172.0440363696774,172.97273078735736,131.1833226869671,1.7265269885760075
17.31127794637644,147.87840097311752,177.76796777275266,145.95531881540558,153.21939715151936,120.53593168067671,13.187914494395727,156.20518153673964,169.2259690397943,171.4915532194286,175.35179481377912,121.01784738440074,1.304485751417131
19.910966670297128,142.72135030953322,172.91744482027622,145.92345792299312,155.937721371122,109.55351992923534,13.346650660383295,149.90069248923234,170.43971863663515,168.82130657724062,173.62557784281262,118.4354094005296,0.5695127207402408
18.66776611397461,145.3618904036293,168.87635796277635,142.94655340916165,153.87650259601017,107.03823744780841,16.906242885359188,143.55513222441348,169.25086333035156,166.7688828848841,169.89481676638883,115.10031188815867,0.12392366368882167
15.80695712021439,152.3349193448809,162.0223699444508,142.53439591154907,151.23025667838266,103.01283833123244,15.85219714107968,142.8411944144637,170.91186488232893,167.72621208872872,162.0347177640618,114.19086124474278,0.7438044426331879
16.086181015980042,144.01741729176703,125.35240392845543,132.30184728748947,136.55374397740553,102.63537929628009,15.185552358667424,147.11284309868347,140.32899613164253,164.50138193150948,157.6147765200181,110.98955792151317,1.2088824193291992
21.52733462182266,138.2900420141391,116.26052415774218,124.8364165990746,124.62701879390265,101.90629902250217,17.72464409791088,144.88312262456478,161.24783639125621,162.36935191995812,152.07568064672137,108.87093326947503,1.3213812954201953
27.15133348293849,125.3892574290369,126.6524790930103,119.03736869139857,103.72731506727156,119.86427956411742,23.381658635986646,130.32172672399233,117.89962365097938,161.51143530431114,145.52074259530684,109.45649018899579,1.675474473186486
24.471497749731,121.29661061935707,142.18361217291633,109.5836202707198,102.72840801161728,130.633336661224,15.941885095843467,136.8287653251781,156.36443242093685,159.3517043141786,142.2393172164622,106.72123145585924,1.604363511473754
26.997276447373785,111.51955584309161,136.21598033800672,104.36349565699112,97.01258449752397,128.15400249256592,13.76277348549313,135.58533971105874,102.51025490947741,162.71957103510354,133.33658650098081,103.69040824306363,0.3783054059528179
26.21365509087387,116.39950984565937,126.28483297597516,100.21977079335244,91.42662069235016,126.48555397633585,17.09355430126217,123.77354896584774,129.31026823526994,161.39946060277916,128.57030745244586,99.80109304169953,0.07113400933356465
26.24634997572454,116.16364884232463,143.33126878191877,92.57233658513687,82.21045894297808,125.63421928302533,13.592894146309852,129.59552181634123,135.673950208822,159.67769440217364,125.61184649553122,96.46103484256508,0.013313889905812865
25.699458286185138,117.21715463522588,150.03749517880308,88.81402717150455,78.06211420510857,123.61425264988316,14.828946173795586,129.7810870374932,162.46365688912377,159.13197407754603,122.90200238911564,95.05420998323125,0.8716682197830526
27.567797071944312,119.78396833070497,143.77887343510105,85.77256223384403,73.37111379554536,122.24891982274157,13.710586364323232,137.76210557972817,157.70396122675382,160.01361621469215,118.47443370713859,92.97388222019138,1.2997852148597537
28.92973443811489,117.00557776295226,135.39102573161492,82.26079490444346,68.66639035821206,121.38570539653016,15.876491843921647,142.59911405356016,87.86614333237976,160.3762853731003,112.87021653689985,90.24735283740357,0.820876554490766
29.943752923642823,121.49976933120188,122.31801992076475,81.33100826556802,66.98290346681671,119.50757311873613,16.948134069714317,149.03528791245887,107.4793573995679,159.7762714469422,111.76350098761935,89.00301287005708,0.8791607671914461
31.198924971157073,120.44768308404096,138.5219845675315,80.61427030150062,66.17065558825018,120.56600348848822,15.41388093786202,142.2125614489273,142.18912778042574,160.54737449185495,112.15691525616995,89.48304708583628,1.4554478176381214
30.67325861511202,124.27590882054884,137.28461380331785,84.48054200504941,70.32302343946405,122.40231699466631,17.264102689199273,143.0402295334254,131.399131234289,162.31034852477734,112.92183364852504,91.14168709529582,1.7685241876480136
28.688974061883147,129.4285710936227,139.2539978445899,88.61363805168128,74.44477282458958,123.79317133007343,18.566833340896977,140.9684424427817,133.58418345517768,162.710858924491,115.23747898133946,92.75314422280738,1.7512008996510606
29.140008279935635,128.19492680958564,135.92223635465234,89.93073083173564,76.73215761757262,125.27951963247676,15.72807943931965,143.0841627400896,118.58946130663726,162.53011028222966,116.34481720480495,92.14111151556135,2.0334919866048344
28.90770753282774,132.1277591592777,159.93367953208042,96.22875088693476,84.6395120832227,126.61792350315038,12.452212853600145,150.30972415794378,103.21814915772339,162.0630520794865,122.91032864102259,97.4492462862932,2.075218674797496
27.428695148099173,133.247993634927,94.26093487819679,104.65068728639717,92.82837013143117,126.20052788257796,12.341528345374362,165.99017677470368,101.9554874615474,163.03198444161166,125.99248430445985,99.63551605577183,1.616287703113783
25.61139307627799,129.24672079233864,112.2264004949595,104.66238675693674,96.85534954819798,127.05868744319463,15.03608257445895,155.3563600432724,97.62733954500914,160.59246090804436,132.60353780110924,101.68496704122605,2.1002265625116943
22.727219519757156,129.73840076081024,133.82991675795512,107.18143813228542,101.44379312813734,126.85322768620232,17.794138770222176,142.15543212503695,149.63561314403415,160.8699307218574,139.87635559537577,108.14700598328571,2.1396189027491452
21.331386922148834,122.38544448085877,131.30085437304226,114.28224512550284,95.97249208750006,112.70560856899279,17.84703406728025,137.60045229311422,88.12174944250319,161.0067257239105,160.7726364633523,125.81229167195885,1.8734925104883355
23.655827116314097,119.37905274476216,144.46522685519247,119.97797878364551,109.74256825599234,111.33920219836436,15.278725566415813,146.19799643720611,121.78145090018015,160.72919587778964,171.3602593133848,127.95602721586681,1.8560078430011453
23.09598168861521,127.32884761152849,151.0424112868768,126.07478369379135,124.13947284124217,123.3722241674728,13.81698831798804,149.11194827257543,91.90586285108913,168.8107246671674,151.78187274610852,108.55290069001926,3.046613697361935
21.521882522948218,122.89175616614348,150.80611213575025,129.19133153794695,134.5475835679712,130.09340024644962,12.216335014787058,158.1921580360128,133.44212859314032,166.0445287553539,159.76937118903845,113.02014135064537,3.0532602567730054
21.624095842434464,128.65228026209445,142.24125269182204,136.97461784973981,148.87416013523662,136.38226336321475,12.46536541246671,160.3624325217004,141.77629756834966,170.40892320353282,163.98485190897347,116.16676844123455,3.9795903532906625
21.10245484247888,134.72305319718294,167.86621573417978,141.04608032551653,158.04568003537943,142.29857146452707,10.333392173225334,166.46873395026964,152.26934491997122,169.67881839198338,170.14968932863232,115.90476208253506,4.154432473454666
20.97268841360436,132.92731704457427,167.21202259025702,140.04765557672363,155.4968325466849,129.06642079304444,13.100710064451158,150.56338850977627,163.7771196751192,171.19901289909288,172.18876521851033,118.06608409329185,5.064624687632607
24.122453518187182,134.62209073190456,171.22086741664992,145.01126825883784,155.7322621144958,122.90602632271592,9.544706106796273,153.13715023475967,147.70469688434994,175.02642406165484,170.8135376931844,119.83046074005117,5.15767141802001
22.397213742544793,140.7487171805201,169.99132196731534,145.8641406959115,149.99393721727063,113.12844106289148,11.210856596161834,151.67741941364162,166.8694564427667,177.0749038339742,169.91939100789497,118.86385545692255,5.295960301077355
28.178606603972103,136.48538747156263,171.2839687978415,149.86344072578785,146.44582958021525,114.10375992992657,14.758268605870306,147.06123808499333,163.3644009788452,178.71299237885097,170.16149951119422,117.5095650609234,5.261268936371043
31.844955240732773,130.16449900561966,173.0564855877468,151.32369961146887,142.0561603041315,116.73970136905793,15.432759638037991,146.7425886531795,147.24920059063436,178.5805608585497,169.33669110529985,116.40614031989737,6.064272124888663
31.21808083358203,129.2322729244665,168.21271552123238,154.1108009390199,139.0209271935541,121.4702382203628,16.110121239183446,145.11041863595986,160.76221682383087,177.9331532205186,169.06577559176495,117.72492467783435,6.090798521497244
32.6774189489541,129.07812340928055,164.11603353185095,160.2194671149528,141.31526780985325,134.98433436735039,15.761959325156417,145.273541785751,160.23673412376115,178.0836999613467,170.0984153360329,118.21111618365157,5.839564280808515
32.27729350248254,128.43465570139628,164.1015253535119,166.63387538919002,143.5774760548969,128.10359942408144,13.82100007320325,145.49190671251097,167.2377969178176,179.95759867669136,172.4717260673697,120.39746844093438,5.316844187471173
32.199803785708426,127.52418047752464,162.57373431399247,171.48404543923448,148.07740376184395,123.5054184070488,14.780610983025344,144.5436658506439,176.97115257037188,178.99198803840983,171.11723954721256,123.75182914150786,5.331721693154094
32.092637325360066,125.71606117136034,163.65201823837438,176.89276014439494,157.76188257710155,121.40198952938728,15.245923814787536,144.5779888620998,169.7003504214781,179.93666962142728,169.71603926765275,121.9474184322918,4.926624633517598
32.06653097210635,124.8303906467785,166.60673346058886,179.30474473366857,162.75480857783762,117.99372434544631,18.413288360434453,141.69993487466772,173.18977171756612,179.18907173878756,168.23606575932908,120.52358187016401,4.413531170100037
31.860505256084874,123.7714802907031,168.09793571817858,179.8141422008454,163.88211956953984,120.2992093093036,18.209557448136657,144.20704437148783,172.50451341197027,179.8897538763656,164.62427284776072,120.24424724412272,3.7025006513979855
29.253820082775498,126.63894732429588,167.16186813274413,179.17081187822998,164.90088652376258,125.71294664903978,18.28819294831037,145.4015485326521,171.71623386592813,174.5314787559502,152.90153615636595,124.01874907090854,3.147745944758611
28.050799054558343,127.28926499127682,167.1255339808847,178.50694935439248,167.26089156038756,120.92126081276135,18.32840129135585,147.46836281416748,173.1385334655701,167.5519422934475,138.02320676885057,133.6251731887674,2.622100158332497
26.196215387804344,129.5968246092981,167.85765213267956,177.48127303086596,169.43448612123848,123.38310799004182,18.011297218186346,149.31476717672547,174.50629288747922,162.80193786015894,131.8267705870076,140.18184593010895,2.034604766167921
26.76187788014329,127.59813449729235,172.4040153988243,176.6130553263644,170.68604874281638,122.94910424332237,18.411441405274473,150.29126568823494,173.75504154637306,158.04725219858932,129.0771413643008,130.78129450416847,1.4119023812002425
23.775030218150388,132.19354533096794,172.503438341026,176.60029183376807,169.80340614236437,121.59639088182605,18.169457022834507,150.12083953359337,177.49279611002817,152.18476241867225,131.2577731904896,133.47814172021694,1.0820875561547625
23.32274459537124,134.31695994079195,169.83832465981158,174.61135000207773,169.8761995807219,120.20044387147769,16.74455937166822,152.1780335565233,170.08045935926575,150.65961138323433,139.48953674644937,136.07501757130768,0.08576062492649543
22.23393162780284,137.57258596998884,168.83134208749163,171.92877794577294,171.76333090429213,122.11258208588848,15.544886928074117,154.4852157195578,163.88745501331195,151.00247767270776,148.7597486988255,134.0028378676368,0.5914817100515227
23.520981812545163,135.69230158818138,170.33477340864144,171.04692899518366,172.2986093664551,121.0126144627063,16.445829308001997,153.38349132467778,162.9783894742149,152.19078068977757,158.87990573687864,123.97901696332161,0.15410088546031445
24.56061855004865,132.89990820939846,171.71844909451391,170.03706534789995,172.9984267990809,120.34790224210127,16.157577244246824,149.97043797726545,170.75086718411276,152.15862128424183,165.8438588156154,108.1257523317434,0.42377784597710305
23.702645412101358,135.61609276315303,169.6240662524525,167.77982599642533,173.86450357344285,121.08030690875377,15.157735129166472,153.1819535991767,169.30604930624753,153.17229922606765,169.3899139048307,107.34777210097064,0.19626289171082417
22.864870613980024,136.63381495710306,165.6956810332974,166.6621719870303,171.95024503303856,119.52712437691282,14.977916935768569,154.8034509924736,165.37687161210155,153.89159650217638,169.00476602322533,115.05624920968285,0.3180768715034215
19.799787431775684,137.6872472499016,167.7489741729918,167.338912846508,167.3421471985484,116.60688543410522,15.807017646976472,150.31661811536767,171.06481093040912,150.08293871288956,162.63200160918745,115.16621940045394,0.021810497621463296
25.317098761144862,131.06160978867143,169.37853263076127,166.3917312196199,163.85349221294436,114.1403430880924,18.77219876119222,146.88157281417367,171.7874560657417,144.77178397675945,151.07767389011445,110.96756304307577,0.03270588813755516
23.4441955978068,132.93480154844272,167.8129344735447,167.95163958960202,158.39871918413928,113.54047758261451,16.306878729958473,143.0662815790198,168.9204749786871,139.83948356896602,142.9253470743835,110.57094920569445,0.5170001598681244
25.114937923907103,129.52079581983864,166.72214678286352,168.85319190764906,152.20636368631673,116.2631695626794,16.47528656698949,140.87495548479572,160.46905942934478,133.1446624498047,135.83913930454256,111.23467105797256,1.7404490019814527
25.85009969841717,127.57990443895525,169.42438473080665,168.62920977770978,147.03816977266186,115.25670529951913,19.828183269235616,134.41553441646803,175.59296620479333,127.85625566262205,128.45527211656105,110.73168695444849,1.790047969578561
27.375218031622513,123.96821754034458,166.2043391590503,168.5914471953481,142.50694473961536,113.79317502259374,18.234469410274354,137.82270212029786,148.2170122633731,123.94502768874095,123.40777372168326,110.85647491149787,1.9614153749151222
27.31709096286817,125.10316973774367,165.4187513873972,166.87190982751798,139.17965486940574,109.59569404400685,16.02394795897627,142.3398801459022,143.33516426036925,118.22907453644538,115.1199750989099,110.95514609936029,1.6642779809753514
24.29219495938098,127.65057963455834,164.46803430626508,166.37502487782766,134.2895666765636,105.24465029805455,13.498377566645539,147.89386329417658,113.69016872496717,114.40348185491159,110.14096222075145,112.04680097178365,1.5975123557983208
21.641042653232073,131.1022631038561,165.0849716540173,165.79980130576362,131.73410145041444,102.05200108855794,17.802477116950243,136.9646223368815,171.8012230797107,105.66980852222315,99.80983403919257,111.9226911704942,1.8856313840860728
16.616147922422183,136.419156587092,163.05767322734354,166.3679907375862,127.2316031133868,97.06909620323964,12.743914036575218,136.07574600538663,179.78928646092626,100.24167399641841,94.43990520078472,115.55015214146515,2.3764955846926474
20.406055755633584,130.48439037674174,168.17344538427142,166.29710242417576,124.33956907899196,95.59441960583409,11.712188058423237,139.98934037069256,170.15347012186072,94.1018631673717,88.44451285616553,117.14482835120435,2.8387187536530782
20.427927588134374,132.0908581912231,166.70989780607204,165.7228560685323,123.15241722559993,94.51832335911472,9.31595476982513,146.8262490782833,169.34855530398167,92.2050372531394,86.23722063069233,117.63630545331951,2.6561656814137735
20.219403706708214,130.30357455419409,171.13278456352944,165.7555229122365,120.97263085754332,94.58264789607735,11.514083384418502,145.03963496115054,177.76233543770672,91.26993169617813,84.25792205257093,117.54434921402303,2.1790685986955554
19.346152970420913,129.97048675203303,173.00055604610145,165.58445489653516,119.91557692645388,92.82694804625173,9.059114145088527,144.8993034623265,175.27553110962953,93.72362098138231,85.85803568959237,117.68011364786845,1.4828904982070936
17.80503748376946,129.86747240740152,172.01882830117523,165.64028415153936,119.85668990205745,93.18677652456068,8.110939119389933,148.60974166617478,166.97373043039903,96.47658871565376,88.53484680636451,117.95028421490362,1.0327162401277148
17.88353445701501,129.07000095856986,171.29912467949853,166.20824129012658,121.3892820139175,94.6901500929078,9.60305895241668,145.99629601201556,174.9729992137216,98.62584512594206,91.68234601607615,118.85507162546804,1.2194495561624883
16.863367526958687,132.92939972692002,153.01553319521864,165.0111204536953,123.09882217746473,95.97710788869308,8.823410795566032,148.79570867131346,88.87737748813677,99.87111799828429,92.4297915876836,119.20104347504963,0.25065637810839264
16.907225265133416,130.4423006304001,153.07570254050833,166.48384987913332,123.8266765108028,98.38806685229751,8.234716645582719,144.42208970180715,95.69080474899411,108.17993339436288,101.52545357869185,120.27419574531542,0.21177365038645238
19.688119433908287,133.52704225286814,158.50203321046476,168.50793030399598,126.27774973574984,101.67160360708968,8.531663640582819,147.172818536721,146.8266074291048,114.67284662524372,111.74322125324994,123.5546989201701,0.09297641411780859
18.550569775209933,134.661084120331,151.71482255903496,168.60289423143874,130.5366051592754,105.191384863764,8.929428282484851,124.72983297146625,174.96495493976394,121.22061898224337,121.86550087297893,126.32367884119284,0.5288879433160644
19.239188091581163,138.00752428315548,151.10852977429147,169.83963464210373,137.9309202504598,109.76315023104618,11.081710174703414,136.86629660286258,137.3845869175645,132.28771898041032,135.4135154745247,129.47600774419686,0.993012128847422
14.37713059196372,136.70278492551944,169.89357261216745,171.9299718472439,145.28356270220831,115.97313119233606,11.27899725548854,136.80868002006838,146.97453231102602,140.26314748611728,149.32325998930497,134.38627609900638,0.25207276652090854
15.527196756097318,137.89042294764317,162.74754018427853,171.91546828718333,154.1855662809333,118.82590296901216,8.720299925127074,148.0263675845252,138.07170182864309,146.64289577182234,161.9597976619917,137.74071663185094,0.29253314570767175
17.328726707269915,135.7384069865996,159.94027161640378,171.99439425780162,161.52429880451695,119.07878571906853,14.094942414068816,142.00571103111736,133.8510218706468,149.96518181390917,164.131391767609,127.17822642323443,0.3954245749745577
17.81147605630385,136.44539508229704,161.75441847914095,170.22882235974146,165.73956089741392,117.84382052235149,15.26357178383717,143.19080308063823,161.47142934055432,152.71030071485202,159.74750068433087,118.89919980774549,0.7274007614431174
19.39023643032022,133.34844430945705,172.17252805779336,171.33458731814372,168.02256813267968,118.06948524910828,19.16615340404181,140.6808214066689,170.60537798263624,152.59531802461143,154.45219519253686,118.10581103375755,0.34506938325049447
18.71827017395486,133.13555395064358,172.99971867538966,172.9850581421946,169.4404563018081,119.64880466355076,17.12498105997569,145.63088156834738,169.31540200453412,153.25736277202145,148.91784254899596,119.1185686813994,0.34344593365895304
15.058316086171029,140.13151863089044,173.0149907617053,173.78433395606424,171.08300900880442,121.90228848245836,14.768603696950477,149.3681779985007,168.3178742760689,153.9120601735351,142.60529017021102,118.61089754007791,0.6550472102564108
13.445061811481695,144.562552014915,166.67495396338165,174.04339671337593,172.10274862120377,121.84126037373268,13.886139768384519,155.20783543024578,167.2927555317872,156.76932757482584,139.41469698605852,125.0132571768024,0.8315912920277065
13.25978417761448,146.85335518652167,164.16688461908382,175.39284725959385,172.04678378111393,122.96233092922547,15.203939420315129,165.07043511929217,175.38885909104795,162.87140749057397,140.85337559723598,124.62664510803052,1.3153304478419652
14.765677014745455,143.39908262484656,166.70531153595715,177.4686642758461,171.5509312656309,124.20274713836503,14.335269961168958,161.66381615984446,152.57562663218704,166.87927893188703,143.71566782739333,122.27905380211114,2.126321543429578
13.193398767488524,143.54228123166618,167.19056740030584,179.5513363883979,168.86621508615812,123.57566369715693,10.436933026790578,159.41531268708277,171.9390284834814,173.22279508732376,152.85394186880342,126.889886777586,2.753859263403958
14.598754031743686,145.60214921841043,172.35516877618915,179.21696449361497,167.4105722153929,118.99519351963964,15.784737411985652,151.41271004744937,152.3580211643308,177.97388722631095,159.83652264300258,120.90494017381064,2.890855162332895
13.909005815047944,150.06648913436052,171.66291088069045,178.3130480964754,165.47355897000338,117.51113433785574,18.87248815535551,155.48028932206574,167.17988425593634,179.05318463580466,162.8218299218726,119.05910278947266,3.262289599267629
14.608092991326455,151.8026304651774,170.57820172284497,176.6145074629059,163.45910961388128,123.67162093650128,12.668875244897212,155.02292459981877,172.111630524956,178.00996705829525,166.12468146142888,126.22530785333002,4.1173055797036975
14.422275641057755,149.33830405313674,171.5824343040059,171.65945508763713,154.63902860275556,128.36843835938123,11.15645889088708,159.53423137337774,126.28994901970083,178.45810204850244,170.88870712499903,136.77949846168775,4.445212512180724
16.176321125313873,146.52468315512354,172.97332549276842,166.15585488197792,145.67228126449558,132.78789937762176,12.759097304962658,157.92263954302717,145.6763952783562,176.68946885322276,171.11245386476253,143.19858382779825,4.354344738492356
15.863944071391575,148.2509105803649,171.1879382297813,158.83716363838278,135.3350426906522,133.1201902397979,14.234181942512452,157.39778999211887,157.7238962823723,178.05781162825934,174.10291079849117,146.9430470342591,4.051586709518652
16.88246087125521,145.83461331123488,175.15427821258143,151.96276484500729,128.89736168135465,137.63635805068122,15.935383501629351,156.33487369013662,165.02876857671987,177.72966499586522,168.19331780963307,126.30348575201978,3.582644739958952
17.49177208747344,145.25310695257187,176.72862229496124,148.43322738307018,128.97563490774968,139.4627105199106,17.87059097419218,156.51477102815426,176.83847278317634,179.16011003661876,169.54377279450964,121.21935349411358,3.123574928202653
19.239209281338372,141.95786509145134,177.12439609868423,147.39282458672164,136.94291218503423,134.38077008174446,16.095493085500014,157.07015623124786,174.59926892220565,179.89250684978597,169.01217506537023,121.79915194958552,2.6484722709717627
13.927109595717448,152.73090554131363,174.68938887946828,147.07795511206763,142.96811527221186,136.52465198455388,17.899691623054267,153.20128489320155,172.27420618147323,178.89520803540816,169.33314286093488,120.84356583656063,1.5111150663896602
15.539348103770683,149.28448508751717,172.16742946319053,147.69296824701337,149.16441374744005,131.23688296827117,15.86549872039726,147.28577239580585,163.9767922291735,177.22875776556833,170.47323795412277,116.48796277069279,0.5714672042291515
17.253982173703594,144.61233736026892,172.5984924824265,149.29408900276204,157.44787695756744,126.51662317863286,13.759969159062434,147.0054086981022,171.73296599226865,174.11181658688116,171.9315567791889,116.90966281243121,0.11732433672077873
19.701854164793282,137.43501317845076,169.89459957771174,150.36853628910976,161.32013312383077,111.2531639951023,11.814203849963185,151.04388050652642,158.50419278106068,172.66069874274197,171.89398229339335,115.02267026810365,0.7718869453935289
16.22699540257211,142.13273740164155,171.1360231030627,149.63608622521897,163.13801398060076,93.70569046977253,14.502091740419383,139.6448139959202,168.30762861490132,169.91265608317136,172.44154686150202,113.38421266038496,1.4065680686511084
20.76421282903017,133.62367811406742,163.77555268453972,148.34111611149257,162.1847406833001,90.98936914309256,14.509068480780895,143.4401811092643,146.13693808724858,166.8927571065112,172.32426939990043,112.26576069632033,1.8897964351776166
19.93730447788324,135.3433013561491,162.04859598135363,147.19499802094683,159.4487524490435,103.02764325078726,13.382259835166247,142.66335915702373,148.80437283582353,166.5939954433929,168.47548577540758,109.55982357229789,2.3995589552939816
18.585389916593293,133.88194781568438,148.60673141689367,141.20845016192231,150.2803295182238,102.84886094843377,11.927257006264655,141.35983918525343,164.83947501165946,163.8372118560681,166.35835120753563,108.02565968518103,2.449575440678484
19.10005078151379,127.563107383086,153.88269133895213,131.96547620429516,135.74558665321052,111.383095795195,13.029724372496315,141.21575223855288,166.43148468228762,160.21541911923714,165.3529409015423,112.12866757312557,2.9481137106237267
15.075629396893547,133.30279919653648,143.936276353279,175.23950228300262,140.3928921207262,158.38458827208228,16.72308458559472,135.0745306800563,170.9553459249711,136.45647136889838,137.48962762748585,124.43396364758318,3.6198304460453286
18.304505682815957,119.97432768841058,154.9143725045127,179.19536667107636,143.39573067522605,121.69112192136636,16.54437035827021,132.92698839632106,173.813222038843,151.84212765508852,162.37680731461356,132.89586447443895,3.7178369593136678
13.185543338231884,129.10936125945287,143.7651644917988,121.99908028201777,115.08609911208335,128.75366187348644,2.834278763191245,159.7295982104088,160.2332710338844,179.6261375288514,120.05138615842297,100.08596109398445,2.8673238911043644
15.679596483978132,133.56862161095128,106.23687030837176,166.60976083494234,136.38028349862333,108.79323863693796,8.365440528556212,145.5022620526507,168.84853789513838,125.05629237615037,118.19855791769531,127.28290675890443,2.9851267851381134
18.848846222536505,109.8884407188066,138.15495352364704,119.14976706418992,110.00140593130645,126.13790993839925,9.324824542348095,134.54758004548543,151.4248902826739,167.37661183727118,131.85315962579696,109.81096179915886,2.2469495378971276
17.414537555347103,94.28986388502204,135.6151786743288,106.72518410403997,97.1100989219438,121.3511295953735,3.254275067829878,143.65193685232813,79.60560585862163,161.40886759181453,132.43397581248698,103.97698571500374,1.615975485172009
17.828395901485067,107.399070212028,135.0474082594828,98.45870580626018,88.11682351823085,119.41199982300053,9.335641104792975,126.32433338348616,129.60943827673447,158.4229012061986,131.3614928427124,102.17529973936071,1.4522855257613798
18.849089488171305,129.141868853729,85.62138077492382,95.80216965337075,84.07804120656913,118.09455892364454,2.1482367342445032,152.45141619720624,65.2979254341468,158.2811133883814,129.48942403206914,96.4687336997351,0.8060305835253757
20.65908917265263,111.14331116304932,141.83708133894274,94.07632916962416,81.03375726900947,117.44983672630137,1.0769942789439346,144.38631773527698,83.6719064127503,157.76468365987532,129.4450817271727,96.88535852908198,0.5725262861653017
22.28749230556208,100.69655400773198,130.66818060319653,93.2341851058592,78.7468276682175,115.64527896270509,3.282389956791894,140.04029128331632,87.79345174390131,158.78465923939288,126.80880091587427,97.31408929408268,0.2841039086302421
23.536139288791382,118.83214563029424,124.80706096912657,91.27750721542282,76.84097718705695,113.37448502819869,10.736975267254005,137.4452368160459,60.30122009616705,159.89188772043252,123.82261236431107,96.13822039035692,0.09954529170858961
19.718959151491873,113.07483144858132,103.71351821188607,89.12687658258059,75.17491784147397,113.08826398887128,10.199990860505006,133.6716073194049,80.22815191844388,160.19184292128753,121.97643801809049,95.30300557286613,0.6289606052847937
20.73952990322596,111.26642528079711,100.07611114074581,88.59564183745373,74.06534395332623,113.85402161800477,10.278254985844647,133.85277027848858,106.25007470661612,160.19696989462506,123.39429219986583,96.71482105815866,0.3074343480325573
23.420816967708184,112.38217328068505,95.3331143251326,91.76495566566481,77.2852908365369,114.15391026742158,10.800882009292252,125.67979417784392,93.48386210918177,160.52949157550376,125.21248903702275,96.6458472822586,0.26932294894801373
23.381595346080296,112.01572393664578,102.45856902866893,94.19909130990456,80.30777409490855,114.69434238211284,9.639153473500732,123.94816451919586,92.40565741082193,159.98445997474442,127.15088395081976,97.64934375362851,0.14489460449954264
22.343689957444052,109.69939739619093,149.85235852163356,94.1789558197785,81.90674202384517,117.00638201891954,7.389846728725477,125.33865713366525,78.81671645306922,160.58146495649603,125.92503273464033,97.59314010032053,0.11778224881340757
22.85253755794104,113.75542029690841,145.4500147434973,99.09221870073713,88.84459699084722,117.60360760882213,7.1596742199438905,132.76464714946852,108.98465883096024,161.73079375211262,128.50247315711522,100.07427615654983,1.0010697063343583
19.868970758140627,115.53332752921045,159.96375256531954,102.94377832499951,94.3176403576638,117.94252794467286,2.237571746052338,143.05686475367622,130.9390925099825,159.72301738216515,139.73539455208646,110.10471302751637,1.0156760059827674
19.395441983136113,120.52709622683874,174.45888963873102,107.46126474495692,100.3723485430656,118.38142780973084,3.4583846082230507,160.7507581971234,135.82730288338402,161.81473608624384,139.52923030935574,107.57097050969594,1.3739876797769326
21.68041266225006,121.65614372279668,168.0551817502104,111.82755951921405,107.51401588290676,121.27280148242531,5.925816268345418,148.79411894357236,138.5533690063233,163.73917230571527,141.43723833622298,110.26148819902714,1.676365379273709
19.55426396511625,118.14081817115901,159.77419003154833,158.5298352938823,142.04303776673538,111.44589233460654,11.044870159717563,142.55337699448435,148.57906994545263,174.38001952540833,159.0789302047851,128.77585131479964,1.2151306996399667
19.785690139143178,122.77458614724596,160.95071552662628,134.92880864747352,134.81755459825064,124.9567986289085,8.935842622915786,140.18395365647353,139.04402008592763,167.82789229221336,159.46057671091833,116.91106229071445,2.0502277421245543
17.8334330599224,128.58267904862615,169.70529395862525,132.1890972475105,136.35543026419882,123.98524081018616,9.539317150636002,147.39539474663255,131.8154418902433,167.7921436688493,158.89478936664963,113.76502217936566,2.035570072205347
15.864050329903769,126.1221889254286,174.77611890601028,135.75148404444772,145.3715463906789,127.61575074226094,9.178479587645198,168.07245464104352,169.52845714623032,168.88731438340648,162.43525947011005,114.13515793453413,2.007560577814044
19.88646218307041,124.65716377113087,165.50691110007068,139.73072940992466,155.70072749553307,135.90425722055235,14.018952566416857,161.4646261678836,167.33769926265805,169.88797431486182,168.79641973033955,113.30514714585246,2.65227357749906
23.101123690394438,120.09702538745321,162.3346524063469,139.9808870892467,156.38600774982876,132.0529092496744,15.996608772803242,150.4903930245164,118.0525392717262,168.65845426880443,173.66620344015217,116.55885740646235,2.615835777140656
26.650723485328246,104.39753237887645,173.85773908544888,139.21605310208562,149.61982140300603,127.09424975146644,12.2155333508083,156.83428198259506,113.6413821347246,170.47166082098832,175.4990759402803,116.0804243657657,3.07712348011235
23.862061142291335,102.13530319325264,159.25974336923343,170.3691179412615,175.4335510454738,116.6231272034075,12.536770623555576,164.00926463377044,161.02508155889976,145.67058650663077,149.39475949634956,125.8900706898531,2.8967359409134525
24.874288618850226,117.67489841791144,162.056418873304,149.2033429514284,134.63901282950837,96.2917464408158,17.531282257094684,139.46620404500666,137.4297600880989,174.73594153221154,176.53123834329097,108.1783819511489,3.466752853469874
25.99591414875024,122.58722591810013,164.1644495380266,149.42649150089338,134.39408017045247,125.29707323855924,16.234171437730147,142.73305771185787,175.9489313311011,178.16706952507528,171.90095828798027,110.74201597594593,3.403039188479379
27.467128926432117,123.29731562471044,161.24882253394412,153.26161288413246,130.79761157828258,140.36902388819635,20.18231690105779,131.66737316690046,173.1060285952371,177.50162956597126,172.97657254614612,126.5089951327416,2.7751868029131557
26.31064940732818,128.1992119910616,157.83263400908112,163.16752069238092,136.69213152122057,136.46720411752435,16.501172793715895,139.5666758761772,172.2841994354721,179.52415701662795,171.3312289904515,128.64107449553222,2.6003036086159037
25.01601846035439,129.54316621766733,153.0781750529315,170.54391109109375,144.14429364585718,131.11259745707102,15.74824124859185,140.53275701512948,170.03179305907594,179.99531445926954,168.98040088902374,130.15500310855035,2.649374320847773
28.320937507243382,121.11540754389767,159.3083393547836,176.00376943809505,154.87156533400875,130.14829924041027,17.48610966669455,142.6901134791812,168.2935766686456,179.1793220887974,166.2039641575243,128.3372083706894,2.659094088048723
27.304927573603262,121.26936848153174,161.61985746068854,178.48036903180673,160.22438996808867,122.0315607505006,19.841427334813343,138.60941118437117,173.95061253505688,179.47861389899614,163.6381311910283,124.48848580249543,2.4594881854584876
25.528227038785122,121.80339598398298,157.30044228857597,178.48184993442447,168.99119338921815,122.55622651523265,16.269007166056404,156.17628081076592,175.58276715872702,175.02753053326177,152.52897009586604,121.2173391649854,2.9551078012361964
24.005759418108415,124.08837230272623,173.27563568369192,177.72515674485473,172.5320740749926,121.53594503169002,18.3909739002759,154.32702434158406,156.67329874115018,168.15082790027932,140.49377902861997,128.66260533333036,3.1732089883280583
24.63874217659599,125.66197570169992,170.1394018294561,176.75250104394476,175.1185265262045,120.83277149227364,21.758907233885452,151.13123381452857,149.75545433819823,163.59806820058188,134.6150715373361,132.95721174665886,3.1644075619182592
25.49926132423631,126.75446935448146,165.85629770482106,176.56096676093418,175.46201988680335,121.15170796330014,25.842423124451322,140.30976347887173,166.3048626387143,157.52473749948732,132.60939866083808,130.94316730951468,2.9632531495064662
26.78343229697933,124.07269811211852,165.21104718923337,175.60846896157724,175.57272171689993,120.81930014374453,27.229137246745783,136.66519836072482,149.97225825433551,151.5505303210195,133.56805646928382,135.1283429459707,2.6529708363917397
27.008299797843673,124.13245103870864,165.54224456159835,174.85715605017091,176.0256923427123,117.44268488985252,27.868701992902857,133.5092498099645,148.6613982574039,146.85177347079042,136.94057916329118,135.53035249370146,2.621155329583179
26.471286621523156,124.53276662631893,166.63384328848258,174.47798225150117,175.89732988919476,119.18331998594847,24.90089639993157,135.2941459177452,169.20692274513516,145.96367309955323,143.49478187869315,135.98835235141055,2.1409523952570595
26.220245010896306,125.87354882054554,164.57309526304988,173.88456462323126,175.66681006423957,120.31947143234686,25.573431407949574,136.25628992462927,179.61027114775752,149.55411454895295,153.03521574313828,135.54992128658952,1.4386862608047881
27.91851488425491,124.10239709945712,168.6551759715116,171.084788813319,176.51959452297862,120.74374016532752,20.821368204767406,146.53621918413313,167.87336651013655,152.63945961809983,162.70510459199906,129.45433292526434,0.7645098998637831
25.5857021037606,128.11096210575036,171.30297051376076,169.59557666415577,177.6263588840873,121.53839837677955,19.620239717977338,147.4909945658922,164.66580391219628,153.45128908424033,167.5769677008531,114.73216272198911,0.5569026193073169
27.467124305726582,124.89316610168856,172.6286989294667,167.66619295303923,178.4253447655922,121.05788031859373,16.43343216350171,149.99121717054086,163.35398619763427,154.12857930704433,172.36737768575622,109.45470682896672,0.7680761723020261
26.01476719412665,122.97632621231222,173.2690633281871,164.9168412763552,179.72566790285595,122.6704999836095,17.545403960537712,155.04461379669897,168.52602656928997,153.14077731712203,172.4899702763062,112.16087222919366,0.7305056429822243
23.005683525388243,125.67127708542354,171.22686232578852,165.14705417038604,175.39769826863713,121.997356641097,18.164182774779235,147.2732313767064,175.38632112739703,150.8143363534784,167.67589743232952,112.58410376497744,0.5175727881855321
19.72880405852728,129.0546404534404,169.68274823048537,164.27348608205907,172.993709664054,118.65418502778127,14.668272425795346,158.1657927599323,171.62347735576753,144.0246643985124,156.27165637532775,117.21271328951575,0.6059598498181585
19.543965894155864,129.61111457188096,168.33088555736265,162.06273132310548,171.96852866063654,115.89330016998852,17.215063835600525,144.18690337012362,170.66177713396115,135.12043158042712,141.91820503572995,116.44326110594318,0.5578930277781097
22.906474032987614,124.4394904534319,171.72270859700606,161.313991593987,168.97594011723118,112.99541570229607,16.55242460881918,141.2943525326388,159.85412633952086,131.2253983092032,134.54820434834636,116.09058270807354,0.6565654601633153
24.779988092579117,118.41965563893798,173.2207666815344,159.87892989753522,167.52450925385497,111.41920773319947,11.67040244118935,145.14350908415355,140.14080676882202,124.91986566078516,127.38332195809915,117.84290247156143,1.352751711505467
23.048475504893428,122.65238686504064,173.57042412757048,159.354509766659,166.4402315652728,112.04347713322097,12.234304838430889,144.1010539472416,142.49877850901888,120.27277705511223,120.48078967331776,119.132837641425,1.7321712468885362
22.4441927553336,121.51367141475824,173.63219083763923,158.6683349126587,164.82193139633367,110.59103351065869,17.425315608397845,137.95653573493394,173.867133219285,117.71376705238643,116.55569287007121,117.4897292992139,2.3656472257224954
20.646720204519475,125.60091411113349,171.19961924255273,157.54362287787043,163.7383297743535,111.53381100396932,14.684675547824405,148.22795960256568,133.96445702584882,115.15266406897419,112.04293425158241,116.62623761410829,2.5580815443549194
20.70015558441953,124.13076412380437,159.59701170657775,158.96380847548298,160.72857820599512,112.18385288559239,14.902795958797242,142.7389420900142,155.82339828924577,109.15272661965193,105.85585186432412,118.69250475221021,3.7738440645106786
18.667669493653314,127.77628491067006,164.50973206178887,158.95691900550852,158.6864645969856,111.59072954329285,13.24831104053184,146.7166776086877,101.38088854403283,106.17989042527729,101.60315247677993,117.89090221955038,3.6753708995626
19.615797320934437,127.37510260673315,169.70619540127316,158.83459936079046,157.8654458745054,109.58484292869566,10.136103720399394,153.0793663365461,161.31163729509612,102.75247640484481,97.81859930114138,117.04660423553649,4.271820049430061
21.973266243266977,124.19613135341983,169.30395836283714,159.1791568872519,156.11514747297784,110.00445858080911,13.343737666670632,146.15982919866548,167.4583878231981,99.16607709661771,94.63136063974655,117.03893031862201,4.987935561816712
15.713859961485625,135.29331280968353,169.8165437624331,159.986835938145,153.58804396143012,110.08298664164394,5.747556919973664,156.94793778486297,167.85585569276324,99.84014507919953,96.54349380809407,117.67820397434329,5.438406165623546
18.372594885345965,131.03689835058879,169.00177295542096,159.65961350464488,153.86436465790644,110.77280645217894,10.204801787500681,149.43792950549437,162.2190466006422,102.25275696508109,96.87716487621118,118.1456365846471,4.411182475853051
19.744021508729926,129.5872965378182,168.48027131181672,159.73483331454926,154.6943570442364,111.0859157940664,11.962291249122005,143.67193864901878,167.6362502676079,104.64454548467462,99.10136739968954,119.31630445021149,4.12824150565343
19.228015513679125,129.86331510610154,159.889443039445,160.21778347824034,154.73707369382976,111.75890301953379,9.195976227294777,147.15969344734012,156.94880575964666,105.57389046238092,100.78220925815323,119.96117311694269,4.15424266073721
20.84443613110906,129.36135805929447,152.51991735632484,160.8915844874941,154.44663896851935,111.96040057596572,8.1695016433328,142.7573438432893,134.6004018198638,109.2395235161467,104.96468134653611,120.55559734996055,3.9213180647199133
22.12989911098719,124.40927586667533,151.5999854163515,161.1733882336657,155.62410995411938,113.84909969751536,9.630253761905797,144.72503950081122,112.2340245125028,114.1871048363822,110.34900069784362,121.18476501754371,3.483058551669423
22.10420371251087,128.2666734044011,161.57718445185375,162.23415753807075,156.6213800828649,114.6065359095417,10.391736013667014,138.36547059394795,171.4517478001672,119.91700374778088,118.11488747010694,122.3244952300908,2.8959073092074066
21.020549152298116,129.51390773019213,162.76947056858415,163.30292372831767,158.22817608976888,115.18048322066099,9.516719537984173,140.21065828013596,168.0677665376909,124.51749911370509,126.73908553215347,125.38636314547881,3.002581519174236
19.539967666244333,130.6975627072135,167.01457265211772,164.8013707673887,159.58384053571683,116.86682699198083,9.555544263354369,149.7169596706773,169.22255012949907,128.7114857222143,134.2953654574432,127.83103411869388,2.9030730356604373
18.18714113714023,133.29577725965834,166.4873172834725,166.85984700091373,160.96599176751008,118.24392060482728,6.574653781523087,144.4303563515047,165.20737203574288,133.5427138820359,142.32031649575745,130.893346299691,2.7221110318366977
22.9723096248744,128.47501597289508,171.01055245639856,170.41742914420584,162.34498859482326,118.99607222984858,10.633025051208481,148.5230904005892,156.3457428553166,139.51882828535093,154.72226699420472,136.62961093160766,3.5426129151612775
19.679581535798906,136.11586988822012,164.71610869808885,170.86658614662,166.13513738879277,120.05615185723342,8.82715292898278,156.47207022649744,159.39647040264464,145.79998891360003,164.82323458986204,146.1015867224809,2.778584774238499
24.15208019347757,134.7970699449603,161.56013140227984,170.21910013520622,170.5050755735201,121.46151965162088,10.986553090635917,146.33372044420727,158.11629342644034,149.13005489937902,169.41799345876407,145.15505306698878,2.4150678544806428
22.74917517592529,137.31169727660313,166.97896171440019,170.2255425463594,172.06100551471357,119.86788137922613,15.922579242016853,151.4489931661369,164.6427145423999,149.37353078507186,164.62016290740027,130.49372053637737,2.0982304564745378
24.948215565985638,135.19979342411398,160.555429886707,173.46150886489013,172.32014913703094,120.52650400858555,22.38583791418184,140.16985454863695,168.51984651824174,148.18500617360152,155.33772642659423,117.35772797369864,2.8958143610536684
21.812295356059888,139.39181146942988,161.81534367754145,174.7203780207205,173.04889868651497,120.17407779877989,20.821419589045558,141.85339284274292,178.4270200633593,146.63323848389524,148.15410267233852,110.07571521103951,3.263609273778794
17.676281188834505,143.01386163184543,164.77374768842907,174.61935506106968,173.68128160839873,118.97508250174914,21.680113029450407,141.15705110916346,171.2601925424558,146.9060110956354,141.61567159409495,106.71227579620388,2.7906309370032867
8.758661151512449,154.48544831651566,170.90842711742832,174.9539239903634,175.25355357984168,121.1067258666383,20.91184089890094,154.13587188427283,178.27162466163978,149.80527541197773,137.41062969233397,120.78295243205753,2.5464525055291922
13.731240698230154,146.57696643715488,174.10987366020035,175.9773262469331,174.72295327893187,123.51929398819522,19.769884443535922,160.19480661365824,177.34037611393785,156.8639271026966,139.01852887467032,120.34255170751165,2.2946850157954874
16.33848539189515,140.32824834681514,169.96015749079373,177.5971086864148,173.07866446639056,124.14520916638219,17.30860641649016,163.09828465454464,151.4377437827729,163.15249880466882,141.829704143369,120.03320183355517,2.8757628168329687
19.269373650608003,134.71747008189638,168.78116389758554,177.7403401639386,172.83545311078066,126.44496539696074,15.310269080740849,152.99334802745062,176.01831374157962,168.16653200885244,145.9702299461504,127.37780053425318,3.1458803875402093
19.017574169188425,136.29769209280593,164.28076233034423,178.67260173944769,170.16485096047134,124.59838382365298,15.598420649494658,149.0166187504478,175.00591814887497,177.89529113723694,160.23418641055676,124.70882679347984,2.7660839764157985
18.663616739746928,137.390737831059,169.30693146896743,178.4420459090953,168.3264030213602,122.31677356472116,19.02725552616096,145.07709011080397,174.9315310541702,179.04745385553932,165.2139370730446,120.68423652519691,2.3127030313845136
15.83771223235343,150.1979226635706,169.13426474175083,177.27564048267988,161.97998589204047,125.71103398544786,18.25842687426981,166.93073063529042,166.06952995299682,178.38252732825373,161.69410856343222,122.57572876188937,2.689804664131408
14.80663812574852,149.12169406401452,173.83290522356378,171.81192155260842,151.56659796299743,128.71717056487012,14.950094375990082,166.282704512125,170.98549770732194,175.54680381072438,163.6936283216101,129.53089398082912,3.3795487032722207
15.338446156979302,148.11341649388768,170.331383822241,166.25993183932292,140.94288693167724,128.81796749153818,14.305394596656628,161.9850104014976,144.69972028669855,175.61332684090695,166.18793880455024,136.69517444348526,3.0660231250659633
14.393341546089927,151.05688520311173,170.03489823306575,161.23942316011735,134.9963425717618,129.97074265330286,12.667796323385739,160.59068373384267,147.68764584721117,175.49589835207556,166.58718762007788,140.87870561818113,2.832182143898042
13.224240816014165,153.4397038234936,170.67919262545024,156.13133903851943,132.46916180113604,135.15907754871435,11.048559671447878,160.90746666164907,151.99948849847593,177.43572320735498,168.31627823801452,136.3457662759914,2.4541334657695697
12.182190642777053,155.81913318851863,167.09395677650596,153.585500489496,131.87880572882696,128.7351013140134,11.282973446034157,164.11142986070053,176.30108189915083,178.63513797749044,168.10550985278292,131.21492409278588,1.876517328375246
6.862039665070407,165.2682815585499,179.87394385870874,152.68964069164946,139.56488250570655,133.06091919182853,11.179367724710156,164.97887549056165,171.99781643775614,178.6678762041075,171.69052759192687,126.29681515612008,1.0586029085148818
8.263619661682458,164.10904137286116,178.03316464378202,151.67819820335075,146.0764001849329,134.8590989376067,7.441133546309636,167.4362747474254,161.62967057352932,178.23266387704896,172.75323419911663,124.07140212096658,0.8819673317824976
7.485501281791073,164.12792993553225,170.67643071131397,150.80931191875084,132.13535529915316,122.53113201221304,5.213715397499094,163.36440160066527,169.9420892234913,175.16672045213588,175.25002475661995,154.69124360666135,0.8175093394657674
11.118780831167012,159.80565110923322,166.96683917540767,150.69567192329808,157.97034475229128,130.04594371783116,7.962296970787917,154.20698294647306,178.38204767001605,172.6654315203246,177.76468876413958,118.21406598683275,0.37347770375627176
14.862967737960764,153.39353422504627,167.03156221384165,152.04840866879726,163.26321049855014,107.60438192410521,8.159627604089836,154.2688621105132,175.00206589215247,172.6639337808649,175.87711074764084,111.21177507207996,0.13797570280661556
14.715917607176165,151.2570106268347,174.88666051769616,150.6430321435902,166.24729298990636,92.8744369444685,10.557698038404961,151.7866045568747,174.6279196734438,168.07058146088463,178.2371766508734,110.07654432455186,0.5333296827313928
15.755815690390664,147.92303948320523,167.43717557601855,149.54231825743068,166.8426228328676,89.88206063199289,9.579630135374119,151.8458073924502,166.26408437238516,163.0520786667672,178.94014364152397,111.98937309112068,0.9928111040863181
18.767008727416346,134.4840029714458,159.25446423554706,148.33736113696216,164.86562434448155,105.35550578460789,13.162599516169617,140.49954279712608,169.85932955336452,163.9275389536122,176.90379239027376,107.53246411243903,0.8992666190027196
18.007558609989577,131.68785239725617,161.9184261963055,144.99276807533198,158.71071212858868,110.08142486572403,11.948702375537588,140.9476353664647,172.13037544610816,164.29832782983638,171.82062816017424,105.19972008695588,0.8674348608605912
20.117019486568655,131.95583871810175,153.6943315125265,141.36652949761077,149.56208529445246,107.61437890126797,15.060331736929978,137.92339217066927,154.873309535921,164.302828920732,167.39075960773621,102.72305076831869,1.2237101337113752
20.61728116028104,124.93051273701681,153.14599418316357,134.45842300389307,138.8331481010966,112.2636328228627,15.550625527473125,137.07255172990222,169.04629479735323,162.76817916803896,163.5941276547666,110.11144263245653,1.4479876329544792
18.12604544661181,123.53634375692765,157.90928223481922,175.51809100483513,140.8151830878811,153.6278823495665,14.039323153334392,140.0476880632311,163.23953638800648,136.30230518441144,139.08088555675295,127.44678759239984,1.6232686470544677
15.215650530673448,127.53338537101642,154.02618364628853,163.64524198293006,155.68451524503232,111.44686112508656,14.924374055725025,145.21354095336986,121.11556347699901,131.68520618796617,129.0622260912358,120.14061783301881,1.7649086752365053
20.525497450860353,114.94203386192835,139.48236313141362,158.87220094647287,155.88508010727816,115.40376593352529,17.166607205592918,133.18324466558028,149.94801976917742,127.12412538230014,122.8639762189178,121.89022706584991,2.089751712468393
19.753685084165657,120.40043072591062,137.5999065203867,126.11719096103012,120.78385048368482,127.00129384142687,12.916402882169672,136.11396221097152,148.76930678345417,163.7151241420426,151.83094557750422,116.5199830222436,0.5003416508217728
19.191809320592693,117.99197200962614,139.9472752191432,116.4122943317373,111.32674214522642,122.57133029661347,10.346071570874646,134.12435981604597,139.26955102285788,161.9854458489074,149.62976802432775,122.57434358126326,0.21357822091053016
17.472362145048294,116.56748064561225,133.97280459325816,113.27465817791692,107.12917574112204,118.15896488680092,7.146778885699643,138.15609728420853,144.0250466269205,160.3651638096216,148.61939548240028,120.98878230878319,0.3362593410143135
16.217229682929432,120.25257648378431,164.76926510241492,110.74559100387775,103.26882571571511,117.39367911631012,1.5347436864509056,147.7546454915203,119.00252862092076,160.27537071889986,147.10509731381646,117.9089865024621,0.698519269548481
19.280371858429827,123.55252251560246,154.81676171558286,109.89883820625789,102.13657769314183,117.26537210071108,1.9126237430047706,154.32061362133086,143.97093216201102,158.90198063185827,146.97318895563168,121.13583582903864,0.6246833675045143
20.11799114045183,124.65212280443338,118.9374889676343,109.07600680000971,100.79275646561916,117.0284696175284,2.5973511372000107,158.43378374415545,131.22475349462675,157.97628490962742,146.63578823349303,113.10094211490974,0.6348592184043419
17.660536817670327,127.097495247253,132.4084263228272,108.78235120020086,100.78347102794656,116.37662570758113,5.831498987282307,146.06570417010323,112.99448064539457,158.11347345669046,145.41887760706166,114.11317532087803,0.6604656541437862
19.001901179504,132.29654857743574,110.07559371693753,110.84742607886268,102.40734545693842,115.27608342824239,6.931508750113438,141.89918462261275,149.8456995713823,159.30111243134905,145.48403670075638,112.29127813457326,0.5268300097992941
15.692185290832144,136.90676323921042,170.2873085019479,113.06151760078475,105.62900710442841,115.55274898522335,5.289755117900839,144.56428092339263,112.44206279610074,160.03276612606206,146.068627294833,112.31392141031763,0.5071187402432792
15.807694833063891,136.72783249034643,163.73539232859505,116.86465485570008,110.89115925859132,115.05926605969407,5.842340159542922,143.61066641640107,110.19041575765621,160.0232682036132,147.21001145902898,112.11475496820928,0.6335768102978394
17.0456521538517,135.83740497625212,159.16649960002215,119.10317599738295,113.97117774561048,115.7587635732661,8.342827489789244,134.19529693486535,140.70120011307793,159.77659870447303,148.32963659493979,112.98358909700222,0.24009954957265647
21.35260589918542,127.98279705766976,147.48576774923515,120.36406956444347,114.98926103754447,115.77678905165638,9.755307687528862,135.36514642607384,142.27243065856413,159.21716809901326,151.2963123797915,115.89096460953843,0.4161389061240957
21.47776661938127,130.62737095183942,152.42990186480876,125.09587600220942,120.25975948700616,113.89888982822774,8.517238242763906,144.96027385327562,123.12437842913866,161.18513376513135,153.9924876931353,118.53619938337634,0.47753426798298576
20.857046150485683,118.03236047099878,174.67554929796333,129.0195074183567,126.91849550075021,113.49589283009037,7.508307138795316,155.93901860455068,97.32421281531926,162.95355878711692,158.2202936777236,120.88243552573164,0.23061018306212483
19.245190716218065,116.2877521637948,170.853497585014,131.7275026359347,133.30954111223548,115.10667969395821,8.497531826543051,148.6985612448399,98.74375587434692,167.37633843003346,159.27303793397914,119.30118971059255,0.5376812998746131
20.169707345645698,119.13788869202268,176.590958192672,133.31488299757717,138.48683227754205,119.32573891263034,9.866815787462194,158.53269729720608,92.95067286196684,166.04245492540392,164.16627534528536,118.37025732034999,0.1504108578087541
17.615951524419092,124.59643162345243,176.21156033022632,138.07911462161155,148.88618063576746,125.62693639334528,11.329686740242723,158.67120042739776,118.62740161690907,166.04455464489624,166.46801418180718,117.70444621568184,0.03383545023065773
18.3182289193468,131.15263607701945,175.67571712807194,144.5606831173508,161.15688873674657,135.78169140124433,11.552953305007541,147.75296349520437,165.13191539315457,169.23366999870626,167.96630578725717,118.32661741221506,0.3011509636919751
17.487502798746505,137.08359395164302,177.72615162392088,148.27069832595916,165.15688801413216,135.55453340166818,9.567119383099383,154.6688856725985,164.40974557606046,169.02039057402234,170.65830060905873,115.27578258449725,0.352062986042486
19.461851677797117,138.37184351160062,177.91391993260146,148.1846494061371,159.98517357204796,129.24128509242112,10.329406527089557,157.30686685065427,174.6273503547692,169.85848084789836,172.92132687419243,113.17507062260223,0.333054792332949
21.1871675206733,135.4395477497594,179.9964161830391,148.7754124490075,152.68483606204788,122.5223082630747,13.101301563727723,150.86932309763915,174.29736332154616,172.44259488945937,173.17006035025915,110.85789882691485,0.046406398393587164
23.5019368575052,133.6245077398656,174.47328241739737,148.85507109392336,145.9468144571517,117.71834270905713,15.668327490100875,143.7486268321078,171.13600393251875,175.26435498202474,170.8947130421009,109.25048272652218,0.3753143930566214
22.19489010136942,136.3609854787401,168.66127085110557,150.3100411204455,141.05147990969073,117.52926058690711,14.682613069708864,143.6257516741158,169.1673820486706,177.6805138840115,169.62222422499303,110.48007399579934,0.4940018056611056
24.92684414471403,133.28561434799514,167.09820595817072,153.9303576207862,137.5383555111581,126.04169750881681,15.422672369348408,142.46737343250146,169.51954852287153,177.68321902968438,169.94297965663543,113.05530303684918,0.28535980249819043
25.82473565258836,132.24318114502043,170.53568118784304,158.323180649958,135.68316839867572,131.958296326908,15.274522388942211,142.0049531188268,171.49815027241817,179.73399693681097,169.44948548286908,126.44894256761057,0.8056338164704918
24.737254961309702,134.74104430504534,167.4306513371529,165.70640947495352,138.7276908624425,128.67558653817446,13.705007672044731,146.98593303355105,156.47060915372037,179.82982821167093,172.04177035168107,135.9698537375583,0.7557068257571855
24.314539467655177,132.1459869598483,167.7399872905783,170.76911017211265,145.56840780662802,130.18123336015225,13.502758397354366,144.0616706630569,171.17556040632553,178.81613440027485,170.71622872348905,134.66684554643183,1.5542441700060352
23.413912310289962,129.716677060837,169.01176783157473,176.17436784319565,154.79947248491322,129.55990633190484,17.368107146607176,149.55474167939164,178.18486358709814,179.88751449634216,168.7038548753896,131.23260490390467,1.203576711798999
25.605746299930974,126.89155384545728,169.14418587638903,178.87004831067293,161.91477629632803,117.17256831439869,22.79009999312223,135.04314220902535,178.91387956162296,178.0044475887976,166.82961387914096,124.37692627480077,0.2941120041401583
23.64947087090964,128.33698084374666,170.48922676805793,177.28077654701397,168.90082287322062,116.58762737777602,19.083605375247757,142.42379729051316,175.722645191612,179.3127396989216,163.7963069918183,119.68296080715587,0.840384126795321
21.551863012486038,130.47220714652119,169.45965606554955,177.5248850014858,172.37164806988773,117.47230915951937,18.054113046526187,145.5731235259449,178.25566600857846,172.9665249357041,150.7515190599094,121.46287888816298,1.4353273846383174
21.177555563834996,130.90475187932412,170.79789585863227,177.01175619749978,174.29740010455194,116.48127199941644,20.80183183894093,141.42389852089158,176.01711426179372,165.99841412472523,138.65101088978906,130.00233030130255,1.2852446353941422
22.718160379026887,130.03365541753044,169.4517897579129,175.70816956947183,175.2242812302513,116.54922728243105,22.528059305049315,138.84190707385775,178.80485464717682,161.85197234743416,134.84401479685067,130.69541880111694,0.8638118711007158
24.30443940315916,127.38678684257403,172.1914473898029,174.51069964900367,175.15190069181224,115.64839925857694,20.931894956159983,139.91484170636346,176.8772641761789,155.24926748474135,132.01963274294204,129.4101684167296,0.3980786142306736
24.329126716778937,127.4242930775455,173.1957970365358,174.378454773948,174.27325296830688,112.01962189911846,21.65377693016427,137.39504942339556,174.65137107919816,150.44963681983046,134.08656597369273,135.02074882464095,0.15826443575255436
24.02697685001668,127.63499076298473,174.93265614344853,173.96854102043517,174.2228093859117,111.41049165490242,21.887573603753186,136.34678482723868,177.58818189866423,146.70643110141694,136.00485389658144,133.17717231611633,0.19803780672851903
23.48660973358271,127.03445001457027,173.86919390694672,173.68196651851747,174.05401306562635,111.75442439335909,20.546551714059603,138.19683142517513,173.62177113270178,148.3353446176221,143.3935741512992,135.94990204588666,0.8847667671028591
25.232299722445013,124.14906249706145,178.18898601983298,172.52883952485664,174.51935463539778,111.54284222783778,23.339531715733592,136.74908673938512,176.7537036869964,148.87610523208485,147.8956852315,130.0185119743522,1.6606072701898242
22.070182560294267,132.8867717513393,176.12187149812652,168.94162554095587,176.49700369467362,111.71057684318212,20.66594980965892,139.1649475430257,179.9576653246399,149.86424020608467,154.71169696554986,128.05232280336926,2.659762893098154
20.553702126641227,136.40082149743404,172.32930061640468,167.00607725520513,177.08916633719764,113.38878883563675,18.841749584038247,144.80722862336114,175.51803602214358,151.850061995051,160.2801117979891,113.44216463701966,3.017971178461501
20.282120059769614,134.03569546209567,169.78533961349837,163.56738011739205,179.43433945659675,114.21972329735252,17.816699525713247,144.48495761580236,176.06300723111835,151.92362749974524,163.4033269342955,99.02526433329928,3.142820257592375
19.57653268100908,132.80136063773972,171.1104778631759,163.01718852131424,177.43803056913714,114.25361730397688,17.042158533262285,140.76891847760703,177.3479129449901,152.79762592654444,167.0798579555724,98.93228082855663,2.8999317072181556
22.04340506495308,124.66195728146215,174.3761638206221,163.25288282883758,175.04768634137858,113.2159774880255,20.381081434519903,137.77072734034667,175.91493858100077,150.3215553879252,164.93562405617013,106.07764168426156,1.9402452565100108
19.693850426475528,126.86701576296944,172.1772417458996,163.01576374160496,172.19280036615922,110.6890733108702,16.03027662973187,146.92318016582,165.14736654895486,146.29073740834656,158.89579704428232,102.76739607340362,1.4732418969557042
19.679619906359026,124.16313307346202,172.4201455911054,161.86918259543413,170.02003988340158,110.34772993410333,17.185331402753107,142.5955398271258,163.11436649939398,138.6571032328401,146.60225654457247,116.14071862037925,1.2961276596759155
20.787433811675196,122.4811886593984,173.23036317871455,161.15440084208367,167.35555844600077,108.37342193175266,14.805024786705875,141.77490029436152,178.2007320537937,134.75025876211924,138.9806130009305,118.4320045647305,1.2654771810637873
20.713658989609293,125.6680466270299,170.86930617845184,162.27051601661566,161.84407883397586,108.84749740433156,11.312581710427532,145.94004751471945,172.96135110321993,130.57026148929862,133.338078671717,119.5650291361696,0.15412939680704857
22.171038793926627,122.87971915886916,172.34049126464146,161.50553345074954,159.12061031645442,110.89230459686522,12.160706419225702,156.6648168714852,173.29543127900806,127.04590977224454,128.06727490369627,118.45331981525968,0.11749673864515378
22.592175828751582,124.4326988598969,173.1778419938649,162.3123332751108,157.30869684085778,115.01086379271104,14.508922041809203,151.12058885591557,171.6825639599175,120.79211267493265,119.97363685619453,116.86163838284779,1.0799165392172536
21.87581387687866,126.51267306505527,176.70871474976556,162.5277539770391,153.97321961198963,115.4381955017947,12.93636865959926,151.5235974106923,167.7942993192444,117.94258426441418,117.6251105889527,116.71527714810878,2.0970114414524668
22.235295605045998,126.77632670568751,173.22282336291502,162.94110149258398,151.75713832384656,113.35716730080772,8.950968462825909,147.04888234172208,176.94675574511857,113.14252532089307,113.1495399449278,119.48051314508318,2.9197904253539932
22.984163675339342,127.67494664915795,168.7472228807995,164.24648431006668,150.03654469338835,110.97182492955152,13.468583796246527,147.7374007727428,162.1169473108409,111.43465985119181,111.4160222027871,120.93122255272132,3.9259029213075727
20.916952246830295,132.50872462112724,166.0285835512691,164.01303990633372,149.0250918403128,110.59980079057387,13.88492605451917,145.81378077016086,162.3440205677388,109.9045825578908,108.59362082237962,122.56687970964629,3.7171878439071424
20.414874849502116,133.13127923174298,167.69251717380547,164.93075509223405,148.54538375634243,110.54316075595561,15.47097420897668,141.796326703786,163.82480127317703,109.86547460240507,108.12295754546852,123.62018864174846,3.976300522140831
17.83684355243077,138.21298171427946,167.4173204283994,165.4711414425565,147.6759976547814,110.75313375833878,10.911741269304233,150.70990976119927,147.33317058210054,110.70306635095903,108.88930068116021,123.93856884149118,3.857046491404486
20.256759486832195,131.2454575108112,167.72593460869822,164.95113579936984,147.3230316176851,110.70789397502855,12.290445272324416,144.99163317527396,149.94060611956598,111.9892245259691,110.89476417396214,124.6656238356672,3.453776704135214
20.114038829065017,130.9036608326581,169.3099820081511,165.3185284348909,146.97446464070129,110.02919422070603,11.730182264629393,145.8922914014234,158.0932562901714,113.1209546685595,112.99413285012123,125.60128163534026,3.262127973062174
21.744037560800123,129.84741783644253,163.9577305538876,165.73541463923496,147.2957121831411,109.9186065870639,14.955416647015976,139.5312670751533,174.03402920836712,115.46623844129942,115.69428550621016,125.59137048211649,3.1701671234815065
22.59738369171847,130.33655269208947,165.4945001664486,165.68925715493796,147.26133760615411,108.95607929092569,12.435162902038309,143.26175090611454,164.47876711967157,115.65792339859618,116.5037205811504,125.72966657194144,2.577562271000934
22.78669296899599,128.46801649832017,155.5179257458733,165.580639499071,150.2386154367602,111.05700445698503,8.941442415460068,138.85823823100313,158.29487426763149,121.50406296884307,125.56587422412,128.36968475382483,1.8757719714764964
20.390778339508156,130.64313381448872,158.52356857273887,166.5887360314262,153.91104536474774,112.78237698175313,8.930569264634155,136.66697044321873,162.30735468187058,128.11756678914463,135.08521558114447,131.33597041601888,1.200546755567118
21.038042244096875,131.32742572422285,164.35588273520654,166.72524719839873,157.55407018262787,116.63720942135248,11.22659067002752,147.26265792558274,161.66951857245962,138.45303176673738,148.19272826067103,127.69447637949501,0.2405731583200737
18.091248525481316,138.1082325088409,162.37622344246887,167.840564712205,160.23642950174715,120.27886298995088,10.256954778079287,148.80041125134116,161.79016896811027,144.40400775726582,157.45738797533414,116.46876511948332,0.2827487655219303
20.038076528689988,138.9430859519639,163.55912105494386,168.86374126109212,164.21738409963967,121.12406096902771,14.248167659877106,146.7287295607647,162.78609276066635,148.27740639566082,163.04527615706996,99.76868033537893,0.4336477523595482
22.20876871442929,139.10459227290968,161.20320210153469,167.81015599765854,167.386616018744,120.18669170587044,12.026657580662672,145.10874884944013,169.00991645948545,152.62351655053212,167.19403415102568,93.77604356384201,1.465919200447313
23.308358839868855,138.98801090584547,161.1730451794215,167.06465760034615,171.78167019646537,119.04901115175193,13.384106160157415,148.75206760681124,171.5260167022019,154.50958660191702,166.77932818102923,97.3969963549225,1.817970226845648
24.325264986140404,136.10113324249068,160.71581295244854,168.5690848203176,172.47921547493667,118.59537068195908,18.833293138337147,146.70825900258714,165.43831161252152,151.33224068804054,158.12367441659035,95.42979282970377,1.6489990931952447
19.22866506779802,141.93849755060995,164.20118551804637,169.8604263729213,172.91567255726451,121.51060864011153,18.48771696661611,148.52530328087013,170.9593805801217,149.92035106362206,151.21039140210172,107.26421338112208,1.5528402268381254
16.638779421174227,144.1936332454666,167.60178605632112,171.10951833698036,173.40348788796106,122.4895397824949,17.84471202291994,151.57188687480743,178.2918151649867,149.15680782782556,145.26215548589255,116.32128956037839,1.4944534789978838
12.129338349729544,151.4431757710004,171.42434491179446,173.17667254176837,172.91794972628094,122.72461015289245,16.569440267973135,166.49796959197923,174.8881428292062,152.15929669076917,142.28029352572975,117.59615263938817,1.2501421514015114
12.130748382701869,152.70687319541614,172.89050091695918,173.59016530216468,173.08118789339687,121.92495876204534,16.235536906316007,170.33584111270838,175.50086702476088,155.46936770272382,140.53983321226093,119.53677416138103,1.1894731229005393
12.799448566860109,150.7753461522043,171.3162656520056,174.4690145137908,172.5090387995419,122.79731214725754,14.303320852296343,158.42651369601765,178.59773602313277,159.16099875382233,140.47587834966953,120.50353564148372,0.7048372196703113
15.09245461704804,144.04770549727175,171.12945794522156,175.39668630037352,171.6856240735867,123.97606698403786,14.60055156632001,160.86650279359415,176.05983069059474,165.4897060358286,144.29326188216874,122.15551357795661,0.026398295738791454
14.013386945804873,145.70301301161385,168.46475544310437,176.6935712393378,170.37329547630452,125.50485293997923,15.68776053310278,157.27904917626432,166.52937368369163,170.84492568011365,147.98083888145362,122.24117377750554,0.028658028011727385
15.02313350765029,144.5929478147458,163.53576928575427,176.6721235481194,168.98685772687392,125.20474527370902,16.36822065197093,151.9911737721162,154.1595641961256,179.3131920600868,159.730926242349,123.78484052299514,0.2244783324099607
15.38431063065021,144.62605456811414,172.78389241912572,178.29965461935464,164.86540231657187,119.55808370711986,15.035240532807002,161.13573311092085,177.90414353902514,178.0055337300931,163.4728007664346,115.45207555997632,0.3455339872875575
15.787920719361447,145.00593794333,172.17183705433717,179.42917873536115,160.7743592907471,124.33208793773434,15.232159359886891,152.8622947546707,174.60176364048394,179.48675862818854,161.48732337599057,119.472451131743,0.23767083361261068
15.200464091301313,144.68706275648387,172.2368487483923,173.4823872430061,150.3165306874746,130.57549027395905,12.41049874182236,165.68393318789495,168.85608778559828,179.51343334365524,167.40042015379322,132.51130746146916,0.5741289999110407
14.977670895603765,145.38310677664808,173.84239384422818,166.1538743927028,139.00583420881267,132.95646239854318,12.835341490039154,162.9009206596621,170.48758832181446,179.58655147530865,169.9261916421279,142.1415663129062,0.505582280006764
15.379070793014149,145.68082462355233,172.11412982010185,159.95085177813584,130.76206343432148,132.507137521485,14.994106026961642,160.15913067347185,171.5177273235222,178.57887215896983,171.00715602935375,139.73253101111231,0.32805273452691325
15.67964310600003,144.7071360338351,172.0837113006143,166.55263403061028,145.19827868528674,133.25528750689068,15.460076382071307,158.78497517925325,177.54402811411924,179.12481027649352,171.6248053841598,137.15228343161556,0.059406411446001714
18.542903623780624,142.86057745786664,173.05496342543137,154.09260269826058,130.97894575286836,132.6110285145659,11.01722967934175,158.5267002425245,174.04332530858005,178.92709534263125,166.817494625977,128.53067803192187,0.45217366167160156
19.02114884740394,144.86733828879863,170.08852276594712,152.0474218344142,122.86940355816822,118.20471956518277,10.054731594568382,157.78827676363994,176.83647372633328,176.72590246978316,169.08790442305587,126.66447166040929,0.7859468024379254
17.64688226670318,146.83170537364316,172.3926899805673,149.60204041908892,142.03779133393613,131.14021686836585,8.153379577218827,158.25779381440833,168.08631558385406,173.62055460199497,171.26249078862185,124.30540242977125,1.2840630224977703
18.938124747242842,142.24024583605274,178.4524966333145,151.67450171822546,131.9980216888316,112.66143304830078,10.322841139566014,153.5545695447307,170.25053404033926,177.20033477956332,171.88351053838974,123.94690084166777,2.2617880166101663
19.908346040278527,137.99929943166967,176.44255368848474,171.70070939366713,156.19865112487307,118.10876402760913,13.62972947713373,148.31255756903766,170.29008855644653,148.31940222694902,153.45856849625787,160.52322743661196,2.48440653120743
16.725589930383773,143.60590161940243,175.34280181872109,151.69953842444087,163.2552878035693,92.14461080849654,10.02288555429213,150.8365437609778,164.67083660426343,172.15217026360793,167.3253412011521,101.81580726535259,2.605951426347829
8.126954669632948,151.05059206735996,173.36500003921512,150.41346936150958,166.24483100149197,85.29355244631284,9.689920721063595,148.34368221247402,171.67509574933885,167.88890821765966,169.09545093605044,100.74276506867135,2.641300027223865
9.491002105047498,149.23650398982556,167.0213239700594,148.21107953325026,165.62461628151186,80.46956177273304,13.834588209005853,139.09777597570698,174.22697129702365,164.52285113589775,171.63707898748018,106.99455710167551,2.520042892278134
19.294581759912003,133.39560296543905,152.17006235242732,142.93801355247626,158.55999741000392,100.26408758337205,16.63706309946222,133.05952969817585,151.6031139363892,160.23310247197446,175.8496079788611,111.8450241225169,2.1524055265399085
19.195796795630763,140.12225178622623,141.31163937862217,135.60629795245714,149.0256102915416,108.44195792404702,23.70909365037654,129.3834862305311,127.55408741134175,158.02870131138812,174.04549322347722,110.11640052169763,1.4612966307276911
13.177494262859428,149.66194900074103,152.3060531770731,132.52780478956237,139.9423391766775,105.52388920590734,20.73486976234883,129.2948851762381,152.02526842009868,158.42630703940463,168.78517851873744,110.97249810611586,1.441313491617695
12.99843009438142,149.65240499398033,164.5338593417665,129.17915434977044,133.1421413135471,109.56692799984783,19.819188719009816,142.19034876054977,140.8357566106834,156.54255875691354,163.90367499622442,113.08891941033467,2.1866315988192935
7.214552997534996,154.847218519103,163.97776196403117,120.6319372696416,123.6628841335077,111.87775820197342,16.93145386623353,133.70258624363942,108.07210288378913,154.69208792564447,159.10157597678838,116.37844989205759,1.3946635909899825
0.345978910559921,164.553878986375,172.63224650355684,112.77640556898848,113.78016706761554,110.60160069896403,18.771766252004287,130.4262408787366,158.3574837691046,152.24509647439857,157.9582014475733,113.28563560938578,0.9941576010353721
8.638671140811523,133.7308113147507,162.83343573356586,100.6362907194502,101.64545665984494,112.60233450127032,18.299504334980615,145.68836030280838,120.2997768820038,148.86262060401248,157.55718212215817,114.27567150962177,0.15331683180300884
5.067065241445327,133.18878794076943,86.0111580153926,94.17354343610754,92.8691681546676,115.01350735468507,22.05439626861956,142.7812405991049,153.6767872957003,150.94581375595737,155.86609941012208,115.18679279263229,0.9301558303404794
10.986615128757288,144.96640050461383,93.88305474940454,88.60787727988604,87.77387436898512,120.0731438589772,27.090578796170547,129.63771161816783,171.93056737717657,152.66190715369032,153.7961297670949,112.97135777942607,2.83719389652368
9.553168926677769,124.96969856384229,77.9350876065335,83.26320018888457,81.9762088071512,118.417196441872,27.432188095625847,139.6750422367551,152.02839663103384,151.42743303593855,152.08263148649698,109.96623921223454,3.4171263391045574
14.327148017200864,140.39031959080725,156.4508550699447,80.29636922204409,79.15969292212726,118.89286011924275,26.856841824640966,134.76961499812714,141.23914008784487,152.31222946629964,150.10026727467036,109.85599135347798,4.091306436944868
19.117868959815915,136.06677650553667,161.47916964344682,79.91183665994295,78.61119745679622,117.55498923741627,24.47382818395116,154.63997713371475,128.92441817764737,152.7971153481224,149.61852362598373,108.88039227680596,4.570314720876154
21.016206201820648,137.07235040553203,160.57293969393822,77.38349239893687,77.80625912168465,118.28804156288051,23.50743874217409,158.06422667509972,155.05433697008516,153.85047355964755,149.31550602123218,109.44545056424693,6.054825144593017
23.586228588011906,119.66566766756311,164.00531348587708,76.77415430583223,78.29296701311705,120.99372946783141,24.365291125241335,158.08135573150741,164.69375075392026,154.03116365764248,151.94131404565937,111.02294423868477,7.367419810579168
16.125591732967795,131.82131371431092,168.84320469045568,81.19354029641374,82.00456248772662,120.39080305363233,21.404710682370414,159.5669144027432,172.3414933006237,155.27287070869886,153.22859643551848,114.09655953833173,7.7175956067129885
18.23365679367527,130.59567899981357,171.00699241969022,87.89500669624213,90.50981997525238,120.07721336011903,26.356808789604155,135.58754468219226,179.12289232068466,156.53205080242475,159.94620124441894,122.2181204251602,9.066202118661986
12.070467562961497,5.495504082889192,165.0642650066567,98.27366735947828,102.36441869068652,120.4321457469579,17.077978960244508,147.02081442518488,158.9250152322337,159.355450379193,163.86758279616177,130.6751032605844,9.952951396504798
8.763704670713848,0.5418242328032261,172.4549662696943,106.58672748514853,111.75983241397479,122.8350093851935,7.7410974465171725,173.13910802308922,168.14975020707953,161.68642477642717,168.0788566132822,137.0704475525181,11.10591490365584
15.67623185737121,44.94735509881118,161.02255556017076,116.68711533465276,123.51207889984364,122.75128462277956,4.637532434401684,173.47602949487927,171.31580089696513,167.83736621850642,165.69694205135787,137.84773521498965,12.684941461542403
21.169094748531155,100.4986517253978,100.44960897555082,124.40406294970617,132.20516362811884,121.9329109643215,1.4012249243616646,164.14964249972763,9.058080691191236,171.11259033051059,165.00587645483012,142.700518860484,12.962688148713104
12.646969099191688,106.1718537231458,93.67740925527708,130.0987379421585,141.82201647211312,123.14435512331012,1.7706256088708028,161.63134342434134,38.197129160756155,175.90336378497187,157.9648341790294,140.5654706841814,13.890043614408688
3.1974481979238862,154.08103884142605,93.28262024206825,137.2293444451831,151.05670204578897,123.45211604744449,0.8984615112643636,166.3097352621489,165.27068649741204,178.7117920734338,150.79694544318465,132.89529716180598,14.13021041238805
