left_shoulder,left_elbow,left_wrist,left_hip,left_knee,left_ankle,right_shoulder,right_elbow,right_wrist,right_hip,right_knee,right_ankle
131.98627318056413,30.637434137392972,162.7206647048172,50.128353805269086,37.46566164491055,103.93501679055011,132.98293226992917,13.319227907485315,169.29250065150322,38.70846039082512,35.48215790639628,103.76985495945839
117.91959483056745,129.87499493367548,29.99779991918229,51.58392737155104,39.0150244681477,117.7300563585892,125.56508773343714,38.177294503188605,153.71340875745753,39.56711002957644,35.07512494696179,108.53822985904075
119.60741767387033,110.64653167826353,41.40570447874479,49.948574555341075,37.96002437324487,108.02697512791798,113.7959725186957,47.478551701844545,171.71585287306812,38.80179767271411,36.25234933183672,108.54495690927648
119.8434138158245,138.1628106282167,18.140137439232024,46.585652867966246,37.27015942661517,109.59903713274703,116.58762629296945,52.34899812083509,164.62566264527234,34.85988592825821,36.41319800405911,114.1770796117128
128.95417003047385,150.39546145588136,8.021016850971538,43.12353671943254,37.59767182099566,109.65363327495957,112.98797604213097,53.74526952453525,172.66078286558988,33.080738397236196,36.571674188252054,113.4283461014442
148.84464507926927,179.19543533371362,22.33334642044306,39.287087808326774,37.20466133304921,109.34524084316264,110.89809898830934,57.10967846416018,167.13696003161175,29.627560060294886,35.42231866433753,110.66030954460669
154.4636533295408,164.70998882279747,50.160250442805506,36.995767429793965,36.53912668341952,113.62643121631109,109.97664950742903,63.02627916786038,167.2405942185596,27.499494242719177,34.68826791224736,111.51849825982102
158.07484667265174,151.32902157573614,69.53542399750934,34.24865611188676,36.33975537119753,114.47348577570868,99.58651670954872,50.05434684057586,143.3614827071741,25.186395852431513,34.2285114586927,112.0375006562212
168.55133639153814,169.18605593240045,37.80752292586298,29.92817581738572,36.08245208524976,111.66609038030627,91.83079750178221,45.012414114773364,165.96968086423223,23.87514005171611,34.6127172613364,110.11971676791788
164.11566279240776,166.89260404199834,64.75427378954005,27.381350264166493,36.02154669578582,112.91142428678057,90.42938964332288,47.539278149915866,170.98114672597956,20.256748589529405,35.81936888170852,111.7314332923938
167.61309312339122,114.72340979630118,114.39379655188975,25.789992481008674,36.387103935261834,111.34439793103047,84.64946143294391,43.637826298293156,170.45868454527752,17.54653758509869,34.93428373562914,112.78543111367252
173.24539374099675,98.7405868605914,128.65777445362576,23.646396004074187,36.575523319139144,110.23459058923723,85.18020896677871,41.99641457995044,173.52619264615458,14.97799321510865,34.15454005708472,113.02629199958929
171.79183923709914,42.506781974603456,169.7991151205791,23.23625331668138,37.10453181257986,110.83626237513066,82.61378707536305,39.971813178228665,173.59903685606116,13.937676585856822,32.80716469900748,112.10333493977863
170.63802666810977,40.06242557360928,177.5484927004002,22.551938930383052,38.82016090681596,111.81344928491393,73.75933398512068,32.81534735682422,170.89526642222881,12.194362411504912,31.5686979007546,111.95014493977455
171.34032631774457,36.05674180327545,176.2840035482629,22.002888610088203,39.53925961963075,112.06274998498634,69.19262958976135,28.96828137704649,167.97974585275614,12.395983534138232,31.014268608622857,111.93089602419214
171.00904868221866,41.2588272618603,167.74525979864146,22.337351833742698,40.15438999743903,113.31101718147389,66.44282716511715,31.942281627536392,171.33591483254878,13.62904007679359,31.328880381762445,114.34734686182982
168.87767154906362,45.958812710411635,168.06228464944516,22.44296240529457,40.366641784265234,113.12217750071446,64.5842689207225,34.51957833793662,160.1738417100781,12.897162782000374,31.078778849527495,113.4082601061942
166.32410275629954,47.76676762991052,170.54742577708296,22.75960959594748,40.55935939209126,111.72570885618711,65.09387979811197,32.34649662866315,164.38203661689596,13.572772604182097,31.627973595099146,112.28526263713752
150.74927990893684,170.8482969753296,57.04388232446823,23.299744119866485,40.44257340565405,112.77264846236079,62.28513051857401,29.508377729438084,163.72358295797147,14.432218843913349,31.69260847573147,112.5309729416032
127.06836864691518,128.2398335431339,33.92309352081356,23.964181160120077,39.850326361023164,111.3838092950253,66.31502412954279,32.808781052291586,160.89237652970212,14.743518135038096,32.42157215107258,113.61147917305675
87.70915362406436,84.52139039020554,169.31592717204646,26.019636472057556,39.862967482727015,111.52593355141933,67.74977718862047,37.00246820637327,154.5529200353957,15.921026003934308,33.210277272458406,114.27129522761491
66.64083486798361,66.71978329574111,166.90779790765916,28.51732882528832,39.220549299732106,117.12074581011798,71.7851942429493,32.423110949087324,179.18218886450128,17.7946618304831,33.707950118659596,116.63471020434652
62.348529775725254,68.46737056665994,160.43234769887238,32.02584154143242,39.191466609649574,116.1755703924843,80.91563088123202,18.241288716013234,162.4698401832778,21.739322329519588,35.36505479767858,115.12180304682501
94.05968448487455,96.63752652963606,165.35549154228391,35.71078297615465,39.24210702920097,115.1020950531312,96.64729805523288,44.79610950113835,138.49254110063129,23.905871454753154,35.91130536375571,114.64890390582167
101.31014781674806,90.59993566826074,57.930384960765295,39.07246327019244,39.96283602598123,112.51817991683954,116.735467864087,62.25224204652856,148.15813272999213,28.560366605602415,37.68289367561932,113.1468499298114
114.67591038135927,128.63172505976348,11.895001921852614,41.81072291555789,39.94280979208163,110.42484886796137,121.35949480773535,87.22209426445045,89.43768442630187,33.635212215352624,38.983327830546926,109.63053876833203
118.37481021496906,61.31476421526883,151.06934627684015,46.01081956718923,39.98015237925607,108.58988331957072,135.2585272220398,76.67742692358921,141.46507596541548,39.29350398159863,39.6307420330893,106.66784671306392
116.16197526603752,39.8003919748681,179.36194512153762,49.24496081584968,40.33546611267777,108.5614965966691,127.80429357114787,51.834501953416975,146.7689691327629,46.97280678863439,40.484451777844086,104.90772564960086
116.52464874449755,23.969601930394795,171.41805812031947,52.854818812542675,40.600430757185606,105.61999752460524,118.95540653730656,28.569977731951294,166.5601904845166,51.13838137233441,40.28172714360911,107.87824167788105
118.22808826785456,24.055103705422262,173.60120348835045,55.77993967381482,40.53703194791857,103.2079290839033,121.15247408783863,31.678531204483917,167.92811343410642,56.699800648186034,40.29490385677234,107.39264422047529
114.08136869447449,23.59053964036152,173.4019470237081,63.59471961653608,40.65831866249467,104.7107244437607,118.62087893417737,37.40402584699229,178.2417221488364,64.548264382408,42.574584806911965,108.1038564667502
109.85044545940328,21.465476676793372,169.40157186972428,72.44708043351282,41.24727258457019,102.83771080650493,118.50663817652439,30.436382637487355,165.59246436456831,69.0336986958761,43.47577981891384,104.92563073416042
106.01959619350035,31.2235490386711,161.57345848027327,79.21649769317186,41.24080857653458,102.36967767109056,113.59609566613031,33.89759446294665,166.83812505736154,74.33282962320355,42.50916997400717,105.63202968595458
101.30066068775726,35.744625772558514,157.79841625095602,87.7088069433996,42.565253998443104,104.06526227167836,106.86631878310315,40.43790330563294,158.85579964807968,80.56962562484058,42.8616909859695,108.81976640177585
99.29961269560935,28.98810669541476,163.49792598342748,94.73038997011957,43.38193733284804,107.30050306484067,101.39333575189654,30.125863913832575,164.53766467238728,87.6259017706284,42.944371912900664,112.22609831399902
96.89741353405263,22.06078693355833,166.16877433796932,102.32191353926748,43.170941281277294,108.6019678459589,98.62932847334353,29.231162150648885,167.05372289108342,95.66026653043627,42.075655082521955,116.3050851716641
99.21022895107137,16.65158950439666,153.2413102369441,108.90457189279348,43.291631338747216,117.18024087818664,86.36374303910678,72.01170156208008,108.73389651467286,103.9068091878581,41.943246541934315,121.79137403177384
125.23734750881975,138.58215453476762,88.02376883404541,112.5386865380283,43.65898570856101,119.09378809221633,92.38669141045415,59.86276373661598,179.3931284574393,107.30005512599703,41.87305443872587,120.25565613659768
132.76803443843494,132.40511579020097,83.0986624423825,113.96373230014386,43.514345790048495,119.10715539655695,94.06328275931392,87.99786500450475,108.72167550816184,110.3862955912052,41.90543260012406,120.84081862462106
139.4775181558612,114.76038476325058,114.10150519714468,114.24622727209328,43.12218724153886,118.25884141476949,104.49702570602643,80.06565748726923,136.62530638784938,111.15938288496338,42.041408266675404,120.66680021580989
151.39837442239107,82.56554874397335,167.43377370574999,115.33625122271474,42.81119666580955,117.63148616544247,107.45630063882915,75.22097248130653,150.1421077876874,112.00963229091597,42.771474151570004,120.41609023056151
158.85853823555863,64.38568498554402,179.82792007852478,114.8154655710749,42.51807483786867,117.11275202951042,107.76678442877898,94.41588288100809,122.02522065654436,112.33182989625465,42.71376433991102,118.76140646783028
166.6749417172174,55.05526116564661,165.61179303230094,114.68693579780478,42.214239094448104,116.34714512387744,116.59419507734063,96.70749907255936,126.79921038886539,111.35713848684154,42.83344207187544,118.66707463606537
178.2150378140012,51.75200301812698,153.85827384495906,114.1237768122078,42.015360781812575,115.51312453287876,123.42983548564182,91.70905129021129,131.0438065708496,110.24395915488397,42.72932913145891,117.89413100772225
176.52868256932453,51.47911775876573,151.98791015837742,115.57427026894602,41.85255432087341,114.69927410282138,132.22895565333351,89.67566733356168,138.53974354294567,111.92592183321116,42.68860847291607,117.49935592172687
178.15473994776883,48.501617332948655,142.51889544096488,115.09688988398342,41.79617795403125,114.48020393730131,138.53808215412622,92.93431632983652,142.86128797220832,111.85295283242255,42.564603916589185,116.3183063481233
169.53749952828548,41.31008143281275,153.67711411001676,115.86497802414266,41.86323960172426,113.84647727537057,142.4775470500939,111.80440196095162,131.28803217066869,111.64557439291599,42.508533375314904,115.25299904005436
171.89309239729462,48.42107857892058,137.95278722921847,115.59354333054617,41.825974385584686,112.90795056914631,142.21739773312598,103.32980085657921,131.55236707982138,112.18977166750882,42.65875955566309,114.95959391108751
176.27327369905913,56.13886917657085,148.3709707919318,115.03175971047885,41.786682871186215,112.89285162834082,128.34627704591486,93.70800193254081,140.33355504376362,112.07248817507818,42.7297295319838,114.95225820633067
158.38590103602695,52.278818976278025,151.86627501034218,114.74606737563174,42.04996107814469,113.94113804591245,120.37429194056959,91.0977479585277,139.03812214772455,112.82164579241456,43.15502648456928,114.92625848546326
139.41195768585925,130.62180445759063,35.69910729483332,115.517406483147,41.37130169298806,115.71066744294504,105.06989668388906,54.549500674877585,179.67372278371408,113.34666273356135,42.78137650431188,114.67928643137863
89.00677318174604,35.877374679899006,145.55340224091418,114.60822149774847,41.147098108266654,114.79326560156993,86.72111634210374,31.03743470279169,169.99986660066756,112.75891349960824,42.301750107252445,113.70373641852369
85.34645688509809,26.143954892408,155.23112715826514,109.86688184020102,40.4978260122097,113.03965003413089,87.05046684691735,14.74070043002804,177.81002844491871,111.43054528704423,42.244131270072316,113.21053646523771
89.04500076621056,27.223514342969814,160.3860744439639,99.33170928007955,37.76117144960125,112.09051833159411,84.386604927055,27.83643120384673,169.0476150948713,109.53921501967922,40.853530995779835,113.14544833002921
95.6237130316599,26.12771509687348,169.60848244041821,89.98216789263739,36.27821832178592,112.26085957551979,86.71076571724119,32.34366999090014,167.37061154076176,105.22068449939394,39.69489546032853,115.50579479602342
98.91499034633424,26.420070559220573,169.01028163404314,84.71730860047049,36.06896168167501,116.13710623793308,83.19120011453299,33.35513284695643,175.18695113947462,102.05308594886279,38.564895153761434,118.87295718578294
97.43070178201576,26.551820853396393,168.6646478955207,83.25561647211951,34.87259204741844,114.16967575238317,88.0572422012497,29.041855263992634,177.87041579172418,95.26726797591509,36.546091614763064,118.4050514894361
101.81638793492402,27.319945154068687,168.70060152605498,75.29286310865429,33.412301764550406,113.06344089674822,85.92416385848558,52.966638021867524,157.95483913698948,91.5542445585906,35.89572732466388,116.94742946148412
105.01812917576966,26.957623063933593,174.40882268258235,68.2110097021736,33.80909289135068,109.58367382082989,77.92159141378094,66.2103218007624,146.50673116050268,88.33192269255095,35.72745294902578,116.60387126961699
107.23774254163492,29.89381661095624,176.5660064581188,62.96379416164771,33.53221036717861,109.5882825430287,75.47954177136653,76.92085877979235,120.94346751631598,77.9283872389175,35.05721564757596,112.57299548734886
106.66606757486258,31.513657905501685,168.9786522116224,57.19905872001342,33.191381355572865,105.73679630910321,75.36261157443697,78.21540071750123,122.94712084247652,70.63515155972279,34.95284075265064,112.77846131696653
108.2289868745581,37.20514133843785,165.97020895117558,50.55769609876234,33.33228236461113,104.70649146127795,60.816409941908695,76.44853318090412,122.12377112341835,63.12426585998569,34.22762759926733,110.47352774083947
105.71248990912,35.22897626570643,160.6413676119344,45.252450310561514,33.999829730991,102.51708336087498,44.67860314289727,47.36888730058127,157.487581709845,57.02467225924493,33.46255918035376,132.86685885987418
102.15976169866295,31.28300233923919,169.70431308452564,39.68191533591548,34.16286535768543,102.09555404432166,8.115245380237338,18.610044515557846,144.48460031062888,47.775021444935945,33.78831924392356,131.97351409480947
97.80533393248321,28.721114511076987,159.21285271074447,36.39216925704582,34.3913975080588,100.36625387231571,5.05771692644916,2.527773416909963,173.00475303833792,42.14956867966483,36.36659516652089,117.422097427788
93.528881257296,27.66211016371353,156.1402043804685,32.18960194797081,34.78895400700701,101.86427407265805,10.039941131917395,3.0145541877892184,173.5797410712737,39.01572669351808,37.6216961880002,114.2973146611087
94.05417039172096,28.219625632779227,163.7033024178218,29.050779451299555,34.73929304861319,96.2426586154366,0.42843493723615106,55.51193412110139,142.19268365501387,36.02474819594718,37.07981818632565,104.17780089901835
83.307206284913,25.504847307989017,143.6679732542568,26.292757558633724,35.097492012348106,100.59314373723143,51.60783224683191,38.85914521450441,168.26736367313546,30.098647060374844,39.4574436009073,104.38374030175643
71.95031380333198,31.97763096314012,162.83592162468798,22.986011547208854,34.981626819958926,100.90318123961076,49.02218301403044,48.37582226040811,168.64761782986602,25.867776702752682,39.68903853807139,106.23624278657373
61.70801241168537,21.57334988994029,140.07558033950951,20.5100002760644,34.87074439796722,101.33880197674564,27.58002598693113,41.96958587841679,157.59922836087034,26.48626214736578,40.1645409783586,106.57055214180667
58.1673680011255,15.678716657520484,134.38945615627009,19.850317540940214,34.34108908057931,101.7365922768521,37.523931002952445,38.750334758539914,179.66188120531928,24.779443181413168,39.67858172742516,108.14912609365342
55.35604676631564,20.313130777316523,142.3347926317041,18.94026591430531,33.935225029368624,108.19196693512755,40.51137006824699,68.382003620383,169.1765617828292,25.255430754668097,38.12005337830769,119.68488660278724
51.28178012672924,24.266631339016193,5.4188126816508495,19.881488471312814,33.52597325031935,110.8007780804755,42.8007805412064,167.2014618882633,164.1937505239274,23.76384934046239,36.271799715070664,113.86830694384531
52.01336763527317,23.091127922747397,16.779662222180104,19.436042229602766,33.57257643949663,109.48531814582313,40.94120362780316,172.423559483352,139.84041821116318,23.843655929680615,36.24799780467089,112.9329498482888
50.72275650062052,26.131914977659324,48.908807088924405,21.364700583177285,34.35393274212046,108.31523052717475,41.09244205901898,64.06424593779089,158.67833676750993,25.412061248638338,37.351551592095966,108.92853046164096
53.56125492804966,24.797884316221655,72.05053446990605,21.761821534695517,34.639745132392186,107.73402326520974,40.22810130279173,48.86923191336675,164.4049158980453,25.999874621383793,37.615319549575794,106.5522835791261
64.39245789503076,11.69244559413255,87.50538638293723,22.42998497460265,34.67826075737024,107.7532640101684,45.52646655227648,52.048737384946946,161.20255191012498,25.672005050941408,36.56814410405496,102.36438959192037
74.13145856439027,22.670443703454357,147.32343897314297,23.65476812541628,34.926918162381206,107.3609400565312,46.509173298769404,46.77717986202685,149.4568721652497,26.786447276669037,37.10524159452026,102.66194763638961
81.5797458127933,14.955152409762942,170.60064558452018,26.023101056485253,35.58125606213349,107.41582077888162,45.34085733326206,19.85821774012268,171.3974937045643,28.55827191980622,40.84140766349079,104.20517685473712
90.27948462329053,17.705355473912906,166.65780185889173,27.29072167052304,35.98972541754846,107.87128914883479,43.95572429948596,26.33404865101665,165.51682826238323,34.09886398591688,45.146995427692794,107.77709489570931
92.42357157125524,15.964854780951486,171.16507505840028,31.43080453278152,36.222722033123645,107.51241010324652,45.15013660000961,19.017270339666954,166.49767604490037,37.19688234997906,46.227143081404435,103.86916356772707
94.82535630403764,17.37990667543785,171.81986500148017,34.98879803371914,37.55866157491053,103.68596043386798,43.09306370315867,20.491389659951345,169.07047255538296,39.87904308753576,46.06008099787469,101.63397077830203
100.50476593757647,19.456362079029756,155.9812373823611,39.475833666357644,38.74061180112032,102.00995394057543,102.45263894312203,20.11766995750515,154.13569564896096,40.5897447561705,45.10085865923003,100.60813557548684
110.58619191589673,22.16520539469983,167.0665367557839,42.6235412697914,38.052382634896226,102.3841657038244,118.89088924493761,27.810934217032887,143.5564875217914,41.97322942065152,43.304454340279136,100.65296195503609
114.7007198871945,21.571976410762243,157.60401213704358,47.36326265088482,38.73532017636708,107.56169169223446,123.54006371950548,41.03105208480436,169.50459207748216,46.682321481783504,43.14575643836735,102.47042618991786
119.27666520525787,18.591922514595986,176.11657971124546,51.55448260874705,39.0837232222748,103.9138800053378,124.2942753546442,46.08061195332145,164.0177632003231,50.65690636858922,40.91849780651636,102.39224260510673
116.92015107259175,16.6604733174782,168.66415292968594,58.66859688372806,40.13407195874004,105.4797984334319,126.1028664669422,35.301488774711785,166.57960193103807,53.52514117629354,41.62454928269707,105.2059507102162
116.67265685806021,12.111616611185855,174.9517140135449,65.22289303981916,40.3164695923353,107.73762102701515,130.35292244493223,27.538630908286613,173.13165527253705,61.539175583160144,42.607498742862894,106.65472931245036
112.3441485407104,18.730571891055803,171.1126131715974,73.36835476627374,40.90529199087149,104.39858871935829,113.50755435483636,25.774516126505493,175.58569002851078,67.75204019748487,42.64530383452976,106.4503366445938
106.39153313265808,19.223002625129887,156.06349287189025,82.9199764183527,40.86708478368107,102.59009943121757,108.33388043739753,16.381489726526247,167.33783499142993,73.22064122200247,41.64279531883796,107.81731069342008
108.72087005065859,14.723435953494441,139.1618258095419,93.06849057422565,41.2567588964211,104.74614017464194,88.2611540376739,57.820033432848284,145.42516722368583,85.43406136216143,42.27044735550603,115.06034446248617
106.93528302078987,7.412005629588619,141.22203766265363,102.42015325664646,42.35587861527062,106.99605439568514,93.62693784558158,69.49713113146233,125.0014978547731,94.08248432760513,42.280434710894774,115.91468878759214
103.97791291113786,5.017435895728629,146.44221566905378,111.65787984673035,42.95165976186465,110.21252200107034,94.98869208899971,63.00223072997846,135.96892223783104,104.1193784536714,42.56738488268667,119.85368276912693
113.97577936286976,86.49029850458346,115.522866821307,114.93141009648556,42.59977082453328,115.64469514562961,99.1583449858456,66.19034650386256,135.02506309580082,107.36199984271133,42.92733872555568,122.55208943582761
135.92512138442424,52.26201770904236,167.84342628132455,114.39320765263592,42.90241397600915,115.71297072959769,106.8126812323779,69.19964352529172,147.8396364822801,110.93400432555396,43.562316498007775,124.04145976815066
152.69585224861606,36.110511749904205,174.85908183062477,115.24995922800646,43.58730344406872,114.80663734519023,119.20999770083694,67.8286750933508,155.2033049976716,110.98414337542827,43.975368411776635,123.5399979185528
166.3514999288304,62.30669177246717,171.77166812352044,117.03448678201494,43.29068167836282,114.3222538719737,124.79591629169524,80.57210112455196,151.5275412250966,112.98874690637618,44.08440000136007,123.35387779450815
178.29665975040777,49.14739637180128,147.52272737430445,117.66462003947771,43.112545265605185,113.41779420321151,127.00582854402424,79.70191218964722,136.58432091833683,113.00948653915326,44.566122139136375,120.81054762047822
167.2193631946595,45.82231134025029,149.84030606748743,117.24377542879449,43.62137564180196,113.50284284575075,142.30040388298124,110.63403025467314,120.5432935290212,113.56307120793736,44.77891107960617,116.9705452553977
164.29048995733584,42.8278326319687,143.31237266228115,117.05834198620151,43.89664349853323,113.33673965005941,147.87040007784202,114.47768858353263,123.70931274679629,114.17096114763152,44.86535716721886,116.42200147694935
163.20138416643732,40.08843424573645,142.95828192017416,117.47072664121418,44.071570935104745,113.69723892863746,150.12803840299335,110.24771407029901,126.50568534105378,114.34157277760279,44.91605023446091,115.78667195712637
164.31458259970262,41.34734552023504,142.9997531667529,117.44055995328063,44.44316348240073,114.04321067688923,132.3487273813758,78.49734722893798,150.4294214236095,114.36661677138295,44.832659310931234,116.02229736139489
178.9021221393497,54.54722318926824,120.61878998740251,117.04842367597672,44.8331581528181,116.36645376768759,132.26155564404078,84.61540851353946,143.2202500470436,113.83575973584101,45.44815071078187,116.4646905051184
159.00955720145816,44.76230896513483,173.8244155203998,116.15103706701225,44.57138067763226,116.44971435481781,121.8461455112789,78.60425488510235,137.35901450758118,114.47070851546388,45.41357164037864,116.71947094455679
144.63504947876393,106.9728997518002,111.22384758564833,117.89009909953147,43.15209409812506,114.51174262278553,103.7804536470443,79.36803983461394,131.51609130566604,116.23497935130203,45.03292867899225,113.24803746576426
86.87768032888265,52.547306312700314,138.1015121446817,117.77214256803646,43.41766062244563,114.3359212166252,81.2386442289935,40.36912043368714,155.80356694027415,115.31246402962172,43.98835413149507,112.7348876302379
78.88758326088988,20.11389863897272,174.09638867033343,114.23134645498926,42.46596399073879,113.31607842153737,79.49263937522275,9.356695258464796,179.99334244362979,113.70903593070125,43.15043679854676,112.84443224676919
82.20574507013909,23.8994536049516,177.3291099238607,105.70227388244056,39.241599682055764,112.82036934380713,81.77619228186502,20.863419609442797,153.29187357219175,111.96071800044986,42.304360299920575,113.24811114688627
90.51073362614005,22.215391438906213,177.4297506224366,93.71237138346505,36.17277810924115,110.6765182885501,80.4331327917083,24.54411824200349,178.89533434800774,107.9881574898711,39.87379398347252,112.79555116127608
94.62253568684002,21.701152844568895,177.8794350309758,88.96235187409508,34.78717938058802,111.54322534329458,90.1756509520084,23.469103241831046,168.670333344501,96.29881323033034,37.117232086580955,113.9704539770206
96.04209481631814,25.669966628501363,179.5294193345001,86.55494712886879,34.315515353451744,113.61810596429049,93.42946260416672,24.921200592409345,165.24723410143181,92.35794564116098,36.558294055924975,116.96716140793377
97.8738715871171,28.756497331701755,179.6635354780367,82.83174376679577,33.54297382724255,110.17133118012057,96.55742002061578,28.666064188052058,174.60206714431635,86.04046344959345,34.03304879167077,115.45689256030711
101.65211039846758,27.721031392140336,172.55256550670438,76.88335026764896,33.624751174339885,109.63527014298582,103.28993668738067,16.299727103160272,178.56785370293804,76.52452347604762,33.65929555118022,114.19248549614404
104.73939093009287,44.17644789955701,153.666557060625,70.14046654179272,33.82075618577997,105.08049933869444,103.27110108130357,19.617703830282988,178.64009610058847,71.56357688775697,33.57874604453113,111.13625623680156
109.82828958315851,57.56570404857381,141.41376417858845,63.04124268728979,33.213261600521655,103.81971358973016,107.32664576313611,69.08324163083552,146.54969448883213,65.8447953610853,33.384709796207886,109.86781032296837
115.3066755635068,50.21055812940717,154.6781469358135,57.83294621879547,33.264086835128424,103.86398728882983,104.6095805698838,62.69654774361178,136.11407351835607,58.72295721724813,33.386425796376244,110.07941303699236
114.3855531453963,56.982923186051906,156.21887896253375,52.88960237443946,33.92006026083046,105.59362836661958,108.01892816332577,67.84737549960921,130.42097888725846,52.83559559277576,33.12713946973254,111.54780517166444
116.59216819344454,69.75171011025694,151.71306842299563,47.72918696077123,33.61610449805016,105.82767982020319,106.1414586354635,52.32256705933456,148.40778569805292,44.05735725090112,33.392786141103635,112.0429566494844
108.8175123632992,130.5469403968498,101.8803746766991,46.069430044842754,34.44679924830983,106.47017862744016,105.30893136267058,51.158198038048354,161.7540764143462,35.66087928217506,34.14772305171017,111.59026709098191
100.02697511716579,125.33614527994473,131.8816989269148,42.66735467174604,35.94510963001747,107.52492174908942,103.22273411730941,51.03206300835295,178.85841289074355,31.374422192425797,34.12588193231101,111.0339173536954
99.8033773861123,125.049850490447,154.14358488692125,38.88121137750658,37.01524290407587,112.04128500053307,102.72808529430178,53.724416427181076,170.22151443971663,34.6290912106942,42.1519374682148,111.7231500423139
66.40563204938375,81.55566504116797,178.66679965912755,33.74987172501166,37.07297146367464,111.83757658878012,96.95961804188705,40.59990906914968,172.76785288205625,27.910781144268622,40.22910758941508,113.86211835579225
33.176321288645866,56.672524186803045,173.24444691357405,30.456849853309926,37.32897191396747,108.85983059134112,81.41592409903255,50.1709364162775,158.94765334769136,24.383448356961395,39.42910873106538,112.60479660416188
37.74447614432398,56.96106614634601,176.37291395266928,28.621307897082954,37.32797741274593,109.34714999962026,68.10120884135654,43.446287660425114,167.20826606593633,20.34589879743423,36.76597868779138,111.42390110184542
32.0712676375884,48.92744818520864,177.54102254141844,27.114622009308015,38.16463051201964,111.51247383540561,67.07882556501744,28.54714858929145,173.7529122905696,15.842395826903015,34.54165682898724,111.22789666736338
28.061695501642724,51.50082536300947,171.64944659478593,25.252383979972127,39.0539387010996,112.29771228810199,48.122617278316895,153.72944906984876,173.7213281109518,18.211673345593073,36.77240432531563,109.23358517556302
41.56195266065713,60.25685653867376,178.38495380286196,24.40384182353424,39.62269508962564,110.60312956307399,51.11780599670063,114.76459570891087,169.3317333360359,18.708248613259094,36.37171770076144,106.8399341975849
46.0740342808378,59.90931936609442,169.59968512367684,23.969785313934413,39.96122809602597,114.77766887190528,41.80116746841137,162.36168903529227,165.99076550776064,17.896360386946014,35.33390991007809,107.2926675141401
41.1218317719317,50.565851371945236,172.76937751931118,24.325603153821962,39.91565555648139,114.98759229260578,43.52619257071442,157.9648417493987,130.5217711142125,16.94896358949112,33.68851244526166,107.9890432934663
49.183678799920884,55.4194905337306,177.1120383505124,24.387417848412316,39.145142874005536,114.6801376436256,42.341555929754705,25.178200802936544,169.17889667725194,17.044592948558154,32.78960420127803,109.08835482100665
51.95931243357905,54.83400282927674,177.50916576657428,25.096213006954375,38.50939257361916,114.5050505525633,39.76900341571636,30.48516745687613,165.78442974177833,16.98135182089268,32.36142501646558,110.14858025497352
47.698498996503716,52.62722138066024,171.1857178468371,25.057467272688612,38.360297991272915,114.18331717632205,49.688817664687,19.81123019423289,155.41503787044448,16.576112170753788,32.534566129940295,109.5613219135832
78.62697466619275,81.43629569014053,139.78959178424373,26.62376163964173,38.37368884499099,114.06556212266986,60.57270279414777,4.011162615464399,166.57617287415732,16.28791572035823,33.46883913147126,110.20052885242025
90.81504100737618,132.71406168693989,101.42744561558376,29.51175576122938,38.69400952134815,109.6293452893128,64.99607258463016,14.334963220275538,164.78873518836153,19.721858914732373,35.96958325493097,109.73907364915522
100.43168586147384,147.78524346059302,89.48782424569015,32.11212842445278,38.3989488894449,110.09248841297445,71.36092348814944,57.31802547446689,153.78637097155607,23.872016649442475,37.75863967678815,109.99261759122662
106.56601410008611,59.09033429449476,142.28704356093473,36.63571636444843,38.04748553404097,105.82722068493507,104.37202013601183,54.58488058746861,144.45595732089737,28.73205929619735,38.40233480333278,108.57335480548048
108.2619608466148,53.297307448155294,168.41307861497185,39.661760581131205,38.35896306692163,105.0440123801502,108.46927319600327,44.37339337355229,179.97081771828587,33.104836817220715,39.004946073671746,106.71854558518754
111.40336734687217,42.63458437541152,171.0969245550567,43.7715819552933,38.082930743551124,105.18583102781507,118.85698393747731,56.412805694374235,174.36104201202258,37.92584502165679,38.487798398024054,106.04929904183595
113.75157078104496,29.12183289764403,160.28773466572258,47.52536851526476,38.461252427110075,108.67764608732965,122.67358953334396,71.13257265548162,142.66085810406713,43.306174934999596,38.60847475914218,105.90295065890253
116.4845441787149,20.458363381382924,179.62622068675427,50.106174726358056,38.60571279461741,107.03327400663161,119.07980660770137,52.96229338131775,169.8137669408145,52.776278477871344,39.28539826666094,105.18144848089564
116.05820389219055,17.90420233813233,176.6513400142257,54.91800676028762,38.83389601766621,106.87775833894315,118.33020919444614,36.03825388602618,178.19246450861127,56.22119329887224,40.00277969702144,106.07407836337376
109.6651354505301,12.658910763866249,162.9633242638571,63.2078740373907,39.647171679489766,108.62695716386578,111.674414009855,26.243209419078994,170.1860829840931,60.38020363320287,41.05459397023338,106.54717259821705
106.86824687734617,19.20443872348817,171.72609651063584,71.25158133887578,39.73304239754783,108.86723418169369,110.56847274927118,29.384758558023403,170.58130388097308,67.77343156319888,42.02062623500376,106.39750348669142
101.88757077534794,14.035146889744,178.96650338563566,81.27884264469853,40.22094164981366,107.47736106292818,114.72313611230388,29.25593218710017,162.76769862289237,74.27478584043484,41.70145903598321,106.04398835615939
98.8212440241401,16.415747803710484,171.02445041166797,90.96936222897489,41.3884424759602,108.59954893677484,109.19057624099885,25.546843349234226,161.74955573544202,81.68580541858591,41.83153885935702,111.27426900266265
95.5116704823999,18.3732406392062,147.97795417127088,101.27296124226457,43.20996267438811,111.30268836765019,105.1940398299125,30.197897406092835,167.3933444462382,90.35620557265848,42.56640986008609,112.11812532870586
88.42971879927035,35.533148699031834,143.612823020973,109.17595211120111,44.04650033810735,111.97058838131339,94.85350064030057,28.416259469736463,164.5118986798431,99.29546802372309,42.15733601535739,113.07912854343253
86.97296363626825,39.44672930898697,143.88324548674868,115.71789114402418,44.487550487553754,112.12466965359191,92.02667471176365,34.67308972222856,156.92516739920544,105.33629065226289,42.57642661589433,113.84209487858502
96.45396003322438,67.63890848484019,89.70052467195931,118.19642163668598,43.862288143652954,117.30216861319879,91.38810051843582,32.307917820387686,165.1606006859391,109.27421800844903,42.74431016062408,118.20132443194036
120.89735082701095,0.7362370960516004,170.51652162238804,115.63450230266008,43.363292719257196,116.72164752138352,98.55081318381015,35.542059367510134,175.43345448705003,107.01557874839109,42.782293627279955,121.17746641449197
141.19278675564283,72.27667882196033,123.2387086427986,116.2247205498259,42.77699096372279,117.77250298892415,103.23407337361728,52.69634266682579,161.80995558535815,110.6222885485782,43.344195267033044,124.45133818617414
170.17913518981555,52.30809961940273,179.1581190982698,116.08014764419819,42.67681113438555,116.45306521286648,120.53302627216988,67.0255471275019,154.98338477512448,109.77912535859663,43.92586197869871,124.79984722175047
178.46666809939435,49.02408853928781,155.1471876412713,117.81289167839743,42.61709813140008,114.06560685634088,124.33010610835296,75.71044285677954,145.14812102971436,111.37825427307982,44.23132382169972,123.41941365781935
165.75212114968835,44.558283867138854,157.776927361113,118.28489639786868,43.0946536409127,113.17827242239501,122.74570919282228,77.67744946499234,163.8354594793582,112.26482844066771,44.400135056278785,123.74917094900442
165.61243777939575,43.39575884480084,151.56806225134375,118.19095030029459,43.51578826750204,113.50786224391739,132.25369593481372,79.53222618728456,146.1217466304025,112.85095048535109,45.71206860837428,123.71736183359856
167.978447095853,45.93593758790524,146.77927971944897,117.79157778677072,43.518716052359615,113.93306831197032,129.33720866012342,79.78264559568481,144.6984648649094,113.1594249837849,45.96982782812979,124.01679675214615
160.24886512111217,42.45718317376326,153.43732227213633,116.63063469332556,43.66089341541587,113.4632737500045,127.36597575834978,79.49907629166917,142.68084847059725,113.1457961102586,46.04149051113779,123.77505135069713
161.76382843998587,43.09977253794973,151.63675167551753,116.80652113433793,44.188979947701554,114.1041669683422,129.6794619998911,72.6979657304018,146.5166521507558,113.09822508946178,46.486874484573576,122.24630613935702
162.74901371298427,40.71028675106789,151.73894958718282,117.24958302436399,44.48002854354552,114.18067446858667,144.8901713182882,88.42801031697978,148.68944173417822,113.60208164794786,47.37323462736069,122.18738794598272
172.53888516800245,53.595244782353326,133.974075028249,117.07148045012136,44.27867112728197,113.99190314226456,134.91247111680002,84.24972903384008,146.00047548956877,113.96247532986527,47.22384124490209,121.90500734115793
157.93657328881997,47.97224880773494,125.9536629674975,116.86621726072343,44.94141980776364,113.76355996371822,127.56950953560245,79.06190750261939,155.1779630092473,114.07564808968588,47.13034572901685,120.46085281564032
113.8573285506746,47.777494165367266,131.75204212065242,116.51796807952766,44.219785077059484,113.7154650076969,103.14249117148398,44.69939190339581,147.43921999584097,114.57099392315615,46.878845937761454,120.26537531124357
89.63529506624518,33.38153919529892,149.36240830249417,116.88332055593844,43.806387089982685,113.84297202818442,80.93871878867945,30.16767740760772,174.91634672673032,113.53530977106445,46.118878565607204,119.19904008136189
84.70862116723212,25.76324594316002,162.17130206508133,111.38163492617457,42.67192719403113,111.78888025812311,87.89492831575278,14.830812479182459,176.37764712703841,109.49437197688336,45.062783495150306,117.16926153070595
86.50421811687059,27.98358855243676,162.87540103343542,103.26832020781316,39.727756907424876,109.02602164228091,87.70322595486641,24.082156437700654,179.83900248759528,107.23070635943414,42.804534648662944,115.71664454884824
91.76206885645944,24.076061124123424,176.03681139911419,92.99614260894877,38.18374046925435,107.56038641001403,80.53770340362215,25.715441019429445,169.3953125052373,107.00874164756121,40.86612404226733,114.97418550162139
91.50825260993014,28.831740734823004,164.40503345356987,90.94236254345631,36.31949859219141,107.19578037581289,86.25578758516662,26.54124752291857,178.9916739209776,99.87288009432334,39.213333328128506,114.73167107620607
94.41982307211777,27.89827833286911,171.2240866306264,85.58388131866306,35.56009215059291,108.62272589179538,88.52808675047973,27.90209072212044,174.58972795689374,93.74934606655276,37.446512836906265,116.16151645356227
97.86552349466669,27.933450400278605,166.7878972286307,79.74329190678823,34.47373585525443,108.34831369557266,87.73845045030346,29.962664502826115,173.02841977851958,91.8676641653358,36.733794538718065,116.14433682976188
100.08893172718096,26.767758688169994,169.8271142959335,71.50438887221233,33.82301744284563,107.32282422803321,85.91664421056632,42.99285819765949,155.85286317179316,87.25823281021847,35.6432502011945,116.09451523257819
101.43122849045564,33.06301401558371,164.38882007261793,65.49834307247887,33.19780490982688,107.79995544483826,83.32863675653104,57.98488042126909,141.79208470608444,82.48805225715684,36.132532689009246,113.61420176711349
104.34666158731612,33.67521958988679,167.74020975882493,60.208479650260855,33.08744630753248,107.08910365423084,89.50711277299597,69.16778478958716,143.56549530513627,73.51693103716315,35.44163018566267,112.44287339030339
104.4419058872688,34.325512077367364,165.90736094764787,53.33499075246645,33.01691448740653,106.22629652502718,82.48538068703722,80.14704174239719,134.84152915851595,67.48487282989804,35.38860296044619,112.68064712502253
102.75335626404893,39.54847393345122,161.9688898639593,47.66148729204981,33.551236620016596,104.21891518747141,77.11714311574818,80.89982168110933,126.02783253013422,58.59638472660061,35.130915311130465,110.58899175753896
98.9840379343242,40.689110277231165,159.69061603170817,42.06597038495106,33.32798879766643,104.11022157100729,51.38629319456305,44.2654923590902,172.1905358267684,52.26427771833975,35.58322028445687,112.36216917975906
92.33101329856973,36.9978470708345,163.0505106537974,38.666199760316694,33.6939766458008,104.42312474679656,47.49015350717211,42.060532548071166,173.25143654975284,46.36495811240685,36.88142204660692,112.07411688987115
87.04291624266507,33.76316970677528,165.5864941476735,34.74133522435623,33.778730872415416,100.7317191220826,16.08969357817598,20.117702118528,167.08864858720918,43.25882694682584,38.73073994635096,111.45667265593612
87.95812282616028,36.45366742133352,173.47404420072644,32.22830152430773,33.894007082361505,99.58829676656171,8.211304351606111,7.236006851461857,179.83860574227427,39.52874153741492,39.286900042199576,110.1490715708898
69.8614413239342,27.017501990797722,170.30633053124902,28.250948110747753,34.30440204295573,99.3175780476457,13.103068896722924,20.41873612237572,173.89378104907337,37.25981959808901,39.302622779168345,102.4233129226105
60.32250700176683,21.877296602878715,158.17209289172595,25.3106223873389,34.60299367269574,103.71581552705396,7.319723775170223,23.36108681581908,176.93749956188552,33.74378751788657,40.81741586273506,103.79562920303809
49.912524239888846,19.582806779469582,155.58692162738896,22.761924285677626,34.14826750956652,104.75175787078925,7.101459669441027,25.286803435688867,175.12305160912013,32.91518271760423,42.92459355130139,105.39487199648848
51.768844847612776,15.424163254064647,163.7651413149827,22.11323229857028,33.70791580474516,104.3208415575323,17.826884056764364,30.970595820416293,171.78894469650655,28.1427883810977,41.15204651523027,110.70356492163788
50.69996367253504,16.865591057404007,179.46785728306313,21.879963834973957,33.97964162155626,104.20236254256308,30.74967529836963,50.075029606706934,168.58654531392233,27.11774355920772,41.081293425662274,111.1271716855062
52.187470097444276,18.165076805876932,51.20749109851223,21.316565836082518,33.70979128762299,104.17666042004632,35.524949252517324,95.77851574936028,163.67717569320448,26.42916615865752,40.17057291850334,111.74000234679036
53.161050490388114,15.813969546939992,63.603028416090766,22.221142064836847,33.68064555627773,105.42338163770657,40.158027616862114,53.75415103830343,159.7125820800558,26.36113207191988,38.87463443141463,114.11985316556903
56.33905251289781,14.20275872382884,78.59067603665022,22.543681982550446,33.58419452338235,105.94994212481255,41.64410588525109,88.17885488577797,162.62825433876694,26.80652324055565,38.62439999862912,113.98488198070298
58.82056745180784,13.793723650404818,96.12444482166364,22.900677667079417,33.540928985180585,106.85810482390963,42.92310693633552,79.31113178118343,153.8787492625033,27.819912172554414,38.323804673652596,114.3601886686776
65.3496335557706,16.391541264396437,115.53099850808933,24.950626219106333,33.8779904112255,107.04340074674508,46.519685249721064,46.55971402926442,168.76431005299986,28.471239992619378,38.6049313911386,113.90367120437675
70.54795779725978,18.573914659923602,158.37253180109033,25.830127242322522,33.944914934576694,106.32610007928827,58.938702236232196,36.447914529900984,164.3356044601226,28.016877471746508,38.618384625127945,113.03413856975615
79.45856282412338,22.937068932950197,162.78750474347896,28.559240535601187,34.24029809080776,104.89916398398304,69.20879709404709,37.65149018917268,162.38424714627746,29.867215078976262,42.685587142012324,113.13845984879627
83.12260806639732,23.01091672493032,176.23518713061355,31.11654474029878,35.02927230186272,105.3710324349963,22.605460644874704,73.28867857401232,177.98859469304352,34.05076951836594,45.53972531682034,113.25947349724039
89.98657843621346,24.795904228247917,179.82656677865774,33.17557706822915,35.59091226159304,103.20447691062073,32.60980174416006,27.563377824915438,172.3565297154323,36.54956376982391,45.521659306574236,111.01792473570963
95.84375331642651,33.88132821251896,176.70607964626697,36.41229112909652,36.471256583524514,102.66184809206239,91.16931261281562,39.36672307309804,179.28594594126176,37.94600904434021,44.13378757249498,110.05301613432344
104.61333355204837,25.688752878478358,174.59398434789586,38.16487176705406,37.03132167278058,103.45032769770621,105.0855659170119,36.629467092439775,158.13439436041014,39.67361537546238,42.68192427349676,108.06006497173969
109.21944637738052,29.27544187062181,166.3311255359974,44.02729760095313,39.0714553543832,105.43481835918345,118.89460672502861,42.2147948058751,164.88920816590897,41.91448029679489,42.20892096558231,107.01471918179689
115.59091426654153,14.082635159413819,176.46784629551087,48.55052391052023,40.374335658333436,108.54020190034393,117.63557060892144,29.888888576532413,178.75457229366825,46.70573423717046,41.590028166433314,106.4070429402632
118.41804109163127,10.557215103874444,157.59813702047586,52.411463985017676,39.850648868787864,111.119667844957,64.62546666142025,48.658077681947915,179.4003953255624,49.84485459410842,41.658230696061096,110.56066578454299
120.06236030777625,19.535855145376907,170.78541887003647,59.708286916969456,40.486050240025506,109.73563191621429,125.84084945976733,27.39307209042643,171.20245601113518,54.39937419723218,42.404522016486595,112.5571889902192
116.8866606207395,20.454778159412704,176.89526840034216,67.21597234664252,41.2959872560365,110.37718483653948,129.57721725458015,39.768121639262645,177.93842581833246,63.018353141441544,44.14336653614143,112.3849548242609
113.23655517567136,17.33425769680169,157.7592158949938,73.12594207381514,41.018479145569636,111.26464979893903,110.50906966254189,34.73263113617217,163.20511116904743,66.4324080474052,43.277747864545844,111.96778710312844
105.54221931941098,18.69501665571707,161.93497416600368,85.49148853670133,41.3386473893935,106.58783810090435,107.10501548231831,27.591518934803737,160.52501335590776,75.24115089089364,43.36696817468026,109.16526277916456
101.67737249849766,65.2391297947183,93.60031768115053,95.9265948756453,42.775566642358186,107.50280553529198,101.08125449836069,70.00021209617105,123.51831033180842,87.71376647715813,43.04834388635802,112.69153001355777
100.91605970018932,168.9492479381285,128.85162635439602,105.58087221201905,43.34431164245098,113.92243083218689,80.4190157404158,71.53155391981927,121.32047163402812,97.18490634003096,43.55311062815878,115.87098896005497
104.09775602220762,163.33262909863242,32.3770346650869,112.25143728886276,43.29485591161453,116.35378103230894,87.58607949079986,56.09875292750769,120.46580884691592,106.54970504781434,43.680194001788784,118.46631806601097
110.07009290588407,161.4561869232916,39.620165902853586,116.7840032129066,43.946247773323805,122.24317680333446,87.50637615348873,28.529411380622477,140.8620547368501,113.18957175404572,43.87565865960052,120.2080247300699
126.64814283289942,35.08358813008495,157.65390958016033,114.58825315689428,43.39796759142766,118.4741525281426,104.55720751167775,59.43174076119315,152.74763224662607,112.15110499584422,44.3275836192235,121.18325702683923
140.15403948117185,40.41542961157932,151.66165165566406,115.72392919136891,43.315288032287874,117.4637462325806,114.24603971488531,77.96935989832788,142.38930279514383,112.27674475186296,44.666494130724104,121.57143158856414
148.9231606144732,54.48038196545087,173.73565054842487,117.60654947890022,43.22771033197931,116.05144463604917,120.18748592541827,73.60105738450484,153.73471226252357,114.51923680405464,45.081457340678114,123.28692783049942
157.2293329239127,61.566054012784946,132.26440404134047,117.5591350702043,43.42145262847066,115.905575653307,127.01757701550711,90.9540008106395,141.39515017475597,113.82808995962652,45.39083414968325,124.00277862923235
168.77494579917067,62.108898693704724,111.29260282043928,119.11821866388036,43.19056704158132,115.39674248997396,122.64012172626991,80.99838385219317,133.91050991558325,116.11590052152225,45.373266058210966,122.60322395049096
177.9570209441597,54.39727723909875,132.9134795525401,118.63932491564601,42.95678644088516,114.42558468416622,125.44954552966448,75.5516087323221,142.0289352445654,115.2147104145087,45.368959389387314,122.2356229864161
175.86963271429107,50.724480692625214,121.43406136276162,119.09181353695635,43.01213256416662,115.16603994981845,130.80123750301524,81.11251462567887,138.2751553264868,115.52826914875988,45.792291441145196,124.17584806444988
170.24821308967938,46.90592700598585,137.5811635329968,119.51184412412978,43.1072645501192,113.03586535347056,137.42710870668904,89.44541288746372,132.47772652118323,115.6135383577355,46.057259040890905,120.60452963356715
171.65272474166187,46.659711777109216,122.32401599138103,118.4831176277892,42.995164202757245,112.51660337036546,142.5178154289688,89.86227011420559,131.11635723482382,115.81149428604601,45.891759494685196,118.97831598218114
176.39562471767763,53.87440855662343,116.70536261412713,118.10719476953051,42.77044918644873,112.487682684292,144.33465528749454,88.08673645656685,136.0082269923623,115.9188410065545,45.9231812909925,118.72459675577547
177.45851875136572,52.69656198943009,129.3764693119936,118.79044758203423,42.75193966251995,112.59665548263213,148.83515744783506,82.09076626236256,142.1089910816094,116.40287627855069,45.879973316955336,119.02641346083277
179.20683838484044,55.96712482430643,129.86756315969672,119.21932209952686,42.72946789522315,112.5447841528633,141.43996936846665,78.61313022206434,143.43178436639099,117.0002577530167,46.22311282661051,118.85405500875024
174.2883312123441,56.93156322819121,137.04653554424002,120.38687863564516,42.8294230349372,112.3231596854264,137.54584754783644,73.67648187410272,147.3607329143868,118.43296933756353,46.98854480832323,118.87879154724972
177.8750500989606,52.23027926831029,138.40390267741645,120.05621606437134,42.81408949167594,112.18428054299699,139.3344340148105,71.15435638219174,153.34936809250047,118.30828918185162,46.95607892158338,118.99432140329493
178.65915582470527,51.60446194866004,141.87914510159314,120.03776094026423,42.83859539136469,111.97878863385333,135.27706782991842,71.1492597507699,150.1592222095523,118.59686692259757,46.922585267490724,118.98545967600813
178.68376076469298,50.775274694421434,142.16928664771675,119.79222536748566,42.75590542447723,111.7819525046326,140.40795526051815,71.44951457939769,151.17747461395936,118.61900050092883,47.07148913773986,119.7965549792172
179.16088228978336,51.22270329025241,142.80238170973715,119.75569437884269,42.69249781475229,111.20603661304169,135.33899788358354,73.71546847180073,152.84312958821045,119.10113794148597,47.27321119274026,118.49911091789866
178.94209872782514,50.909729278179604,141.07931665956346,119.65661106851665,42.64784602192122,110.96650758645045,136.34900215149466,76.74174665047269,138.92598033355483,119.00480998663626,47.385630670952196,118.68441942492879
162.4142138861518,47.55501904520492,147.4094396011412,119.02865858256914,42.69444709767255,110.88522070614003,133.80091227218767,74.00575348670617,145.83521860152834,119.12034518196916,48.009361628573906,118.21500880081861
136.83924924563203,5.957597802093059,168.7838513775401,118.14695814643555,42.71294480095387,111.00560553388884,124.58232325547725,75.52272692467908,138.96593336019254,118.6653299810383,48.237479566406805,118.42954414922521
138.90442335077088,145.8912189167726,23.239060847897132,118.07190491087412,42.9176705593152,111.71853348532578,53.0371433624251,34.675349986740365,173.71696108210983,118.19023770885569,47.93036980846791,118.96518334307278
94.57839338674829,33.13535713402742,135.24184206531888,117.58688673699606,42.76022143006342,111.10297583000087,91.27558121003167,10.467564632659757,136.33009626587418,117.29598450889583,46.98067265351746,118.3560396133121
84.55831837349167,175.55887161948866,126.16277954824542,114.30661940446355,42.63079974562903,110.54690150585397,74.05817298890227,12.29453077956204,171.0776089730699,113.99738741854964,46.099794778203595,117.07748228589122
80.42798655993192,32.46168168426338,127.56182383060538,109.29802163219887,41.75828310710827,109.7792367051806,84.36268680965614,20.425991832784774,151.83979646255472,110.06018485094381,44.73677224134091,116.43051883988834
87.86938824409752,29.980575073654204,158.45019159948225,98.39980224093112,39.378074841803134,108.21144059178533,82.21256146063779,24.267044207532592,164.03084392663249,107.33160337927876,42.12335972983662,117.5104785090572
91.79832310001018,26.08578904647886,173.60268306853513,92.15259820456333,38.5221325664028,107.49278554785643,83.65438445654183,24.64947219953395,176.9600379652116,102.67217565251657,42.09280527592787,118.09421488958257
94.82192352034905,28.059956968364915,170.95360336329279,86.71773006881335,36.758197469253936,106.85325172733297,84.33693982939486,26.38887834014954,174.42194146254704,98.61033691208088,39.79971052334318,117.72401111335697
97.83480588180039,27.32440394753545,170.54953770642197,82.77749133091254,36.94176909546606,107.74411045060471,88.50797666082882,26.60393424660067,177.98980429740635,93.90455104024441,38.84544336747707,117.23228577144103
99.78864757309266,34.235896365090476,160.2804423700111,77.95223164028843,35.52655275768433,107.98636009523638,94.18724992054707,29.0230398335055,173.32370890147342,85.49902303931509,37.43716456659906,116.6582076408505
104.04093493179849,41.98457637805558,163.02569285319302,73.07015138333298,34.32679754859389,108.22660838707965,98.03994864104281,36.36192515675699,171.36887430866855,79.23599525283872,36.58365748911459,115.02546042924449
103.95162019131007,45.980646178148355,157.41926055444583,67.05505098089978,35.05794211232361,108.29902189767265,98.1528410982325,43.34899986081382,177.94069528360697,74.50643592741034,37.42641688178606,109.86447350957634
106.66421280598155,45.04707829341508,154.3711703943478,61.45047986759301,34.61509560961838,103.59685401035323,105.44170715095092,52.2866097762737,168.94601762632163,67.68201974856083,36.35617227811599,109.4399758412804
108.8122791464782,60.38553494629166,148.0453537587028,56.77164084531466,34.21718820602757,102.54779539223979,106.45306462184887,63.198993101075736,139.66394455402164,57.19364423558641,35.56739088295434,108.83170333578768
110.14748507213056,51.560724153566845,128.07746835306583,50.28434544885055,34.21509310172392,103.81197987684945,105.36679384257266,43.47118110603897,159.12179427188912,50.73027109973113,34.284646053604924,107.71750645986874
105.58525126349703,50.34011361064419,149.27068724383167,44.24561041410623,33.99194755410495,104.7572468517547,105.20716293160548,58.04722789396402,152.49602362972237,48.368824612086094,34.999525635014514,113.35198972376587
104.36834356021522,68.49280792151627,168.01702104643118,43.803756833459836,34.83032856574597,106.91740919746923,102.78434607338136,54.63940241766899,167.34987294026618,37.55411191681915,35.455942045035485,112.8845269301637
103.72794599626968,99.48943930803622,164.27740560299162,41.173754964875535,35.530840591176265,107.14226502022532,104.15476112697559,59.30534287587072,179.62633221618944,32.316882711892966,35.2447874068366,112.80162368730618
93.5628193001929,101.0488342991619,147.8847660898503,37.8485178047041,36.55192852966731,108.39612893820902,104.92187846813422,61.64292796703515,165.58776573337695,28.505295408516364,35.55574710857087,110.64921606178883
78.84725037270854,86.2701944645066,156.42852803123245,34.24498070569359,37.15787815139849,106.10468140497633,92.94889561637777,51.764015479874324,171.24967191916969,24.154903143572206,35.89924443530707,107.09519616113114
67.53320572948431,76.8957618795384,174.49790182825717,32.13498092677024,37.54281763818104,104.60775638956059,81.19656989860957,48.30980004016017,170.43548015413663,22.721810793593132,36.083150113542686,105.26664132183728
43.78987768313416,63.74754001067865,161.15990028622065,30.024155812991257,37.61854509199576,105.8872293675833,73.02795292928693,61.93756798395938,147.87259565015415,21.249952363350012,37.02932882539234,105.49808413494199
29.63758528540004,53.277688696649626,164.84912945061623,28.76696137433731,37.387904598800496,105.37773589600995,66.34534557632803,30.23743803238157,176.3835922844945,18.17108857003322,35.11373769099729,105.33080097357514
26.75027736978778,49.64225782044438,166.7035206364935,26.72702188210987,36.91200112142447,110.18743215672744,54.08017586578084,30.399137394791307,171.00754455568807,16.195065221737458,33.4661613949491,109.80161819789336
21.140104267522972,46.91069254453309,166.46190441512354,25.63295905889219,36.99136756245723,111.45271468974867,43.63680301149773,174.75154424029765,144.3866087872882,14.844238445979832,33.50073889321286,111.34963703908517
21.527850379140094,45.90262929734246,159.60737835060328,24.128817791148855,37.00745640265327,110.58430563961676,37.95356214243286,173.62325948887724,150.86478406043315,15.5212745769454,33.94656768816179,108.39043116374057
28.752649952887158,50.41148094669973,160.8297838763622,23.642464131781455,36.700780096453315,108.80665973979508,32.12292767317154,173.58732801736159,132.5715684454143,14.415461364128827,33.96547361204697,107.60008206691022
36.81034605948293,54.95585328782439,154.64228460860164,24.096896402723036,36.53527666662606,109.08352052381215,27.4781697322869,171.61722002857533,179.88315316833345,14.280964958651717,33.13274627779686,107.42404740181001
39.7232255745156,49.9945809958788,167.88439502221962,24.7503743166145,36.63997166428784,110.40863311707312,30.153960445598585,176.8090567977469,173.47060639594625,14.724505918298659,32.994179317752916,108.59935642599187
37.80187489986293,49.40008228994599,169.65320848966923,25.48752377140637,36.528875932893214,109.94787380948867,31.840364935000338,177.9657589478277,171.96224867868986,15.498146579672865,32.94548403827703,106.88392362215657
70.01369603484372,64.04604043614862,168.250208466912,26.067404651343104,36.14734161691586,109.0457054501703,55.81357551524552,28.451578143524753,151.7795142406172,17.723392870837717,33.07372810120602,108.3425373864258
86.25303473764889,68.27002651984442,136.5807518496193,26.567519676604817,36.02655363467477,108.82626380319242,61.52953765898826,17.520051145961332,163.3207702835737,20.563370402554714,33.624873486976924,108.378351009267
91.77852889111728,64.35800029151783,122.93794829132763,27.885207387440946,36.32014449315113,109.79874838715544,63.5172070692339,27.411199534573342,157.95518095433272,23.06867322921576,35.28250444378862,109.78379005171647
89.39930848933513,48.461976079722874,99.6832385334011,30.764002477813577,36.47091762301649,110.50816051640932,80.33667554423046,28.640343755927596,170.68045849630442,25.80805200554194,36.381983032466344,107.88141013097301
94.98709901804827,41.58216367038076,154.8729042927561,32.838061920990874,36.07270449155154,107.42268583862179,73.86966680580258,53.21424003134215,166.72539842571726,33.87698401506727,38.37500389830952,111.44126039941949
103.66773417179607,38.77462289940185,174.22183688898252,36.12286633195178,36.73256235782472,106.35488944280586,84.88937798162384,53.234821001151765,160.83439501321254,37.420529477208945,39.43340032503765,110.03648265613485
112.74952517990353,41.17501239484576,177.10857851144942,40.385590338907726,36.92262851970045,105.45464206859278,109.38152852884059,65.22524742369067,168.54191869213574,39.88065871470636,38.80077960009701,106.19699055658135
115.16219747558023,37.95206051420452,169.69048500762602,44.004286933481815,37.320196232751094,106.73164305060445,54.09790424662808,10.99329153056005,165.73262759797888,45.88680896234361,40.1046498669245,106.59099316754399
115.24436468493566,30.690884831046965,159.25978040675326,49.66856602008801,38.02999657879057,106.05945041890786,87.95627405134,32.93030834764898,167.87035484810406,50.413038348533064,40.862985912019724,105.99283301731663
111.75488072642383,26.722485136342957,177.66832970255228,53.711099386991975,38.77051984531371,106.25265325499296,94.33423577019275,38.36100164760703,143.91940285047235,53.11291564860816,41.58510941243612,107.13792878613212
115.63172995494239,19.876420643373653,172.7949627559372,58.94605036642373,39.56505720014103,105.35910832529937,102.90228260293142,35.23064902199511,166.2492303019418,57.456990907155486,42.85495234007059,103.93024098809973
113.4793607783303,17.8494911222295,175.90548663552434,68.29244639717709,39.95715411459014,107.30090911424438,115.97401159605627,31.7039920819151,156.15611090502335,65.08176730213512,42.80092575266488,103.61904753107106
109.79394093200978,20.68766331939677,164.02644836771887,75.93325209990749,39.564075518958376,105.08488679085745,115.14480204873497,30.67843240039328,178.4261241515774,71.69392284260702,42.76324326126061,102.54039557083861
105.35462852119676,23.1315490957622,171.61579296490666,85.78132699725657,39.55177999686127,106.13956440864797,108.61447316499938,37.77678516095017,169.49095906079555,81.2256799943585,42.760325439303855,109.75278347624449
101.19100526885937,32.12701615647401,167.92082512098452,96.40568669823097,40.31038844253454,107.30476035202851,105.79789431533912,55.02865245017737,145.1827782421207,90.23282982604808,43.558654011581176,119.26738531559609
98.52082034142234,155.30986391806567,8.418493477432078,102.65588402095749,41.54250608106365,111.03919901391419,81.97418698158293,92.53635270799104,116.82178088723046,96.98372352608534,42.50977254662649,120.18801372541373
122.49323208359971,147.5553164704068,145.3805148726387,111.15061589764116,42.4765347672949,113.18430592108238,81.92003070802387,70.64317148699593,160.92221587448972,105.61398837227148,42.41100739011263,120.1549954858639
121.63490917090081,151.6806964121821,76.35034609027836,115.16761971362853,41.97161039828179,115.01742983019096,100.76949476790908,59.885478625482115,164.08132348770027,111.98358844665516,42.21093490984904,121.5175953440689
134.95154721619903,2.3874325879008307,115.46793075481949,114.42703159836786,41.6626668639365,116.02331872261146,116.64980774444757,87.37493861801316,146.05030994807996,111.20370246187018,42.33069418470908,121.98973484455138
146.5260884813734,69.1783297782302,150.40824161302365,115.23868668983934,41.55307142822637,115.18567489143925,118.82751623735713,81.39715798136663,146.890710539589,111.95639207454188,42.98075053453243,123.00446280112774
156.25715240069295,56.84802671426745,172.71921727854993,115.78762476913823,41.466010373044796,114.44319915271116,118.32438596225622,71.2684885051648,148.60428381750208,111.83984403388187,43.21851413774404,122.82108759833068
170.1137592066512,61.418168340684765,175.62899683332765,116.11578723079697,41.21199367010063,115.62330978779501,129.42555277524554,78.15783543464892,147.57575513013438,112.83075187972895,43.46444669285147,123.33352514646178
175.93073829432868,51.70060804353072,152.4088727105125,115.73211083201804,40.62511658921426,115.19976899801786,127.76639248099391,76.22302228513354,144.25864185087195,113.607459814899,43.58030203768365,125.02245510245689
179.8877011279022,54.670508488482355,139.23130111117922,116.52436280076947,40.803904021226586,115.99846926821789,128.21037828913592,74.63260212669624,142.34607061144558,114.39311922394886,44.101836146102094,124.51514044420836
178.64788454733846,53.01513401215704,137.20637150291708,119.08624832091857,41.346697589433376,114.8050140602054,126.85644841577758,75.98106423138557,139.47486179891646,115.9837329378763,44.45897307296765,123.47774845906135
177.74592478923114,49.73275306300744,142.02643509535147,118.58492091649084,41.32002614517343,114.56526223381114,132.8989400437577,77.17382716206558,143.84210939802335,116.35812249662139,44.41162774111425,121.37619009019639
176.5470940249891,51.66583508599404,138.40893090520223,118.55243572405807,41.37076530654029,114.25148331876791,138.070557818012,71.35814611289531,150.64916858456357,116.32191222844193,44.3468163961344,120.39276467902779
174.02169855187188,47.23266490098909,138.35747206547182,119.25137154912417,41.39845437102209,113.43508769441365,136.15894812341202,67.57639345639087,153.0780518182515,117.48966114732048,44.342092107348684,120.21817372472329
175.35398835995838,44.87645871350137,136.64548818154063,119.7308540408317,41.18195510768936,112.71633669866686,133.78260601887337,66.2278586830609,147.881206120827,118.03893285496841,44.27615510304973,119.86379619494522
177.4915569760202,42.258682623388026,135.85056021454187,119.14870787597931,41.26575767811328,111.72571568265333,134.85557195017617,65.2551644252152,150.5323201565569,117.37884653691765,44.039240980296945,116.25645250535315
179.65769505355448,42.44438716982331,140.88824905904409,118.94994439836775,41.25714544973053,111.49509049102785,131.97979579617538,68.1893485437886,150.1381854429103,116.9921310678331,43.87215541045604,114.45386584473697
179.63822678615549,46.893573503706016,136.57105975663578,118.86647490829661,41.218882332712916,111.41796390437484,130.92448689178124,71.16767660745752,149.17471106521563,117.1794561249772,44.22289095565114,113.51717823266168
179.06039189815283,52.443474595897655,142.6915139927377,119.40184545979294,41.25001167777925,110.66980916626017,134.8548667721744,75.75160210467101,144.6760606731562,117.36388223170688,44.564902040747675,112.7980357527509
179.19565920245518,51.068067727811936,147.53431016346363,119.3508916676655,41.22120564859232,110.62028146248416,137.60641146278815,75.24616053046573,146.37876102740503,117.10030771319136,44.89477126339257,112.69096219570851
179.23203499382768,51.53921570356499,148.71375994524803,119.16603709999379,41.28186123126478,110.42179877115811,136.3403510467974,74.95851617457815,147.17588915466047,116.97944687594102,45.12404492397685,112.50356827169159
178.0021048410517,52.748369026607044,150.67558379301855,119.91903407505589,41.39411631639589,110.3126940151263,135.79299239607363,73.65155697462909,148.89003254128195,117.54409153343806,45.36555944709074,112.2921166598753
178.52077420000023,52.14485105676424,153.17213949719115,120.14885862376012,41.56441415652616,110.918890365545,135.89168416204853,71.97424944181306,150.43082390771585,117.73837285385886,45.53588679529534,112.37386954743619
178.50063957830068,50.52522415175501,156.52489553870333,120.13188506375114,41.64014706150616,111.28901881336412,134.9712489797324,71.9169626644969,149.75481344159576,117.85006658804345,45.58820558351272,112.85316188485352
177.51928526995047,48.27169841792085,156.64043619561807,119.96776453336786,41.68030081877291,111.67686534817457,134.19378284779165,71.14337367406368,150.21788476952491,117.80749955260981,45.68645458106101,113.90653612789174
177.7491378447503,51.747625915125894,149.1252921892188,119.73496493299858,41.709384401099335,112.20232467095721,134.43044040336852,70.24455019570857,154.36169688011856,117.87605038048233,45.89058452656055,114.61716536095703
169.11378119219322,62.90121220841123,133.16100074296835,119.73623921175249,41.75301905747955,112.4857442787148,133.83916379861768,72.21218853430511,154.10323996846674,117.96657629421325,45.935273063974535,115.17595821444525
147.7525988600012,34.05773018702157,150.401226102984,118.13095850957194,41.771292042580455,112.56356989551357,127.11170817721636,64.33787498911043,161.25312733353596,117.81501602360159,46.16351338996633,115.45069460720961
124.99078678735279,16.261706493844105,175.5242013421688,116.95199953819646,42.03699470786609,112.60109065824155,73.83632480584478,26.981337169152376,97.60321816163352,117.80873679068277,46.34374396226779,115.47182937306422
111.1109172765629,31.80088095319061,150.83676850046152,117.3365854397331,42.205922922938925,112.33883152974846,97.60059643047894,49.10304028326528,125.2933437171556,117.88974122277179,46.51733150671148,114.50632550196364
93.1607017150094,23.84752400755227,153.08105889459972,117.60006553692749,42.35964832809487,110.43567086303864,101.02440773544946,47.84061350634223,144.31131198560777,116.22080538097543,45.83314297078224,110.99469918957804
86.24611354921372,21.145256810803026,163.46358159064022,114.1551625689115,42.045255197747124,109.76318179979788,85.726426898317,21.205552329035775,173.25937507806898,113.3068579114492,43.8982242775281,110.1259751293046
85.70004457136633,23.90722019730309,163.20527388967568,108.41444476990057,40.40723997711398,108.63560667768988,87.69308685767301,20.471713499685098,170.47891244443954,109.64004810487867,42.81746744351638,111.43249874438695
87.67772252963056,27.178116694135618,159.76307839585544,102.37673200322463,39.43548253321861,107.56509981723583,85.8344428893431,23.912826955714575,179.6074684333768,107.02592518751001,40.82466692340666,111.27377367628847
89.37765684668145,29.70560793885814,162.76363330414355,98.21447635308465,38.239899074859686,109.13546206907941,88.53868024524611,27.161182330989856,177.91899567440834,102.62480993788424,39.74435793497028,116.98815552249914
94.25117331450883,27.962976994067116,162.09949625180928,90.7560662699156,37.21854041009499,109.6739657797068,88.37091886335887,24.48097395204995,178.3662428393508,99.2375027086313,39.428859203852234,119.50378888626531
96.32841542348586,29.44130874883363,161.1600705397689,85.37302803482032,36.79118616957504,109.2995713239374,88.67083940815017,28.11554844485517,177.12903432761033,94.59579559266055,38.6750686597181,116.74739843341371
100.74303222638834,31.092699125363296,162.44511717274668,78.72799903027276,35.927338785250036,109.63164646888232,91.05361492027244,30.73885424013047,175.0051259119167,89.68575542503233,38.02762634102397,117.21482241369772
105.01181169791028,31.70279289036859,168.66675456519408,71.36241702344526,35.309812412697774,109.50593957851588,94.61320836660384,33.88049483608446,177.01228004466762,81.43960080398723,37.28089583418033,117.31427387796185
105.22655124626277,33.373651170583635,166.56527356949306,65.78172573797944,35.39235707824353,107.1608210926393,99.04343794022277,38.678841730230545,176.57048494029294,74.10431118366972,36.69899445452963,112.17482004156709
105.95786541248034,36.60035790464395,161.4724154271545,59.90436042677248,34.77796459291649,105.84841032170687,102.64853734968776,42.11611649347673,178.80183972596103,68.65591778878036,36.58107382586928,112.19433637727984
106.85708931130368,40.126067876705314,159.30743342499454,53.83668230618558,34.01254233992606,104.24748343090552,104.68846808576328,51.50199942906654,173.48862294817357,63.654730234150435,36.049240441762535,107.4282219452698
107.27017271594929,41.5636542789582,166.64029575742094,46.56994891099241,33.57542417621134,101.92197012394814,89.1060965456422,86.78841692319129,132.43105744777247,58.9586844247345,35.6232134509703,104.0162817272851
103.89488865544403,44.922191301100845,160.33152524553745,42.313092083306934,33.96639649711182,103.59381736617826,53.151878469814996,61.43126587776687,117.23984516751325,52.601436130027665,35.64794373910026,101.88455041731125
98.62815115755942,43.342965726914855,161.2397873495804,39.05179076848312,33.81975872738596,105.49450367597655,44.86370748637675,50.88354642568533,108.05742471802772,46.64439686412608,36.52423988364253,111.02939810508416
94.03460819275473,38.75146730199885,153.03618339476287,36.18296209986487,34.16950246235265,102.54786599090673,45.6255942507513,49.922987241605945,140.45286083083394,43.607483698140285,38.07458048542241,111.46028474090375
87.41395638006753,33.581914054767495,161.37110297553073,32.90505276600034,33.929327539477846,95.68569253526772,41.8688060010404,35.77285031622908,139.734938800711,40.19616978468782,37.51391353421027,94.73559745252382
81.57380795439822,34.363540701143286,165.091962947543,29.404885680507657,33.66790345493663,97.3990993705131,26.494897886511286,25.94232352084437,159.18673400877753,37.411351089244576,37.322099328757865,95.67874932148402
72.2714687411607,32.269677928189395,160.79312122565034,27.08950319767758,33.70563874690451,99.02959051919251,42.85560386253284,47.81911866329992,145.2490216598316,33.82762396471707,41.08374220809189,99.77610648113262
64.70727601721381,25.228358849638163,168.20216187101866,24.005826368180102,33.255271370858026,98.82777468715167,27.627616746375843,39.54276163100827,170.38707884015525,31.001805912561725,40.87788172892177,102.48308279642048
61.63150250058566,20.418037331766495,168.55360020789857,22.84049821913803,32.43085438280684,97.94055227119244,32.5065896801743,53.59949634889899,169.73541432008886,29.779159953832117,40.64022759830732,102.93280115099714
56.17870832995845,17.263650348083093,175.66303334225034,22.319319540604603,32.95842968274763,98.45464635623391,25.371534666971073,47.675500982647215,175.3650398742156,29.986873641128934,44.48744134966028,112.29423452641727
55.664448482724715,23.400032999020837,163.56859905540725,22.5914051534749,33.162567935018544,100.59793409692257,37.13957108026647,55.088408234106936,168.41159664795936,27.533537501911443,42.55311268234894,113.22894649340725
60.47310697655119,21.624582195645075,168.95845650782903,22.872903444997547,33.26719208210708,101.25891891738543,46.114736169599816,45.477957566679834,170.13853575533773,26.126167944629795,41.268517096830024,115.20174009271416
59.974057462802776,22.001131299363067,141.18918067509566,23.89294884456856,33.38168809409814,103.74616046940129,46.425092545343645,49.19168126133159,149.2243821840995,26.27108685869727,40.53661795875128,116.58644415961876
60.019579897986254,17.920185843702875,141.91035368807144,24.430902819167677,33.568742859962505,105.71377340995144,41.80947473660464,47.51738177801972,156.61415697188002,27.61559970255805,40.53017163097124,116.78316267730163
66.26920541332554,16.07945376711705,134.4046866879299,24.462721608508044,33.19598576314898,106.18575706838267,46.22498733040157,43.17870724059854,142.24521038109438,28.57574711049899,40.53444519834937,117.2816991736187
70.61098667186955,19.872265155537242,122.69455858807693,25.16884334520701,33.009147831581394,105.93263299801743,57.249660880301604,44.33603280109458,148.38490654114295,29.43278099706156,40.26823755002948,114.09628325321094
82.40666748915046,23.68950949450019,155.44470291441434,26.077965882441116,32.963691186287434,105.99662170429276,8.637582943289493,158.65886786305464,146.80502485296503,31.478001293325363,41.85276761799832,113.39180275898549
87.62035672196389,25.755698750818475,158.70385315000684,29.34806641265856,32.89703916833446,105.82818236647682,46.65744572444082,30.03763810070063,144.73060969550752,31.44523565619963,41.468213742108695,111.7162712818627
93.09615322760796,23.180850431593996,167.3539324523616,33.00463134266846,35.79964738522868,105.9898275967751,54.59152924171159,31.26545679759288,163.29788369485294,35.50635301589123,44.442092177517075,115.89625569806633
99.92146654653958,24.745335480659428,168.8401599519995,37.08468323171096,37.35670042004129,104.21882259307614,77.5421958666388,41.124619767889456,167.69919549136137,37.140239644979765,44.33734987038717,113.55811017576718
106.92254248424616,23.873203133529906,170.46811367090265,40.51546529635109,38.043696466328385,102.24284188690486,117.0277735090818,38.77799362575475,158.75800615411615,39.17877464989134,43.57530835251404,110.30399672971814
112.7922911302351,19.96989664016434,171.4769789328231,43.784724566661914,38.9678544049265,102.35374544098559,125.74672296316363,37.0917834804955,162.83456775782972,40.72700971010995,41.71523956203836,106.3191477852073
118.9091746772445,18.690604671959747,177.22121722645403,46.6427449988491,39.86871806528537,103.63238560807754,127.13686370439217,55.806470551459434,153.0749881585704,45.02728651330533,41.67978760328325,105.13556510653787
124.55277909104414,20.107931100143254,176.36738210585452,50.36852076809329,40.586244451302576,105.49208820834716,61.1867677751556,58.95983123800276,179.44338556279243,46.08626163020975,41.643584710414224,104.58702651908912
123.52756374322493,20.152465784482853,171.06672383706118,56.016446467520026,41.59226062412623,104.9584471746925,138.65643599873064,24.95688324588708,138.24773876501988,50.69041133438823,42.20086031247873,104.31766470498403
121.61914517648506,17.682764930233557,179.25452431216297,60.92247449938073,42.371410436318676,103.42764165420029,131.43048254168085,29.701837078245514,160.65751749196673,58.65701517385735,44.963206799445906,104.43296703327401
116.90622047769715,18.709871351641194,171.32770089250886,68.9195663592517,42.911138328673466,107.10721268603393,85.17788226770023,22.54661914542968,159.35654383419154,64.71344180005826,44.227956595241956,104.47657958233577
112.87165471246844,15.753263360016808,167.7536175186428,77.4940268084103,41.894640789007525,109.8453670951641,118.68090645365947,38.10970226709786,159.43191862333694,69.48416622550305,44.29096619948108,109.78342391304216
108.127566003216,11.930441036356697,172.14102769584758,87.44706855519406,42.42106819190063,109.42919740928842,106.48308451721861,24.863679253598335,162.5655986986538,77.78941376523053,43.60658274674634,113.27807627552892
104.2050333574604,12.030423934686022,157.29985260232317,97.95191719826572,43.257293823389155,112.51164322839104,92.48197237250373,43.52010652080439,159.27017093800129,88.26596519241168,43.725055932601634,116.49298375006333
102.31241352978435,174.39692293184265,146.35681500399141,107.0324586100391,42.87971095123964,112.47859207914017,66.9489847513807,88.21751734149818,119.03882325895854,100.37905989260582,43.80535189159619,116.56312820386863
105.95845005276537,158.83564897297086,79.40983049618394,113.6695365400009,43.5887238955366,112.73975422343051,80.95488150700277,101.31084934903612,106.27628625585001,107.83563962078168,44.03454644260885,119.96950211628692
111.05330955886193,159.1100785031902,29.11196155861965,117.16673330855518,43.47490316992283,115.43886106350097,89.61135426160601,57.654385215694965,149.81625880874472,110.62653154796264,44.00906510709941,119.99300058059536
122.31922809785345,60.43187907228623,156.9039008262709,116.04067242856082,43.09272335550269,112.40720877194424,102.71061467790696,55.6347081919624,153.7184032233184,111.38006777641955,44.68363068931643,121.42859550333976
138.14729311853037,60.092817556542194,133.03540252722985,116.9502477919499,43.332308258323636,112.46675939954442,128.8327711449602,71.73735359922595,117.9387715898368,112.40253191948094,45.48779041227816,122.0564613873444
147.2072240413779,45.60484254106525,125.89289828597951,118.05760709461663,43.4064578027293,112.08008450642453,128.78158990977195,87.14141875944206,168.96276122594801,113.18345486398303,45.856765361161266,121.91107425849174
158.56063514617037,61.669676878209145,131.58216513458473,118.36921198988433,43.10895482295206,110.94484347380404,135.86376761430586,82.43777182422495,167.79025351653516,115.42450946685466,45.8746416697893,122.11490301668245
169.1655302210646,53.48251185094083,144.17107783027637,119.8962978340644,42.82961460467712,109.78837587021624,129.99796454388434,67.80084755894198,160.82893536008046,116.75338120834496,45.943647838069744,121.32945708654024
174.9548700771322,47.67463422796481,140.58663116662302,120.54694173211173,42.6608413198672,109.88328627722147,128.86722867440267,79.22442051166935,143.07134366524997,118.24675505807163,46.006326830108044,118.33780807850025
170.82722969050388,47.231219150419804,138.25183426217666,120.29524542794191,42.09913027147217,115.11261209076348,127.58634633774341,77.39882762883687,140.5652384510568,118.87719638018304,45.85610419962613,120.02471565663102
174.63104433311435,46.3860411351694,129.41872528330313,119.81309263660292,41.48526295225691,114.3489468323936,134.59996494416515,68.95236108948326,155.24021835304026,119.67379106972416,45.694258816485934,118.90935964041735
176.18787551486062,48.848756649553955,124.91620235607589,120.78374551950137,41.599713862493495,113.2446148501394,136.23406757846192,74.18162103215083,152.78596033297572,119.57785221549652,45.78774890365574,118.36483397634085
177.11025846119438,51.59463879464479,134.679719867682,121.25410580658094,41.6019616067024,113.10904724037896,133.85892539325445,78.76236698922314,146.48855561502498,119.66434560174994,45.761640269921905,118.08274402456536
179.79510499085364,49.54111244006708,135.94055763476604,121.48967265868944,41.57840243279963,113.2633546685497,135.14226154416855,76.03647878770398,145.99927662872207,119.87386819070326,45.74864849804322,118.50649550104008
178.86704448736668,50.61438669489968,136.43820828935333,121.26909700381444,41.48692329807477,113.83677947587195,141.30863634633968,77.59571987862708,144.3988633859012,119.79478290787203,45.856625893009586,118.9485954841368
179.92665362562585,47.41926027482866,148.71292839733218,121.32578771875542,41.496293441464324,113.97524294087033,144.12983775231714,76.92239290526372,144.4763860144643,119.42204455900787,45.81755251869949,119.68278666291263
179.65048374622953,47.85627853406033,146.59792855215372,122.07139891256742,41.503071563158684,114.31682991360611,144.47697430032548,75.12280097899,155.92227593619137,119.80564033734198,45.98322172393276,121.22220071735435
179.3288089994315,48.62543146570619,149.6523590398662,122.16289291166231,41.68964222727155,114.40333141750301,142.47826764689523,73.59161251865652,158.92587096318044,120.1359640600923,46.62493502414145,121.71776525405534
179.4616149108477,48.12413279782529,150.91305750076216,121.93712395702536,41.79412587020315,114.4872860962801,142.41091917845085,73.46657655961208,159.1910391827162,119.98815144440958,47.1618406317968,121.56972684628225
178.54254742001623,48.88215758644528,150.58140728642303,121.9583767880991,41.870165958780305,114.3912132961335,142.48146097664215,73.32815015972336,154.63440417874088,119.92917780484493,47.48526283457434,121.77660098302233
177.98701588844335,49.86396087541627,150.14143573600484,122.09613661403532,41.88572068101036,114.0385000576886,141.46042639063396,72.4584926794638,158.74197352012655,120.25507966788263,47.58690954080216,121.05597084253976
177.54941479874407,48.66035080808074,149.6125960193861,121.99186079187601,41.863160974853145,113.6761396372116,139.8645620998222,72.66659711932829,156.55468225049506,120.47173078519036,47.70286969982313,120.2788687195208
177.54026603460358,48.0139312347596,151.10786019491596,121.90912201638285,41.82177799916126,113.29878761071221,138.7821153334034,72.83152106979199,155.03757148636015,120.60587891217139,47.71917320505253,119.72934050915525
177.64453514855225,47.43975391091147,152.80304647004266,121.87363590300647,41.8127316381927,113.01856472258555,138.60991088145607,73.16433057094251,157.88089937103,120.59618638125542,47.70882317676105,119.39288229148323
177.63478829536223,46.77492106841163,150.14726074611082,121.84036096792173,41.795916146663544,112.68353811573421,138.591770775843,73.48459676859133,158.20889184421003,120.50812883735816,47.64873889830641,119.0503127550269
177.9718500965712,46.454513684677394,149.15588931227677,121.86225811317748,41.7175738891846,112.55761367056209,138.61815116871406,73.31919625743456,159.01339208389672,120.4345265531306,47.533971577260374,118.76015199978067
178.36213483474586,46.53577774272267,149.03748175049333,121.89035096323964,41.58331150669271,112.21225697538915,140.01566492973456,71.47545311282224,163.45080517924268,120.48014102181831,47.32524182603354,117.21598549846145
179.3030458898179,48.09848108122566,144.3885317256896,122.08431352169636,41.47176900415582,111.81009588116582,140.26159104012302,70.42676942482483,165.45665905101282,120.6679415406404,47.18210489854019,115.60260616899578
175.00821234331235,56.52059180958462,138.0688102353662,121.98012571125422,41.258903052193794,111.31662885186655,137.82482985382097,71.75930047737243,163.54797346160868,120.902670142338,47.06532802232461,113.97217186524296
139.23921584649037,78.59238163622169,95.30975062693898,121.04609036020419,41.13356340483332,110.16444606410673,127.69881669000101,65.03353103970252,179.02440404826015,121.04489046846975,47.43418232077836,113.79113744117508
125.41307433998287,43.239526796198,170.58644760693505,119.63884687186072,41.501764861342735,109.8185385751792,46.50390757558098,48.45876474789005,174.96072644208274,120.726665520248,47.237114583065,113.05732696456222
108.6658642946614,25.163094652956996,173.63092720836823,119.18123066535621,41.54743229854609,109.29237455680341,88.67088961842958,31.258935276074784,91.83257294871179,120.13674639581106,47.12206321787676,113.16560890794078
93.20447192707503,20.187916631825427,170.8160790737655,118.4225057580665,41.336407916222804,108.84863619673021,81.34031438964504,13.458725540714973,178.69865773081386,119.32559642384437,46.227551377343985,112.74984491400636
83.51731897232632,42.26395711048562,118.23244540174491,117.14296445541402,41.65126667545295,108.08908416282235,71.85240098571225,3.7498011635341024,179.34131604772622,117.96483932772857,45.55613187762507,112.58572699397729
77.69381724300729,29.660044463851168,145.72276752948065,113.41005142603048,41.354305414417404,107.95748989737373,78.1101122133563,21.49591245380012,165.7606711226115,115.01273665058342,45.51834749700018,113.66563013395734
78.51697346675377,25.874267316130172,167.04515500664104,107.53234942424602,40.623274395398184,109.19487954688282,77.11654823158328,23.379563862022653,165.23848955896182,112.08571619940558,45.29405995863362,115.52594289804821
82.37889634792553,28.44314681351045,169.68750192915832,102.096573639398,39.51740778034467,108.68935328092532,77.3683732085444,24.300121303230416,175.7449206581085,109.54433985573552,43.72418107902937,118.1509052397023
88.00520523858515,27.84334534206204,173.49964677540015,93.69447125947381,38.50561083399555,108.54940890176739,81.16895557969629,18.7152680027487,158.9741879693983,103.30594396597739,41.79089919466124,118.46242976010404
92.29234900782967,28.944944567912295,171.14590573942988,87.93943708501182,37.11685153478941,108.61198878362612,82.81107776083799,6.863371910915088,138.30989009602865,97.05600458409673,39.33576941141862,118.07475946038142
95.56258495714722,30.181805967388517,169.9588004098547,82.4593366186337,36.56810829034171,107.5227001463686,84.2072437172077,29.988352232804015,173.1301093624816,94.47613887514467,39.54625082585479,116.6168520153609
97.31403679330677,32.644029483407714,170.82878067421953,77.9937652563168,36.46852154717926,105.61855695632784,89.4112281407293,29.39229800575545,171.91213283332917,85.69901687914937,39.766719660212594,114.91308510258492
99.53020205921933,38.353681987085736,170.2651316857311,73.55422713684393,36.544606859973406,104.93280637658683,92.72472459451328,1.1097523950286767,165.94693897639706,78.49190961687623,39.17314146621506,112.30370875142445
102.90165648419271,44.10618384541773,155.71387535192792,68.17809467943356,35.88762162896916,104.79105759288183,101.26968745362595,25.245230964166552,145.8954102772291,72.69908483597467,37.82282801380865,110.88023796172801
102.37293380406105,52.13101961341506,147.11639101539782,62.9086080096127,36.18921650569646,106.6117392176793,100.38019251550016,42.574421434418745,171.83310176617093,67.64540398776455,37.438053016394925,114.36403302714997
104.44737484253372,69.5614082491585,135.9460999729829,60.11485978480749,35.58643844010483,107.2738359595052,104.15341434064507,36.82891261167655,155.28731029344533,60.91574057911598,36.57132060823992,114.89074155226045
107.3957445654298,70.23539819417304,131.585472368123,54.805673167891584,35.242828914679706,102.46676708132928,99.97270711999847,35.62676055675945,153.13773590224542,52.96755235327723,35.553133496012876,105.90145109258665
104.42875067028797,58.86594784512836,140.43354345537637,49.815201667885326,35.77543734621989,103.64417351362465,102.65360729677137,59.278358225596385,118.85203384723943,46.65196776817089,35.24775115059108,105.41631771652712
102.3071514643316,106.62258807777216,108.91351703569732,47.186732996664524,36.52285886272421,104.43359582299304,104.78655284561876,58.667963552942496,148.73957101576755,39.25195029775169,35.292120661331126,103.28478796880005
100.53945920107759,103.0626009230136,147.43700294062535,43.23645530565242,36.771978910638715,102.36651452005297,102.79631107024144,62.13181918580787,170.40717367595104,34.74899106446214,35.589366317976435,104.88800094800595
96.7692005688379,106.72290453223759,148.64577244109137,40.43144960823644,37.659918292580606,104.95389888959366,100.47096112133906,59.493472779249764,179.35585947312694,31.155124452852785,36.71702628179682,104.370308421653
88.56248934073228,97.04081738369041,164.5975718467255,35.75576758145737,37.71817683755513,106.92244416101484,97.74286114945136,58.02807154246739,164.9491124809871,27.70037050988242,36.983392212092525,103.64790662263039
55.02601372808437,68.30682290355513,172.57481173081177,32.654823435867556,38.09677263397991,110.37883641339725,86.86516466540101,51.47131670628988,175.01206514185034,23.389980785857958,37.21081693801141,105.27543653625685
36.59914725135533,48.64323096042164,173.3442036357627,29.943591113380105,38.236649333648245,110.16282427125242,75.21022757296295,51.92148674031535,164.53076199624553,20.9725066141959,36.76077283579473,106.77675953189801
22.83675880126676,38.42924778926316,174.5590673847608,28.80172435170473,38.35303244127588,111.19556763588002,69.04020819025857,62.15603429163576,163.94754877414832,18.884801882701876,34.94667167274572,112.25423799325293
16.46591127787931,31.295294481969428,176.358746282255,27.392734978374556,38.05015622578532,114.27029031548204,60.97982212462967,59.248428318784754,158.14479293417787,19.109059071411895,32.493153211902005,111.6725731625929
19.403720944321776,33.47509124729278,178.0177055545508,25.712232084738396,37.719094864485065,116.64065274470087,57.49617472583301,43.88964884459948,154.40787119639654,17.378358407271012,32.3540970355046,115.54082010205761
19.815286217620905,35.07348610260461,174.49394494068127,23.02923300506285,36.904338810187035,115.6654310306576,35.127983299631296,175.41876777981614,176.13421962053798,16.89729049732764,31.155566395762552,109.71753824102068
25.179440142419402,44.36188128809073,172.61627958374612,22.79465956329871,36.768465659375615,112.92955368357366,30.987606240166095,172.7846383429465,176.1624332553634,16.024537735890394,30.850865614432937,106.61330489272233
29.016041362244508,51.43281226212082,170.13373034180776,22.66240722811826,36.681453839124835,113.3879386697916,30.706974919710042,177.51693755721726,165.9601103413717,15.12504305310782,31.7118665180673,110.1618795812177
40.19601206010139,55.376146582288996,172.62814492278207,22.259231779231833,36.21814864393274,112.48293594242388,30.688397648768944,176.01956971842083,170.36870650675607,14.719882623266033,31.622984096484547,110.57100286407841
32.03336741412392,49.3717115528042,173.59112933610479,22.17785325576889,35.61801466061485,110.18167708494921,29.65836269313917,174.75068693602117,159.95866776127522,15.182930047617543,31.701001960932413,110.83954574276808
29.900855382133493,48.714169050986726,172.73063563066904,23.393941599910214,35.72083017518785,111.91120613356478,31.709016341839405,178.008100049086,79.78058900175313,14.969177159707295,31.794626126404673,112.00387919754067
36.1503392674686,45.560991391809516,169.53619527954183,23.625610395551174,35.46384953438861,115.6494329031293,34.55644913373166,39.15292857567225,157.4297769548563,15.33474729091462,31.554453689479477,115.22706022362316
39.151231627620966,49.677278221039934,159.0397165880576,23.96879915933525,35.42662019853828,115.51821954471612,33.30428874071925,26.039560262362144,164.90631637105486,15.383132940404694,32.025113096910275,115.39063718557207
42.80121777328094,47.351399328968576,153.9721132296742,24.012591371646042,35.447397441401584,114.90280367594157,44.28785800368931,23.871464029743624,176.23868167945247,18.070295857729395,33.30062089675997,115.40517767066011
52.81637157432184,45.001454261089464,153.70860966173544,24.394149689162642,35.2922691651725,113.38079070702096,48.51927062530249,20.738891291586103,165.22794884903502,18.67704281173623,34.074298096716475,116.49031563657884
65.13294992441102,38.06531089541028,153.19073753696927,26.009053813299293,35.59413620288369,113.71177400231103,57.88263529569918,15.903710549550134,168.5821081959659,20.152211354002727,35.27589917428972,116.20157747836113
74.67270433898933,85.06857017616564,132.50144749449754,29.27716075156567,36.282350545040316,113.15631841020415,57.1615861427228,40.83444063239203,152.98248295385613,20.826343158404818,35.73372212594607,115.93542851651853
75.9798190799397,93.97620677428527,141.91673428934885,32.84708227662021,36.281049456548175,110.60938577001437,62.48476660557715,35.8416616638441,171.37769931385526,23.37041623943642,35.373464241479866,110.58039798644617
92.92856979232722,59.76219622295515,169.73062445425555,35.79959499142657,37.349092490841066,110.89248240264915,90.47114902512126,82.3280225064216,104.26462968827684,30.64275899758149,37.33284772521878,110.7279562610257
101.91608321614024,45.11133341632431,170.1520703441849,36.43627143958129,37.56204298199242,106.22783419243703,79.52711835026662,89.82963460304079,171.09161955557693,37.99701205577928,39.399458918122306,108.18920122914952
108.24305764896792,51.05107130370163,160.01514629869942,41.11442387367753,38.630938523770574,105.78269174351954,100.94232044496906,99.52856527460492,124.53101213559935,40.5945964081436,40.650991476619964,107.49917810989734
112.75957268305903,50.69847358861867,162.45154520103625,46.03935643728622,39.425362095346074,105.4816524488841,112.143763017085,100.53898095735754,126.16938697510527,43.7626544965509,41.601294436151726,104.15372217932185
113.9268416906247,48.86506802321291,160.38020772871155,49.17222345055559,39.28349348361356,107.51794067716146,115.73853117414527,97.67049141344248,86.81587941230977,46.74132325633453,41.25288118518338,104.46531957344679
112.06716609665807,26.202076113226866,172.6243056581751,53.610097689137035,39.398174719363205,97.73348736499157,64.2474660669366,18.33798129195382,138.9657571421166,51.36721940760292,41.59254099296707,103.92474044155495
113.39866905985112,19.082400873936987,155.8845456023451,59.276846759762684,40.6620310748843,98.847255675419,52.904082646452586,5.994926485249099,158.06055268762347,59.28813742038473,42.693507806560035,101.74812149814008
110.85999791442396,6.123935736371817,91.84953278936565,67.71261058693284,41.658746845537046,100.51419809523892,25.727470756478304,38.356342722967526,19.392711274718966,64.02639606792991,43.38062192191877,100.63381725886485
106.536817575498,75.8162586818827,165.08951356187305,77.20763416063238,41.50207854394986,103.25799414833017,35.611145780074615,64.35176763560524,122.9621439344441,69.70393576817057,43.3775671928376,100.83307506563607
97.65353734344951,112.99271789146164,52.11728423404159,86.46527666481943,41.123551471610845,103.6544115287387,41.62134580467476,71.63877672589234,132.9577530339924,76.05474947688548,40.535904927879045,102.45903942105775
101.5286654433216,32.744994707042196,121.87512654343499,93.71813382256597,40.87352532653594,103.49444434854068,65.9842239116446,67.79394353424749,133.3665175910696,84.33095994645264,40.90436435171516,103.93544112334041
109.92628829661341,165.84080513240573,128.47503679399125,104.87082281641659,41.2080837886208,110.20958905157187,60.556799043488695,69.1225784780852,161.35380115613108,94.7839445557939,41.58670607469646,106.67274274134894
108.59029370806346,154.6129960573741,13.998656900795035,113.48798596062026,42.45877727584385,110.64493358695628,103.67066066558152,72.3051500931212,133.36339378690047,102.11444642531114,43.59456502588893,110.07373271542407
165.80465265200348,103.9037809620245,55.526470401069844,114.86383236535298,42.20268446892405,114.94366916778574,110.16088266137409,74.84863528845192,137.23196380425702,107.16388500912363,43.812941825761314,116.25326379421053
145.19597237243647,162.8747210558088,16.59084614451227,115.41230296261685,41.917060378585674,115.54365132839656,118.25031343920372,65.65871083746539,138.05341036048387,112.28387335616571,44.979982976881224,126.65315968134038
148.70498985669425,56.46920338056043,173.41229800065852,115.57769572651645,42.00128475625518,115.08170550293558,116.13754112712759,80.69571574174455,157.10551886011106,113.17803958543266,44.86006091430127,124.6052818629203
159.67174287410361,68.8624194380989,158.0617844550741,116.92148527203226,41.97993907787324,113.1097092760568,120.56634104378519,80.92448057108993,152.30868539690636,113.61880783433708,45.047204337320785,123.80096802594873
162.75585165579173,60.625168594522506,173.75515666694506,118.65301620364956,41.70855487364754,113.35345487704494,119.3459604396172,76.22353329799533,150.86321942854843,116.06574533048095,45.28525577792908,123.288176648298
176.03026060160062,48.30009008492405,155.5830812498145,118.96780039059423,41.42861366033172,113.1515173078098,135.36351937459906,76.32688882458943,148.25837895807217,114.3879954562936,45.21274594286043,120.66244391378801
168.22242004356798,42.77563775566527,147.98616184218272,119.74482209064313,41.71865988950316,113.39842725211209,139.6827022030576,81.85257691254851,150.44109530845924,114.18444527419805,45.362006002805245,120.39698014786394
166.58991127807255,43.96319516202957,163.5025883545038,120.77093923192217,41.65977208887876,113.64851932445904,135.6644104788315,86.49974973031833,141.53919514293287,116.16279256512382,45.28986765956071,120.32641966309609
169.58130871960594,44.82335348677556,146.22905489462764,120.38640639772325,41.56132130117635,113.51693354289212,138.4459803045307,86.09115181403145,140.2133249788043,117.17648469470087,45.63253123337639,120.30065476182624
174.02013296539116,48.52562044548168,135.51280017146007,120.14152166303913,40.86120997273085,113.07875746269586,137.7685269876062,82.7854069637962,144.36143994542869,117.26615381510659,45.41571601313985,120.05421093871477
178.98012111483956,50.68209112079447,132.90996974103007,120.28444798924278,40.385442222909866,111.03929412496443,133.32326667900014,78.89770581710671,137.997570066256,117.95379307427855,45.406404529716845,119.28845995859477
176.62713805298634,45.348183295422466,134.53723402243466,121.00290638420711,40.29558457674634,110.6591597725848,140.86587362511952,74.09021545366176,156.1067185603142,118.89242385000858,45.611762503641714,117.60237209678891
178.4765581941739,42.76153430105357,145.67629225877928,122.13555104371355,40.32494985894234,110.11546911240602,140.74762231886277,71.25735113424398,154.7405278580984,119.11964414507598,45.66108410613941,116.62223780979623
178.43142184908467,41.853442064267426,137.09506660510547,122.24304940274077,40.476206983882236,109.91300209941164,136.03585655471906,69.79301374989706,156.26867360626477,119.83947133529084,45.573835662772254,115.9596135160191
177.5034001383781,42.132097683539634,133.81444408237712,121.32407619036283,40.398587421111785,110.3403030098291,137.69225572529874,69.19440091989364,157.37201385790127,119.7551460761812,45.238966407952404,115.58654792497855
177.69812082148593,43.21295212936789,133.82038702776373,120.86178506468472,40.38231463388174,110.510633077858,139.88199359897234,72.30384512401827,155.85620281141692,119.77037611142408,45.15045807979281,115.94606271270291
177.24512829733982,43.265085864071864,136.8256431548942,120.50955957654149,40.41042463884794,110.76462490145511,141.38975356475953,76.82436976845155,145.50366410546542,119.67261220333842,45.220716469108154,116.56878759964161
175.00356066009726,44.350623660599325,134.37917651992223,120.29965502572051,40.49526805828684,110.9442641368506,141.70267556109974,74.24214689273896,154.08915765261446,119.51779844228635,45.32954146811564,116.97477122310177
173.22903878463617,44.3878493713608,135.62924538097778,120.11041648617177,40.52309518251247,111.033682422543,141.7255610552879,72.49321557881619,157.18095577664377,119.42662814659505,45.50442182164844,117.31349515179379
173.03735144777355,44.23566777127297,135.4032362760027,120.18130011633498,40.75859435173919,111.18245046071034,142.01639808308104,71.85444379275248,157.84067954661947,119.4653319980842,45.64587688036519,117.602442228629
173.43239615099444,43.844141311863325,135.07986144580613,120.1065398436675,40.69761824090184,111.0975130950994,141.57173202298543,71.74316505580838,157.12224863091313,119.50062475899871,45.73912487885402,117.72786052949849
173.5134892922978,43.282431687882124,134.84726144253244,120.16727284092818,40.85669355217221,111.0426295552046,141.3204918450057,71.94352880352582,156.29050485356223,119.53989818908651,45.81459678983542,117.82103871784996
173.46036171508675,42.760967684128715,135.9912341153512,120.1932750440746,40.98380875376085,110.97885965470749,141.20751641516463,71.75600325503088,156.4454687311578,119.5588056822834,45.91463308474871,117.88998607943034
173.55880598324708,42.46381025524989,135.07474698232178,120.26172030392743,41.113747078913015,110.91498515631486,141.10764556660814,71.56754360459216,156.63385453297246,119.5656025910182,45.98001736063749,117.89821413738187
173.68503578538866,41.72917942517094,135.2955455797085,120.33902460736732,41.21044558305549,110.87933783372227,140.4561968523677,71.6535919512942,155.99863552934815,119.59628923124335,46.053361353287315,117.87828564922918
173.84057882724971,41.143446950573505,135.37906941745055,120.41213252707107,41.20138497274837,110.82228012207659,140.40705771220988,71.36946225787598,156.57970508608815,119.64270153458482,46.08507185539182,117.88414669922133
174.12126599030168,40.66239252766894,137.59673330743684,120.51388153440107,41.193229059436185,110.77876311451742,140.28578120547954,70.73698822038858,157.07542271431586,119.67468260118176,46.139242166055695,117.93308981073244
175.2647325076964,40.724812481879454,139.24190076089718,120.80004656866798,41.155713940982686,110.66879372160565,140.33218216766275,69.66028330278829,155.3544288766647,119.69850349830166,46.15557650294453,117.96328635021712
176.15289106413383,40.25496531443554,143.13560557791558,121.02572871868608,41.051442948845825,110.52917024384413,139.7206757512273,69.82099531112233,154.5475101442166,119.95826123872288,46.15751172213533,118.39001796308217
176.91096196524967,41.392401842929864,141.98750918561663,121.09765356426843,40.888040489198694,110.4860088652377,138.34753489879554,69.7695711989018,155.45888962266957,120.42729388611158,46.13215804540596,118.47129150053654
179.4002621768611,42.253572875294914,143.61451171897681,121.0737139726485,40.551977031332434,110.94460529754592,135.86129513696477,69.46369244269981,156.55036115583388,121.05992975163603,46.09415081403085,118.37738781825706
179.29897940935157,42.696277165322314,141.29359123899863,120.95548751045622,40.17291189701574,111.06239593643544,135.3537767130226,69.9569553127133,156.59975914971824,121.07456070353764,45.85792247961441,117.9208311313811
179.1394762318754,42.394127268487836,142.71534738789825,120.87288847745369,39.86738987717482,110.95571066080328,135.4378768716024,69.28842616498305,157.1913572739148,121.04674985168201,45.68460405583973,117.38483845987561
179.20068302268183,41.24440113192283,139.7864836028899,120.78211769691944,39.73254840872439,110.96722452847517,134.9011427257385,66.55441596565134,154.29476379585444,121.06787041699808,45.52536086095563,116.84257607522687
179.5891255842194,41.18414169898983,140.73078176734495,120.79180492881935,39.72622783523231,110.75478041725623,134.27972129130117,65.86031197839377,154.93485669872138,121.34605109817315,45.3791031489112,115.24896638427964
173.42825132470492,45.715956989466314,149.43146529470332,120.80413888716473,39.54174058551685,110.48936828444049,133.76925516523633,64.41863589981097,157.8700157085505,121.35302333920173,45.252393672389424,114.48197522570129
152.33385328684682,28.566004932128152,153.50287616465184,119.88276313477644,39.61767772376089,110.2809371669,132.09968984143575,69.55233328786224,157.07256331558366,121.3870323704026,45.21542731878014,114.02392816619974
134.6923677728754,26.067980219266623,163.6677243566885,117.6894950263145,40.051971416553464,110.38399967799405,98.28324204079323,50.481091229917794,113.48498260443722,120.48463960118609,44.6403477727276,113.3055726018673
113.5145618815773,34.687549192421265,147.966104764791,117.31161419717893,40.40400107035115,110.58304327246816,105.06877774505529,55.385581353067636,109.89714276056873,119.87562495538255,44.93877959472915,113.87157651062206
92.9796680162547,26.01802386574356,158.90230742839535,118.23024740550109,40.61165091854481,110.26466302369755,96.90542368259264,33.7850002774066,157.5433877211022,117.94990133658297,44.797241259689635,113.7519610295319
85.37468597675634,21.150729188020687,147.41433795587324,116.36500905385424,41.06823452385892,110.06052327842866,76.88242546596365,3.0868617283622513,176.96948377215602,115.56304617641419,43.834747770042036,113.69591661035354
78.83607991106847,24.483374570666722,161.97367378776212,113.3028369554664,40.96930178514438,110.00923246851592,83.48654916591136,18.31393593339891,176.00037563102882,111.86775050716372,43.088410642863444,114.15774141557343
79.65637197199776,27.87139956813942,161.64776247647154,106.68959487152402,39.58948625295853,107.0647199851953,80.62769600695056,26.368736006301422,172.00447044716083,109.3446363613071,42.36655031889175,112.0931250754989
83.84667131455629,26.961226725863035,172.4591371425296,100.74664917324962,38.36791842820736,104.8529063271508,80.78958759898235,23.15908302069079,170.72886673091048,106.17674322503649,41.57104227017715,113.2971250685388
88.58451493438398,26.138268288502037,175.631642961996,94.32980506426765,37.32591568926111,104.02856488418679,83.38536265497973,22.317759655275157,168.56449842402816,101.0247695471853,40.61722657153758,114.34254049783033
92.46325302850282,26.555095672658652,175.85795760050922,86.6605050845196,36.46016516180351,105.91422655864199,84.80026921673142,23.91888732469557,168.11594476873054,96.0677010231183,39.014374495282176,116.68541749982441
95.32075103922716,27.602870078172234,174.08082761980734,80.15524125600187,34.565864571467046,107.25543526026767,84.90759724911283,25.7611010046596,175.43776740493846,91.5511492220139,37.4686979136654,116.58682013601683
99.2814286628328,30.05230016999723,167.74970372760157,72.88107394562294,34.090320099936335,108.56324268561224,86.45400419169485,33.73534103058144,172.7102670094922,86.11966816883762,36.47319740084683,116.28855948652064
102.01154836963902,37.29002399031433,159.0605187320094,66.77748005619014,33.13818702302786,107.85113449003991,90.94086694618983,40.20321890372657,166.75042758064802,78.41922259090397,35.70077327544621,113.88886610493822
104.88261170164581,36.11263756261473,163.01007322208915,60.31032580297172,32.88225518944318,106.87389293748537,94.97197097558477,59.18099985733541,152.9202164396572,75.01816580998509,36.09493740989091,113.58763663844374
103.98858297915159,36.0725072061654,169.23763933684734,56.075090450767185,32.78850136465808,106.39568831659247,98.06204201744862,53.421791047083424,168.84911599374286,67.07379099630951,35.97009492972654,113.83554409109311
106.25618899687755,43.630495311137764,166.1632653935137,49.71007584859045,32.919047106217654,106.15703667771304,96.82229138344388,61.82887086083404,177.1546217804403,58.67982258287221,34.938111668842055,113.50270858832351
105.31071366747541,42.425824782374086,162.06171409043998,43.36132653260484,32.98581454606838,103.85886215359275,59.56475973839829,55.067295857997266,177.02608476887667,55.7627238333326,34.74304871673118,112.16753223339805
97.88404751298324,39.57589798365675,170.18651810490752,40.418273533100404,33.30340513899442,105.11294838594263,19.420337987665956,34.19247499584346,146.6266566390896,49.761199169799,36.703180201386296,112.92869575615966
92.1492809967038,33.26302911928981,178.89950147556763,37.25889515999407,33.9864503410443,101.5166973060584,23.241445414586995,38.63856089810587,138.5221416112307,43.423496560924434,37.836300417768236,111.30213180783838
90.69405630725095,39.86076584078015,163.59951209892728,34.1006619515623,33.63643784601689,99.86779192715618,9.585668639754648,20.00940329524924,161.5206404851875,42.11683043142117,40.303029809382465,111.70673981456645
88.04879992365538,36.308819787822976,166.08026424251182,32.339982294828715,33.76666455327842,97.03375467642952,1.7504760533235073,15.110214220566052,163.82218861522563,38.933815543073585,39.68563711596827,106.37833196150498
82.11583149218882,34.48832348579433,168.2762438193527,29.031902072909098,33.95917419328505,93.79085106842665,5.709299752164867,175.38383583570896,177.34317573108837,35.293815609085456,41.06149330415488,95.50628634926758
69.42808901916207,28.725308716877,157.54252703332622,26.385332008812657,34.44484528349595,94.69171012851933,28.037217343620664,44.484276956362415,146.6280010562866,30.92589139325196,41.06819988831785,97.71046123646094
63.68824561765961,14.99099278271163,103.0031187863675,24.505048063858865,32.678950762840785,94.72953918922924,37.02492808798122,51.63884783463105,137.81116926851323,28.034555915820974,40.546914411410796,99.80887747880585
58.83428289353361,0.18038226021728757,119.94879970753162,23.518033578376148,32.11710352504475,95.5428970616048,39.1388293889435,61.806072773905655,159.21504152191642,27.17595785444133,40.39848738768473,101.19806059792096
56.35654139982197,1.9004344835777418,105.36117441221054,22.913677491260522,32.296753597774625,97.9628051357573,38.25445673252913,63.65073174183074,162.8444876863036,27.83201891586477,40.83388027978766,112.95878628149926
57.40459908149282,4.873309882696276,101.81722744712907,22.63900959297074,32.50330756410665,99.23078759295771,40.634923018363786,64.39098612542631,161.67174204820438,25.667833049304416,40.39177478655377,115.56626299854982
57.51557669419958,20.480218437616475,97.52661252595769,23.104818984250937,32.081803535224466,100.08823236205347,46.948178859001686,54.199174126208405,160.9801762762923,23.38980482903444,37.869170195048234,117.00873147501294
60.4982394095956,20.059593380041203,96.90380876744062,22.98958399058941,32.32764083076969,100.52255061886605,53.175634129322766,53.42731478076704,168.56523240335014,23.8465688555052,38.29817207916467,116.23113059556388
62.74306816001345,19.12203697703682,111.53248998039662,24.136999520559982,32.25009307796478,101.22001479403501,55.10753630672166,55.791619693994235,162.99621305420484,25.411195360456293,38.063304325579516,119.87361825295372
65.86418542011204,18.882681990171196,135.4798124657574,24.731082529322716,32.497454155336136,101.15781344175457,56.594252812224354,51.88903897354046,160.71761786374594,25.189293345086583,37.902537121882816,118.72491151230253
67.78980803495188,21.07444344937857,118.78941698488728,25.37374186382633,32.73739608030183,101.39926795930326,58.552195175232555,52.76655020873752,145.8835892717648,25.947135489673393,37.71875304957752,118.29960576226223
73.82256198800063,24.203076232123163,131.43101197268493,25.847388566165236,33.348524019387554,101.30582102867695,59.33763955154309,54.86699993979885,157.53800363988742,28.837945907781172,40.9182339623723,115.93903284165135
83.98149346482747,28.06436382910912,151.5835993295872,28.457443315033725,34.280188448412375,100.89476861983294,28.469819712434006,22.503997825693915,159.582678800439,31.87361151981099,41.709238547694326,113.4306695663433
91.97632090104962,28.358072981877143,169.52055607223858,30.05330735854752,34.42162820710993,99.3216058715252,23.712827748693847,20.689560911806474,157.604007244616,35.75129793395931,43.862303527773136,112.14334723780473
98.35048744035787,28.054404653974895,173.63840144614406,32.676778784303046,35.5367805299118,99.42334728276585,37.0684806355905,28.94990907111153,160.9970344680063,38.36863723594377,43.32621419754019,111.23933658822665
103.97148988617658,30.577159151274248,177.2570351905112,35.63613169896116,35.72601099240582,97.75668135500807,68.40889863887755,57.94297416502617,128.79309352472615,40.65878554607403,42.65541699855431,109.26291732298246
112.60069429427091,37.75496591164559,165.9558819413621,39.79915811696018,37.1466103793852,98.08062848064776,72.36348400258169,49.84453986433525,139.3087049178567,43.44036576964063,41.486990375134006,105.10107276200107
115.88009478793282,39.62891351911235,155.69093181184863,43.13648608134422,38.45580509960292,100.70485113849598,18.056926027789633,123.05991469068663,163.7078321348076,46.29898192596942,42.28298922966958,104.81700090913519
116.89895035600284,22.700790123468202,157.06080088598526,48.04609924879237,38.622159599765865,101.1363015350769,28.920711862106085,51.26965531610569,154.86701507789604,49.322944678263134,41.56869909356311,103.4921597028896
121.76273922481197,17.21149526761115,169.89036908545273,52.986427196392924,39.42803460212805,102.65992092805058,86.18224933097311,4.923474362951842,172.38884296609766,49.61137306608538,41.2288477693425,103.54009624091017
125.38099105126112,14.85306747145625,179.35784384820855,55.53129310200748,39.263155253315446,103.13161044077907,90.35092036542147,27.748401985669048,130.30068959276517,58.08374920971822,41.857814264818686,106.34165296357935
118.33828003652924,20.047448659343136,172.03527195169002,65.1604043490776,40.27266378610912,104.52930946770607,108.7837039678408,54.69999896328867,151.1811935127017,63.93160264937544,43.739688674422375,107.58710771573588
112.94670846572052,1.879061089687804,154.82102615432566,74.30104900367522,40.59880213817868,105.73613208274438,80.99400147829247,10.307422472295778,162.56311104348194,66.02577714590817,43.444679506762256,106.93848085381683
110.32730462485355,16.124879694476896,156.37168589750098,82.83637226039141,39.85987440308759,104.54078603538727,107.96548148638662,35.05013125258042,158.60497700344902,73.45805724429674,42.63294876638058,108.98188350740006
109.82816216611846,3.347928912743184,150.3813894046524,92.59030767948731,40.15212976819956,104.58054876290699,99.2936047529353,28.265647889693046,159.73934551657302,82.92453832268082,42.0182337125615,109.52783036092399
102.66328984360571,8.31562017230504,134.16924607199675,102.18740874733423,42.344805428756196,105.47119309013942,81.60735088738998,72.07568241080052,133.0649139884425,95.15765862008946,43.81520033088268,111.54813516414961
142.76889213397885,129.38099220685197,151.86205757832323,110.04846814548159,42.47026148221594,112.06389281795023,60.88188078318001,87.65021237229459,144.39613860782913,101.93834225376628,43.78876257252538,120.50468423647104
110.07171980037721,158.27996453051074,3.7670491083243434,115.05728506370836,43.204806843369816,115.07512554617908,81.71298221590162,72.63189096853777,127.16340698913955,108.00003801964615,43.880831076044586,118.99957275035752
168.47996010698495,117.7117523904388,134.3045804012144,114.17322895995702,43.303116782350116,116.04511726459677,111.93333119006198,83.45816763651065,132.89173332972854,110.16534998232736,44.33295352621529,120.05717412773161
150.76418931923024,87.79204057506908,116.36015063271158,116.08220216684829,43.67776068311882,116.1096105679,131.62871723591633,104.52325691067978,138.8339857237197,111.80212476470857,45.2328467546472,122.20421008821133
166.92535817533505,62.423044602909975,123.83562062968414,116.61120720670607,43.31478999843589,115.31373391287434,135.08930569996474,105.451505677372,130.99608445534278,113.33494624007139,45.833668204775634,122.47514510070977
177.2706471316455,47.75811256610307,138.24635421160787,117.98992621772238,43.08767213079196,115.2890595575594,140.36645405182966,94.47076819669743,136.3097556220875,113.51947944460471,45.72766560251592,123.0667409450251
168.22904832370713,45.385667306140924,147.02249499721472,119.0673672694241,42.941496155832546,115.57404312545756,134.1082692279959,89.10240652148308,137.93067821696349,115.63381310689778,46.001444862932374,124.38761110473276
163.2385564873043,43.614429067832226,148.84352094429084,118.78821909043447,43.12429435892578,114.557746179705,130.38245416463138,89.31192931840508,143.68558290110957,115.7183382025584,45.77105860173302,123.5588911734877
167.83056931120296,48.35362540284272,143.4322618301129,119.10233738816649,42.90924686046437,114.72629887811324,135.6628132986312,93.00730979486683,133.17909962437082,115.97044201010841,45.57539386255618,123.39580500534271
168.52105226426085,49.05533870474805,145.0360538548306,120.1282693991411,42.845043856082086,113.45303018981447,135.026487427294,88.76720189504813,131.71881312742067,115.94234683297162,45.558079215968256,121.75265381164762
168.7952584274959,48.541063463690875,136.56645139290103,119.84251171465807,43.16566249343489,112.94072843487353,140.74625715485334,88.05199583352278,134.77845304691667,115.55767763100661,45.71822727544225,120.42905822102485
166.62217500440045,44.50432580035628,137.73685116509245,120.22407792670246,43.36424545353156,112.74026640426206,141.57928085375536,87.99155636104794,136.63011570226664,115.46612913957438,45.70394210970474,120.28369030095885
168.45886922152465,45.34058079036529,135.08575617641245,119.52972230801753,43.405938943316265,112.93961100705943,142.28203535345034,86.28068117687873,140.22028658659508,115.53672116487083,45.79336466513378,120.28529898745883
172.75283926840638,47.184512248236416,114.77345965420216,119.33889513356041,43.54202839637843,112.32950553333359,141.50596510983388,84.4199596321564,142.97395676246987,115.3789648635543,45.51713020914979,119.7082016154433
168.41584087951557,51.816855396127046,142.50361796059875,118.54228404944219,43.39988107478088,111.88377540344531,141.01721685727676,83.80098177937387,153.44962604971147,115.29244017701917,45.339223312547645,119.56475589445058
130.92898313438005,11.104139566009644,159.408689761246,118.24777352499922,43.3654648815853,112.73589496095516,132.682373446505,85.78571956313382,140.39398110538252,115.37285526508317,45.237849554456346,119.12518746705437
105.75191906453111,125.6267312780722,52.91575543049839,119.08740554621104,43.15570498856969,112.88638758705092,28.887276188970585,127.55268894485862,126.93643371822458,116.22614039879313,44.91582648224948,118.40280854768751
83.92037149927526,119.86761180152229,68.22975082133016,116.13667078481716,42.93174668944406,112.4226475667727,61.25106839174842,14.626421212924397,164.07833714080905,115.42526257169735,44.22877554751018,117.39111312673501
75.84023344137306,15.997468835541012,177.84521770498614,113.31212053476862,42.046970638794576,112.05298928734813,71.35120796517273,8.532531638487669,154.55854770355648,114.12227773098222,44.199157386641204,117.45837097320478
76.03916369434712,26.60738099334982,167.3581251300667,108.82014410871666,40.0832879589284,107.65864391541271,74.8452392342173,14.587559871156191,171.04607143355915,111.40066604980112,43.38016570141999,115.95627322564955
82.68163083512047,25.685687599872338,170.0639817545215,98.65018157977389,37.636000708970826,106.5559255770001,72.55085893962901,18.54534339619466,175.11080229960194,109.38419049477889,41.710239619073555,116.77591204572873
88.83695206011657,25.36639611446326,177.72448064572515,91.77341554119778,37.004608872803644,106.09206572717913,78.48869637935421,18.699178733287003,159.5658997108842,102.18349907310417,39.80339540369113,115.50541898129538
92.35673713499912,25.68002514369197,178.05280931771853,84.66900006641585,35.34263175529529,109.07163402117504,80.86210460186247,16.611556492987475,146.44720445975017,95.41425291172071,37.05771197005321,118.64660132006345
92.64932848035436,24.59048081630921,175.80907272179593,80.26637237421639,35.21587470689889,109.63936944410672,83.36867351722091,22.385001525416136,159.19886785715184,92.44078206057591,36.45525030997557,117.4785025375033
95.64620902411819,30.78879545216571,173.2169198467244,74.73916217769721,32.8166330217994,107.89987725695778,86.59433451321263,25.16184149171748,154.8856964253987,85.24887903793777,35.68222719726595,117.46584525090697
98.6644460221807,36.41657444491985,166.78523264622496,69.78117705824972,32.62372429402943,107.6337003338847,93.55105252272291,34.777336306584544,173.1878162472239,76.83886083096768,34.51368746382368,115.33172197103109
103.52289427502758,39.34827450198631,165.17112309615223,62.18564116251257,31.412763946712676,107.15604810852538,93.98196484403569,41.12638545061986,171.56151239335196,73.95187480905385,34.27920924724098,113.66856298093344
104.90131978852615,40.797608158594855,162.60527011594246,56.546234740198,31.164439342185144,106.81458840728466,99.40826955280346,55.91708908415858,176.34106400343575,65.81586991467763,33.71550299283022,114.21713553337423
104.23219309992975,41.658558393898474,153.7030918509577,53.582323481952436,31.74272988520852,107.18922365186059,99.55546945837912,50.16533314031335,167.782471005541,59.78887562069775,33.43215874168981,114.75134772054922
102.30317193864825,61.66475878061579,143.18942929084042,48.70566567744033,31.944374075746282,105.36542985757313,97.16345920962767,60.98543572119706,160.29229449624995,53.90933393654388,33.80465073100082,110.9190574620541
97.82470109961206,42.765429618169165,130.26392060556088,45.073866401343146,32.68992457308466,104.8709229462571,94.91733098373732,53.7846214041159,152.45105886603204,46.99693377739575,34.86767399614246,110.44409003985947
89.83918205119272,44.76285086173337,156.796637746618,40.683719074622644,33.175882188922024,106.1519046395381,90.31855745418292,54.11528568441072,168.37944194849553,47.6250409502964,39.61608799829427,111.03367860145862
90.43444468122829,93.92286270946948,139.73545060772418,40.328971808616934,34.439644930320334,108.91311447788148,96.93725185625834,55.86455448457677,177.61214832836538,35.9194317406858,37.54079853272709,113.7675822175387
86.33285213126142,109.35141192909678,147.59166616663268,36.87330671405424,35.720241959828584,111.81773635991901,92.23377184438384,50.07165702824553,172.8695895972697,29.958836922805197,37.21533770354066,100.26940266345126
42.275660114633304,63.80029291451215,156.9187343084163,34.179420949049586,36.47419457470019,108.67345609696788,87.83281963420697,37.47573279340471,166.95218762176773,24.837323615981383,36.108030202810724,101.69489279736585
26.427770130139596,43.683100377580224,179.79217451206958,30.907681516974936,36.691059017507804,105.46858959401258,83.32148594854917,35.49883473118126,163.29776883040591,21.774857089999283,35.246955551586694,102.89300331791705
23.807592895681097,38.88377779916825,163.36982991274428,29.99435973565714,37.12883932615809,104.14938968145469,77.1267892245744,32.73792046729786,169.91625796413098,19.972834402738634,35.074591488925236,100.82927983367269
13.924600896170782,31.193768404517975,175.95361052670603,28.214064247392937,37.81382428129182,105.50206365677597,70.28387232281652,40.47236965024464,175.75335457785368,19.342271009419886,36.27614593162031,102.93679156224512
13.817841815837381,26.720544509691877,147.57282872378673,27.528717784911635,37.87278341878355,105.5986794798033,64.17544908475455,18.249232363178667,164.88814722617087,17.248584212197883,33.78925467914426,102.05764813702825
11.585577999501425,29.416512589240643,163.8240602852931,26.296053105948484,37.247239351672924,109.18684374062771,41.3749913467742,170.985060975837,176.75768692058944,17.64170344530633,32.44061749486178,103.81540239187221
18.995410767155878,34.980550380374844,178.33061814659894,25.847920815307727,36.72746794835655,111.571732171905,37.66704095635216,172.93766663556377,161.3661691898986,15.948673366647188,31.487727252744765,104.58990259070363
28.681224089512355,43.767001276857535,175.33862900316532,26.075533851359157,36.12807193270895,112.3728434456385,42.68707057323255,70.82894227374987,87.65527863020446,15.707166216490068,31.486268669710622,106.16990477617549
33.10951183851118,46.88800922802704,170.1667690331758,26.084179855600333,35.91221357643455,112.15566189571359,42.21417862584171,46.11817696666359,154.82394960867552,16.192178957225376,31.80086729425028,107.0326682009854
38.74248790462839,47.386775182649636,168.66532000813885,25.81481304252641,35.17086711268022,113.67012233346082,43.06227575686013,168.40238447194537,35.75793036857262,16.75289454440407,31.713484502498552,111.82279812060732
41.16563279769109,49.20003629475967,170.19104892442982,26.52684077968244,35.117284168264,114.70527331840405,46.60447356397804,157.23678987942415,155.66755170630975,17.4926981716089,31.547981204237114,115.34379638738449
63.40263518118998,42.71070572173064,157.9051094646174,26.658857262102146,34.98676529479804,116.1201641408034,56.07711516931549,27.039161283329452,166.38567667691885,22.919259841328437,33.760203589269466,115.88916585992234
70.71260688379652,55.382075668527776,160.51949160310747,27.75104095073059,35.231614993386685,115.62849988924086,64.96072415242459,27.007998070301557,159.17673861146295,22.67275872255005,34.08378401911231,115.69966342428135
73.27247876757352,54.263481141790024,104.85755771781156,29.83410070589027,35.700192076182034,113.32424530433937,55.759812959529484,28.390676555125502,149.13913852155721,27.57913473263392,36.47489500368223,113.42176253409193
80.78945633855886,43.15955587642158,125.59992949879548,32.23708374317591,36.127103889658585,110.20649524083993,67.71467588132874,41.86679056976642,154.24320204701405,30.638425472353077,37.89668455185349,111.08324023499806
90.13503593473877,33.68507168289055,166.67194794617376,34.84455254567898,36.706206312423255,108.93509873629215,80.69010570191443,65.16749486541138,146.96000791490158,34.24882640152458,39.556312203187474,108.90292500610107
96.62410029371912,35.82019903054808,178.01983818529567,36.46305673418895,37.808581532463435,107.34319840061166,83.21062562404114,68.5548333834372,148.99282646587298,38.05273359903615,41.29723380571132,108.43674460367477
102.6399603448171,43.7939873565571,172.1423043864626,41.49246601158611,38.33153601629401,108.09429210655942,94.94539510705647,61.618458710207726,158.26795445387714,41.46828665820799,42.25373780315714,108.76185813441704
107.34570373272363,47.84077735715118,171.7387787626211,45.15819912131211,39.885199975492704,108.94121390759662,107.8823443954933,78.73119959750515,155.67411747119166,44.842854243927476,43.29821855275864,109.17347246286882
111.37427817890986,34.76520367407089,166.29078637729302,49.032706968977905,40.60017598040299,109.9863956431709,94.60834009061082,46.63334385214399,159.14062827454933,47.54997545738384,42.56090988916315,108.6320958387534
115.93774865233364,32.228028407038266,177.2757234775247,53.20059185532953,41.11093591931311,111.48890803066259,114.85806064496903,65.7754114810859,169.39269689794475,53.88874193952251,43.501337068997785,110.71128191095379
112.87665758849835,21.459207316908564,170.66437326273802,58.62787975931409,40.640675592547915,110.10598308658548,111.40630596155242,23.880792671182963,117.31633857387855,57.51449349048647,44.37057086666532,110.69073913821038
112.81302607875662,30.902114390124787,157.37771422026168,62.80593085274139,40.43051833165432,108.84432147875522,96.97112932946774,46.16285087988881,179.42100032435795,66.09258888639606,44.08427667626619,107.76080333408375
107.25174961393387,40.205829184078944,131.07265450616376,73.87750204654994,41.54571775604242,105.71102291765189,70.72995574203496,49.90079560260609,79.09261291557037,69.52316676062851,45.170256201174475,103.01281306758446
106.57009839195555,9.410853410245338,153.0323840326849,84.07190505197974,41.613871053089454,105.75393087811787,106.11528601583578,66.47525161046272,103.9209512334187,76.47820425567417,43.64820252823197,102.76084968260115
105.18026774982555,147.01642717395347,14.45439565810891,91.27869567348874,42.0987060258837,104.76406396706588,101.404362711308,58.032995145530975,152.04261470468873,84.24707580987634,43.079087318049886,104.15007684221679
108.75863397514325,153.6016523267175,15.291600905902808,99.4667603887181,43.32306201321035,109.01980260660004,101.72836259981753,47.05966889347574,159.03684096295348,91.25276575116361,43.56906757710481,106.93816380424492
124.75649155481727,141.62651342230004,99.46037725607874,106.05883221951152,43.19836616954482,113.98557902034877,93.8046486972995,42.67376050685894,177.78692839611875,100.58651550045533,43.84522165834923,113.49593385990406
153.84899470094885,109.6103163331346,94.75090959106674,112.08328857159793,44.58922048678057,114.3966655235284,88.18448588220545,36.09754345439939,175.15159993866465,105.44528012243079,45.46549125854876,115.05627337452336
138.46470531677997,117.5618002284812,100.31298707428677,115.65423841775868,44.117780441062926,114.20216740187705,99.93050570125914,44.90211780811573,167.39465104563456,108.4346959534166,45.33234752450791,116.05825267484464
165.58892272682283,81.50128465274021,135.74860462033314,115.69026220943412,43.820693599813254,116.38946544034157,116.43914938063558,65.02281560222012,148.9499901600798,109.57266605400088,45.88901692956829,118.07337397668174
173.69716361267493,66.541415877405,136.81029948882903,116.51179251537036,43.524058710541745,117.09891679677293,125.8560425168624,75.10234454097511,145.93656771137177,111.2680340446514,46.64198283342757,119.36898021924016
179.41224222661157,56.40780553862815,141.39933616056777,116.98585947929398,43.846900108288345,116.63995650288007,135.4462989426116,91.02287884259414,136.10215937288422,112.47731142963984,47.22169328890795,120.07566080629982
171.76132482457987,48.70926672818537,135.69229473445586,117.75383395448229,43.93293323791286,116.27519901375246,138.61930725534182,94.60383986461565,140.74945098649889,113.67920254010984,47.483115026631914,120.03713330532538
163.98018925256883,46.499024956329855,141.29001443034036,119.42202318678234,44.25410904009303,114.73142001015002,137.16723693681712,84.55115414469292,146.5434004454691,116.22770450335256,48.35301284004683,120.8724495598313
163.09179334347118,44.607251751242536,141.14369657736682,120.58015650774827,44.43201612598213,112.58989345399337,138.73403690187496,89.97456152757081,141.70567221830026,117.0562257134579,48.53146995649864,118.90973177590165
166.11202176452755,49.01662840586529,119.45379939357693,120.80163383438314,44.336712609645765,111.23239164650036,143.80815896239798,93.97397714557732,133.34075259136475,117.71635507632567,49.16418566310551,117.16141772448294
170.96952872607483,50.943799414825286,98.05206436400798,119.59383379732309,43.70511495195142,110.83005409803573,141.46261551661692,71.87507014773998,152.31346704240076,117.67151223998859,48.97877935453266,117.24381086167443
176.77918533265003,60.01508131392237,92.42964264121522,119.33833310682905,43.15534026766416,110.78926327831265,140.25305031027625,82.10398806941183,145.84623913809608,118.16849678066212,48.850249560897296,117.04125503122907
179.34556839515238,61.29467547188496,99.40765337107896,119.91548832215871,42.85714928338228,110.3438815469182,142.4583542104387,83.64597777964453,142.6962816158421,118.04266935907661,48.86713172814611,116.77078132042892
179.73415065724245,51.93177058390148,121.42011197361231,120.98734898592183,42.6838459669841,109.77801872165807,143.786214678362,75.38256254816682,147.59956049333772,119.22219010159493,49.04592404909921,116.70448997899247
179.34344328663676,46.49443747291888,132.16429000979235,121.52507319790817,42.549483156339555,109.87806071725521,146.4400327507789,74.39280952411126,142.47226348546675,119.91954242422162,49.123609256990896,116.92128796536677
179.763971909987,47.081039039205635,131.18299498315403,121.28935312156418,42.497563901873185,110.1948454497453,145.9772084026124,75.22431150931985,145.06664435976745,120.12071459258668,49.13193099328751,116.99119480307358
178.6749277933834,53.50720597925955,119.8970488276882,121.0260943873027,42.631433129243,110.76743381373048,144.99575849747993,77.96176485860418,144.74473810673297,120.10913171800387,49.178376713994396,117.0577957167827
177.76071713909903,55.49211773798073,123.99409601511421,121.22146775637765,42.74401583230547,110.99435333715658,144.17817155045094,77.6953028817195,149.45350201332207,120.05504187962491,49.167251410351696,117.19701484265644
177.19960217321196,57.336504081707055,121.00395374692262,121.54568202728453,42.90704769419417,111.10872870264956,142.45938083484668,78.77179793560916,148.46702917845747,120.35947122567897,49.13352786127826,117.23587379588277
177.38602342662958,55.364619181247896,124.63364770385881,121.84746499074558,42.98630481482215,111.48471933796722,142.53751852305405,78.05797451030003,149.44322365069976,120.4618538913293,49.00929538667284,117.06581873590603
176.48017885359712,53.27194427944104,119.58610547674854,122.16598589588679,43.01989348725649,111.84256170409934,142.37556386007526,75.43495000595584,151.5281308958049,120.46535451129158,49.01146501922751,116.57570380219795
175.49417219227576,51.324165238325726,122.11854962731286,122.4474604015236,42.9857300470722,113.08991019619485,142.1531030863577,74.53358011944611,152.6367344243377,120.58370323128852,49.009736979545295,116.03203108477003
174.75884312228945,52.25808197633262,122.12782268670738,122.55341786356679,42.94371483460749,114.33168450677687,140.99665021647422,74.56317107948163,150.98722642155468,120.82273470847689,48.99113852186104,115.90057062475931
173.78333045643868,48.757153078221585,127.29923219620487,122.75481959393578,42.88846947178395,115.50649196552955,140.63934476132377,72.11936288975566,152.74234698174521,120.9942514992165,49.01438438905143,116.31972084188797
173.1706669755813,46.688556770558506,128.66565777293522,122.81880196188506,42.82151208627113,116.86293538463988,139.97810081785175,71.20023143460534,152.526253328758,121.1003846834618,48.9799867795751,116.88136766380717
172.55944930014252,47.63501684519139,127.23143667781811,122.95299189714716,42.770789693242875,119.26263396156327,138.5451507609033,71.20348389166321,153.6351598752511,121.23292541072108,48.88267023798413,117.47273660288732
172.16166247159495,46.68706361512452,122.23441410358555,123.15494180312254,42.69772873995936,120.63540048851473,136.76758085597848,72.87686184029226,143.19196378371487,121.32400669126193,48.79401149996396,117.433892996044
172.8915996451457,51.34214933010687,119.33825220959791,123.4010334104256,42.66969619726164,122.95139009523183,136.7898994956199,73.63922619622947,138.2339827861702,121.86300860195685,49.6641968248663,117.42983408288633
173.06620998505727,53.10177567839955,115.1735559069775,123.34245397538989,42.67695331312931,123.7139324254732,136.39157816400518,73.45841998583195,137.01051939600046,121.89337270209562,49.84851028059525,117.4337522327774
173.51806825320395,52.0776330301499,113.95139782145363,123.24276056213695,42.724616474407945,123.66462474058463,139.56713820609414,72.12380249589383,140.62203647428447,121.85903957312094,49.95838822245676,117.4557207125935
173.3411132874188,52.94572533106462,114.0162257509743,123.32427374636443,42.73359539454315,122.936710591917,140.67325098521977,72.70642737328237,145.18975451750063,122.13789605482641,50.351933449879226,117.60635293045249
173.0992822194404,51.22340448234993,120.30045301264111,123.36482370582416,42.75464110067725,121.12070306250864,140.2372749462724,72.11570684975995,143.35998447308327,122.2847723049087,50.37684648890281,116.787253444
173.0818383830266,49.81986714665644,124.12287651347361,123.32199231337685,42.78507830304186,116.75202522517584,140.27352775098728,72.45197885709516,144.9552869855312,122.45600215910456,50.592388868543615,115.8051398636707
171.4663281523248,48.748240271493344,127.18483917021581,123.15550048847706,42.791787406879244,114.22165813775842,139.53872138350178,70.98904636236573,146.09986269729822,122.20545042129135,50.74104995485421,115.28116241199982
168.1660471043011,52.05567233763652,124.81023736806297,122.89071073619623,42.81130767733911,114.11811500061695,136.35715322379198,67.40993579065578,148.61548755406056,122.15203136845835,50.72929100156481,114.63097789671522
153.97377498318224,40.17317214010222,131.26606797828876,121.11119314641343,42.72263454443744,114.15900660140986,134.95178540809937,75.29188353806882,147.23572236434148,122.00436980503639,50.47411447742182,114.53241428752843
137.3072840424853,53.309339414693085,142.01304664892734,118.8829538772047,42.85357562679645,114.5327760743048,113.25035034548429,59.772395505779556,123.83988037400577,121.5697457612824,49.970199076460986,114.63662939011131
111.24093944947371,30.8277824740785,162.4714190896495,118.41029846984186,43.243873451146236,116.80337755338049,100.3680859842462,33.04126453017956,118.14525740113721,120.71313558665955,49.813830884441145,114.79975729917884
96.49403236493669,13.334193959654348,155.5956354105888,117.2107462389061,43.615026714634844,116.85932905211769,96.98398304472137,21.435792746536478,178.0050740033345,117.3108664323446,49.43388692388142,115.27359356470038
85.61691033663001,23.346810294812414,135.1851569485182,115.43794687130767,42.85864197541591,113.04052881992168,73.14928090615756,0.1772828666924785,179.85663059717004,114.91401094830098,46.54609721376197,113.89164365656063
78.2021971575478,23.140408465280192,162.32077543179406,111.797946400067,41.66599090566551,110.87443073918104,80.43901165749818,14.35448155110049,166.321807570724,111.6327718027633,45.54460157163521,113.88547172656887
79.42489192759506,28.837917014614852,162.01285894691014,106.18204951736746,40.58094629865895,110.3176440791317,83.39396300322312,23.690313779417895,169.64952213663327,107.03668997897782,44.56629740896552,116.43790149883795
86.19069401837329,28.06701509589309,172.9393855194644,96.52605546962238,39.48083239995187,109.6587972187013,81.94942469627853,25.9098667025071,174.70732265440878,103.96458129030758,41.9438997614161,119.4634043438271
90.11530230336811,27.851347942979274,171.36104182798283,91.31366255323147,36.50781220116162,112.82136374533913,84.38412947390617,23.296569069240434,165.54297900765738,98.77730978672587,38.77536034755763,121.676235236339
91.2518978365816,28.702006326316337,174.5518765171748,86.89853250786976,35.46871599049696,111.83176731562742,88.52642955161618,23.56529297345093,172.61951404525945,92.42629611567098,36.79065945843413,120.01349211038665
98.00128319665292,29.708240527795923,166.05010553556087,78.3063874457556,33.35594909828299,111.35965841742477,86.02251587839227,33.23700072748214,173.14061511889997,91.13372742440923,35.73337548286843,119.54255495429649
100.05613249123374,30.829517490330037,167.728158415071,71.41245547367285,32.59119676675746,107.09895448970974,81.72555604323233,37.79149210435311,168.51613799813865,85.67042917319775,35.12621862835556,118.6488427375078
102.81664329201328,39.00467271541114,160.46626516600892,67.54104587216936,31.361858170029464,104.2204559961306,97.64813239696883,41.10984517939623,160.6873505706758,75.00448379692355,33.310353793907154,113.75346025205123
108.79200179003281,37.44284174501368,160.18369732337118,60.16492446464931,30.15031786676152,102.57409479111168,94.9527085054525,56.7236787332144,161.32155172649462,72.73388674946781,33.03830634283209,113.7635279912789
107.44655684167185,31.07291903323871,168.20791074760604,51.06870625819597,30.21168485664424,103.09743352438402,90.85207660564463,80.53277127517632,135.53730664793756,63.8979935194266,33.26162623777752,117.61202189692676
105.93497443752652,40.91262743770819,154.47530219610604,48.11779409684959,31.01786942686333,100.42508716293283,81.41198869555645,77.70720175259588,110.37678941441901,56.42679566271614,33.32567815941646,116.95756370900638
103.36447569928212,33.23391421843712,161.82786665119005,41.1854307598894,30.853832750982225,98.6169799025596,45.01723230493545,48.31066378850247,166.92907120006836,49.56504205206952,33.42730667409831,120.1841333749912
96.0360593377686,31.327148838777852,164.21155611217327,39.24695692003677,31.162439982405495,96.11107526586107,41.4823153292089,48.06379822895574,161.0780008685755,45.806050766262516,35.18195970643115,116.50367343150008
90.929910881027,28.3891520484659,164.014147503061,35.76574829539726,31.79334171616602,95.26456732320808,7.383882487577021,26.66696183217897,174.0273871782318,43.37271163248375,36.04643037344875,116.29812293310772
86.72355344770668,31.08652630726277,164.96768633333213,32.62875246660541,31.529184202520373,99.39732592988427,6.433651062737827,170.27598040520968,166.52098292074456,39.002679961091,35.12965968096026,117.55609926383971
73.05752200399314,23.80873395043798,149.2893586999558,28.693702063533703,31.35461975662551,93.33152676511865,6.215979030734034,151.62264391376536,163.04653445898282,34.12155626844245,35.441003445770164,108.57877582851793
58.69148837104164,30.953438144537262,177.0407689327993,25.51253214405087,31.524281317082796,96.08672848758461,10.300745557855404,156.9715806835712,158.59371187345417,32.28957282537938,35.83585240069655,106.5152399739758
54.26851642518963,61.0508294807149,175.72091339191002,23.284557674748402,30.71193856610809,93.59899473411491,12.977524929307112,163.73084879982247,171.07522188876808,31.68714381767933,39.438710021837196,104.10523453366824
50.48971438656883,38.597184222815294,154.32364525485073,22.179763927499028,29.929033149624274,96.875012390691,10.496055782125097,161.48174023023464,171.90619326888677,28.756980318611955,37.6422758004198,106.35400979132683
50.213371804726776,64.89138593450583,177.87309773370055,21.455140922744462,29.939160123614734,100.17632279440784,8.113618704314911,170.7013474586766,179.07981005187418,26.912634664937716,36.94240783668232,113.79280514436806
49.04594394955,62.1779349966502,171.8161630301702,21.936546244020306,30.40218369292291,100.65014133682442,16.044534149261487,66.13451187353348,153.64817943794307,26.144080370734784,36.15468974894734,120.51924498976825
49.68214568363671,5.816259628238694,130.74294738537134,22.250219368677193,30.338974944551712,100.28317835165448,35.076484915485416,58.46506820727763,159.6737126129556,26.61891950846161,36.20014542816715,116.36064316010125
52.72387435370372,14.26405837646377,92.70045644516567,22.073859867447176,29.77509576297911,98.78792040835027,46.04455305662029,65.95258446137814,139.48548353682682,26.0608265138465,36.45356636571167,115.45064901042967
56.959741927637054,29.365485239411353,161.58482698582068,21.79067923673543,29.971265974554914,97.5632016166934,43.36695437072741,62.048171522988966,145.63034320667438,25.02439065782688,36.82685777910188,118.51276392372236
57.468857367779535,34.32713729641762,157.25562723966485,20.722892215146906,29.851617283425895,100.74556359871265,35.29244514923449,43.89832140236238,162.29010891914038,23.847144130818634,36.24719575441392,117.28079194715548
59.91819848983896,39.845680046206304,159.63368178861984,20.733321251312518,30.13415948909214,102.73963605043359,55.42522300096342,64.25350314965968,141.99100588796065,22.68936425620281,34.745869879589165,118.92629414941969
61.5873863241118,46.1460001693996,164.93184176247,20.600917332639487,30.34634387730028,107.27240494818044,60.20651596478577,67.60536179395511,149.0655866262844,24.342709379186033,35.818421966217336,117.40443415703146
59.9704284829592,50.815809554009434,159.56111892598486,20.27363307907451,31.30212836587163,116.4871887068733,37.155288145850776,49.13194646452806,159.68865167033894,25.26365730511421,36.54727927003813,124.17215980138988
60.045686495947166,56.67568473690461,163.87116315715528,21.53355695115966,32.03040822365365,116.16336575845898,19.755594570406643,106.29295916476217,99.81046463973519,26.241456107921014,37.13949774860542,122.46543664530763
60.336200648014724,62.382207043782955,168.61627647544867,22.54622907110018,32.663464121320814,117.63431010553707,35.699032681180725,56.625031022041036,160.57391432828192,25.878361747332228,38.142009587227946,126.88580802499146
60.67351401791265,67.57132516478394,171.80400297283555,22.189793983834083,33.48983066259885,117.55348053576681,48.83012146087625,71.36084087689291,176.74916022147062,24.841465908507516,38.249026082759734,128.72231544579378
67.88311648516918,88.55441659452056,168.4018560047379,22.630572539839935,33.68084754686196,118.48657425268995,67.51975578106801,110.66038846405014,163.02949969799405,22.953401091889628,35.92242961639739,133.52444429326675
72.6987485926734,118.26358823247008,121.11789237170593,23.25096659205374,34.50663411837311,117.42623952982058,77.94364158535491,139.28000063154016,158.90323999385106,23.54840810939842,37.91846504499858,136.57725628764038
74.9894957607246,156.7110843531591,119.70321730185314,23.475142390341855,35.11494913487508,117.56354365295256,74.62188207003139,171.04137251068158,121.73711423020228,23.865347765627373,38.044966428417986,136.96493098135937
72.70783570457166,178.57899830365278,135.10049641818333,23.735967102524324,37.102757284951295,117.79674454688114,67.01365260414825,175.69248541530916,103.5955882852657,24.54035694857125,39.56761617288352,134.50037180304025
70.73373498774036,162.78394668366886,151.45324504395865,23.23532079017078,37.94224077173361,118.29203155409594,45.302619872999934,171.49961631349552,135.6754657035104,24.52780064855733,40.54078038595527,134.8749722327238
70.30821999352104,151.5892383143659,163.38546062010548,22.43255787797105,37.74025006416457,118.17824909852087,41.64158731277925,169.52788741191202,125.12782231399575,23.558684320890695,39.67453570110336,133.99863273752666
65.76847837142157,151.7629894859017,166.87918436227682,21.401977692201342,39.84562646217265,122.19658021555021,37.333531964076364,170.3937932731656,134.34887995704577,23.862876710416433,40.618940849684336,133.48094528545226
61.42540523969989,153.5463806951742,170.73660399488267,20.615872805343063,39.511141967277545,102.49349336968652,34.19055473926238,168.9094060964413,149.89406441064187,24.488261829495592,43.23198502212685,134.46824465631929
56.92195166053133,157.38469951187463,166.66268222352895,20.552308403049604,40.6901357422263,103.7858128742475,31.210677802207602,167.53174525516846,152.68422760822796,23.58839348780734,45.63224295629593,131.76354071019185
52.32960038864642,162.79583176938263,166.85131840228735,18.587538616291077,41.68342065978135,89.91213123977695,31.256172688026474,168.19247003853587,140.53737720768115,21.721423534322582,45.544176297398536,133.25562633027417
50.199078163134885,167.12475908935298,168.98078468081866,16.570713629816378,44.454572199484424,89.02313164973253,29.134764629629757,164.2241675401771,167.30535008460464,22.135083995313803,47.00929075593229,128.86712899896747
46.0611139958858,176.27250566482635,167.3586036638547,15.763696832948753,45.80376893255072,118.99521631583985,26.819738365266897,164.3333579239314,164.89493463803183,20.98233464190334,46.54192331110141,132.3786218000848
41.15489124264043,178.17138164341665,169.52225025570206,13.411022497802264,46.6213117141177,103.74665177510713,23.915048778905856,166.02795634658057,164.8225973148362,20.97353435541557,42.36074341305384,128.29762184329485
38.311840615707084,173.23342601186002,178.3649352738529,11.073144456699627,48.96187541246571,87.61187904580652,20.79118464778277,158.66359639740372,162.03998345463637,21.146512927713403,41.975424209277215,110.85861619923236
36.8065819377557,172.86428743499903,179.40371702282263,9.739523789462348,47.361543275276595,96.7029887451623,19.00036015582434,165.3625235931444,162.33186606385996,19.526741348500884,39.07008588658818,113.79994637032826
36.36817560373502,171.9673401256639,179.87248213354303,8.905165932712487,46.294811024857204,101.79989808150141,19.699580836040642,164.57210797840412,108.81028577227596,16.464885270493273,39.634982788738796,121.55327525357771
