frame_id,0_x,0_y,0_z,0_visibility,1_x,1_y,1_z,1_visibility,2_x,2_y,2_z,2_visibility,3_x,3_y,3_z,3_visibility,4_x,4_y,4_z,4_visibility,5_x,5_y,5_z,5_visibility,6_x,6_y,6_z,6_visibility,7_x,7_y,7_z,7_visibility,8_x,8_y,8_z,8_visibility,9_x,9_y,9_z,9_visibility,10_x,10_y,10_z,10_visibility,11_x,11_y,11_z,11_visibility,12_x,12_y,12_z,12_visibility,13_x,13_y,13_z,13_visibility,14_x,14_y,14_z,14_visibility,15_x,15_y,15_z,15_visibility,16_x,16_y,16_z,16_visibility,17_x,17_y,17_z,17_visibility,18_x,18_y,18_z,18_visibility,19_x,19_y,19_z,19_visibility,20_x,20_y,20_z,20_visibility,21_x,21_y,21_z,21_visibility,22_x,22_y,22_z,22_visibility,23_x,23_y,23_z,23_visibility,24_x,24_y,24_z,24_visibility,25_x,25_y,25_z,25_visibility,26_x,26_y,26_z,26_visibility,27_x,27_y,27_z,27_visibility,28_x,28_y,28_z,28_visibility,29_x,29_y,29_z,29_visibility,30_x,30_y,30_z,30_visibility,31_x,31_y,31_z,31_visibility,32_x,32_y,32_z,32_visibility
1,0.502434492111206,0.23762771487236023,-0.026611998677253723,0.9883869886398315,0.5022076368331909,0.21534639596939087,-0.04730415716767311,0.9824134111404419,0.5044418573379517,0.21158315241336823,-0.04733462631702423,0.9819265007972717,0.5066033005714417,0.20807021856307983,-0.0473199263215065,0.9839769601821899,0.5001569390296936,0.21947796642780304,-0.014821263961493969,0.9862979054450989,0.5005079507827759,0.21896129846572876,-0.014811962842941284,0.9881978631019592,0.5009325742721558,0.2183951884508133,-0.014791889116168022,0.9891173243522644,0.5211803913116455,0.19673755764961243,-0.09253077954053879,0.9671546816825867,0.5135753154754639,0.20807473361492157,0.04977807775139809,0.9906995892524719,0.5154656171798706,0.24340929090976715,-0.03840119391679764,0.9828316569328308,0.5127884745597839,0.24858909845352173,0.004382022190839052,0.9891752004623413,0.5613352060317993,0.24632053077220917,-0.17848896980285645,0.9955910444259644,0.5391490459442139,0.2725973427295685,0.15051645040512085,0.9997038245201111,0.6038031578063965,0.31951624155044556,-0.27811017632484436,0.1388450711965561,0.5608384013175964,0.36008220911026,0.23670001327991486,0.8912047147750854,0.5757626295089722,0.43598195910453796,-0.29823607206344604,0.13551326096057892,0.5522623062133789,0.4376627504825592,0.21886476874351501,0.8709920048713684,0.5679426789283752,0.4680017828941345,-0.3284233510494232,0.14606039226055145,0.5453463792800903,0.46237441897392273,0.22433440387248993,0.8540933728218079,0.5596814155578613,0.4602971374988556,-0.3108869194984436,0.14638951420783997,0.5432459115982056,0.46039682626724243,0.18975648283958435,0.8501113653182983,0.5606964826583862,0.4511956572532654,-0.2889135181903839,0.14853231608867645,0.5440219640731812,0.45382964611053467,0.20222385227680206,0.8201532363891602,0.5441081523895264,0.5107491612434387,-0.10234685987234116,0.9871202111244202,0.534985363483429,0.5068231225013733,0.10246486961841583,0.9944289922714233,0.55010986328125,0.6780959367752075,-0.13472631573677063,0.46054813265800476,0.5023853182792664,0.6667084097862244,0.05138290673494339,0.9499320983886719,0.6085785031318665,0.8277196884155273,-0.11464057862758636,0.5745917558670044,0.428544282913208,0.8289598822593689,0.05492789298295975,0.9577084183692932,0.6275571584701538,0.8482081294059753,-0.11566857248544693,0.6736330389976501,0.4311486780643463,0.8710289001464844,0.05097901076078415,0.9475988149642944,0.5942195653915405,0.9191004633903503,-0.19826707243919373,0.7013696432113647,0.3957284986972809,0.8244578838348389,-0.0084568802267313,0.9577934741973877
2,0.5004922151565552,0.2537490129470825,-0.06895596534013748,0.9894850850105286,0.5013843774795532,0.23238492012023926,-0.09393079578876495,0.98410964012146,0.5031527280807495,0.22940461337566376,-0.09396063536405563,0.9836800694465637,0.5050619840621948,0.22651270031929016,-0.09393469989299774,0.9855336546897888,0.5000675916671753,0.23494502902030945,-0.05402633547782898,0.9875741004943848,0.5005477070808411,0.2340058833360672,-0.054029129445552826,0.9892577528953552,0.5010427236557007,0.2331886887550354,-0.054009996354579926,0.9900694489479065,0.5191606283187866,0.21747146546840668,-0.15340426564216614,0.9704083800315857,0.5124913454055786,0.22591640055179596,0.02491670474410057,0.9913343191146851,0.5112364888191223,0.26157379150390625,-0.08741108328104019,0.9845044016838074,0.5095254778862,0.2640858292579651,-0.033704791218042374,0.9900884628295898,0.5635420083999634,0.2724331021308899,-0.24257305264472961,0.9960317015647888,0.5404208898544312,0.294662743806839,0.13676464557647705,0.9996157884597778,0.6024250984191895,0.3504670262336731,-0.3854716420173645,0.22491009533405304,0.5684934854507446,0.38199684023857117,0.2758527100086212,0.8039209842681885,0.5703567862510681,0.4586847424507141,-0.43785470724105835,0.22166723012924194,0.5499708652496338,0.4563336670398712,0.31977587938308716,0.7882530093193054,0.5623754262924194,0.4893079102039337,-0.4788239598274231,0.23058226704597473,0.5410488247871399,0.4809179902076721,0.33915841579437256,0.774604082107544,0.5544222593307495,0.4786067605018616,-0.4537424147129059,0.23081442713737488,0.5396381616592407,0.47815564274787903,0.303065687417984,0.7714569568634033,0.5556371808052063,0.4695581793785095,-0.4265355169773102,0.23143473267555237,0.541171133518219,0.4687349498271942,0.30508846044540405,0.7448405623435974,0.5534828305244446,0.5485369563102722,-0.12068979442119598,0.9883930087089539,0.5318530797958374,0.5428200364112854,0.12071496248245239,0.9949191212654114,0.5578737854957581,0.7233668565750122,-0.1402256339788437,0.5143895745277405,0.4789617955684662,0.6729953289031982,0.1255449503660202,0.9512010216712952,0.6363211870193481,0.8654710650444031,-0.10379358381032944,0.6170672178268433,0.4213710427284241,0.8279593586921692,0.18658633530139923,0.9605690240859985,0.6579705476760864,0.8794078230857849,-0.10282108932733536,0.7057213187217712,0.4189019799232483,0.8697869181632996,0.18807843327522278,0.9491338133811951,0.6032260060310364,0.9317030906677246,-0.19245333969593048,0.7310990691184998,0.3751215934753418,0.8120165467262268,0.12366093695163727,0.9602736830711365
3,0.4967285990715027,0.26306596398353577,-0.03648093715310097,0.9903661608695984,0.4963427186012268,0.2426997870206833,-0.03299003466963768,0.985548198223114,0.4974525570869446,0.24069762229919434,-0.033019114285707474,0.9851828813552856,0.49875086545944214,0.2387867122888565,-0.03298083320260048,0.9868836402893066,0.4950851500034332,0.24372392892837524,0.009605112485587597,0.9886102080345154,0.495003879070282,0.24252887070178986,0.00960447359830141,0.9900663495063782,0.4950442910194397,0.24129270017147064,0.009617882780730724,0.9908221364021301,0.5103245973587036,0.2313079833984375,-0.09082771837711334,0.9733028411865234,0.5059565305709839,0.23517873883247375,0.09062932431697845,0.9916964173316956,0.502628743648529,0.27235957980155945,-0.02638387307524681,0.9859360456466675,0.500755250453949,0.2742302715778351,0.027324095368385315,0.9907276630401611,0.5514393448829651,0.2829456925392151,-0.19385237991809845,0.9964281916618347,0.5330009460449219,0.3069419860839844,0.1972081959247589,0.9994953274726868,0.589907169342041,0.36131584644317627,-0.3532056212425232,0.3023136854171753,0.5561659336090088,0.3968847095966339,0.34880390763282776,0.724341869354248,0.5553396344184875,0.46823734045028687,-0.4164492189884186,0.298809289932251,0.5389238595962524,0.4731829762458801,0.42857757210731506,0.7113322615623474,0.5453470945358276,0.49769341945648193,-0.45194211602211,0.30594244599342346,0.5308272838592529,0.49513304233551025,0.4560222029685974,0.7000195980072021,0.538112998008728,0.48865073919296265,-0.4272790849208832,0.30593588948249817,0.5283136963844299,0.49414995312690735,0.42567530274391174,0.6973971724510193,0.5400227904319763,0.4802037477493286,-0.4053214490413666,0.30353981256484985,0.5302630662918091,0.48759689927101135,0.4172932505607605,0.6737759113311768,0.5387116074562073,0.5601454377174377,-0.11861161142587662,0.9895369410514832,0.5245638489723206,0.5560881495475769,0.11853016912937164,0.9953486323356628,0.5436738729476929,0.7359758019447327,-0.1783759891986847,0.562519371509552,0.47582659125328064,0.6769371032714844,0.038845814764499664,0.9472676515579224,0.6329615712165833,0.8637155890464783,-0.19712913036346436,0.6551395654678345,0.41358184814453125,0.8304252624511719,0.04361635446548462,0.9613518118858337,0.6584075093269348,0.8762823939323425,-0.20080816745758057,0.7338268756866455,0.4156642556190491,0.8749843835830688,0.041155893355607986,0.9485672116279602,0.6041942834854126,0.9305922389030457,-0.28187596797943115,0.7575758695602417,0.3581288158893585,0.8077380061149597,-0.02050216868519783,0.9608888030052185
4,0.48789840936660767,0.28051841259002686,-0.020612850785255432,0.9912267923355103,0.48769497871398926,0.2598470151424408,-0.03914961963891983,0.9868776202201843,0.49021783471107483,0.2576473653316498,-0.039196886122226715,0.9865595698356628,0.4932909607887268,0.2551725506782532,-0.03918948397040367,0.9881188869476318,0.48596587777137756,0.2611754238605499,0.006359072867780924,0.9895890951156616,0.48685377836227417,0.26036468148231506,0.006316234357655048,0.990838348865509,0.48814836144447327,0.2593359351158142,0.006226572208106518,0.9915309548377991,0.5024698376655579,0.24546566605567932,-0.10371477901935577,0.9759278893470764,0.49794062972068787,0.25013411045074463,0.0754285603761673,0.9920251369476318,0.4991776943206787,0.28952449560165405,-0.03555280342698097,0.9872539043426514,0.4974019527435303,0.29131826758384705,0.01946399174630642,0.9913618564605713,0.5412701368331909,0.296699196100235,-0.198543518781662,0.9967851638793945,0.5231987237930298,0.3169099688529968,0.17613786458969116,0.9994103312492371,0.5810419321060181,0.3796045184135437,-0.33113613724708557,0.3720361590385437,0.5507286787033081,0.41269370913505554,0.26839256286621094,0.6531546711921692,0.5454939603805542,0.48313742876052856,-0.36001449823379517,0.36853471398353577,0.5332773923873901,0.4969501793384552,0.26588183641433716,0.6425387263298035,0.5361710786819458,0.5127577185630798,-0.39484599232673645,0.37414613366127014,0.526736855506897,0.525189995765686,0.27656322717666626,0.6330555081367493,0.5289521217346191,0.5033079385757446,-0.37119120359420776,0.373989462852478,0.5223881006240845,0.5197098851203918,0.24466750025749207,0.6308726072311401,0.5308510661125183,0.4943695068359375,-0.34879425168037415,0.36981844902038574,0.5243900418281555,0.5087958574295044,0.2513284981250763,0.6099502444267273,0.5275651216506958,0.5700184106826782,-0.1157936230301857,0.9905702471733093,0.5123691558837891,0.5656786561012268,0.11568540334701538,0.9957683086395264,0.532325267791748,0.7520336508750916,-0.17593374848365784,0.6060016751289368,0.4480450749397278,0.6770132184028625,0.0313410647213459,0.9475117921829224,0.629147469997406,0.8613473773002625,-0.17843125760555267,0.6894656419754028,0.40050920844078064,0.8454075455665588,0.04234863072633743,0.9637947082519531,0.654543936252594,0.8686991333961487,-0.18049508333206177,0.7593984603881836,0.40613922476768494,0.8915347456932068,0.03972321003675461,0.9509598016738892,0.6043034791946411,0.9329352378845215,-0.2557574510574341,0.7814987897872925,0.35037940740585327,0.8201087713241577,-0.018069971352815628,0.9628353118896484
5,0.47352880239486694,0.2898577153682709,-0.016442399471998215,0.9920255541801453,0.4732017517089844,0.26996368169784546,-0.039568837732076645,0.9880978465080261,0.4755524694919586,0.26768386363983154,-0.03961171954870224,0.9878140091896057,0.478287935256958,0.2651221752166748,-0.03959587961435318,0.9892430305480957,0.4716567397117615,0.27206990122795105,0.003929845057427883,0.9905053377151489,0.4726242423057556,0.27157413959503174,0.0039003926794975996,0.9915608763694763,0.4737871289253235,0.2707425355911255,0.0038172719068825245,0.9922009706497192,0.49796921014785767,0.25574004650115967,-0.10727475583553314,0.9782990217208862,0.49069857597351074,0.2612912356853485,0.07735999673604965,0.9923521876335144,0.4882197380065918,0.29962098598480225,-0.03654029220342636,0.9884623289108276,0.4858705401420593,0.30129849910736084,0.01758117787539959,0.9920213222503662,0.5316349267959595,0.31178706884384155,-0.20786580443382263,0.9971064329147339,0.5131422281265259,0.33135607838630676,0.18189889192581177,0.9993909001350403,0.5679686665534973,0.3967762291431427,-0.348450243473053,0.43477216362953186,0.5395764708518982,0.4334748089313507,0.28084737062454224,0.5890608429908752,0.5322818756103516,0.4999079704284668,-0.38206833600997925,0.43133214116096497,0.523379921913147,0.5236552953720093,0.2867610454559326,0.5808958411216736,0.523296058177948,0.529875636100769,-0.41901516914367676,0.4357348680496216,0.5163814425468445,0.5568966269493103,0.29927152395248413,0.5731858611106873,0.517336905002594,0.5207268595695496,-0.3967513144016266,0.4354438781738281,0.5139830112457275,0.5514970421791077,0.2659250795841217,0.5713744163513184,0.5189810991287231,0.5119546055793762,-0.371478796005249,0.42992594838142395,0.5157158374786377,0.5388018488883972,0.2718108594417572,0.5530019402503967,0.5190366506576538,0.587994396686554,-0.11703922599554062,0.9915056824684143,0.5016449689865112,0.5810601711273193,0.11691403388977051,0.996176540851593,0.5211930871009827,0.7731361389160156,-0.16577890515327454,0.6451505422592163,0.4268515110015869,0.6802224516868591,0.048785556107759476,0.9487150311470032,0.6223324537277222,0.8555663824081421,-0.13871851563453674,0.720288872718811,0.3886531889438629,0.8587037920951843,0.07009012997150421,0.9663634300231934,0.6468218564987183,0.8649739623069763,-0.13657671213150024,0.7821299433708191,0.39778852462768555,0.8993619084358215,0.06883907318115234,0.9537715315818787,0.606404185295105,0.9351341128349304,-0.19834104180335999,0.8029579520225525,0.3416697084903717,0.8539787530899048,0.013063585385680199,0.9650532603263855
6,0.4583089351654053,0.30118125677108765,-0.012300054542720318,0.9927270412445068,0.4587542414665222,0.28164142370224,-0.03378426656126976,0.9891813397407532,0.4606548845767975,0.27990421652793884,-0.033817682415246964,0.9889223575592041,0.4628691077232361,0.27794405817985535,-0.03380024433135986,0.9902359247207642,0.45797213912010193,0.2838973104953766,0.005787172354757786,0.991333544254303,0.45901498198509216,0.28387629985809326,0.005797593854367733,0.9922138452529907,0.46019425988197327,0.28357207775115967,0.005771090742200613,0.9928037524223328,0.481281578540802,0.27161893248558044,-0.10292349010705948,0.9804259538650513,0.47736844420433044,0.2763044834136963,0.07809649407863617,0.9927524924278259,0.47259292006492615,0.314022421836853,-0.032047949731349945,0.9895337224006653,0.47119981050491333,0.31654995679855347,0.01984773948788643,0.9925923943519592,0.51990807056427,0.33572450280189514,-0.20762333273887634,0.9973952174186707,0.5065116286277771,0.3529130518436432,0.1842793971300125,0.9993829727172852,0.5549137592315674,0.42007696628570557,-0.3504142165184021,0.4911690056324005,0.5298393964767456,0.45148032903671265,0.3125927150249481,0.5312952399253845,0.5219688415527344,0.5225300788879395,-0.37537842988967896,0.48763567209243774,0.5197455883026123,0.5280916690826416,0.3659482002258301,0.525536298751831,0.5160934925079346,0.5517463088035583,-0.4088776111602783,0.49070489406585693,0.5046289563179016,0.5575718283653259,0.38793525099754333,0.5199459195137024,0.5104028582572937,0.5428190231323242,-0.3861325681209564,0.49021920561790466,0.49860867857933044,0.5537243485450745,0.35568001866340637,0.5184780359268188,0.5128782987594604,0.5344644784927368,-0.36438390612602234,0.48298317193984985,0.5013992190361023,0.5436888933181763,0.3529913127422333,0.5025701522827148,0.5118705034255981,0.6096398830413818,-0.12014974653720856,0.9923474788665771,0.494842529296875,0.6010110378265381,0.12005770206451416,0.9965511560440063,0.512860894203186,0.7990236878395081,-0.1768864542245865,0.6803250908851624,0.40598806738853455,0.682759165763855,0.04422182962298393,0.9494069814682007,0.6139720678329468,0.8500806093215942,-0.13009072840213776,0.7478845119476318,0.3816470801830292,0.8651899695396423,0.07057605683803558,0.9683697819709778,0.6386683583259583,0.8497125506401062,-0.12363068759441376,0.8029009103775024,0.3939582109451294,0.9027364253997803,0.07019597291946411,0.9561382532119751,0.6070672273635864,0.9324011206626892,-0.15979667007923126,0.8220787644386292,0.33309799432754517,0.8745113015174866,0.025139668956398964,0.9661767482757568
7,0.44683653116226196,0.3250134289264679,-0.0017325186636298895,0.9934014081954956,0.4480976164340973,0.30464085936546326,-0.028644096106290817,0.9902072548866272,0.449758380651474,0.30269160866737366,-0.02869015373289585,0.9899730086326599,0.45159977674484253,0.30051425099372864,-0.028655875474214554,0.9911700487136841,0.4470004439353943,0.30636066198349,0.015891453251242638,0.9921379685401917,0.4477321207523346,0.3058586120605469,0.015910541638731956,0.9928914308547974,0.4485242962837219,0.30515754222869873,0.015905331820249557,0.9934238195419312,0.46734747290611267,0.2934575080871582,-0.08872090280056,0.9823591709136963,0.4637913703918457,0.29798442125320435,0.08622205257415771,0.9932766556739807,0.45776382088661194,0.3368569314479828,-0.02337305061519146,0.9905165433883667,0.4562780261039734,0.3385586142539978,0.02982337772846222,0.9931496381759644,0.5089117288589478,0.3600729703903198,-0.19284194707870483,0.9976551532745361,0.49736469984054565,0.3745059669017792,0.19394466280937195,0.9993565082550049,0.5418429970741272,0.4414830505847931,-0.3130671977996826,0.5418568849563599,0.5208855867385864,0.4670089781284332,0.3387817442417145,0.4789814054965973,0.5135887265205383,0.5468431711196899,-0.31333258748054504,0.53825843334198,0.5035049319267273,0.5431069135665894,0.429151713848114,0.4751439690589905,0.5040551424026489,0.5753730535507202,-0.3406808078289032,0.5401544570922852,0.48964548110961914,0.5679102540016174,0.4569028913974762,0.4714992642402649,0.49585404992103577,0.565895140171051,-0.32316192984580994,0.5394852161407471,0.4851241111755371,0.5654541254043579,0.4272546172142029,0.4702817499637604,0.498359739780426,0.5576680302619934,-0.303703635931015,0.5307736992835999,0.4872108995914459,0.556174635887146,0.4180191159248352,0.4565891623497009,0.49644026160240173,0.6329655051231384,-0.12123709917068481,0.9931068420410156,0.4774675965309143,0.6208959221839905,0.12113280594348907,0.9968908429145813,0.5027985572814941,0.8176653385162354,-0.18405023217201233,0.7121289372444153,0.3860214352607727,0.6805462837219238,0.05693899840116501,0.9517282247543335,0.6024764180183411,0.8474301695823669,-0.14222398400306702,0.772904634475708,0.37661847472190857,0.8672784566879272,0.09978098422288895,0.9706055521965027,0.6283976435661316,0.8390557765960693,-0.13488373160362244,0.8221668004989624,0.39207467436790466,0.9033654928207397,0.10147298872470856,0.9589669108390808,0.6058954000473022,0.9314858317375183,-0.1638023555278778,0.83957439661026,0.3278030753135681,0.8886441588401794,0.06798741966485977,0.9677983522415161
8,0.4362401068210602,0.34359243512153625,0.00978492945432663,0.9940337538719177,0.437243789434433,0.32337382435798645,-0.017128171399235725,0.9911590814590454,0.4387107491493225,0.3213571012020111,-0.017134161666035652,0.9909498691558838,0.4403018057346344,0.31907543540000916,-0.017113542184233665,0.992033064365387,0.4358924329280853,0.3253537118434906,0.02563212253153324,0.9928852915763855,0.43637314438819885,0.3250524401664734,0.02565382421016693,0.9935430884361267,0.4368882179260254,0.32446929812431335,0.025646943598985672,0.9940265417098999,0.45423775911331177,0.311583548784256,-0.07676029950380325,0.9841125011444092,0.44950026273727417,0.31679388880729675,0.09584695845842361,0.9938391447067261,0.44531410932540894,0.35319289565086365,-0.017489628866314888,0.991437554359436,0.44404059648513794,0.3545614778995514,0.03936013579368591,0.9937365055084229,0.4923759996891022,0.37630030512809753,-0.18193785846233368,0.9978894591331482,0.48021650314331055,0.38871142268180847,0.20088179409503937,0.9993786811828613,0.5301937460899353,0.4608139097690582,-0.3176546096801758,0.5875230431556702,0.5099306702613831,0.48263949155807495,0.33100426197052,0.431926965713501,0.49790501594543457,0.5663555264472961,-0.3406204879283905,0.5838198661804199,0.48807820677757263,0.5659818649291992,0.4033137857913971,0.42930862307548523,0.4892597198486328,0.5954562425613403,-0.3726724684238434,0.5847473740577698,0.47819000482559204,0.5940498113632202,0.4316675662994385,0.4270913600921631,0.4818386137485504,0.5854292511940002,-0.3503386378288269,0.5839266180992126,0.474562406539917,0.5896844863891602,0.4013398587703705,0.42606663703918457,0.48385581374168396,0.5772258043289185,-0.3298354744911194,0.5738704204559326,0.47639721632003784,0.5802478790283203,0.391987144947052,0.4142589271068573,0.4806966185569763,0.6455668210983276,-0.1210288256406784,0.9937899112701416,0.46800392866134644,0.6358042359352112,0.12097444385290146,0.9971938133239746,0.48609957098960876,0.8382688760757446,-0.194147527217865,0.7408092617988586,0.37511226534843445,0.682245135307312,0.08423680812120438,0.952191174030304,0.5940859913825989,0.8452135920524597,-0.1787175089120865,0.7955215573310852,0.3761332631111145,0.8684844374656677,0.11315487325191498,0.9721500873565674,0.6187100410461426,0.8283842206001282,-0.1756235808134079,0.8396495580673218,0.39115917682647705,0.9048811793327332,0.1127428263425827,0.9611541032791138,0.6033962368965149,0.9242097735404968,-0.2134365290403366,0.8554646372795105,0.3282225728034973,0.89493727684021,0.08065859973430634,0.9691449999809265
9,0.423342227935791,0.3601216971874237,0.006070538889616728,0.9945567846298218,0.42477044463157654,0.340383917093277,-0.022778408601880074,0.9919655323028564,0.42608603835105896,0.33860164880752563,-0.0227810051292181,0.9917786121368408,0.4275786876678467,0.336578905582428,-0.02275506779551506,0.9927623271942139,0.423787921667099,0.3416678011417389,0.019169945269823074,0.9935073256492615,0.42438769340515137,0.3410438895225525,0.019178982824087143,0.994051456451416,0.42507821321487427,0.3401775062084198,0.019157446920871735,0.9944721460342407,0.44078391790390015,0.33005672693252563,-0.09136375039815903,0.9856662750244141,0.43782347440719604,0.333031564950943,0.07931054383516312,0.9941900968551636,0.43171796202659607,0.3704538643360138,-0.022296715527772903,0.9922055602073669,0.4310854375362396,0.3717748522758484,0.0320146419107914,0.9941238164901733,0.4771464467048645,0.3932543098926544,-0.20166854560375214,0.9981001019477844,0.46838927268981934,0.3994046151638031,0.18492040038108826,0.9993771314620972,0.5084935426712036,0.4809580147266388,-0.31629636883735657,0.6284844875335693,0.49840348958969116,0.49470627307891846,0.30189305543899536,0.3899069130420685,0.4833222031593323,0.5853137373924255,-0.31942126154899597,0.6245589256286621,0.4813849925994873,0.574350118637085,0.363414466381073,0.3885716199874878,0.47628456354141235,0.6137487888336182,-0.34981414675712585,0.6244096755981445,0.47302260994911194,0.5974676609039307,0.39089810848236084,0.3878842294216156,0.47063860297203064,0.6041156649589539,-0.33107414841651917,0.6234363913536072,0.4693329334259033,0.5965460538864136,0.36264854669570923,0.3869994282722473,0.472156286239624,0.5961495041847229,-0.3096314072608948,0.6118049025535583,0.47115978598594666,0.5889511108398438,0.35278546810150146,0.3769625127315521,0.47381943464279175,0.6577703952789307,-0.12426815181970596,0.9944058060646057,0.46028074622154236,0.6489644646644592,0.12418618053197861,0.997469961643219,0.4811441898345947,0.857334554195404,-0.2009485512971878,0.7665614485740662,0.36724773049354553,0.6817821860313416,0.14525005221366882,0.9517802000045776,0.5890374779701233,0.8443768620491028,-0.15446344017982483,0.815669059753418,0.37259015440940857,0.8684367537498474,0.20319810509681702,0.9731411933898926,0.6117694973945618,0.8237498998641968,-0.1474742591381073,0.8551980257034302,0.3874557614326477,0.9028696417808533,0.20635183155536652,0.9633350968360901,0.6012657880783081,0.9220185875892639,-0.17124004662036896,0.8695329427719116,0.3253543972969055,0.8960725665092468,0.19639918208122253,0.9696400761604309
10,0.41396746039390564,0.3767632246017456,-0.017856456339359283,0.9948226809501648,0.4151626527309418,0.35615426301956177,-0.04471409693360329,0.9924909472465515,0.41642728447914124,0.3546481132507324,-0.0447198823094368,0.9923257827758789,0.4178013801574707,0.3530395030975342,-0.044686298817396164,0.9932259321212769,0.4140777587890625,0.3572958707809448,-0.005682419985532761,0.9938359260559082,0.4145544469356537,0.35667872428894043,-0.005643476266413927,0.9941680431365967,0.4150427281856537,0.3560289740562439,-0.005682249553501606,0.9944311380386353,0.4300071597099304,0.34686702489852905,-0.11208158731460571,0.9869665503501892,0.4269663393497467,0.3491850197315216,0.07068517804145813,0.993777871131897,0.4229279160499573,0.3874749541282654,-0.04101497679948807,0.9927484393119812,0.4218130111694336,0.3891408145427704,0.010758763179183006,0.9940693974494934,0.4657767415046692,0.40950995683670044,-0.2186690866947174,0.9982893466949463,0.46237412095069885,0.41321223974227905,0.16895009577274323,0.9993607997894287,0.491839736700058,0.5003831386566162,-0.3376881182193756,0.6650472283363342,0.48724889755249023,0.5098516345024109,0.2839905917644501,0.3520409166812897,0.47093501687049866,0.6070865392684937,-0.35791879892349243,0.6611160635948181,0.4725887179374695,0.5882495641708374,0.33843308687210083,0.35333582758903503,0.4638593792915344,0.6358675360679626,-0.39076271653175354,0.6601625680923462,0.4630156457424164,0.612141489982605,0.3661227226257324,0.35540440678596497,0.45906609296798706,0.6253461241722107,-0.3747144043445587,0.659073531627655,0.4600958228111267,0.6103774309158325,0.3356086313724518,0.35462939739227295,0.4604109227657318,0.6169953942298889,-0.34950515627861023,0.6462457776069641,0.46219730377197266,0.6022322177886963,0.3271101415157318,0.34640830755233765,0.4644734859466553,0.6726816296577454,-0.12407881021499634,0.9949595332145691,0.4538092017173767,0.6615076065063477,0.12398713827133179,0.9977166652679443,0.4774606227874756,0.8746196031570435,-0.21519990265369415,0.7897120118141174,0.3579791486263275,0.6804705858230591,0.19384843111038208,0.9484739899635315,0.5843132138252258,0.8473294377326965,-0.1695229709148407,0.8335787653923035,0.3719286024570465,0.8666570782661438,0.25151896476745605,0.9715576767921448,0.6042419075965881,0.8231346011161804,-0.16246438026428223,0.8690193891525269,0.3867470622062683,0.9023698568344116,0.2548117935657501,0.9637336134910583,0.5995462536811829,0.9192492961883545,-0.1776774674654007,0.8819330334663391,0.325757771730423,0.8969658613204956,0.2554408013820648,0.9675992131233215
11,0.4050528407096863,0.39504921436309814,-0.018007837235927582,0.9951270222663879,0.40465641021728516,0.37500715255737305,-0.04280299320816994,0.9930171370506287,0.4057651460170746,0.37303751707077026,-0.04281491041183472,0.9928632974624634,0.4069882333278656,0.3708624541759491,-0.04278363287448883,0.9937008619308472,0.4041641354560852,0.37621310353279114,-0.006515870802104473,0.9941942095756531,0.4047728478908539,0.37536829710006714,-0.0064664678648114204,0.9943616390228271,0.4054912030696869,0.37431594729423523,-0.006501319352537394,0.9945324659347534,0.41932740807533264,0.3618359863758087,-0.10890273004770279,0.9881613850593567,0.417567640542984,0.3643982708454132,0.06994093209505081,0.9935137629508972,0.4145220220088959,0.4044451117515564,-0.039893634617328644,0.9932551383972168,0.4139569401741028,0.4062506854534149,0.008645792491734028,0.9940855503082275,0.45668506622314453,0.4190186858177185,-0.2113114297389984,0.998460054397583,0.45531097054481506,0.42235705256462097,0.16306455433368683,0.9993462562561035,0.4852582514286041,0.5146086812019348,-0.2988910377025604,0.6979814171791077,0.47987470030784607,0.520187258720398,0.2547793984413147,0.3179238438606262,0.46552568674087524,0.6217855215072632,-0.3387938141822815,0.6940057277679443,0.4670484662055969,0.5985422730445862,0.3126223087310791,0.32067492604255676,0.4590226113796234,0.6513286232948303,-0.36495858430862427,0.6921349763870239,0.4576806128025055,0.6223568916320801,0.31983110308647156,0.32434776425361633,0.4533349573612213,0.6420789361000061,-0.3416687548160553,0.6909146904945374,0.4553338885307312,0.622387707233429,0.32092076539993286,0.32360899448394775,0.4543047845363617,0.63377445936203,-0.34091717004776,0.6769875288009644,0.45746198296546936,0.6143579483032227,0.3199859857559204,0.3169713616371155,0.46135473251342773,0.682449996471405,-0.12076685577630997,0.9954608678817749,0.4481409192085266,0.6711322665214539,0.12064065039157867,0.9979411959648132,0.47694796323776245,0.8804718852043152,-0.22168609499931335,0.8106544017791748,0.35200726985931396,0.6813372373580933,0.19087687134742737,0.9477906823158264,0.5827776789665222,0.8507999777793884,-0.17979323863983154,0.849969744682312,0.37127217650413513,0.8655462265014648,0.23683980107307434,0.9717467427253723,0.6063030958175659,0.8237941265106201,-0.17309293150901794,0.881643533706665,0.3867560625076294,0.9014589786529541,0.23857481777668,0.9649644494056702,0.5993533134460449,0.9202553033828735,-0.18458323180675507,0.8934035897254944,0.32652977108955383,0.8997279405593872,0.24373690783977509,0.9675904512405396
12,0.39664384722709656,0.40075746178627014,-0.04828346148133278,0.9954968690872192,0.3964523375034332,0.3814946115016937,-0.07222487777471542,0.9935812950134277,0.397698312997818,0.3793436586856842,-0.07223381102085114,0.9934356212615967,0.3990321755409241,0.37694934010505676,-0.07221117615699768,0.9942132830619812,0.3960503339767456,0.3830743134021759,-0.037053775042295456,0.9946184754371643,0.3968185484409332,0.3822118937969208,-0.036972612142562866,0.9946873784065247,0.39769232273101807,0.3810575306415558,-0.03697970509529114,0.9947859048843384,0.4120302200317383,0.3671007752418518,-0.13242091238498688,0.9892803430557251,0.4104863703250885,0.3705684244632721,0.031084924936294556,0.9934986233711243,0.4072212278842926,0.409304141998291,-0.06779433786869049,0.9938237071037292,0.4064514636993408,0.4115728735923767,-0.020940139889717102,0.9943738579750061,0.45060983300209045,0.4251798987388611,-0.22798708081245422,0.9986138343811035,0.4465877115726471,0.43001434206962585,0.15584765374660492,0.9993544816970825,0.4772847294807434,0.5160885453224182,-0.2947179675102234,0.7279117107391357,0.4707976281642914,0.5272574424743652,0.1960131973028183,0.28738197684288025,0.4620933532714844,0.6292133927345276,-0.28211039304733276,0.7240325212478638,0.46092620491981506,0.6053885221481323,0.15562668442726135,0.2918311357498169,0.4556698799133301,0.6591769456863403,-0.31146880984306335,0.7215665578842163,0.45080915093421936,0.6498963832855225,0.16418452560901642,0.29690977931022644,0.4495730400085449,0.6509431004524231,-0.3015393018722534,0.7203178405761719,0.44909316301345825,0.6326606273651123,0.13379612565040588,0.2962017059326172,0.4500266909599304,0.6427284479141235,-0.27683383226394653,0.7062886953353882,0.4528609812259674,0.6281561255455017,0.14169934391975403,0.2909632921218872,0.46104198694229126,0.6882783770561218,-0.11685054004192352,0.9959132075309753,0.4420236647129059,0.675469160079956,0.11672566831111908,0.9981444478034973,0.4764590859413147,0.8860805034637451,-0.21150436997413635,0.8295076489448547,0.3502054512500763,0.6797055006027222,0.20344169437885284,0.9466772079467773,0.5814291834831238,0.8534162044525146,-0.1688927710056305,0.8646707534790039,0.36960211396217346,0.8668648600578308,0.2558058202266693,0.9717612862586975,0.6041374206542969,0.8249577879905701,-0.16304895281791687,0.8928778171539307,0.38597890734672546,0.9011583924293518,0.258056640625,0.9663148522377014,0.5991833209991455,0.9202241897583008,-0.17827528715133667,0.9036767482757568,0.3259240984916687,0.9013326168060303,0.2691507935523987,0.9678674340248108
13,0.392871618270874,0.4091673195362091,-0.054994355887174606,0.9958223700523376,0.392988920211792,0.38977935910224915,-0.07916811108589172,0.9940978288650513,0.39437058568000793,0.38769108057022095,-0.07917584478855133,0.9939531683921814,0.395862340927124,0.3853144347667694,-0.07914707809686661,0.9946815371513367,0.39230719208717346,0.390785813331604,-0.0436532199382782,0.9950055480003357,0.39302366971969604,0.389614075422287,-0.043579138815402985,0.9949823021888733,0.393881231546402,0.3882395029067993,-0.0435846671462059,0.9950312376022339,0.4084833562374115,0.37556105852127075,-0.14130769670009613,0.9902846217155457,0.4067394733428955,0.37787559628486633,0.022347738966345787,0.9934746026992798,0.40274715423583984,0.4174823462963104,-0.07539299875497818,0.994353175163269,0.40176883339881897,0.4192831218242645,-0.0280638225376606,0.9946722984313965,0.4463774263858795,0.43063676357269287,-0.23707452416419983,0.9987522959709167,0.4453015923500061,0.43644583225250244,0.14814206957817078,0.9993759393692017,0.47459107637405396,0.5194573402404785,-0.3050105571746826,0.7548320889472961,0.46949249505996704,0.5321564078330994,0.2051636427640915,0.2597448229789734,0.4579450190067291,0.6308183073997498,-0.2799469828605652,0.7509947419166565,0.4577072560787201,0.6109315752983093,0.1946917176246643,0.2657376527786255,0.45129698514938354,0.6621156930923462,-0.30833619832992554,0.7479085326194763,0.4482801556587219,0.6390891075134277,0.20872679352760315,0.27219104766845703,0.44559645652770996,0.6539313793182373,-0.29716956615448,0.7466357946395874,0.445965439081192,0.6369444727897644,0.17756257951259613,0.2715258002281189,0.4460628628730774,0.6451606750488281,-0.27467358112335205,0.7322020530700684,0.44932371377944946,0.6296493411064148,0.18110255897045135,0.26752230525016785,0.45925602316856384,0.6885896921157837,-0.11837397515773773,0.9963210821151733,0.4424097537994385,0.6785670518875122,0.11824951320886612,0.9983281493186951,0.47500699758529663,0.8888615965843201,-0.2182510793209076,0.846434473991394,0.3496226668357849,0.6799960732460022,0.23181001842021942,0.9408147931098938,0.5809094309806824,0.8544712662696838,-0.1793472319841385,0.8778482675552368,0.3696812093257904,0.8657620549201965,0.2923712730407715,0.9698629975318909,0.6026173830032349,0.825423538684845,-0.17378142476081848,0.9029332995414734,0.38580095767974854,0.9001330137252808,0.2953034043312073,0.9661080837249756,0.599659264087677,0.9212804436683655,-0.18922850489616394,0.9129025936126709,0.3257793188095093,0.8990675210952759,0.30831748247146606,0.9668117761611938
14,0.39118123054504395,0.4166598320007324,-0.042111609131097794,0.9960454702377319,0.3906830847263336,0.3981412351131439,-0.06566441804170609,0.9944862127304077,0.3920643627643585,0.3960704803466797,-0.06567461788654327,0.9943349361419678,0.39356452226638794,0.39371925592422485,-0.065647654235363,0.9950382113456726,0.3901386857032776,0.39870715141296387,-0.03094894252717495,0.9952593445777893,0.39099642634391785,0.3973331153392792,-0.030888771638274193,0.9951006770133972,0.3920349180698395,0.3956686556339264,-0.030902018770575523,0.9950926899909973,0.4054885804653168,0.38276955485343933,-0.1283372938632965,0.9911422729492188,0.4041949212551117,0.3841472268104553,0.03061426617205143,0.9930867552757263,0.4012565016746521,0.4239814877510071,-0.06240508705377579,0.9947758913040161,0.4006422162055969,0.4259098172187805,-0.01606321707367897,0.994784951210022,0.44472336769104004,0.4322737455368042,-0.22523978352546692,0.9988769292831421,0.4428917467594147,0.4378635287284851,0.14888378977775574,0.9993849992752075,0.4744597375392914,0.5209773778915405,-0.3032764196395874,0.779013991355896,0.4679475426673889,0.5323808193206787,0.23209433257579803,0.23469029366970062,0.45691338181495667,0.6304171085357666,-0.2849780321121216,0.7751129269599915,0.4507487416267395,0.6080090999603271,0.23490062355995178,0.24184048175811768,0.45059317350387573,0.6610997319221497,-0.3154086172580719,0.7713521718978882,0.44369545578956604,0.632062554359436,0.2535245418548584,0.24954359233379364,0.4445984959602356,0.6526314616203308,-0.3038673996925354,0.7700186967849731,0.4390902519226074,0.6307874321937561,0.2188681662082672,0.24892526865005493,0.44553565979003906,0.6437088251113892,-0.2781415581703186,0.7548257112503052,0.4428280293941498,0.6236919164657593,0.2199939787387848,0.24599403142929077,0.4579091966152191,0.688435971736908,-0.11931538581848145,0.996688187122345,0.4429718852043152,0.6805470585823059,0.11921967566013336,0.9984933137893677,0.4742087721824646,0.8895291090011597,-0.2264978438615799,0.8616256713867188,0.35002580285072327,0.6787719130516052,0.22388848662376404,0.9325399994850159,0.5803622603416443,0.8547085523605347,-0.19294750690460205,0.8896200656890869,0.3705822825431824,0.8649616837501526,0.2762967646121979,0.9665689468383789,0.6018248200416565,0.8246405720710754,-0.18735113739967346,0.9119431376457214,0.3862474858760834,0.8994660973548889,0.2786814570426941,0.9650313854217529,0.5993428826332092,0.9212877750396729,-0.2019694596529007,0.921098530292511,0.32579490542411804,0.8999367356300354,0.2891824245452881,0.9642506837844849
15,0.3933362066745758,0.41814884543418884,-0.03779260069131851,0.996215283870697,0.39255601167678833,0.4003426134586334,-0.0615590400993824,0.9948090314865112,0.39365389943122864,0.3981146514415741,-0.06157113239169121,0.9946502447128296,0.39480528235435486,0.39545729756355286,-0.061548806726932526,0.9953376650810242,0.3920239806175232,0.40086111426353455,-0.026518169790506363,0.9954509735107422,0.39269882440567017,0.39941710233688354,-0.026459956541657448,0.9951454997062683,0.3935183584690094,0.3976689577102661,-0.02647371031343937,0.9950852394104004,0.40571385622024536,0.3827214539051056,-0.12410224974155426,0.9919002652168274,0.40441933274269104,0.38469362258911133,0.03123670443892479,0.9927142262458801,0.40266719460487366,0.4229474663734436,-0.05790331959724426,0.995144784450531,0.4021621346473694,0.42484453320503235,-0.01135206874459982,0.9948701858520508,0.4450039267539978,0.42533522844314575,-0.22067312896251678,0.9989891052246094,0.4425821900367737,0.4336724579334259,0.1533343493938446,0.9994062185287476,0.4747932553291321,0.5201006531715393,-0.3080582916736603,0.8008491396903992,0.46794772148132324,0.5289337038993835,0.25871211290359497,0.212463840842247,0.4579172134399414,0.6278722882270813,-0.3003465235233307,0.796909749507904,0.448915958404541,0.6042571067810059,0.2874820828437805,0.2212485373020172,0.45267453789711,0.6590425968170166,-0.3323673605918884,0.7926296591758728,0.4406837522983551,0.623942494392395,0.3090415298938751,0.23063044250011444,0.44627952575683594,0.6511521339416504,-0.3200015425682068,0.7912839651107788,0.4371861517429352,0.6217601299285889,0.27769672870635986,0.23017680644989014,0.4473327696323395,0.6413708925247192,-0.29306188225746155,0.7756035327911377,0.44049277901649475,0.6178772449493408,0.27510541677474976,0.22831544280052185,0.458552747964859,0.6878584623336792,-0.12080098688602448,0.9970186948776245,0.4445604681968689,0.6808450222015381,0.12070596218109131,0.9986422657966614,0.47408637404441833,0.8873767256736755,-0.22394052147865295,0.8752505779266357,0.3511230945587158,0.6790435910224915,0.21902994811534882,0.9215555787086487,0.5801823139190674,0.8542829155921936,-0.18501457571983337,0.9001039266586304,0.37042364478111267,0.8647456765174866,0.2732029855251312,0.9615137577056885,0.6012070178985596,0.8237335085868835,-0.17853416502475739,0.9199727773666382,0.3863263428211212,0.8990147113800049,0.27588286995887756,0.9628865122795105,0.5995856523513794,0.9210044145584106,-0.19202566146850586,0.928351640701294,0.325149804353714,0.9006301760673523,0.2839721739292145,0.9600237607955933
16,0.3959420919418335,0.409651517868042,-0.035012632608413696,0.9964577555656433,0.3959583640098572,0.3922254741191864,-0.0588747076690197,0.9951969981193542,0.39720824360847473,0.3898807168006897,-0.05888509750366211,0.995040237903595,0.398506224155426,0.38731804490089417,-0.05886024236679077,0.9956938624382019,0.3951387107372284,0.3934682607650757,-0.023864662274718285,0.9957498908042908,0.3956945836544037,0.3922376036643982,-0.02381085976958275,0.9953797459602356,0.39635759592056274,0.390816867351532,-0.02382669411599636,0.995294451713562,0.4099245071411133,0.37703773379325867,-0.12170586735010147,0.9926317930221558,0.4074176847934723,0.3804631233215332,0.03936804085969925,0.9928042888641357,0.40504851937294006,0.4159003496170044,-0.055037207901477814,0.9955418705940247,0.4040758013725281,0.4181874692440033,-0.00899290107190609,0.9951272010803223,0.4488183856010437,0.42467549443244934,-0.21801774203777313,0.9990900754928589,0.4432253837585449,0.4328937232494354,0.15923070907592773,0.99942946434021,0.4779234826564789,0.515708327293396,-0.3190050423145294,0.8204981684684753,0.4682570993900299,0.5232993364334106,0.2759166359901428,0.19224540889263153,0.45963311195373535,0.6219165921211243,-0.3307366669178009,0.8165794014930725,0.45066919922828674,0.6017128229141235,0.3182303309440613,0.20248183608055115,0.45458659529685974,0.652346670627594,-0.36506277322769165,0.8119266629219055,0.443013995885849,0.6225650906562805,0.3412927985191345,0.21348223090171814,0.4480465054512024,0.6442806124687195,-0.35159140825271606,0.8105668425559998,0.4405295252799988,0.6215502619743347,0.31043168902397156,0.21316736936569214,0.4491814970970154,0.6353148818016052,-0.3231775760650635,0.7944519519805908,0.44290322065353394,0.6151701211929321,0.30661600828170776,0.2121267020702362,0.4602515697479248,0.6865598559379578,-0.12013361603021622,0.997316300868988,0.44569411873817444,0.677872359752655,0.12005645036697388,0.9987765550613403,0.47467270493507385,0.8845532536506653,-0.22980594635009766,0.8874854445457458,0.35230347514152527,0.678935170173645,0.22923269867897034,0.9114702343940735,0.5800395607948303,0.8547213077545166,-0.2028425633907318,0.9095453023910522,0.37053900957107544,0.8644675612449646,0.2855830490589142,0.9562451839447021,0.6018758416175842,0.8235930800437927,-0.1973821520805359,0.9272714853286743,0.38645240664482117,0.8986995220184326,0.2885914146900177,0.9603827595710754,0.600624680519104,0.9206068515777588,-0.21484749019145966,0.9349183440208435,0.325950026512146,0.9013345241546631,0.29456374049186707,0.9556847214698792
17,0.3999776542186737,0.3986789584159851,-0.022706080228090286,0.9967545866966248,0.4001099467277527,0.38015806674957275,-0.047251272946596146,0.9956177473068237,0.40134114027023315,0.37788644433021545,-0.04725586622953415,0.9954707026481628,0.4026501774787903,0.3755183815956116,-0.047228388488292694,0.9960756301879883,0.3992885947227478,0.38130930066108704,-0.010739981196820736,0.9961012601852417,0.39977729320526123,0.3800962567329407,-0.010695678181946278,0.9957248568534851,0.40038061141967773,0.3786953091621399,-0.010704657062888145,0.9956415891647339,0.4140271246433258,0.36653921008110046,-0.11414428055286407,0.9933325052261353,0.41164320707321167,0.36910480260849,0.055146895349025726,0.9932436347007751,0.4089125692844391,0.40613284707069397,-0.04413290321826935,0.9959367513656616,0.40792280435562134,0.40790998935699463,0.004308404866605997,0.9954696893692017,0.45253682136535645,0.4158320426940918,-0.21415503323078156,0.9991809725761414,0.446953684091568,0.4259163737297058,0.1662341207265854,0.9994524717330933,0.481132835149765,0.5059245824813843,-0.3054850697517395,0.8382356762886047,0.47116976976394653,0.5160831212997437,0.26844078302383423,0.17421798408031464,0.46270856261253357,0.6121048331260681,-0.3114987313747406,0.8343449831008911,0.45468130707740784,0.5943094491958618,0.29292944073677063,0.18617412447929382,0.4568963646888733,0.642274796962738,-0.3438180088996887,0.8293834924697876,0.4469703733921051,0.6167336106300354,0.31244713068008423,0.1986057311296463,0.4510798454284668,0.6348500847816467,-0.32980480790138245,0.8280124068260193,0.4444531500339508,0.6159462928771973,0.2817033529281616,0.19845153391361237,0.45213431119918823,0.6261252164840698,-0.3037225008010864,0.8117312788963318,0.4467569887638092,0.6089280843734741,0.28083544969558716,0.19816961884498596,0.461553156375885,0.6783304214477539,-0.11836627870798111,0.9975841641426086,0.4474439024925232,0.66895592212677,0.11828597635030746,0.9988976120948792,0.4747752249240875,0.8770089745521545,-0.22355477511882782,0.8984804153442383,0.3540310561656952,0.678532600402832,0.2057093381881714,0.9033157229423523,0.5859954357147217,0.8536742925643921,-0.2072673738002777,0.9181661605834961,0.3708072304725647,0.8644983768463135,0.2537499666213989,0.9540212750434875,0.6116117835044861,0.8231120705604553,-0.20283427834510803,0.933873176574707,0.3860636353492737,0.8985557556152344,0.25624415278434753,0.9595476984977722,0.6023303270339966,0.9206259846687317,-0.21913981437683105,0.940926194190979,0.32644137740135193,0.9008588790893555,0.2585350573062897,0.9534447193145752
18,0.4018673896789551,0.39495500922203064,-0.01217942126095295,0.9970508217811584,0.4019768238067627,0.3776865303516388,-0.034495580941438675,0.9960288405418396,0.40330204367637634,0.3750168979167938,-0.034498535096645355,0.9958946704864502,0.40465784072875977,0.372252881526947,-0.03446284309029579,0.9964467287063599,0.40084806084632874,0.37849849462509155,2.4059143470367417e-05,0.9964545965194702,0.4012024998664856,0.3767567574977875,4.631350020645186e-05,0.9960965514183044,0.40163272619247437,0.3748572766780853,3.3348173019476235e-05,0.996023952960968,0.4145478308200836,0.3623132109642029,-0.09601857513189316,0.9939835071563721,0.4119202494621277,0.3645804226398468,0.06324003636837006,0.9938175678253174,0.40908512473106384,0.4009430706501007,-0.032542191445827484,0.9963078498840332,0.40870657563209534,0.4036024212837219,0.01339774765074253,0.9958215355873108,0.45345741510391235,0.4091525077819824,-0.19384339451789856,0.9992627501487732,0.4494648873806,0.4248732626438141,0.167565256357193,0.9994668364524841,0.4839898943901062,0.4899582862854004,-0.302482008934021,0.8542957901954651,0.47694429755210876,0.5038066506385803,0.26885390281677246,0.15816166996955872,0.4678535461425781,0.6058720350265503,-0.3083702325820923,0.8504294753074646,0.4591194689273834,0.5918104648590088,0.3006238639354706,0.17081207036972046,0.46177011728286743,0.6359455585479736,-0.3415829539299011,0.8451103568077087,0.4519878923892975,0.6163028478622437,0.32118430733680725,0.1833943873643875,0.45425930619239807,0.6311742663383484,-0.3237231969833374,0.8436977863311768,0.4488030970096588,0.6127140522003174,0.28903621435165405,0.18334774672985077,0.45602259039878845,0.6223167181015015,-0.29957419633865356,0.827224850654602,0.4506853222846985,0.6060246825218201,0.28819897770881653,0.18374116718769073,0.462451696395874,0.676270067691803,-0.1170348972082138,0.9978250861167908,0.4530657231807709,0.6649022698402405,0.11693020164966583,0.9990060925483704,0.47970661520957947,0.8750289678573608,-0.21838398277759552,0.9083930850028992,0.35442572832107544,0.6788048148155212,0.12632885575294495,0.8968570232391357,0.5937573909759521,0.8533121943473816,-0.19533395767211914,0.9261424541473389,0.3712506890296936,0.8643118143081665,0.15391114354133606,0.9539660215377808,0.6204427480697632,0.8238772749900818,-0.19193263351917267,0.9400343298912048,0.3859558403491974,0.898405134677887,0.1544833928346634,0.9590789079666138,0.6017332077026367,0.9246876239776611,-0.2146664559841156,0.9465118646621704,0.32678645849227905,0.8995887637138367,0.14172077178955078,0.9529185891151428
19,0.41351303458213806,0.37293264269828796,-0.012450046837329865,0.9973040819168091,0.4134158492088318,0.35314035415649414,-0.035164281725883484,0.9963798522949219,0.41486865282058716,0.35105395317077637,-0.03516600653529167,0.9962548017501831,0.4165206551551819,0.348564088344574,-0.03512049466371536,0.9967673420906067,0.411989688873291,0.3545474708080292,-0.0001202234998345375,0.9967551231384277,0.41240519285202026,0.3537199795246124,-9.944664634531364e-05,0.9963953495025635,0.41286367177963257,0.35274094343185425,-0.00011328372784191743,0.9963396191596985,0.4285847246646881,0.33915069699287415,-0.09673919528722763,0.9945547580718994,0.42452964186668396,0.34359484910964966,0.0650329738855362,0.9942604899406433,0.4228450357913971,0.3813939392566681,-0.03273088485002518,0.9966208934783936,0.42150887846946716,0.3831554353237152,0.013953836634755135,0.9960814118385315,0.46369820833206177,0.3841516673564911,-0.1939288079738617,0.9993364214897156,0.45953917503356934,0.40540310740470886,0.17177924513816833,0.9994913339614868,0.4915388524532318,0.46539244055747986,-0.30850592255592346,0.8687236309051514,0.4867013394832611,0.48798853158950806,0.28371497988700867,0.14394618570804596,0.4759172797203064,0.5828337073326111,-0.329205721616745,0.8647985458374023,0.4740317761898041,0.5773594379425049,0.32639607787132263,0.15750937163829803,0.4686843454837799,0.6111632585525513,-0.363233357667923,0.8590937852859497,0.4669516086578369,0.6049282550811768,0.3488312065601349,0.1704043596982956,0.46189555525779724,0.6063595414161682,-0.34526222944259644,0.8576189279556274,0.464334636926651,0.6021513938903809,0.316857248544693,0.17050638794898987,0.4631473422050476,0.5986160039901733,-0.3206785321235657,0.840627908706665,0.46531400084495544,0.5960807204246521,0.31435319781303406,0.17155103385448456,0.4700252115726471,0.6613821387290955,-0.11981827020645142,0.9980419278144836,0.4593263268470764,0.6489078998565674,0.11969222128391266,0.999103844165802,0.49093857407569885,0.8472699522972107,-0.22606773674488068,0.9172555208206177,0.3639993369579315,0.6786075234413147,0.12503090500831604,0.8921324610710144,0.6018573045730591,0.8530690670013428,-0.23049473762512207,0.9332610964775085,0.37099671363830566,0.8650253415107727,0.17203235626220703,0.9522629380226135,0.6292061805725098,0.8274340033531189,-0.22890853881835938,0.9454241991043091,0.384993314743042,0.8986878395080566,0.1743757724761963,0.9574297070503235,0.6022388935089111,0.9274286031723022,-0.26397770643234253,0.9515082836151123,0.32563525438308716,0.898809552192688,0.16134244203567505,0.9510290622711182
20,0.42637699842453003,0.3523336350917816,0.014677084982395172,0.9974662661552429,0.4255310893058777,0.33325543999671936,-0.007658765651285648,0.9966236352920532,0.42692452669143677,0.3311273753643036,-0.007684162352234125,0.9965089559555054,0.42832231521606445,0.3288405239582062,-0.007645060308277607,0.9970078468322754,0.424422025680542,0.3347417712211609,0.027922775596380234,0.9969474077224731,0.42492786049842834,0.33388009667396545,0.027953196316957474,0.9965429306030273,0.4255368709564209,0.3328235149383545,0.02794083021581173,0.9965142607688904,0.44033700227737427,0.31929221749305725,-0.07231426239013672,0.9950295090675354,0.4374750256538391,0.3234616219997406,0.09190191328525543,0.9944213628768921,0.43563634157180786,0.36018162965774536,-0.006655875593423843,0.9968217611312866,0.4347986578941345,0.3624638020992279,0.040662869811058044,0.9961042404174805,0.47765249013900757,0.3662264049053192,-0.18069076538085938,0.9994025826454163,0.47185903787612915,0.38912445306777954,0.19631563127040863,0.9994590878486633,0.5047696828842163,0.4446662366390228,-0.3042866587638855,0.8817241191864014,0.4960762858390808,0.47484320402145386,0.30439913272857666,0.13072961568832397,0.4871841073036194,0.5529549717903137,-0.320460706949234,0.8777905702590942,0.4841781258583069,0.5614452958106995,0.342365562915802,0.14403951168060303,0.48077520728111267,0.5852726697921753,-0.35298484563827515,0.8718526363372803,0.47710689902305603,0.5896310210227966,0.3629671335220337,0.15671642124652863,0.4746584892272949,0.5805602073669434,-0.3356018662452698,0.8703259825706482,0.4747278094291687,0.5845746397972107,0.3335897624492645,0.1569034457206726,0.4755580425262451,0.5721508264541626,-0.311842679977417,0.8529488444328308,0.4753642678260803,0.5742462277412415,0.3305720090866089,0.15839822590351105,0.4832543730735779,0.6365522146224976,-0.12081416696310043,0.9982346892356873,0.4695030748844147,0.6277121305465698,0.12068985402584076,0.9991863965988159,0.5023816823959351,0.822509229183197,-0.21933779120445251,0.9253453612327576,0.3795962333679199,0.6780979633331299,0.0687716156244278,0.8948020935058594,0.6108449101448059,0.8529716730117798,-0.21885211765766144,0.9396763443946838,0.37122225761413574,0.864996612071991,0.1004389300942421,0.9536111950874329,0.638206958770752,0.8373433351516724,-0.21686133742332458,0.9501236081123352,0.38458752632141113,0.8988122940063477,0.10178248584270477,0.9578905701637268,0.6032701730728149,0.9296133518218994,-0.25414392352104187,0.9559239745140076,0.3247261345386505,0.8957417011260986,0.07746868580579758,0.9515630602836609
21,0.4384673535823822,0.3303534984588623,0.027755340561270714,0.9976510405540466,0.43817025423049927,0.31186485290527344,0.005274908617138863,0.99688720703125,0.43933993577957153,0.3095347285270691,0.005241118371486664,0.9967852830886841,0.44056224822998047,0.307021826505661,0.005280681885778904,0.9972573518753052,0.4372098445892334,0.31348663568496704,0.04080221801996231,0.9971641302108765,0.43771323561668396,0.31248408555984497,0.04082370176911354,0.9967508912086487,0.4382762014865875,0.3113936483860016,0.04081014543771744,0.9967468976974487,0.45250171422958374,0.29677248001098633,-0.05984170362353325,0.9954900145530701,0.4497396945953369,0.3013843894004822,0.10438625514507294,0.9947680234909058,0.4474867880344391,0.3379005789756775,0.00640106713399291,0.9970610737800598,0.44643062353134155,0.3403720557689667,0.05363432690501213,0.9962997436523438,0.4901934266090393,0.34577813744544983,-0.17014215886592865,0.9994621276855469,0.47923702001571655,0.36440932750701904,0.20334124565124512,0.9994455575942993,0.5180394649505615,0.4269874095916748,-0.3071654438972473,0.8934468626976013,0.5027942061424255,0.45703041553497314,0.32199060916900635,0.11875589936971664,0.5008417367935181,0.5297943353652954,-0.3498781621456146,0.8895046710968018,0.4886462688446045,0.5296863317489624,0.3776998221874237,0.13181215524673462,0.49521389603614807,0.5647342801094055,-0.3831914961338043,0.8834609389305115,0.4817488193511963,0.5532548427581787,0.3991226255893707,0.14421501755714417,0.4879622459411621,0.5599242448806763,-0.3649662137031555,0.8818992376327515,0.47947269678115845,0.5515540242195129,0.37050414085388184,0.14457078278064728,0.4889771044254303,0.5500935316085815,-0.34165453910827637,0.8642195463180542,0.48081523180007935,0.5437213778495789,0.36630669236183167,0.14648331701755524,0.49381405115127563,0.6127968430519104,-0.11981986463069916,0.9984053373336792,0.47696930170059204,0.6051065325737,0.11970557272434235,0.9992572665214539,0.514448344707489,0.799635648727417,-0.19630353152751923,0.9325302243232727,0.39691978693008423,0.6783986687660217,0.00011997429828625172,0.8991872072219849,0.6197896003723145,0.8528785109519958,-0.20700344443321228,0.9453949332237244,0.3716258108615875,0.8649641275405884,-0.0009051025845110416,0.9555370211601257,0.6470244526863098,0.845524787902832,-0.20371361076831818,0.9536586999893188,0.3842162489891052,0.8987171649932861,-0.0030667223036289215,0.9585410356521606,0.6037977933883667,0.9302474856376648,-0.24925348162651062,0.9597892761230469,0.3255074620246887,0.8818873763084412,-0.04674289748072624,0.9529476165771484
22,0.44842028617858887,0.31210219860076904,0.03333638235926628,0.9978302121162415,0.447774738073349,0.2934625744819641,0.01034437958151102,0.9971369504928589,0.4491717219352722,0.291007936000824,0.010314852930605412,0.9970498085021973,0.45051345229148865,0.2885824143886566,0.010351465083658695,0.997493326663971,0.44674330949783325,0.2954707145690918,0.04611923545598984,0.9973739981651306,0.4472362995147705,0.2946968972682953,0.04613325744867325,0.9969649910926819,0.4478449821472168,0.29384058713912964,0.04610956460237503,0.9969778656959534,0.4620499610900879,0.27817365527153015,-0.05649805814027786,0.9959154725074768,0.45921143889427185,0.2832488417625427,0.10893936455249786,0.9951063394546509,0.4579141139984131,0.3188401460647583,0.011524700559675694,0.9973041415214539,0.45705097913742065,0.32201308012008667,0.059071898460388184,0.9965370893478394,0.5014801025390625,0.3227461874485016,-0.16855844855308533,0.9995157718658447,0.4893221855163574,0.3445260226726532,0.20933067798614502,0.9994303584098816,0.5280812978744507,0.40842509269714355,-0.3137202858924866,0.9040364027023315,0.5117197632789612,0.44193074107170105,0.33216527104377747,0.10810565948486328,0.5120254158973694,0.5086700916290283,-0.3745417892932892,0.9003019332885742,0.49582019448280334,0.5099156498908997,0.392405241727829,0.12126914411783218,0.506906270980835,0.5413224101066589,-0.4093886911869049,0.8945048451423645,0.48888635635375977,0.5294297337532043,0.4144991934299469,0.13350272178649902,0.5013076066970825,0.5375936031341553,-0.39125925302505493,0.8929919600486755,0.4854642450809479,0.5268768072128296,0.3869454860687256,0.13408991694450378,0.5018244981765747,0.5287508964538574,-0.3664047122001648,0.8758355379104614,0.48906224966049194,0.5215592980384827,0.3814082443714142,0.13636139035224915,0.5101529359817505,0.5897806882858276,-0.11906377226114273,0.998555600643158,0.4879554808139801,0.5853895545005798,0.11893280595541,0.99931401014328,0.5274619460105896,0.7771046757698059,-0.17733225226402283,0.9391053318977356,0.4147697985172272,0.6814103722572327,-0.00387927470728755,0.9053041338920593,0.6236231327056885,0.8568133115768433,-0.1942068338394165,0.9506582617759705,0.3778127431869507,0.8630430698394775,-0.013445287942886353,0.9580568671226501,0.651958167552948,0.8593918681144714,-0.19715814292430878,0.9568170309066772,0.3852906823158264,0.898314356803894,-0.016694460064172745,0.9593414664268494,0.6039814949035645,0.929660439491272,-0.25133654475212097,0.9634211659431458,0.33160969614982605,0.8618909120559692,-0.06932704895734787,0.9549739360809326
23,0.4569576680660248,0.29033762216567993,0.03600151091814041,0.9979780912399292,0.4561992585659027,0.27241867780685425,0.012539660558104515,0.9973490834236145,0.4574885368347168,0.27017587423324585,0.012503606267273426,0.9972819089889526,0.45883283019065857,0.26788613200187683,0.01253560185432434,0.9976987838745117,0.4553263783454895,0.2741308808326721,0.04944150149822235,0.9975385665893555,0.45592230558395386,0.27328580617904663,0.0494554303586483,0.9971352219581604,0.45657235383987427,0.2723073661327362,0.04942543804645538,0.9971593618392944,0.4700346887111664,0.25798964500427246,-0.0560561902821064,0.9962981939315796,0.4674469828605652,0.2622353136539459,0.11462745815515518,0.9953571557998657,0.46716517210006714,0.2975364029407501,0.013632437214255333,0.997524619102478,0.466167688369751,0.3002239763736725,0.06265067309141159,0.9967548251152039,0.510841965675354,0.30187347531318665,-0.17148832976818085,0.9995641112327576,0.49869289994239807,0.32182490825653076,0.22069892287254333,0.9993889927864075,0.5359006524085999,0.3830992877483368,-0.32349154353141785,0.9135832786560059,0.5193718671798706,0.4079301655292511,0.34581246972084045,0.09885767847299576,0.5212680101394653,0.48374509811401367,-0.3960852324962616,0.9101278185844421,0.506183385848999,0.48644936084747314,0.4034053385257721,0.11222390085458755,0.5164390802383423,0.5162566900253296,-0.4338070750236511,0.9046982526779175,0.4999150335788727,0.5117917656898499,0.4258161187171936,0.12422266602516174,0.5108197927474976,0.5132932662963867,-0.41706007719039917,0.9032670259475708,0.49792003631591797,0.5122747421264648,0.39792144298553467,0.12501826882362366,0.5112195611000061,0.5042926669120789,-0.3885793685913086,0.8869456648826599,0.4997084140777588,0.501772940158844,0.3919670283794403,0.12761420011520386,0.5242226123809814,0.565694272518158,-0.1185496598482132,0.9986883997917175,0.49944519996643066,0.5621480941772461,0.11843130737543106,0.9993541240692139,0.5417131185531616,0.7562031149864197,-0.17399026453495026,0.9450955390930176,0.43523111939430237,0.6804009079933167,-0.008310025557875633,0.912432074546814,0.6294351816177368,0.8607640862464905,-0.18651163578033447,0.9554742574691772,0.3920864462852478,0.8537197709083557,-0.02280791662633419,0.9610045552253723,0.6556622982025146,0.876865029335022,-0.19146180152893066,0.9596381187438965,0.3956969380378723,0.8947248458862305,-0.027136530727148056,0.960684061050415,0.6041251420974731,0.9292212724685669,-0.2660176753997803,0.9668151140213013,0.34338849782943726,0.8466764092445374,-0.0889410749077797,0.9577760100364685
24,0.46708351373672485,0.2744207978248596,0.0244502704590559,0.9981573224067688,0.46667569875717163,0.25508350133895874,0.0017099654069170356,0.9975873231887817,0.46835798025131226,0.25260305404663086,0.0016691969940438867,0.9975290298461914,0.4702827036380768,0.2497824728488922,0.0016907721292227507,0.9979135394096375,0.4647981524467468,0.25764700770378113,0.03752913326025009,0.9977501034736633,0.4650850296020508,0.25717973709106445,0.03756004199385643,0.9973695278167725,0.4654054641723633,0.25660476088523865,0.037546467036008835,0.9973974227905273,0.48249831795692444,0.23999200761318207,-0.059016644954681396,0.9966574907302856,0.4758727550506592,0.24771228432655334,0.10665613412857056,0.9956989884376526,0.47778040170669556,0.2815254330635071,0.005102056078612804,0.99775230884552,0.47537392377853394,0.28378963470458984,0.05274678021669388,0.9970208406448364,0.5198707580566406,0.2827041745185852,-0.16331151127815247,0.9996076226234436,0.506176769733429,0.3071317970752716,0.21413466334342957,0.9993909597396851,0.5433416366577148,0.36138343811035156,-0.2942778766155243,0.9221692085266113,0.5291110277175903,0.4048905372619629,0.33313626050949097,0.09152097254991531,0.529488742351532,0.46715012192726135,-0.3928816616535187,0.9189009070396423,0.5269895792007446,0.4939265847206116,0.2953452169895172,0.10495365411043167,0.525083065032959,0.4989369809627533,-0.41356343030929565,0.9137048125267029,0.5233518481254578,0.5255526900291443,0.3044961988925934,0.11655599623918533,0.5185912251472473,0.4958825409412384,-0.3871908187866211,0.9123386144638062,0.5195856690406799,0.522594153881073,0.2754330635070801,0.11758817732334137,0.5193798542022705,0.4876468777656555,-0.3760682940483093,0.8966206312179565,0.5200677514076233,0.5107727646827698,0.28142958879470825,0.12025150656700134,0.5337321162223816,0.5495811700820923,-0.11511039733886719,0.9988117814064026,0.5157935619354248,0.5481647253036499,0.11497744172811508,0.9993931651115417,0.5573402047157288,0.737576961517334,-0.16697737574577332,0.9505048394203186,0.44907277822494507,0.6765109300613403,0.022195156663656235,0.918956458568573,0.6356366276741028,0.8659086227416992,-0.17462056875228882,0.9598515033721924,0.4204826354980469,0.8522992730140686,0.015089541673660278,0.9640194177627563,0.6582828760147095,0.8870821595191956,-0.1786383092403412,0.9626836180686951,0.42499732971191406,0.893986165523529,0.011064769700169563,0.9622743725776672,0.6042227149009705,0.9289733171463013,-0.2586025893688202,0.969974935054779,0.3755614161491394,0.8533061742782593,-0.04604344815015793,0.9608705043792725
25,0.47530704736709595,0.2603111267089844,0.019018515944480896,0.998300313949585,0.4753258228302002,0.24021068215370178,-0.0036102510057389736,0.9977767467498779,0.4770590364933014,0.23750005662441254,-0.0036483495496213436,0.9977321028709412,0.47905731201171875,0.23468253016471863,-0.0036244268994778395,0.9980929493904114,0.4736061990261078,0.24214017391204834,0.031817782670259476,0.9979063272476196,0.4739338755607605,0.24124331772327423,0.03185148537158966,0.9975362420082092,0.47436514496803284,0.24011775851249695,0.03183778375387192,0.9975647926330566,0.49171504378318787,0.22526416182518005,-0.06375829875469208,0.9969730973243713,0.4856964647769928,0.23069733381271362,0.09926731139421463,0.9959098696708679,0.48515939712524414,0.26796597242355347,-0.0004843069182243198,0.9979360103607178,0.48320871591567993,0.26942840218544006,0.046564046293497086,0.9971834421157837,0.527677059173584,0.26728469133377075,-0.16866853833198547,0.999646782875061,0.5152648687362671,0.29090481996536255,0.20426297187805176,0.9992707967758179,0.5498069524765015,0.34662866592407227,-0.284587562084198,0.9299039840698242,0.5372820496559143,0.3807758390903473,0.271247923374176,0.08396191149950027,0.5359009504318237,0.45692795515060425,-0.3099275529384613,0.9267387986183167,0.5302556753158569,0.46776750683784485,0.2345493584871292,0.09645658731460571,0.5309212803840637,0.4827529788017273,-0.3402334749698639,0.9216262102127075,0.5264511108398438,0.4975302815437317,0.23819558322429657,0.1074070930480957,0.5256706476211548,0.4799789488315582,-0.32828694581985474,0.9202983975410461,0.5246729850769043,0.49380984902381897,0.20985814929008484,0.10852119326591492,0.5266929864883423,0.4729766547679901,-0.30220702290534973,0.9049211144447327,0.525732159614563,0.4839407205581665,0.21964804828166962,0.11129052191972733,0.5441310405731201,0.53685063123703,-0.11524852365255356,0.9989221096038818,0.5255687832832336,0.5369382500648499,0.11510170996189117,0.9994099736213684,0.5712003111839294,0.7214518785476685,-0.16343851387500763,0.9553080201148987,0.45650988817214966,0.6649166941642761,0.024291925132274628,0.9226379990577698,0.63974928855896,0.8706564903259277,-0.17138239741325378,0.9637731313705444,0.46015843749046326,0.851479172706604,0.03857027739286423,0.9657441973686218,0.6599589586257935,0.8982396721839905,-0.17525503039360046,0.9650425314903259,0.4726582169532776,0.8896659016609192,0.03664184361696243,0.9626287817955017,0.6045123338699341,0.928831160068512,-0.26292696595191956,0.9728088974952698,0.4138931632041931,0.8591238856315613,-0.01248636469244957,0.9628149271011353
26,0.481351375579834,0.2510141134262085,-0.008478818461298943,0.9984356164932251,0.4811796247959137,0.23164834082126617,-0.0310022234916687,0.9979629516601562,0.48263606429100037,0.2294081747531891,-0.031077086925506592,0.9979318976402283,0.48422908782958984,0.22693116962909698,-0.031085606664419174,0.9982636570930481,0.4800373613834381,0.2324008345603943,0.003373724175617099,0.9980632066726685,0.48056560754776,0.2311536818742752,0.003429226577281952,0.9977089762687683,0.481191486120224,0.22972145676612854,0.0034358843695372343,0.9977260231971741,0.4968468248844147,0.21584318578243256,-0.08802624046802521,0.9972667694091797,0.49266910552978516,0.2194911390542984,0.0691341683268547,0.9962080121040344,0.4909856915473938,0.25845015048980713,-0.02627907693386078,0.9981155395507812,0.48954933881759644,0.2589547336101532,0.019096041098237038,0.9973694086074829,0.5340461134910583,0.2649296224117279,-0.1884530484676361,0.9996820092201233,0.5235453844070435,0.2816721200942993,0.17344102263450623,0.9990546703338623,0.556546688079834,0.3367293179035187,-0.2843252718448639,0.9368593692779541,0.5447460412979126,0.36341315507888794,0.24055412411689758,0.0769234150648117,0.5431234240531921,0.44818106293678284,-0.27741190791130066,0.9337433576583862,0.5359710454940796,0.4505918622016907,0.22054266929626465,0.08891879767179489,0.5386418700218201,0.4743635356426239,-0.3075924515724182,0.9286221265792847,0.5330843329429626,0.4789784848690033,0.22289428114891052,0.09955882281064987,0.5336819887161255,0.47216036915779114,-0.2992519438266754,0.9273253679275513,0.5319585800170898,0.47612544894218445,0.1946530044078827,0.1007293239235878,0.5348186492919922,0.464616060256958,-0.27131691575050354,0.9122429490089417,0.5326718688011169,0.4667966663837433,0.20568278431892395,0.10354079306125641,0.5502995252609253,0.5334832668304443,-0.11414067447185516,0.9990204572677612,0.5300341844558716,0.5355318188667297,0.1140754371881485,0.9994139075279236,0.5802033543586731,0.707712709903717,-0.15945711731910706,0.9596242308616638,0.47171348333358765,0.6616355180740356,0.032118670642375946,0.9276463389396667,0.6411029100418091,0.8709419369697571,-0.162113755941391,0.9673278331756592,0.5049400329589844,0.843255877494812,0.06813697516918182,0.967491626739502,0.6608369946479797,0.9004253149032593,-0.16635343432426453,0.9677971005439758,0.5224045515060425,0.8792601823806763,0.07195653021335602,0.96355140209198,0.6065057516098022,0.9286888241767883,-0.2594296932220459,0.975411593914032,0.4627923369407654,0.8615325689315796,0.007330149412155151,0.9648491144180298
27,0.48448681831359863,0.24317416548728943,-0.03045932948589325,0.9985355138778687,0.48498207330703735,0.22344554960727692,-0.053651027381420135,0.998103678226471,0.48652344942092896,0.22089502215385437,-0.05372418835759163,0.998094916343689,0.4882171154022217,0.21826742589473724,-0.05373949930071831,0.9984034895896912,0.4840255677700043,0.2248719036579132,-0.01922522857785225,0.9981605410575867,0.48468002676963806,0.2236153930425644,-0.01916380599141121,0.9978030920028687,0.4854713976383209,0.2221517413854599,-0.019165534526109695,0.9977911114692688,0.5014334321022034,0.20811012387275696,-0.11058078706264496,0.9975248575210571,0.49754056334495544,0.21223069727420807,0.046927906572818756,0.9963933825492859,0.49468207359313965,0.25076884031295776,-0.047740042209625244,0.9982633590698242,0.493046373128891,0.25152114033699036,-0.002237763488665223,0.9974659085273743,0.5385282039642334,0.2557503581047058,-0.20396578311920166,0.9997137188911438,0.5286845564842224,0.2733873128890991,0.15090200304985046,0.9988347291946411,0.5611697435379028,0.32965540885925293,-0.29532814025878906,0.9430944919586182,0.5500942468643188,0.3583783507347107,0.2292601764202118,0.07059122622013092,0.5498389005661011,0.44028282165527344,-0.29520750045776367,0.9400001168251038,0.5393747091293335,0.4443873465061188,0.22174504399299622,0.08249770104885101,0.5465083122253418,0.4653700590133667,-0.32499295473098755,0.9348601698875427,0.536201000213623,0.4708072543144226,0.22542138397693634,0.09304047375917435,0.5407639741897583,0.4639187753200531,-0.3107050657272339,0.9335848689079285,0.5338656902313232,0.46774372458457947,0.1975860893726349,0.09427683055400848,0.541575014591217,0.45643144845962524,-0.2840215265750885,0.9186943173408508,0.5349035263061523,0.45881202816963196,0.20727145671844482,0.09713196754455566,0.5585196018218994,0.5260360836982727,-0.11221623420715332,0.9991081357002258,0.5385440587997437,0.5308076739311218,0.11222871392965317,0.9994010925292969,0.5912068486213684,0.702543318271637,-0.14494141936302185,0.963483452796936,0.4896458685398102,0.6614559292793274,0.0664624571800232,0.9321165680885315,0.6433795690536499,0.8718920946121216,-0.133424311876297,0.9705092310905457,0.5486831665039062,0.8254424333572388,0.1561693251132965,0.9682369828224182,0.6602796316146851,0.904312789440155,-0.13678668439388275,0.970141589641571,0.5680355429649353,0.8491829037666321,0.1612088680267334,0.9631235599517822,0.6062788963317871,0.9285798668861389,-0.24156033992767334,0.977725625038147,0.5114386081695557,0.865186333656311,0.12055303901433945,0.9660072922706604
28,0.4928843379020691,0.23758724331855774,-0.03208232671022415,0.9985902905464172,0.49311524629592896,0.21834984421730042,-0.05423704534769058,0.9981769919395447,0.4948948323726654,0.21563489735126495,-0.05431569367647171,0.998206615447998,0.4966130256652832,0.2125757783651352,-0.05433611199259758,0.9985047578811646,0.4911049008369446,0.22044457495212555,-0.02009326033294201,0.9981411695480347,0.4914304316043854,0.21938972175121307,-0.02004184015095234,0.9977327585220337,0.49188336730003357,0.21805407106876373,-0.020056094974279404,0.9976667761802673,0.5090742707252502,0.20165148377418518,-0.1047813668847084,0.9977439045906067,0.5032498240470886,0.20830020308494568,0.05195765942335129,0.9963223934173584,0.5032224059104919,0.24491144716739655,-0.04650025814771652,0.9983695149421692,0.5004044771194458,0.24648645520210266,-0.001362739596515894,0.9974241256713867,0.5448815822601318,0.25311195850372314,-0.19937141239643097,0.9997422099113464,0.5305129289627075,0.2731434404850006,0.15650098025798798,0.99870765209198,0.5651082396507263,0.3338451087474823,-0.3100706934928894,0.9486714005470276,0.5460139513015747,0.36465173959732056,0.21991610527038574,0.06483257561922073,0.5543764233589172,0.44317489862442017,-0.35128915309906006,0.9456896185874939,0.5402273535728455,0.44808927178382874,0.18959316611289978,0.07746022939682007,0.5522791147232056,0.472942054271698,-0.3886490762233734,0.9406862258911133,0.5381534695625305,0.4765223562717438,0.18990956246852875,0.08850259333848953,0.5455353260040283,0.4706772565841675,-0.3813973069190979,0.9394528269767761,0.5346894860267639,0.47411686182022095,0.16317905485630035,0.08985259383916855,0.545817494392395,0.4621606469154358,-0.3468480110168457,0.9250161051750183,0.5367227792739868,0.46401435136795044,0.17478711903095245,0.09273278713226318,0.5647882223129272,0.5240268707275391,-0.11007104068994522,0.999184250831604,0.5436716079711914,0.530771791934967,0.11009727418422699,0.9993855357170105,0.5993043184280396,0.6996241807937622,-0.14322754740715027,0.9666421413421631,0.5098307728767395,0.6627135276794434,0.07015742361545563,0.935004472732544,0.643036961555481,0.8709129095077515,-0.12193844467401505,0.9731903672218323,0.5862641334533691,0.8110017776489258,0.16129818558692932,0.966729998588562,0.660929799079895,0.9044902324676514,-0.12419618666172028,0.970740795135498,0.6039935350418091,0.8283931016921997,0.16687703132629395,0.9605863690376282,0.6059056520462036,0.9225367903709412,-0.2271600216627121,0.9795857667922974,0.5508846044540405,0.8654806613922119,0.12928131222724915,0.9658046364784241
29,0.49650946259498596,0.2304762303829193,-0.03774191439151764,0.9986873269081116,0.4976087510585785,0.21105335652828217,-0.06079300493001938,0.9982981085777283,0.4994393289089203,0.20868848264217377,-0.0608634427189827,0.9983459711074829,0.501268744468689,0.20601864159107208,-0.06088825315237045,0.9986224174499512,0.4958266317844391,0.21259871125221252,-0.025458212941884995,0.9982215166091919,0.49629634618759155,0.21157504618167877,-0.025401895865797997,0.9978184103965759,0.49691057205200195,0.2103191763162613,-0.02541476860642433,0.9977239966392517,0.5141528844833374,0.19727936387062073,-0.11324711889028549,0.9979540705680847,0.509121298789978,0.2026664763689041,0.048677701503038406,0.9964745044708252,0.507022500038147,0.23880140483379364,-0.05282486602663994,0.9985026717185974,0.5044423937797546,0.239886075258255,-0.00611941097304225,0.9975455403327942,0.5490906834602356,0.25530657172203064,-0.20239484310150146,0.9997678995132446,0.5336588621139526,0.2738352119922638,0.1529483199119568,0.9986742734909058,0.5680431127548218,0.33539891242980957,-0.309077650308609,0.9536523818969727,0.5465774536132812,0.3682490885257721,0.20507493615150452,0.06027207151055336,0.5591924786567688,0.4453507661819458,-0.3409101366996765,0.950727641582489,0.5435152053833008,0.4499012529850006,0.15297824144363403,0.07464256882667542,0.5562690496444702,0.47610199451446533,-0.3762385845184326,0.9458211064338684,0.5409142971038818,0.47507086396217346,0.14857210218906403,0.0864870622754097,0.5500146746635437,0.47147348523139954,-0.36903831362724304,0.9446237087249756,0.5383436679840088,0.4720226228237152,0.12110768258571625,0.08806974440813065,0.5504012703895569,0.46254441142082214,-0.33560439944267273,0.9305354356765747,0.5397279858589172,0.4639183580875397,0.13697215914726257,0.09079722315073013,0.572339653968811,0.523726224899292,-0.1091604009270668,0.9992554187774658,0.5495610237121582,0.5325505137443542,0.10917463153600693,0.9993798136711121,0.608381450176239,0.6971923112869263,-0.13617168366909027,0.9696767330169678,0.5277407169342041,0.6755661368370056,0.1243128776550293,0.9384531378746033,0.646943211555481,0.8720466494560242,-0.09967510402202606,0.9757186770439148,0.6035663485527039,0.8121462464332581,0.2568897604942322,0.9666476249694824,0.6653980016708374,0.9065489768981934,-0.1011773943901062,0.9715868234634399,0.6202060580253601,0.8300516605377197,0.2665826976299286,0.959639847278595,0.6057032346725464,0.9226752519607544,-0.21008770167827606,0.9814013838768005,0.575590193271637,0.8734585046768188,0.23571303486824036,0.9669273495674133
30,0.5010975003242493,0.22755514085292816,-0.03225225582718849,0.9987363815307617,0.5026009678840637,0.20754554867744446,-0.05489765480160713,0.9983676671981812,0.5045238137245178,0.2051616907119751,-0.054961591958999634,0.9984426498413086,0.5064592361450195,0.20248275995254517,-0.05498141050338745,0.9987044930458069,0.5003755688667297,0.2093396931886673,-0.019616538658738136,0.9982292652130127,0.5006893873214722,0.2085791677236557,-0.019571710377931595,0.9978206157684326,0.5011560320854187,0.20755593478679657,-0.019577577710151672,0.9977014064788818,0.5198581218719482,0.19500069320201874,-0.10736840963363647,0.9981303811073303,0.5137431025505066,0.20067942142486572,0.05387263372540474,0.9964712858200073,0.5116140246391296,0.23603259027004242,-0.047308750450611115,0.9985886812210083,0.5087994933128357,0.2372179925441742,-0.0008321002824231982,0.9975425004959106,0.5542242527008057,0.25800442695617676,-0.19900932908058167,0.9997907876968384,0.5364753603935242,0.2759925425052643,0.1583186835050583,0.9985827803611755,0.5738480091094971,0.33776015043258667,-0.29312747716903687,0.9580985307693481,0.5531610250473022,0.3724874258041382,0.20922259986400604,0.05606629326939583,0.563451886177063,0.4474408030509949,-0.3189900517463684,0.9551569819450378,0.5475883483886719,0.45346954464912415,0.15486888587474823,0.0718177929520607,0.5597285032272339,0.4768751263618469,-0.3531796336174011,0.9502216577529907,0.5456898808479309,0.47651660442352295,0.1517520695924759,0.08432406187057495,0.5540460348129272,0.4724441468715668,-0.3492661118507385,0.9490470290184021,0.5437902808189392,0.4750453233718872,0.12411308288574219,0.08618320524692535,0.5544576048851013,0.46431106328964233,-0.3156173527240753,0.9351539611816406,0.5447322726249695,0.46926024556159973,0.13891483843326569,0.0888138934969902,0.5764495730400085,0.5226525068283081,-0.10934052616357803,0.9992880821228027,0.554629921913147,0.534192681312561,0.10933689773082733,0.9992570281028748,0.6094928979873657,0.6946094632148743,-0.12188856303691864,0.9715545177459717,0.5498192310333252,0.6920204758644104,0.10406112670898438,0.9350486993789673,0.6501442193984985,0.8746656775474548,-0.080562524497509,0.9776463508605957,0.6228508949279785,0.8195679783821106,0.1875627487897873,0.9625985026359558,0.6661542654037476,0.9075090885162354,-0.08154639601707458,0.9706810116767883,0.6375411152839661,0.8406685590744019,0.19198402762413025,0.955852746963501,0.6089485287666321,0.9216508865356445,-0.18252044916152954,0.9826670289039612,0.5986064076423645,0.8847278952598572,0.1529371440410614,0.9660810828208923
31,0.5037261247634888,0.22374844551086426,-0.018098164349794388,0.9988054037094116,0.505742609500885,0.20362190902233124,-0.03987874463200569,0.9984737634658813,0.5075852870941162,0.20156154036521912,-0.03995222598314285,0.9985563158988953,0.5094780325889587,0.19935020804405212,-0.03999532759189606,0.9987996816635132,0.503929853439331,0.2052067369222641,-0.004104288760572672,0.9983173608779907,0.504370927810669,0.20457834005355835,-0.0040706442669034,0.9979232549667358,0.5049133896827698,0.20364953577518463,-0.0040655797347426414,0.997803270816803,0.523332417011261,0.19335421919822693,-0.09027804434299469,0.9982975721359253,0.5173956155776978,0.19766290485858917,0.07038570195436478,0.9965919852256775,0.5137656331062317,0.23333917558193207,-0.032085712999105453,0.9986771941184998,0.5113216638565063,0.23409561812877655,0.014250983484089375,0.9976208806037903,0.5552822947502136,0.25652220845222473,-0.1855030059814453,0.9998112916946411,0.5397896766662598,0.27539464831352234,0.1723090261220932,0.9985207915306091,0.5770281553268433,0.33679503202438354,-0.2618597745895386,0.9621155261993408,0.5592131614685059,0.37008002400398254,0.2170110046863556,0.052696000784635544,0.5654367208480835,0.4469316601753235,-0.25763219594955444,0.9590330123901367,0.5526843070983887,0.455804705619812,0.15118826925754547,0.06930553168058395,0.5619988441467285,0.47780779004096985,-0.2872092127799988,0.953914225101471,0.5512114763259888,0.48256975412368774,0.14857712388038635,0.08275070786476135,0.5568196177482605,0.47473907470703125,-0.28074654936790466,0.9527297616004944,0.5485812425613403,0.478604793548584,0.12009507417678833,0.08487986773252487,0.5569994449615479,0.46645817160606384,-0.252288281917572,0.9389591217041016,0.5492451190948486,0.472375750541687,0.1350792497396469,0.08735774457454681,0.5767369270324707,0.5226855278015137,-0.10962851345539093,0.9992884993553162,0.5600766539573669,0.5296732783317566,0.10961975902318954,0.9989393949508667,0.6052957773208618,0.6987517476081848,-0.1092386469244957,0.9717698097229004,0.5769544243812561,0.6958808302879333,0.132235586643219,0.9101142883300781,0.650576651096344,0.8780516982078552,-0.08516879379749298,0.9785652756690979,0.6353651285171509,0.8235573768615723,0.19072498381137848,0.944887101650238,0.6666396260261536,0.9101157188415527,-0.08718281984329224,0.9703348278999329,0.65076744556427,0.8457175493240356,0.19300638139247894,0.9432804584503174,0.6095830202102661,0.91935133934021,-0.17352646589279175,0.9829778671264648,0.6049823760986328,0.8856080174446106,0.15291498601436615,0.9576047658920288
32,0.5052692890167236,0.2225571721792221,0.0043415785767138,0.998838484287262,0.5075565576553345,0.20258431136608124,-0.017411138862371445,0.9985564351081848,0.5094475746154785,0.2007112056016922,-0.017467331141233444,0.998645544052124,0.511320948600769,0.19863760471343994,-0.017499806359410286,0.9988754987716675,0.5059824585914612,0.20361147820949554,0.01744798943400383,0.9983813166618347,0.5066012740135193,0.20274227857589722,0.017458941787481308,0.9980036020278931,0.5073543190956116,0.20160676538944244,0.017451800405979156,0.9978958964347839,0.525084376335144,0.19366739690303802,-0.07157738506793976,0.9984363317489624,0.5201292634010315,0.19666019082069397,0.08464296907186508,0.9967125654220581,0.5148992538452148,0.23280173540115356,-0.011650077998638153,0.9987301826477051,0.512739896774292,0.2331400364637375,0.033420782536268234,0.9976683855056763,0.5569580793380737,0.26066872477531433,-0.17126674950122833,0.9998291730880737,0.5459700226783752,0.2751004099845886,0.1867218315601349,0.9983786940574646,0.5771230459213257,0.3388942778110504,-0.2474174201488495,0.9656648635864258,0.565544843673706,0.36153900623321533,0.23221464455127716,0.050272319465875626,0.565668523311615,0.44635412096977234,-0.24341778457164764,0.9622150659561157,0.5597364902496338,0.4430238902568817,0.1826375126838684,0.06680819392204285,0.5633711814880371,0.47501444816589355,-0.27296772599220276,0.956734299659729,0.5576851963996887,0.4681205451488495,0.1813991814851761,0.08101601898670197,0.5590762495994568,0.4715377390384674,-0.2616911232471466,0.955495297908783,0.5556395053863525,0.46494072675704956,0.1562337875366211,0.08339186757802963,0.558953046798706,0.46382901072502136,-0.2365732640028,0.9415503144264221,0.5561408996582031,0.4598175585269928,0.16790089011192322,0.08575347065925598,0.5757588148117065,0.5239306092262268,-0.11057176440954208,0.9992018342018127,0.5710175633430481,0.5218738317489624,0.11055115610361099,0.998060405254364,0.5987909436225891,0.7043822407722473,-0.10309426486492157,0.9688354730606079,0.594560980796814,0.6933075189590454,0.13024458289146423,0.8595824837684631,0.6498740911483765,0.8809274435043335,-0.0840081200003624,0.9773786664009094,0.6424702405929565,0.8362534642219543,0.17498767375946045,0.8987582325935364,0.6663697957992554,0.9120276570320129,-0.08547727018594742,0.9690489172935486,0.6572668552398682,0.8610809445381165,0.17691685259342194,0.9118790626525879,0.6091321706771851,0.9189820289611816,-0.15907688438892365,0.9809687733650208,0.6083640456199646,0.8880209922790527,0.1373790204524994,0.9291058778762817
33,0.5054242014884949,0.22015658020973206,0.003153014462441206,0.9987815022468567,0.507907509803772,0.19995327293872833,-0.018772399052977562,0.9985875487327576,0.5096475481987,0.1984032243490219,-0.01882295310497284,0.9986916184425354,0.511460542678833,0.19670146703720093,-0.01884383335709572,0.9989166259765625,0.5064693689346313,0.20077334344387054,0.01595221646130085,0.998336136341095,0.5071596503257751,0.19985230267047882,0.015972726047039032,0.9979537725448608,0.5080207586288452,0.19863595068454742,0.015968088060617447,0.9978639483451843,0.524769127368927,0.19268251955509186,-0.07461246103048325,0.9985361099243164,0.5208159685134888,0.1946115344762802,0.08185840398073196,0.9966223835945129,0.5146101713180542,0.23113451898097992,-0.013429349288344383,0.9987214803695679,0.5123512148857117,0.23155061900615692,0.03167617321014404,0.9975451827049255,0.5551048517227173,0.2572484314441681,-0.17400358617305756,0.9998455047607422,0.5498925447463989,0.2716566324234009,0.1840153932571411,0.9981949329376221,0.5760384202003479,0.3322327435016632,-0.25145238637924194,0.9687211513519287,0.5689138174057007,0.3532969653606415,0.2294151484966278,0.047411758452653885,0.566160261631012,0.4422021508216858,-0.24079355597496033,0.9645125269889832,0.5634964108467102,0.4384896457195282,0.18634909391403198,0.06327218562364578,0.5659244060516357,0.46999529004096985,-0.26942920684814453,0.958385705947876,0.5637416839599609,0.4630810618400574,0.1895008087158203,0.07787363976240158,0.5619143843650818,0.46821603178977966,-0.25685930252075195,0.9570072889328003,0.5603051781654358,0.4621767997741699,0.16104939579963684,0.08036100119352341,0.5612366795539856,0.45941275358200073,-0.23333391547203064,0.9423524141311646,0.5605353116989136,0.4569336771965027,0.17145071923732758,0.08258206397294998,0.5763442516326904,0.5201438665390015,-0.11198409646749496,0.999176561832428,0.5748024582862854,0.5156258344650269,0.11191703379154205,0.9973183870315552,0.5935593843460083,0.7030532360076904,-0.08462244272232056,0.9657760858535767,0.5981239676475525,0.6903833746910095,0.14271856844425201,0.8207345604896545,0.6480869054794312,0.88069748878479,-0.05291448161005974,0.9768300652503967,0.6434028148651123,0.818035900592804,0.2026720941066742,0.8615691065788269,0.6657077670097351,0.9092640280723572,-0.053475767374038696,0.9678040146827698,0.6600747108459473,0.8407326340675354,0.20709213614463806,0.8903027772903442,0.6082534790039062,0.9189366102218628,-0.12568330764770508,0.9791918992996216,0.6139170527458191,0.8789016008377075,0.17481248080730438,0.9071168899536133
34,0.5038386583328247,0.2199462503194809,0.02553204819560051,0.9988251328468323,0.5062721967697144,0.19981072843074799,0.004810710903257132,0.9986584186553955,0.5079840421676636,0.19825933873653412,0.004765603691339493,0.9987670183181763,0.5097671747207642,0.19657239317893982,0.004764272831380367,0.9989809393882751,0.5047377943992615,0.20093360543251038,0.03846846893429756,0.9983974099159241,0.5052708387374878,0.20025794208049774,0.03848959505558014,0.9980198740959167,0.5059312582015991,0.19929830729961395,0.03846623748540878,0.9979482293128967,0.5228739976882935,0.1933128833770752,-0.049930136650800705,0.9986501336097717,0.5189312696456909,0.19544868171215057,0.1016874760389328,0.9967508912086487,0.5129587054252625,0.2308110147714615,0.00917788501828909,0.9987561106681824,0.5105835795402527,0.23163944482803345,0.05297362059354782,0.9975764155387878,0.5533329248428345,0.256936252117157,-0.15590104460716248,0.999860405921936,0.5484240055084229,0.27359461784362793,0.20040428638458252,0.9981882572174072,0.5749753713607788,0.330051451921463,-0.26163414120674133,0.9715704917907715,0.5663005113601685,0.360937237739563,0.24003121256828308,0.04522225260734558,0.5671595931053162,0.43954306840896606,-0.2978554368019104,0.966999888420105,0.5631683468818665,0.44628140330314636,0.194655179977417,0.06016328185796738,0.5679214000701904,0.4678817391395569,-0.3320210874080658,0.9606724381446838,0.5645895004272461,0.4715125262737274,0.19708630442619324,0.07473671436309814,0.5633218288421631,0.46568670868873596,-0.318303644657135,0.9592121839523315,0.5610271692276001,0.4695255756378174,0.1693752110004425,0.07731128484010696,0.5623515844345093,0.4575093686580658,-0.2916874587535858,0.9442099928855896,0.5608311891555786,0.46317464113235474,0.17979344725608826,0.07951930910348892,0.5788684487342834,0.5135790705680847,-0.11284035444259644,0.9991937875747681,0.5796099305152893,0.5128926634788513,0.11275278031826019,0.9972272515296936,0.587553858757019,0.6984955072402954,-0.10726918280124664,0.9666671752929688,0.6033668518066406,0.6901167631149292,0.12402188777923584,0.796781063079834,0.6454585790634155,0.8762162923812866,-0.08031357824802399,0.9776568412780762,0.6480787396430969,0.8396440148353577,0.13548709452152252,0.8425412774085999,0.6644022464752197,0.9025377631187439,-0.08419840037822723,0.9680619835853577,0.6645350456237793,0.864450991153717,0.1334306299686432,0.8748477101325989,0.6061195135116577,0.91996830701828,-0.15512600541114807,0.979518711566925,0.6130929589271545,0.8908055424690247,0.09107427299022675,0.8943997621536255
35,0.5019561648368835,0.2203296273946762,0.02396714873611927,0.9988865256309509,0.5042425394058228,0.20028208196163177,0.0030363888945430517,0.9987326264381409,0.5059049725532532,0.19866511225700378,0.003007839433848858,0.9988377690315247,0.507625162601471,0.19694598019123077,0.0030083605088293552,0.9990409016609192,0.5026987195014954,0.2014646977186203,0.03526826202869415,0.9984865784645081,0.5032092332839966,0.20070862770080566,0.03529831022024155,0.998113751411438,0.503813624382019,0.199723482131958,0.03526793047785759,0.9980635643005371,0.5207832455635071,0.19325211644172668,-0.048667483031749725,0.9987576007843018,0.516486406326294,0.19572573900222778,0.09705023467540741,0.9969594478607178,0.5113546848297119,0.23135602474212646,0.008981127291917801,0.9988028407096863,0.5088520646095276,0.23218372464179993,0.0510467067360878,0.997679591178894,0.5520346164703369,0.25578635931015015,-0.14500316977500916,0.9998735189437866,0.5499802827835083,0.271552175283432,0.19402948021888733,0.9982873201370239,0.5732604265213013,0.32473671436309814,-0.25815069675445557,0.9741426706314087,0.5669832825660706,0.3560873568058014,0.23888011276721954,0.04268655180931091,0.568083643913269,0.43303871154785156,-0.299384742975235,0.9689172506332397,0.5654262900352478,0.44567206501960754,0.19957704842090607,0.0567333810031414,0.5692364573478699,0.45932939648628235,-0.3330467939376831,0.9622100591659546,0.5682164430618286,0.47496554255485535,0.20314426720142365,0.07112496346235275,0.5650376081466675,0.4579685628414154,-0.3199884295463562,0.9606128334999084,0.5648891925811768,0.47290751338005066,0.17488019168376923,0.07368391752243042,0.5640853643417358,0.4502442181110382,-0.2935234308242798,0.9450384378433228,0.5639470815658569,0.4627217948436737,0.18502363562583923,0.07582399249076843,0.5790342688560486,0.5070044994354248,-0.1086634024977684,0.9992220997810364,0.5826880931854248,0.5061891674995422,0.10862062126398087,0.9973745942115784,0.5639857053756714,0.6919385194778442,-0.11548607051372528,0.9690796136856079,0.6026017665863037,0.6855261325836182,0.09980814158916473,0.7857270240783691,0.6349529027938843,0.8573930263519287,-0.09172914922237396,0.97858726978302,0.6457630395889282,0.8438050746917725,0.09964139759540558,0.8402043581008911,0.6564644575119019,0.8782380819320679,-0.09201786667108536,0.9685384035110474,0.6650753617286682,0.8707177639007568,0.09594955295324326,0.8697766065597534,0.6029941439628601,0.9197232723236084,-0.13962134718894958,0.979997456073761,0.6109340190887451,0.9020624160766602,0.05333299562335014,0.8896009922027588
36,0.5000450611114502,0.2237914353609085,0.03596506640315056,0.9989596009254456,0.5021375417709351,0.2037229686975479,0.014289791695773602,0.9988242983818054,0.5037419199943542,0.20187827944755554,0.01426936686038971,0.9989227056503296,0.5054436922073364,0.19992516934871674,0.014268634840846062,0.9991133809089661,0.5007559657096863,0.2050730139017105,0.04666956514120102,0.9985951781272888,0.5012850761413574,0.20419877767562866,0.046699393540620804,0.9982361197471619,0.5019345879554749,0.20309361815452576,0.04667774587869644,0.9982046484947205,0.5187069177627563,0.1954614818096161,-0.039409089833498,0.9988653063774109,0.514520525932312,0.19811706244945526,0.1070152297616005,0.997200608253479,0.5094281435012817,0.23377303779125214,0.02044064737856388,0.9988737106323242,0.507174015045166,0.2346976101398468,0.06281678378582001,0.9978225231170654,0.5516942739486694,0.2563247084617615,-0.13426420092582703,0.9998855590820312,0.5484086275100708,0.2719230651855469,0.20090095698833466,0.9984118938446045,0.5722148418426514,0.3204614520072937,-0.26217955350875854,0.9763836860656738,0.5664989948272705,0.35910749435424805,0.2651992440223694,0.040456052869558334,0.5691474676132202,0.42565375566482544,-0.3292531371116638,0.9705326557159424,0.56611168384552,0.4476320445537567,0.25686100125312805,0.05416226014494896,0.5706545114517212,0.4512690305709839,-0.36286604404449463,0.9635891318321228,0.568252444267273,0.47529569268226624,0.2645750939846039,0.06852999329566956,0.5663968324661255,0.4509827792644501,-0.35039371252059937,0.9618598818778992,0.5636062622070312,0.47382253408432007,0.23804156482219696,0.07109704613685608,0.5654774904251099,0.4438219666481018,-0.3236837685108185,0.945567786693573,0.5645748376846313,0.46544167399406433,0.24471160769462585,0.07316835969686508,0.5777829885482788,0.5042688250541687,-0.10622068494558334,0.9992628693580627,0.5830383896827698,0.5046418309211731,0.10621720552444458,0.9975664019584656,0.5476585626602173,0.684131920337677,-0.11842653900384903,0.9707610011100769,0.5972256660461426,0.6784502863883972,0.07097886502742767,0.7749307155609131,0.6180016994476318,0.8402786254882812,-0.09654785692691803,0.9789940714836121,0.6461837291717529,0.8448046445846558,0.060531605035066605,0.8375917673110962,0.6403176188468933,0.8585765361785889,-0.09582439810037613,0.9688822031021118,0.6646801233291626,0.8761304020881653,0.056049562990665436,0.8656738996505737,0.5888803601264954,0.9116417169570923,-0.1341904103755951,0.9799942374229431,0.6056601405143738,0.9022487998008728,0.013710717670619488,0.8839827179908752
37,0.4987446367740631,0.22640380263328552,0.03189945966005325,0.9990243315696716,0.5006753206253052,0.2063651829957962,0.010075198486447334,0.9989067316055298,0.5022820830345154,0.2045232504606247,0.0100709218531847,0.9989980459213257,0.5039833188056946,0.20253553986549377,0.010064361616969109,0.9991780519485474,0.49930405616760254,0.20774970948696136,0.042975179851055145,0.9986919164657593,0.4998425543308258,0.2069159895181656,0.04301219806075096,0.9983421564102173,0.5004945993423462,0.20581577718257904,0.04297766089439392,0.9983304142951965,0.5171840190887451,0.1975608468055725,-0.04403885081410408,0.9989622831344604,0.512935996055603,0.20038986206054688,0.10424409806728363,0.9974228739738464,0.5081849098205566,0.23615625500679016,0.01608823612332344,0.9989397525787354,0.506057620048523,0.23712919652462006,0.058970700949430466,0.9979642033576965,0.5516646504402161,0.25668060779571533,-0.14159820973873138,0.9998964071273804,0.5461658239364624,0.26927223801612854,0.20105591416358948,0.9985347986221313,0.5725568532943726,0.3212510943412781,-0.26241472363471985,0.9785339832305908,0.5653654932975769,0.35173967480659485,0.27636483311653137,0.03783464804291725,0.568260133266449,0.4257608652114868,-0.32243257761001587,0.9725601673126221,0.5646495819091797,0.4412393867969513,0.27923277020454407,0.05112658068537712,0.5683627128601074,0.4530980885028839,-0.35508739948272705,0.9655516743659973,0.5650562047958374,0.46526309847831726,0.288876473903656,0.06518030911684036,0.5640167593955994,0.45197027921676636,-0.34397169947624207,0.9637790322303772,0.5620412826538086,0.4644743502140045,0.2618604004383087,0.06771240383386612,0.5635956525802612,0.4444388151168823,-0.3165495991706848,0.9473444819450378,0.5628191232681274,0.45900633931159973,0.26727163791656494,0.06977280974388123,0.5774325132369995,0.5033417344093323,-0.1063767671585083,0.9993037581443787,0.5816052556037903,0.5051528215408325,0.10640373080968857,0.9977719783782959,0.5298343896865845,0.6720937490463257,-0.11967809498310089,0.9730854630470276,0.5925160646438599,0.6764913201332092,0.04999291151762009,0.7693408131599426,0.5929090976715088,0.8293082118034363,-0.09036567062139511,0.9796767830848694,0.644279420375824,0.8503589034080505,0.03473151475191116,0.8434897661209106,0.610051691532135,0.8501203060150146,-0.08728919923305511,0.9696771502494812,0.6634082794189453,0.8838887810707092,0.02910064533352852,0.8695274591445923,0.5622241497039795,0.9069916009902954,-0.11514965444803238,0.9801720976829529,0.5978132486343384,0.9048238396644592,-0.01729431189596653,0.8854102492332458
38,0.4981626570224762,0.2282973974943161,0.04585907980799675,0.9990784525871277,0.5001726150512695,0.20855829119682312,0.024634651839733124,0.9989848136901855,0.5018299221992493,0.2063501924276352,0.024625832214951515,0.9990718960762024,0.5035971403121948,0.20413437485694885,0.02460976503789425,0.9992422461509705,0.4987574517726898,0.21010905504226685,0.0580395944416523,0.9987726807594299,0.49931421875953674,0.20891286432743073,0.05807305499911308,0.9984230995178223,0.4999905228614807,0.20750978589057922,0.05808461457490921,0.9984334111213684,0.51670902967453,0.19803163409233093,-0.028333857655525208,0.9990545511245728,0.5128709673881531,0.20124931633472443,0.12149842828512192,0.9976066946983337,0.5076748132705688,0.23637396097183228,0.030622724443674088,0.9990004301071167,0.5055228471755981,0.2378816157579422,0.07405855506658554,0.9980741143226624,0.5519685745239258,0.2561565637588501,-0.12725436687469482,0.9999065399169922,0.5447759628295898,0.26914700865745544,0.22255274653434753,0.9986180067062378,0.5730293393135071,0.3212377429008484,-0.24530646204948425,0.9805033206939697,0.5567646026611328,0.34438711404800415,0.3251515030860901,0.03538507595658302,0.5676563382148743,0.4257645010948181,-0.2845454812049866,0.974480390548706,0.5605328679084778,0.3986806571483612,0.3585633635520935,0.04824679344892502,0.566932737827301,0.4535945951938629,-0.3174038529396057,0.9674374461174011,0.5571441054344177,0.4134654998779297,0.3713268041610718,0.062276724725961685,0.5624574422836304,0.4518031179904938,-0.3056468367576599,0.9656721353530884,0.5477322340011597,0.4062889516353607,0.34671708941459656,0.06488682329654694,0.5621897578239441,0.4441159963607788,-0.27821189165115356,0.9491218328475952,0.559432864189148,0.4129107594490051,0.3478217124938965,0.06699210405349731,0.5759667754173279,0.5008671283721924,-0.10658977925777435,0.999352753162384,0.5780643224716187,0.5038576722145081,0.10670803487300873,0.9979497790336609,0.5164936184883118,0.6601953506469727,-0.13004034757614136,0.9742732644081116,0.5856610536575317,0.6735262870788574,0.03781391307711601,0.7588553428649902,0.5603470206260681,0.8296590447425842,-0.10405174642801285,0.9806535243988037,0.6434635519981384,0.8503967523574829,0.01543174497783184,0.8467968106269836,0.5785582065582275,0.8547463417053223,-0.09948505461215973,0.9705408215522766,0.6647093296051025,0.8819246292114258,0.010222473181784153,0.8704550266265869,0.5219900012016296,0.9012571573257446,-0.13577426970005035,0.9808169603347778,0.606526255607605,0.9027138352394104,-0.03417942300438881,0.8848148584365845
39,0.495106041431427,0.2322717010974884,0.046024493873119354,0.9991282224655151,0.4971644878387451,0.21300479769706726,0.02614307403564453,0.9990526437759399,0.49881711602211,0.21047472953796387,0.026108428835868835,0.9991353154182434,0.50059974193573,0.20782481133937836,0.02608155645430088,0.9992992281913757,0.4955761432647705,0.2145633101463318,0.06047285348176956,0.9988486766815186,0.4960823655128479,0.21316151320934296,0.060519028455019,0.9985026121139526,0.49672383069992065,0.2114918828010559,0.06053290516138077,0.9985327124595642,0.5132516622543335,0.20041123032569885,-0.022645404562354088,0.9991365075111389,0.509285032749176,0.20406772196292877,0.1316564381122589,0.9977417588233948,0.5045304298400879,0.23885655403137207,0.03200603276491165,0.9990599155426025,0.5024298429489136,0.24118609726428986,0.07674707472324371,0.9981610774993896,0.5511759519577026,0.25533607602119446,-0.12360481172800064,0.9999156594276428,0.5406918525695801,0.26997309923171997,0.23333576321601868,0.998684823513031,0.5737217664718628,0.32071125507354736,-0.23462827503681183,0.9822806119918823,0.556103527545929,0.3637990355491638,0.2916775941848755,0.03313592076301575,0.5663543939590454,0.42667651176452637,-0.2600504159927368,0.9762083888053894,0.5589931607246399,0.42822644114494324,0.24049493670463562,0.04564166069030762,0.5657573342323303,0.455201119184494,-0.29492297768592834,0.9689424633979797,0.5568258166313171,0.45638084411621094,0.23511973023414612,0.05919768661260605,0.5615565180778503,0.45331311225891113,-0.28268885612487793,0.9670738577842712,0.5512670874595642,0.4590233266353607,0.208295539021492,0.061747487634420395,0.5610634088516235,0.4455362558364868,-0.2533659338951111,0.9502590298652649,0.5573297739028931,0.44596239924430847,0.22541026771068573,0.06391783058643341,0.5753659605979919,0.4993254840373993,-0.1076601892709732,0.9993870258331299,0.5749601125717163,0.5045078992843628,0.10785646736621857,0.9980747103691101,0.509330153465271,0.6593164801597595,-0.14411978423595428,0.9744877815246582,0.5797986388206482,0.6737067103385925,0.029197651892900467,0.7511773705482483,0.526684045791626,0.8321802616119385,-0.13542833924293518,0.9812197685241699,0.6414977312088013,0.8505359888076782,-0.00486098974943161,0.8503126502037048,0.5375993251800537,0.8667437434196472,-0.13594114780426025,0.9701069593429565,0.6627386808395386,0.8804038166999817,-0.011137469671666622,0.8728715777397156,0.4798089563846588,0.8956811428070068,-0.1871659755706787,0.980924665927887,0.6027489900588989,0.9038208723068237,-0.058213770389556885,0.8847147822380066
40,0.49050837755203247,0.2374512404203415,0.040514469146728516,0.9991374611854553,0.49211978912353516,0.21841822564601898,0.01984332874417305,0.9990682601928711,0.4937736988067627,0.21579374372959137,0.01979709044098854,0.999153733253479,0.49547576904296875,0.21306927502155304,0.019768666476011276,0.9993268251419067,0.49064144492149353,0.21996775269508362,0.0547623336315155,0.9988628625869751,0.4911697804927826,0.2185305655002594,0.05481434985995293,0.9984905123710632,0.4918508529663086,0.2168799340724945,0.054818443953990936,0.9985552430152893,0.5081125497817993,0.20495904982089996,-0.03199400007724762,0.9991942048072815,0.5040980577468872,0.20902672410011292,0.12522828578948975,0.9977182149887085,0.5002047419548035,0.2435576319694519,0.02532089315354824,0.9990848302841187,0.498535692691803,0.24591149389743805,0.07088836282491684,0.9981403946876526,0.5503599643707275,0.25561797618865967,-0.13200929760932922,0.9999236464500427,0.5353907346725464,0.2729177176952362,0.22592031955718994,0.9986588358879089,0.5745760202407837,0.32044801115989685,-0.24465274810791016,0.9838172793388367,0.5552331209182739,0.37407243251800537,0.28986668586730957,0.031020384281873703,0.5657378435134888,0.42777219414711,-0.27148136496543884,0.9774428606033325,0.5577880144119263,0.4465188682079315,0.2106434553861618,0.043496061116456985,0.5655205249786377,0.4567525088787079,-0.29585105180740356,0.9696122407913208,0.556545615196228,0.47412312030792236,0.2068299800157547,0.05671026185154915,0.5606310367584229,0.454542338848114,-0.288224995136261,0.9674708843231201,0.5512198805809021,0.47735562920570374,0.17806307971477509,0.05921027436852455,0.5600306987762451,0.44679611921310425,-0.26541170477867126,0.949844241142273,0.5565288066864014,0.46338149905204773,0.19483578205108643,0.06162777543067932,0.5708524584770203,0.5015812516212463,-0.10805858671665192,0.9994015097618103,0.5706530809402466,0.50677889585495,0.10829134285449982,0.9981052279472351,0.5024892091751099,0.6624423861503601,-0.14543356001377106,0.9739179611206055,0.5750217437744141,0.6755159497261047,0.048049792647361755,0.7444652915000916,0.49512892961502075,0.8485702276229858,-0.15362699329853058,0.9818485379219055,0.6390033960342407,0.8499061465263367,0.02569415792822838,0.8527032136917114,0.5033823251724243,0.889934778213501,-0.15756574273109436,0.9699431657791138,0.6605604290962219,0.8789596557617188,0.020122667774558067,0.8745207190513611,0.442577600479126,0.8875061273574829,-0.2280382663011551,0.9810994863510132,0.6018290519714355,0.906434953212738,-0.029663914814591408,0.8842880725860596
41,0.48750773072242737,0.24826881289482117,0.03776555508375168,0.9991462230682373,0.48806872963905334,0.2282007783651352,0.016331790015101433,0.9990837574005127,0.4896354079246521,0.22572797536849976,0.016281772404909134,0.9991727471351624,0.491231769323349,0.22309954464435577,0.016254018992185593,0.9993544816970825,0.4868173599243164,0.22971495985984802,0.05222401022911072,0.9988905191421509,0.4874584674835205,0.22846905887126923,0.05227694660425186,0.9985018968582153,0.48824524879455566,0.2269519865512848,0.05227315425872803,0.9985870122909546,0.5038618445396423,0.21314996480941772,-0.03701666742563248,0.9992437362670898,0.5003892779350281,0.21700142323970795,0.1226499080657959,0.9977205395698547,0.4976223111152649,0.2549887001514435,0.021309513598680496,0.999114990234375,0.49629268050193787,0.25745418667793274,0.06804127246141434,0.9981257915496826,0.5471954345703125,0.25606822967529297,-0.1354135274887085,0.9999307990074158,0.5328117609024048,0.2780599296092987,0.22642257809638977,0.9985784888267517,0.575264036655426,0.3214316964149475,-0.26078134775161743,0.9852410554885864,0.5549556016921997,0.37896859645843506,0.2820608615875244,0.029103174805641174,0.5634089708328247,0.4288163185119629,-0.3061525225639343,0.9787998795509338,0.5569585561752319,0.459705650806427,0.22108371555805206,0.041654009371995926,0.5611706376075745,0.4576496481895447,-0.34468773007392883,0.9707009196281433,0.55633145570755,0.4912945628166199,0.22041726112365723,0.054524511098861694,0.5546947717666626,0.45491138100624084,-0.3302111029624939,0.9684159159660339,0.5511172413825989,0.4937322437763214,0.1917119324207306,0.056935492902994156,0.5545640587806702,0.447196364402771,-0.2990211248397827,0.9504386186599731,0.5544573068618774,0.4782043993473053,0.20583923161029816,0.05962160602211952,0.5645283460617065,0.5035021305084229,-0.11418095976114273,0.99941086769104,0.5641845464706421,0.5112262964248657,0.11437366157770157,0.9980883598327637,0.4922289252281189,0.6678171157836914,-0.16025647521018982,0.9737004041671753,0.5678999423980713,0.6899906396865845,0.06705436110496521,0.7393487095832825,0.460578978061676,0.8616777062416077,-0.19631046056747437,0.982965886592865,0.6384193897247314,0.8496143817901611,0.0523238480091095,0.8539689779281616,0.4660409092903137,0.9040093421936035,-0.20329928398132324,0.971238911151886,0.6613193154335022,0.8774568438529968,0.0482642687857151,0.8754104971885681,0.40780115127563477,0.8724821209907532,-0.2846880555152893,0.9819013476371765,0.6017245054244995,0.9097302556037903,-0.010988721624016762,0.8832523822784424
42,0.4831392765045166,0.2572890520095825,0.036919690668582916,0.9991927146911621,0.4835193157196045,0.2365395873785019,0.016069047152996063,0.9991408586502075,0.485250324010849,0.23391583561897278,0.015988735482096672,0.9992279410362244,0.4870259761810303,0.23104526102542877,0.015930935740470886,0.9994017481803894,0.482269823551178,0.23845477402210236,0.049330439418554306,0.9989635348320007,0.4830356240272522,0.2373526245355606,0.0493786484003067,0.998593270778656,0.48394712805747986,0.23588307201862335,0.04937133938074112,0.9986786246299744,0.5002837181091309,0.22090595960617065,-0.04422091692686081,0.9993060827255249,0.49663352966308594,0.22523416578769684,0.11971601098775864,0.9978474974632263,0.493802934885025,0.2646327316761017,0.01882840134203434,0.999173641204834,0.49224820733070374,0.2673805356025696,0.065334752202034,0.9982155561447144,0.5429924726486206,0.2669825553894043,-0.14871186017990112,0.9999371767044067,0.5272451639175415,0.2932036221027374,0.2253108024597168,0.9985694289207458,0.5747227072715759,0.32794585824012756,-0.2744445204734802,0.9864996075630188,0.5508342981338501,0.39201417565345764,0.2792583703994751,0.027447301894426346,0.5572496652603149,0.4380132555961609,-0.3202289342880249,0.9798378348350525,0.5519603490829468,0.480024129152298,0.21944653987884521,0.04008900374174118,0.5537453889846802,0.46612048149108887,-0.35934770107269287,0.9714064598083496,0.5491205453872681,0.5029481649398804,0.21921265125274658,0.052810125052928925,0.5482811331748962,0.46252408623695374,-0.34384435415267944,0.9689563512802124,0.5470482110977173,0.5103299021720886,0.19117870926856995,0.055164288729429245,0.5487908124923706,0.4553026556968689,-0.3127356767654419,0.9504450559616089,0.5470961928367615,0.49890264868736267,0.20433656871318817,0.05811028555035591,0.5544978976249695,0.5151349902153015,-0.11925773322582245,0.9994282722473145,0.5524431467056274,0.5278513431549072,0.11942984908819199,0.9981245398521423,0.47963422536849976,0.6700716018676758,-0.17183980345726013,0.9738052487373352,0.5590372681617737,0.7054049968719482,0.06840523332357407,0.7420393824577332,0.4357740879058838,0.8629574179649353,-0.21259203553199768,0.9842771291732788,0.6363844275474548,0.8495579361915588,0.05834634229540825,0.8603358864784241,0.44153302907943726,0.904995322227478,-0.22027209401130676,0.973224401473999,0.6593927145004272,0.8731615543365479,0.05482192710042,0.8806182146072388,0.38241270184516907,0.8603614568710327,-0.3028953969478607,0.9830779433250427,0.6025587320327759,0.9116343259811401,0.004371330142021179,0.887125551700592
43,0.47754111886024475,0.26836836338043213,0.025281473994255066,0.9991978406906128,0.4780901372432709,0.24814218282699585,0.003868135390803218,0.999167263507843,0.4800121784210205,0.24567760527133942,0.003796815173700452,0.9992572665214539,0.48206645250320435,0.24289311468601227,0.0037479873280972242,0.9994305968284607,0.4765470027923584,0.2501998841762543,0.040409427136182785,0.9989991188049316,0.4772412180900574,0.24950487911701202,0.04044678807258606,0.9986351132392883,0.47810301184654236,0.2483820617198944,0.04043903201818466,0.998727023601532,0.49611759185791016,0.23334895074367523,-0.05443274974822998,0.9993467926979065,0.4917556643486023,0.2377530038356781,0.11484132707118988,0.9978584051132202,0.48907503485679626,0.27743634581565857,0.007604297250509262,0.9991922974586487,0.48730969429016113,0.27994874119758606,0.05629148334264755,0.998174786567688,0.5370482802391052,0.2826874256134033,-0.15165172517299652,0.9999425411224365,0.5208681225776672,0.3089624345302582,0.22168850898742676,0.9984824657440186,0.5720343589782715,0.34686973690986633,-0.2726718485355377,0.9875274300575256,0.5469028353691101,0.4115920662879944,0.2613355815410614,0.025697268545627594,0.5512546300888062,0.4599725604057312,-0.312779039144516,0.9801787734031677,0.5449026226997375,0.49138742685317993,0.19071844220161438,0.03834443539381027,0.5463488101959229,0.48545393347740173,-0.35420113801956177,0.9709470868110657,0.5415245294570923,0.5159868597984314,0.1884811818599701,0.051119424402713776,0.5412486791610718,0.48210906982421875,-0.33549097180366516,0.9682418704032898,0.538334846496582,0.5187608599662781,0.16126412153244019,0.05344291776418686,0.5422362089157104,0.47545644640922546,-0.3037882447242737,0.9485894441604614,0.5384805202484131,0.5094965696334839,0.17578577995300293,0.056514400988817215,0.5439893007278442,0.5336300730705261,-0.1199260801076889,0.9994193315505981,0.5434273481369019,0.5456929802894592,0.12008919566869736,0.9980500936508179,0.46200433373451233,0.6715564131736755,-0.16167296469211578,0.9721469879150391,0.5452706813812256,0.7178049683570862,0.09019419550895691,0.7401862144470215,0.41861724853515625,0.8649998307228088,-0.186293363571167,0.9853294491767883,0.6343522667884827,0.8494268655776978,0.08273731172084808,0.864732027053833,0.42388448119163513,0.9057093858718872,-0.19221189618110657,0.9749759435653687,0.6564365029335022,0.8670806884765625,0.07967589795589447,0.8854718804359436,0.3636738359928131,0.859653651714325,-0.2647258937358856,0.9839695692062378,0.6012924909591675,0.9110521078109741,0.04170158505439758,0.8881999254226685
44,0.471280574798584,0.2863231897354126,0.016234993934631348,0.999248743057251,0.4721643030643463,0.2666650414466858,-0.004902912303805351,0.999226987361908,0.47425541281700134,0.2643544375896454,-0.004948304034769535,0.9993124008178711,0.4764021039009094,0.2617618441581726,-0.004979296587407589,0.9994745254516602,0.4704665541648865,0.26823168992996216,0.03221289813518524,0.9990716576576233,0.471245139837265,0.2673627734184265,0.03224918991327286,0.9987329840660095,0.47218552231788635,0.26610031723976135,0.032257016748189926,0.9988189935684204,0.4904627203941345,0.25063949823379517,-0.062011491507291794,0.9993994235992432,0.4859974980354309,0.25501108169555664,0.10648074001073837,0.9979865550994873,0.48355603218078613,0.29493916034698486,-0.0014098871033638716,0.9992462396621704,0.4815012514591217,0.2966892421245575,0.0473574735224247,0.9982538819313049,0.5313503742218018,0.3057245910167694,-0.15254254639148712,0.9999476671218872,0.5138460993766785,0.3335937261581421,0.20753872394561768,0.9984705448150635,0.566796600818634,0.3717056214809418,-0.2668434679508209,0.9884178042411804,0.5411756038665771,0.43530312180519104,0.25409409403800964,0.024482185021042824,0.5446334481239319,0.4815538227558136,-0.30362874269485474,0.9803380966186523,0.5370855927467346,0.5220150351524353,0.1956758201122284,0.03738560900092125,0.5382394790649414,0.50852370262146,-0.34451746940612793,0.9701895713806152,0.5319756865501404,0.5422396063804626,0.19496174156665802,0.050423964858055115,0.5333296060562134,0.5042563676834106,-0.3263190984725952,0.9672210216522217,0.5274242162704468,0.5419319868087769,0.16640838980674744,0.05274220556020737,0.5345159769058228,0.49720436334609985,-0.29514414072036743,0.9464921355247498,0.5288780331611633,0.5369924902915955,0.1806068867444992,0.05601577088236809,0.5355554819107056,0.557607889175415,-0.11997786909341812,0.9994357824325562,0.5306752920150757,0.5685480833053589,0.12011343240737915,0.9980412721633911,0.4451846480369568,0.6726444959640503,-0.16385796666145325,0.9725478291511536,0.5350741147994995,0.7472929358482361,0.14412857592105865,0.750170111656189,0.4086650013923645,0.8683656454086304,-0.18992923200130463,0.9864895343780518,0.6315901875495911,0.8493268489837646,0.16198743879795074,0.8738168478012085,0.41719022393226624,0.9081714153289795,-0.19616928696632385,0.9769328832626343,0.6552215814590454,0.8609970808029175,0.1617448478937149,0.8935146927833557,0.3552311062812805,0.8667172789573669,-0.2671157121658325,0.9849965572357178,0.6011825799942017,0.911801815032959,0.13271495699882507,0.893697202205658
45,0.46799105405807495,0.3042556345462799,0.013393620029091835,0.9992997646331787,0.46849289536476135,0.28373974561691284,-0.007742089685052633,0.9992896914482117,0.47030800580978394,0.28171849250793457,-0.0077565135434269905,0.9993700981140137,0.4722554683685303,0.27952954173088074,-0.007770229130983353,0.9995191693305969,0.4675045609474182,0.2852379083633423,0.02902597188949585,0.9991407990455627,0.46838968992233276,0.28462663292884827,0.02905155159533024,0.9988268613815308,0.4694001078605652,0.28369003534317017,0.029065053910017014,0.9989068508148193,0.48634815216064453,0.27074190974235535,-0.06390152871608734,0.999452531337738,0.4825628399848938,0.27429020404815674,0.10106766223907471,0.998127281665802,0.4791801869869232,0.31340551376342773,-0.0038526314310729504,0.9992992281913757,0.4775749146938324,0.3145673871040344,0.043969832360744476,0.9983286261558533,0.5245781540870667,0.3284819424152374,-0.15554951131343842,0.9999525547027588,0.5107172727584839,0.3516446352005005,0.20586402714252472,0.9984288215637207,0.5611119866371155,0.39617919921875,-0.27412116527557373,0.9892306327819824,0.5338814854621887,0.44531166553497314,0.2769763469696045,0.023113708943128586,0.5354821085929871,0.5016741752624512,-0.3224673271179199,0.9813024997711182,0.5234658718109131,0.5213145613670349,0.26834172010421753,0.03672463074326515,0.5282283425331116,0.5291861891746521,-0.3595591187477112,0.9711692333221436,0.5169147253036499,0.5387631058692932,0.27536696195602417,0.05046984180808067,0.5229400992393494,0.5238993167877197,-0.344108521938324,0.9681838750839233,0.5120564699172974,0.5400444269180298,0.24891503155231476,0.05289462208747864,0.5247858762741089,0.5156347155570984,-0.314790815114975,0.9475515484809875,0.5149383544921875,0.5365102887153625,0.25533610582351685,0.056321728974580765,0.522065281867981,0.5795563459396362,-0.12018030881881714,0.9994537830352783,0.5214120149612427,0.5880002975463867,0.120264433324337,0.9980701804161072,0.42888379096984863,0.6742715835571289,-0.1570863127708435,0.9735352396965027,0.5256460309028625,0.7673094868659973,0.11777257919311523,0.7679253220558167,0.4017156958580017,0.8707978129386902,-0.16433198750019073,0.9875646233558655,0.6295264959335327,0.8458433151245117,0.1193455308675766,0.8844344615936279,0.4137722849845886,0.9100813269615173,-0.16808931529521942,0.9786654710769653,0.6546366214752197,0.8455183506011963,0.11749424785375595,0.902532696723938,0.3518603444099426,0.8843817114830017,-0.22283771634101868,0.9859289526939392,0.5998340845108032,0.9115839600563049,0.08740250766277313,0.9014108180999756
46,0.4616883397102356,0.3244026005268097,0.012647886760532856,0.9993552565574646,0.4622505307197571,0.3044649064540863,-0.0080336295068264,0.9993529915809631,0.4639659821987152,0.302832692861557,-0.008030617609620094,0.999427855014801,0.4658658504486084,0.3008972108364105,-0.008034124970436096,0.9995627999305725,0.46178969740867615,0.30559632182121277,0.0282229445874691,0.999210000038147,0.4628434181213379,0.30505630373954773,0.028241697698831558,0.9989231824874878,0.46400612592697144,0.3041737675666809,0.028270810842514038,0.9989979863166809,0.48053592443466187,0.29344743490219116,-0.06252489984035492,0.9995043277740479,0.47740834951400757,0.29603111743927,0.09973271191120148,0.9982864260673523,0.47263139486312866,0.33568862080574036,-0.003818721743300557,0.999355673789978,0.47137030959129333,0.3367709517478943,0.043097060173749924,0.9984317421913147,0.5187448859214783,0.35145944356918335,-0.15502029657363892,0.9999571442604065,0.5054594874382019,0.37388139963150024,0.2040233612060547,0.9984373450279236,0.5544300675392151,0.4262520670890808,-0.27902087569236755,0.9901074171066284,0.5265771150588989,0.4623391926288605,0.294647753238678,0.021747026592493057,0.5280896425247192,0.5272662043571472,-0.32914215326309204,0.9826516509056091,0.5121451616287231,0.5354449152946472,0.31829994916915894,0.03630782663822174,0.5198755860328674,0.5563236474990845,-0.3618374168872833,0.9728632569313049,0.5045202970504761,0.5513496994972229,0.32929763197898865,0.05093127116560936,0.5137759447097778,0.5520408749580383,-0.3471514582633972,0.9699868559837341,0.5010051131248474,0.5528056025505066,0.30758529901504517,0.053560998290777206,0.5157390832901001,0.543349027633667,-0.3214818835258484,0.9501779675483704,0.5030757188796997,0.5453160405158997,0.30796390771865845,0.05712411552667618,0.5066401362419128,0.6044335961341858,-0.11991645395755768,0.9994826912879944,0.5100122094154358,0.609110414981842,0.12007461488246918,0.998191773891449,0.41294217109680176,0.6825200319290161,-0.1206829696893692,0.9749538898468018,0.5203725099563599,0.7899757623672485,0.09284746646881104,0.7876537442207336,0.3997649550437927,0.8772482872009277,-0.09163139760494232,0.9885032773017883,0.6278918981552124,0.836260974407196,0.06965137273073196,0.8951987624168396,0.416138231754303,0.9146583676338196,-0.09087204188108444,0.9798614382743835,0.652882993221283,0.8327401280403137,0.0671803206205368,0.9115765690803528,0.3534969389438629,0.896117091178894,-0.13562588393688202,0.9867571592330933,0.6016491055488586,0.9109063744544983,0.04781621694564819,0.9100182056427002
47,0.45654940605163574,0.3443475365638733,0.001578182214871049,0.999387800693512,0.4571387767791748,0.3259342312812805,-0.01958540640771389,0.9994043707847595,0.45871567726135254,0.3245028853416443,-0.019559506326913834,0.9994735717773438,0.4604608118534088,0.3226032853126526,-0.019568217918276787,0.9995979070663452,0.45639675855636597,0.3268219232559204,0.016402892768383026,0.9992608428001404,0.45722079277038574,0.3262791037559509,0.016429441049695015,0.9989913105964661,0.4581456184387207,0.32532021403312683,0.01646173559129238,0.9990697503089905,0.4746893346309662,0.3150799572467804,-0.0766993835568428,0.9995461702346802,0.471831738948822,0.31714749336242676,0.08443411439657211,0.9984055161476135,0.4668760895729065,0.3553730845451355,-0.015627551823854446,0.9993889331817627,0.4655178189277649,0.3559548556804657,0.030934464186429977,0.9984754920005798,0.5097229480743408,0.3776482343673706,-0.16125896573066711,0.9999610185623169,0.5013750195503235,0.3947089612483978,0.18499945104122162,0.9984615445137024,0.5465914011001587,0.45659950375556946,-0.25358909368515015,0.9908058047294617,0.5280641317367554,0.47787734866142273,0.2634556293487549,0.021254615858197212,0.5202305912971497,0.5558910369873047,-0.24797475337982178,0.9830095767974854,0.5103116631507874,0.5578967332839966,0.28225529193878174,0.035161763429641724,0.5125508904457092,0.5844628214836121,-0.2752733528614044,0.9724364280700684,0.5052490234375,0.5737525224685669,0.2950986623764038,0.04951564595103264,0.5072393417358398,0.5797519087791443,-0.25963982939720154,0.9694518446922302,0.5019720792770386,0.5736108422279358,0.29119881987571716,0.052157893776893616,0.5091601610183716,0.5717996954917908,-0.23904725909233093,0.9492549300193787,0.504632830619812,0.5678959488868713,0.2769673466682434,0.05592469871044159,0.49942508339881897,0.6313087940216064,-0.11948088556528091,0.9994821548461914,0.5042504072189331,0.6358085870742798,0.11964458227157593,0.9982268810272217,0.3985758125782013,0.6824718713760376,-0.10057996213436127,0.9763882160186768,0.5153293609619141,0.8169769048690796,0.10027283430099487,0.8037682175636292,0.40034642815589905,0.8802539110183716,-0.05030469223856926,0.9891328811645508,0.6251448392868042,0.8346946835517883,0.0913086086511612,0.9042336344718933,0.41397032141685486,0.9138166904449463,-0.046103693544864655,0.9805765748023987,0.6491996049880981,0.8257273435592651,0.09205786883831024,0.9193021059036255,0.35095322132110596,0.9044342637062073,-0.07400438189506531,0.987160861492157,0.6057818531990051,0.9100593328475952,0.07683651149272919,0.9167044162750244
48,0.4498942792415619,0.36163732409477234,0.020158732309937477,0.9994405508041382,0.45175331830978394,0.343841016292572,-0.00208593113347888,0.9994604587554932,0.4535468518733978,0.3422773480415344,-0.0020310520194470882,0.999523401260376,0.45547062158584595,0.3404875099658966,-0.002030828734859824,0.9996356964111328,0.45023584365844727,0.3460453748703003,0.0336514450609684,0.9993266463279724,0.45082855224609375,0.346180260181427,0.033655233681201935,0.9990817904472351,0.4515243172645569,0.3459267318248749,0.0336795374751091,0.9991550445556641,0.4703194499015808,0.3368447721004486,-0.06358714401721954,0.999589741230011,0.46600207686424255,0.3403487801551819,0.09606461971998215,0.9985533952713013,0.4607345461845398,0.37580543756484985,0.0016743388259783387,0.9994409680366516,0.45897674560546875,0.37721672654151917,0.04767568036913872,0.9985948204994202,0.5037422180175781,0.40591832995414734,-0.1465127021074295,0.9999646544456482,0.4912497103214264,0.4204244017601013,0.1853407919406891,0.9985681772232056,0.540345311164856,0.4776991009712219,-0.2555120587348938,0.9914703369140625,0.5090855360031128,0.5081614851951599,0.28770366311073303,0.020877860486507416,0.5133302807807922,0.5785268545150757,-0.2577612102031708,0.983566164970398,0.49891766905784607,0.5756972432136536,0.3089258372783661,0.034869059920310974,0.5055409669876099,0.6046524047851562,-0.3012809157371521,0.9729094505310059,0.493265300989151,0.5901297926902771,0.31947726011276245,0.04933726415038109,0.4999130666255951,0.6006551384925842,-0.29009512066841125,0.9699395895004272,0.4910423755645752,0.5915834307670593,0.2980535328388214,0.05201554298400879,0.5017320513725281,0.5933771133422852,-0.2566818594932556,0.9500570893287659,0.49268850684165955,0.5886821150779724,0.29895585775375366,0.05620928481221199,0.4944961667060852,0.6537938714027405,-0.11809323728084564,0.9995181560516357,0.4958043694496155,0.6559143662452698,0.11813843250274658,0.9983697533607483,0.3913012146949768,0.6836145520210266,-0.0929318517446518,0.9778598546981812,0.5077563524246216,0.8419562578201294,0.10914184898138046,0.8191665410995483,0.40012326836586,0.8784551620483398,-0.035205285996198654,0.9895377159118652,0.6162056922912598,0.8353937864303589,0.10126606374979019,0.9130668044090271,0.41621965169906616,0.9119382500648499,-0.029601331800222397,0.9813967347145081,0.6379798650741577,0.8190380334854126,0.10220956802368164,0.9268535375595093,0.353401243686676,0.9069185256958008,-0.04114791005849838,0.9873202443122864,0.6082267165184021,0.909778356552124,0.08668775111436844,0.9238671064376831
49,0.446298748254776,0.3833148181438446,0.027112122625112534,0.9994794726371765,0.4473114013671875,0.36320066452026367,0.005679883994162083,0.9995076656341553,0.44901102781295776,0.3613271415233612,0.0057137939147651196,0.9995653629302979,0.45082035660743713,0.35934266448020935,0.005702511873096228,0.9996671676635742,0.4461910128593445,0.3654419779777527,0.04039883241057396,0.9993777871131897,0.44692152738571167,0.3651246428489685,0.0404040589928627,0.9991525411605835,0.4477907717227936,0.3645048439502716,0.04040924832224846,0.9992245435714722,0.46472257375717163,0.3545144498348236,-0.05619778484106064,0.9996271729469299,0.46165695786476135,0.35788485407829285,0.09744708985090256,0.9986751675605774,0.45647993683815,0.39571839570999146,0.008043626323342323,0.9994796514511108,0.45510798692703247,0.3974556028842926,0.05267483741044998,0.9986687302589417,0.49867019057273865,0.4224517047405243,-0.13808417320251465,0.9999678730964661,0.4883294105529785,0.4359217882156372,0.1909259557723999,0.9986217617988586,0.5360511541366577,0.5007928609848022,-0.2194119393825531,0.9921595454216003,0.5117777585983276,0.5174916982650757,0.2773142457008362,0.020850198343396187,0.5077964067459106,0.5997128486633301,-0.21679988503456116,0.9845293164253235,0.4951290488243103,0.5932591557502747,0.2817680239677429,0.03510201349854469,0.5008756518363953,0.6239145994186401,-0.24380478262901306,0.9739584922790527,0.4899739623069763,0.6113371849060059,0.28830090165138245,0.04940975457429886,0.4941194951534271,0.6180065870285034,-0.228213831782341,0.9711175560951233,0.48601508140563965,0.6101850867271423,0.26305192708969116,0.05212591215968132,0.4957514703273773,0.6116694808006287,-0.20781822502613068,0.9520329236984253,0.4869964122772217,0.60447758436203,0.269098699092865,0.0568838007748127,0.4900941252708435,0.6744298338890076,-0.1121169775724411,0.9995477795600891,0.4909777045249939,0.6757761836051941,0.1120719462633133,0.9984914660453796,0.3854717016220093,0.6847633123397827,-0.08092053234577179,0.9787597060203552,0.5026923418045044,0.8576644659042358,0.10541778802871704,0.8323232531547546,0.3973786532878876,0.8780136108398438,-0.012803172692656517,0.9893709421157837,0.6077190041542053,0.8356719017028809,0.10487058013677597,0.9208999276161194,0.4144999086856842,0.9108883142471313,-0.006256803870201111,0.9816646575927734,0.6283354759216309,0.8139387369155884,0.10706925392150879,0.9336516857147217,0.35379457473754883,0.9089693427085876,-0.010601610876619816,0.9867985248565674,0.6091856360435486,0.9027169346809387,0.09610510617494583,0.9301976561546326
50,0.4424736499786377,0.39540353417396545,0.0396546944975853,0.9995245933532715,0.44387516379356384,0.3767945468425751,0.019509322941303253,0.9995540380477905,0.4455982744693756,0.3747716248035431,0.019541263580322266,0.9996063113212585,0.44734564423561096,0.3727353513240814,0.019527656957507133,0.9996984004974365,0.4427563548088074,0.3784378468990326,0.05388801544904709,0.9994329214096069,0.4435577392578125,0.3777419626712799,0.053903527557849884,0.9992274045944214,0.4445248246192932,0.37677785754203796,0.05390316992998123,0.999295175075531,0.4602820873260498,0.3667371869087219,-0.03898520767688751,0.9996628761291504,0.457667738199234,0.36971282958984375,0.11317563056945801,0.9987947940826416,0.4517744481563568,0.4069407284259796,0.02135821245610714,0.9995232224464417,0.4503936767578125,0.4090938866138458,0.0654924064874649,0.9987607002258301,0.4961380958557129,0.43555769324302673,-0.12911036610603333,0.9999709129333496,0.4861319959163666,0.4455866515636444,0.2030600756406784,0.9986346364021301,0.5314136743545532,0.5175243616104126,-0.19238631427288055,0.9928274154663086,0.5005150437355042,0.5448977947235107,0.2608872056007385,0.02026796154677868,0.5030202865600586,0.6160470247268677,-0.17534731328487396,0.9855924248695374,0.4898505210876465,0.6179338693618774,0.2287423312664032,0.03362726792693138,0.49647849798202515,0.6412487626075745,-0.19925571978092194,0.9753125309944153,0.48654961585998535,0.6342555284500122,0.22969941794872284,0.046995021402835846,0.48986536264419556,0.6351668238639832,-0.1846257895231247,0.9726458787918091,0.4820560812950134,0.6340732574462891,0.20677199959754944,0.04958370700478554,0.49126744270324707,0.6286377310752869,-0.1654857099056244,0.9546472430229187,0.4828833043575287,0.6277905106544495,0.21631674468517303,0.05461139976978302,0.4888383746147156,0.6812750697135925,-0.11134431511163712,0.9995813369750977,0.49095481634140015,0.6845694780349731,0.11124426126480103,0.9986115097999573,0.3827245533466339,0.6850090622901917,-0.0854419618844986,0.9798478484153748,0.49990296363830566,0.872376561164856,0.08740513026714325,0.8442918062210083,0.3979211449623108,0.8790070414543152,-0.02313515543937683,0.989317774772644,0.6044549345970154,0.8359071612358093,0.12116608768701553,0.9272962808609009,0.41278916597366333,0.9104543328285217,-0.017102647572755814,0.9815612435340881,0.6220570206642151,0.8151295781135559,0.128290057182312,0.9396222233772278,0.3522310256958008,0.9087673425674438,-0.018897006288170815,0.9863599538803101,0.6077631115913391,0.9026023149490356,0.13447873294353485,0.9351003170013428
51,0.4402235150337219,0.4041192829608917,0.04769514501094818,0.9995660781860352,0.4417712092399597,0.38716283440589905,0.026715818792581558,0.9995965957641602,0.44347110390663147,0.38499289751052856,0.026751449331641197,0.9996440410614014,0.44538745284080505,0.3825555145740509,0.026747703552246094,0.9997271299362183,0.4404887557029724,0.3886123299598694,0.06191301345825195,0.999484121799469,0.4412398934364319,0.3877829313278198,0.06191640347242355,0.9992972612380981,0.4422328472137451,0.3865889608860016,0.06190892308950424,0.999360203742981,0.4581872820854187,0.37633615732192993,-0.03232311084866524,0.9996956586837769,0.45526355504989624,0.3795233368873596,0.12489994615316391,0.9989058971405029,0.4492974877357483,0.4145051836967468,0.029615461826324463,0.9995647668838501,0.4477323591709137,0.416951060295105,0.07505936920642853,0.9988488554954529,0.4941944181919098,0.44379091262817383,-0.12887001037597656,0.999973714351654,0.4845210611820221,0.4536076486110687,0.2209823876619339,0.9986706376075745,0.5283478498458862,0.5282739996910095,-0.2142954170703888,0.9933876395225525,0.49359387159347534,0.562342643737793,0.2813270688056946,0.020326929166913033,0.5003442764282227,0.6248883008956909,-0.22538074851036072,0.9864329099655151,0.4825008809566498,0.62372887134552,0.2734905183315277,0.03315543010830879,0.49306273460388184,0.649940550327301,-0.2517196536064148,0.9764109253883362,0.47624439001083374,0.638450562953949,0.27984878420829773,0.04573209583759308,0.48611751198768616,0.6419216394424438,-0.2374979555606842,0.9738897681236267,0.47310104966163635,0.6324214935302734,0.2593447268009186,0.04821363836526871,0.4879401624202728,0.6359145641326904,-0.21635966002941132,0.9567404985427856,0.47441768646240234,0.6294408440589905,0.2627718448638916,0.05353844165802002,0.48520582914352417,0.6898933053016663,-0.11473847925662994,0.9996165633201599,0.4882209300994873,0.6921008229255676,0.11456434428691864,0.9987307786941528,0.38169223070144653,0.6836279630661011,-0.09292658418416977,0.9809480905532837,0.49797672033309937,0.8809176683425903,0.0783076137304306,0.8572207689285278,0.3974637985229492,0.8788807988166809,-0.039910055696964264,0.9893714189529419,0.6021776795387268,0.8376239538192749,0.124980129301548,0.9334579110145569,0.4125206470489502,0.9099855422973633,-0.03327171131968498,0.9814965724945068,0.6179690957069397,0.8143519163131714,0.13336138427257538,0.9452089667320251,0.35170143842697144,0.9099458456039429,-0.03760866820812225,0.9862171411514282,0.6067723035812378,0.9024285078048706,0.14179188013076782,0.940108060836792
52,0.4386354982852936,0.40771517157554626,0.048657115548849106,0.9995989799499512,0.4401172995567322,0.3888187110424042,0.02887718379497528,0.9996336102485657,0.44170546531677246,0.38691508769989014,0.028904011473059654,0.9996765851974487,0.44347500801086426,0.38473770022392273,0.028893593698740005,0.9997519254684448,0.4391550123691559,0.38981595635414124,0.06371520459651947,0.9995276927947998,0.43992742896080017,0.3888011872768402,0.06372587382793427,0.9993560910224915,0.44095295667648315,0.38749802112579346,0.0637115091085434,0.9994164109230042,0.45609983801841736,0.37957310676574707,-0.029418807476758957,0.9997240900993347,0.45373520255088806,0.38214194774627686,0.12599018216133118,0.9989997148513794,0.4472370147705078,0.41815027594566345,0.030295977368950844,0.9995952248573303,0.4461132884025574,0.419748991727829,0.07524283975362778,0.9988964200019836,0.4931209981441498,0.4487251341342926,-0.1246214359998703,0.9999759793281555,0.48348468542099,0.4555051922798157,0.2168826162815094,0.998589277267456,0.5266284942626953,0.5332251787185669,-0.18264040350914001,0.9938324093818665,0.5045403838157654,0.5431788563728333,0.2511446177959442,0.019952276721596718,0.4984772801399231,0.6290348768234253,-0.1555185616016388,0.9867854118347168,0.4882431924343109,0.6185831427574158,0.2052198201417923,0.031470805406570435,0.490592896938324,0.6535412073135376,-0.1767810881137848,0.9763304591178894,0.483792781829834,0.6409229040145874,0.20484383404254913,0.04302683100104332,0.48535314202308655,0.6455159187316895,-0.16316401958465576,0.9738866686820984,0.47986096143722534,0.6319679021835327,0.1835806667804718,0.04534667730331421,0.48760002851486206,0.6393877863883972,-0.14568538963794708,0.9571187496185303,0.48109668493270874,0.6290476322174072,0.19296172261238098,0.05072009563446045,0.48631733655929565,0.6925511360168457,-0.11453650891780853,0.9996416568756104,0.4879443645477295,0.691443681716919,0.11434079706668854,0.9988222122192383,0.38140320777893066,0.6811369061470032,-0.0956733301281929,0.9816152453422546,0.49753040075302124,0.8844686150550842,0.07050718367099762,0.8678029775619507,0.39716917276382446,0.877275824546814,-0.03568556532263756,0.9888935685157776,0.5968174338340759,0.8377255797386169,0.1295705884695053,0.9383198022842407,0.4122505187988281,0.9089949131011963,-0.029461804777383804,0.9807030558586121,0.6148597002029419,0.8066543340682983,0.13943465054035187,0.9500159621238708,0.35286322236061096,0.909294068813324,-0.02889970876276493,0.9853591918945312,0.6070975065231323,0.8997275233268738,0.15387292206287384,0.9436285495758057
53,0.4406130909919739,0.4090583920478821,0.044725146144628525,0.9996246099472046,0.44236207008361816,0.38880810141563416,0.02495209313929081,0.9996660351753235,0.4438202381134033,0.38685598969459534,0.024979399517178535,0.9997052550315857,0.4454583525657654,0.3848022520542145,0.02497207000851631,0.9997735619544983,0.44121819734573364,0.38976752758026123,0.05915535241365433,0.9995661973953247,0.4417920708656311,0.3886454999446869,0.05916044861078262,0.9994084239006042,0.4425284266471863,0.38732680678367615,0.05914846062660217,0.9994663000106812,0.45769375562667847,0.3791370689868927,-0.03129954636096954,0.9997493028640747,0.455255925655365,0.38084304332733154,0.12146798521280289,0.9990829229354858,0.4488958716392517,0.4182847738265991,0.02732670307159424,0.9996168613433838,0.44753432273864746,0.41968756914138794,0.07145557552576065,0.9989133477210999,0.4941871166229248,0.4460699260234833,-0.11989710479974747,0.9999778866767883,0.48572391271591187,0.45292213559150696,0.21539261937141418,0.9984334111213684,0.5294429063796997,0.5321100950241089,-0.16051119565963745,0.9941842555999756,0.5056555867195129,0.5399776697158813,0.24241507053375244,0.02017955109477043,0.5014256238937378,0.6216070652008057,-0.1073732003569603,0.9865889549255371,0.4870862364768982,0.6034256219863892,0.20674793422222137,0.02994876727461815,0.4933663010597229,0.6456560492515564,-0.1217593103647232,0.9750565886497498,0.4841788709163666,0.619726300239563,0.20737306773662567,0.04050041735172272,0.4879685044288635,0.6359225511550903,-0.11092138290405273,0.9725850820541382,0.481008380651474,0.6147816181182861,0.19009748101234436,0.042654991149902344,0.49057382345199585,0.629821240901947,-0.09765548259019852,0.9557470679283142,0.48244160413742065,0.6106167435646057,0.19624818861484528,0.04797090217471123,0.4853495657444,0.6898742318153381,-0.11289956420660019,0.999650776386261,0.4901577830314636,0.6895335912704468,0.11269409954547882,0.9988664984703064,0.3834672272205353,0.6802033185958862,-0.09735773503780365,0.9824191331863403,0.49863767623901367,0.8816826939582825,0.0717221349477768,0.8773674368858337,0.3953733444213867,0.8766359686851501,-0.049873121082782745,0.9887688755989075,0.5984264612197876,0.8378852605819702,0.12144265323877335,0.9428380131721497,0.41073957085609436,0.9079684615135193,-0.04551941528916359,0.9802718162536621,0.6172882318496704,0.8073808550834656,0.12841880321502686,0.9543179869651794,0.3527452051639557,0.9094027280807495,-0.05214763805270195,0.9849827289581299,0.6066066026687622,0.8991180658340454,0.13757653534412384,0.9469171762466431
54,0.443673700094223,0.40422460436820984,0.04127180576324463,0.9996540546417236,0.4452287554740906,0.3845304846763611,0.023944295942783356,0.9996965527534485,0.4467250406742096,0.38280147314071655,0.024007461965084076,0.999732255935669,0.448343425989151,0.3809620440006256,0.02400440350174904,0.9997942447662354,0.4439966082572937,0.3853245675563812,0.05499155446887016,0.9996035695075989,0.44453486800193787,0.38431277871131897,0.054980020970106125,0.999458909034729,0.44519662857055664,0.38317978382110596,0.05497627332806587,0.9995134472846985,0.46051153540611267,0.3753780722618103,-0.03514401614665985,0.9997730255126953,0.4576168656349182,0.37696996331214905,0.11454816907644272,0.9991638660430908,0.45200449228286743,0.41392946243286133,0.026369959115982056,0.9996470808982849,0.4504760205745697,0.4151308834552765,0.06678488105535507,0.998977541923523,0.49746793508529663,0.44026023149490356,-0.1236976757645607,0.9999798536300659,0.48843804001808167,0.44897904992103577,0.2063378542661667,0.9983644485473633,0.531292200088501,0.5266987085342407,-0.16919080913066864,0.9946246147155762,0.5070467591285706,0.5325078964233398,0.24956679344177246,0.021044114604592323,0.5051888823509216,0.6158972382545471,-0.12053308635950089,0.9871940612792969,0.49032965302467346,0.594479501247406,0.22083048522472382,0.02953217551112175,0.49627000093460083,0.6399121284484863,-0.1362631618976593,0.9755809307098389,0.48368382453918457,0.6107847094535828,0.22384682297706604,0.03929033502936363,0.49096840620040894,0.6301977038383484,-0.12387271970510483,0.9731773734092712,0.48048630356788635,0.6070066094398499,0.19098946452140808,0.04132910072803497,0.49374276399612427,0.6239263415336609,-0.11026573181152344,0.9568672776222229,0.4824184775352478,0.6029192209243774,0.2066379338502884,0.04673850163817406,0.48881030082702637,0.6849421858787537,-0.1110236868262291,0.9996688961982727,0.49055448174476624,0.6826851963996887,0.11084773391485214,0.9989239573478699,0.3851636052131653,0.6796246767044067,-0.1002350002527237,0.9831857085227966,0.5008964538574219,0.8731757998466492,0.0750364437699318,0.886389434337616,0.39477917551994324,0.8761811852455139,-0.05285530164837837,0.9890803694725037,0.6008549928665161,0.8377866744995117,0.13203677535057068,0.9472826719284058,0.41090720891952515,0.9079298973083496,-0.04798673465847969,0.9805940389633179,0.620763897895813,0.8095654249191284,0.14112050831317902,0.9582788944244385,0.35112300515174866,0.9095574021339417,-0.05637054517865181,0.9852355718612671,0.6063021421432495,0.8993383049964905,0.15175990760326385,0.9503958225250244
55,0.44492626190185547,0.39325612783432007,0.04091819375753403,0.9996733069419861,0.445906400680542,0.37371036410331726,0.022678326815366745,0.9997206926345825,0.446949303150177,0.3719567060470581,0.0227169468998909,0.9997535943984985,0.44874686002731323,0.37012001872062683,0.022704066708683968,0.9998108744621277,0.44494277238845825,0.37499937415122986,0.05418039485812187,0.9996304512023926,0.44522613286972046,0.3742823004722595,0.05416228249669075,0.9994945526123047,0.4456423223018646,0.373418927192688,0.05416528508067131,0.9995492696762085,0.46160411834716797,0.36475101113319397,-0.03687623143196106,0.9997926950454712,0.45808523893356323,0.36708301305770874,0.11162187159061432,0.9992249608039856,0.45306962728500366,0.4038110375404358,0.025292064994573593,0.9996659159660339,0.4523165822029114,0.4056555926799774,0.06558637320995331,0.99899822473526,0.4976643919944763,0.42924728989601135,-0.12641958892345428,0.9999815225601196,0.4905996322631836,0.4391011595726013,0.20500591397285461,0.9982750415802002,0.5386298894882202,0.510290801525116,-0.18403387069702148,0.9950001835823059,0.5174500942230225,0.5255939960479736,0.25464656949043274,0.021271267905831337,0.5121605396270752,0.6039228439331055,-0.15236340463161469,0.987750232219696,0.49688854813575745,0.590340256690979,0.2449616640806198,0.029430009424686432,0.5008096694946289,0.6287342309951782,-0.1719570755958557,0.9761115908622742,0.49058204889297485,0.6067536473274231,0.24985602498054504,0.03877962753176689,0.4941614270210266,0.6204758882522583,-0.15660248696804047,0.9737212657928467,0.48461979627609253,0.6040416955947876,0.22807462513446808,0.04074965417385101,0.49844199419021606,0.6140725016593933,-0.14164093136787415,0.957757830619812,0.49020451307296753,0.6002494096755981,0.23403629660606384,0.04633406177163124,0.4919571280479431,0.6747137904167175,-0.1110336184501648,0.9996784925460815,0.49330011010169983,0.6738805770874023,0.11088554561138153,0.9989548325538635,0.3899725377559662,0.6796414852142334,-0.10059788078069687,0.9833003282546997,0.5028640031814575,0.8612560033798218,0.08209337294101715,0.8923957347869873,0.3958374857902527,0.8758801817893982,-0.05969073250889778,0.9892682433128357,0.6013442277908325,0.8369497656822205,0.12891748547554016,0.9511064887046814,0.4117733836174011,0.9078187942504883,-0.055690448731184006,0.9809007048606873,0.6247243285179138,0.8118334412574768,0.1366698145866394,0.9617826342582703,0.35092559456825256,0.9092472791671753,-0.07068154960870743,0.9853709936141968,0.6061099767684937,0.8994913101196289,0.1364167481660843,0.9534318447113037
56,0.4536573886871338,0.381724089384079,0.03254077583551407,0.9996877312660217,0.4547370374202728,0.3642885982990265,0.012633596546947956,0.9997414350509644,0.45573583245277405,0.3627019226551056,0.012672632932662964,0.9997718930244446,0.4571079611778259,0.3609768748283386,0.012679411098361015,0.9998253583908081,0.4542964994907379,0.3658750355243683,0.045732177793979645,0.9996528029441833,0.4549117982387543,0.3653852343559265,0.045718807727098465,0.9995238184928894,0.4556078314781189,0.36475419998168945,0.04572463780641556,0.999579668045044,0.47046732902526855,0.35171982645988464,-0.044417064636945724,0.9998100399971008,0.4687441885471344,0.35508882999420166,0.10662420839071274,0.9992763996124268,0.4622066020965576,0.3926059305667877,0.016479026526212692,0.99968421459198,0.4620286822319031,0.39735883474349976,0.05900076776742935,0.9990221858024597,0.5094341039657593,0.42606887221336365,-0.13097581267356873,0.999983012676239,0.4974209666252136,0.43226706981658936,0.20433755218982697,0.9982525110244751,0.5521643757820129,0.5057951211929321,-0.19987808167934418,0.9952850341796875,0.5250966548919678,0.5069392919540405,0.2635918855667114,0.020970262587070465,0.5212100744247437,0.6003106236457825,-0.16671350598335266,0.9880375266075134,0.5044416189193726,0.5744276642799377,0.2596840262413025,0.029080480337142944,0.5107821822166443,0.6218564510345459,-0.17582276463508606,0.9763108491897583,0.49593234062194824,0.5919365882873535,0.2662197947502136,0.03835158795118332,0.5048807859420776,0.6145899891853333,-0.16880467534065247,0.9738754630088806,0.4927617609500885,0.5914673209190369,0.246547669172287,0.040287964046001434,0.5076858401298523,0.6092286109924316,-0.15004347264766693,0.9579415917396545,0.49595847725868225,0.5874516367912292,0.2494506537914276,0.04592495411634445,0.4986329674720764,0.6737020611763,-0.11209527403116226,0.9996886849403381,0.4935174584388733,0.6644119024276733,0.1119968518614769,0.9989699721336365,0.39177078008651733,0.6812307834625244,-0.12689289450645447,0.9833153486251831,0.5038102865219116,0.8468605875968933,0.11038808524608612,0.896201491355896,0.397019624710083,0.8757270574569702,-0.10723503679037094,0.9897065758705139,0.6061320304870605,0.8369686603546143,0.12640127539634705,0.9543864727020264,0.41193661093711853,0.907696545124054,-0.10604250431060791,0.9816151857376099,0.6320759654045105,0.8128699660301208,0.1311386227607727,0.9647461771965027,0.34921056032180786,0.9089242815971375,-0.1369178742170334,0.9859040379524231,0.6059831976890564,0.8996162414550781,0.12861332297325134,0.9559066891670227
57,0.4643159806728363,0.36323344707489014,0.0073401243425905704,0.999687135219574,0.46395349502563477,0.3462952971458435,-0.014191651716828346,0.9997553825378418,0.46529531478881836,0.34410983324050903,-0.01417127437889576,0.9997844099998474,0.46689826250076294,0.3415853679180145,-0.014165815897285938,0.9998348951339722,0.462763249874115,0.34855926036834717,0.020185917615890503,0.9996651411056519,0.4630887508392334,0.348247230052948,0.020179104059934616,0.999538779258728,0.46349191665649414,0.34763920307159424,0.020201854407787323,0.9995970129966736,0.4800587296485901,0.3294178545475006,-0.06818564236164093,0.999823808670044,0.4765482544898987,0.3351176679134369,0.0871792808175087,0.9993142485618591,0.47418636083602905,0.3729121685028076,-0.007788931019604206,0.9996954202651978,0.47320157289505005,0.3765653967857361,0.03696601092815399,0.9990327954292297,0.5234818458557129,0.397509902715683,-0.14204153418540955,0.9999843835830688,0.5069037675857544,0.4032904803752899,0.18560940027236938,0.9983270168304443,0.566716730594635,0.47742941975593567,-0.22706346213817596,0.9954553246498108,0.5315449237823486,0.4780767261981964,0.2726646959781647,0.02200734056532383,0.5330260992050171,0.5680796504020691,-0.22604520618915558,0.9876084923744202,0.5161733627319336,0.5531401038169861,0.29268544912338257,0.03071078658103943,0.5235276222229004,0.5970417261123657,-0.2505635917186737,0.975387692451477,0.5084567666053772,0.5678151249885559,0.3023742735385895,0.040920693427324295,0.5191900730133057,0.5922092199325562,-0.2353651076555252,0.9727530479431152,0.5069658756256104,0.5685794949531555,0.280518114566803,0.04311326518654823,0.5215572714805603,0.5854952931404114,-0.21592643857002258,0.9559995532035828,0.5087721943855286,0.5620712041854858,0.2825198173522949,0.04905274510383606,0.5086981654167175,0.643586277961731,-0.11494585126638412,0.9996951222419739,0.4999626576900482,0.6376675963401794,0.1149565801024437,0.9989440441131592,0.4053564667701721,0.682130753993988,-0.14902597665786743,0.9835427403450012,0.5111820697784424,0.814878523349762,0.14237697422504425,0.8987852334976196,0.39758262038230896,0.8756145238876343,-0.14503705501556396,0.9903050065040588,0.6148368716239929,0.8369563817977905,0.15579435229301453,0.9573105573654175,0.41119876503944397,0.9078176617622375,-0.1455613523721695,0.9824965596199036,0.6407688856124878,0.819938600063324,0.15883073210716248,0.967284083366394,0.3477988541126251,0.9082729816436768,-0.18223048746585846,0.986540675163269,0.6058852672576904,0.8997039794921875,0.1474905163049698,0.958065390586853
58,0.4729401171207428,0.34403055906295776,0.005288233049213886,0.9996781945228577,0.47180280089378357,0.32590705156326294,-0.016552746295928955,0.9997645020484924,0.47318848967552185,0.323604553937912,-0.01653091423213482,0.999792218208313,0.4747384190559387,0.32108134031295776,-0.016520719975233078,0.9998411536216736,0.47020378708839417,0.32822391390800476,0.01751178316771984,0.9996703267097473,0.47035402059555054,0.32782554626464844,0.017506709322333336,0.9995418190956116,0.47058066725730896,0.3272882103919983,0.017536159604787827,0.999604344367981,0.4883243143558502,0.3091646730899811,-0.07093460857868195,0.9998348355293274,0.48393455147743225,0.3154142498970032,0.08270849287509918,0.999335527420044,0.4826778769493103,0.35263535380363464,-0.0099787013605237,0.9997063279151917,0.4814074635505676,0.35573193430900574,0.03445953130722046,0.9990367889404297,0.5327049493789673,0.3671644926071167,-0.14335289597511292,0.9999856948852539,0.5144285559654236,0.3779274523258209,0.17934831976890564,0.9983808398246765,0.5788083076477051,0.44653624296188354,-0.24606959521770477,0.9956182241439819,0.5377484560012817,0.4555830657482147,0.27977898716926575,0.023206183686852455,0.5436897277832031,0.5374676585197449,-0.268044650554657,0.9871109127998352,0.5224254131317139,0.5264959335327148,0.3164319694042206,0.03167509660124779,0.5349676012992859,0.5679360628128052,-0.2970218062400818,0.9745116233825684,0.5172147154808044,0.5440158247947693,0.3284685015678406,0.04284584894776344,0.5298770666122437,0.562084436416626,-0.28179076313972473,0.9716984629631042,0.5160606503486633,0.5461151003837585,0.30653250217437744,0.045279234647750854,0.5319321751594543,0.5532263517379761,-0.2598416209220886,0.9540902376174927,0.5174174904823303,0.5385586619377136,0.3067004978656769,0.05143846571445465,0.5174780488014221,0.6159231662750244,-0.1152145117521286,0.999710202217102,0.5132383108139038,0.6147439479827881,0.11525211483240128,0.9989237189292908,0.42121487855911255,0.691638708114624,-0.15962468087673187,0.9844496250152588,0.5195006132125854,0.7925383448600769,0.15103070437908173,0.9028059840202332,0.39859911799430847,0.8766317367553711,-0.1764412820339203,0.9910455942153931,0.6222683191299438,0.8377137184143066,0.15404608845710754,0.9599812626838684,0.4108544886112213,0.9097354412078857,-0.17957235872745514,0.9835368394851685,0.646127462387085,0.830851674079895,0.1555909812450409,0.9693746566772461,0.34806734323501587,0.9051686525344849,-0.22950661182403564,0.9873859882354736,0.6057628989219666,0.9015346169471741,0.13959261775016785,0.9600160717964172
59,0.48219648003578186,0.3262331783771515,-0.014880326576530933,0.999657928943634,0.4804520606994629,0.30742111802101135,-0.035698991268873215,0.9997587203979492,0.48170867562294006,0.3050380051136017,-0.03572278469800949,0.9997855424880981,0.4830397963523865,0.30262887477874756,-0.035724297165870667,0.999837338924408,0.47907131910324097,0.30974477529525757,-0.0033810969907790422,0.999664843082428,0.479255735874176,0.30921638011932373,-0.003377875778824091,0.9995296597480774,0.4795331358909607,0.3086453080177307,-0.0033782809041440487,0.999598503112793,0.4954519271850586,0.2910483181476593,-0.08529035747051239,0.9998366236686707,0.4918341040611267,0.2976301610469818,0.06027922034263611,0.9993418455123901,0.4916073679924011,0.33418989181518555,-0.028441712260246277,0.9997113347053528,0.49059033393859863,0.33825820684432983,0.013805754482746124,0.9990386366844177,0.5408869981765747,0.3440834879875183,-0.14788860082626343,0.9999865293502808,0.5223150253295898,0.3569943606853485,0.15311411023139954,0.9984390735626221,0.5875570774078369,0.41670939326286316,-0.24911653995513916,0.9957020878791809,0.5408238172531128,0.4297242760658264,0.2408635914325714,0.024630272760987282,0.5528807044029236,0.5128248929977417,-0.2748555541038513,0.9853513836860657,0.534003496170044,0.5107163786888123,0.24918580055236816,0.03216591849923134,0.5443734526634216,0.5416269302368164,-0.30538320541381836,0.9714440703392029,0.5271599292755127,0.5266753435134888,0.2581750154495239,0.04416675120592117,0.5396773815155029,0.535222589969635,-0.2897716462612152,0.9682371616363525,0.525621771812439,0.5284225344657898,0.23468096554279327,0.046797387301921844,0.5416241884231567,0.5267669558525085,-0.26706844568252563,0.948444128036499,0.5267667174339294,0.5224806666374207,0.23880374431610107,0.05289898067712784,0.5310758352279663,0.5905137658119202,-0.10903795063495636,0.999702513217926,0.5260434746742249,0.5892359614372253,0.10912307351827621,0.9987741708755493,0.44132986664772034,0.7000649571418762,-0.15267685055732727,0.9842243194580078,0.5310503244400024,0.7656729221343994,0.14648476243019104,0.9014534950256348,0.40105104446411133,0.8765701055526733,-0.18642790615558624,0.9916509389877319,0.6272194981575012,0.8425843119621277,0.1515132635831833,0.9601580500602722,0.4120716154575348,0.9124367833137512,-0.19248263537883759,0.9845681190490723,0.6513198018074036,0.844484269618988,0.15246042609214783,0.969967246055603,0.3499237895011902,0.883657693862915,-0.25600117444992065,0.9880428314208984,0.6048316359519958,0.9033518433570862,0.1362520158290863,0.9591326713562012
60,0.4883323609828949,0.30492573976516724,-0.004454765003174543,0.9996444582939148,0.4867108464241028,0.2856091260910034,-0.02501988410949707,0.9997547268867493,0.4878585934638977,0.2833365201950073,-0.025035809725522995,0.999783992767334,0.489083468914032,0.2810131907463074,-0.02503071166574955,0.9998363256454468,0.48536133766174316,0.28786981105804443,0.007532897405326366,0.9996609687805176,0.4855220317840576,0.28732189536094666,0.007533098571002483,0.9995236992835999,0.48577141761779785,0.28671500086784363,0.007530089467763901,0.9995967149734497,0.5010629892349243,0.2707407772541046,-0.07602953165769577,0.9998401999473572,0.4980390667915344,0.27624449133872986,0.07033871859312057,0.9993560314178467,0.49807271361351013,0.31258735060691833,-0.01893572323024273,0.9997161626815796,0.4969947934150696,0.3169113099575043,0.023597843945026398,0.9990363121032715,0.549189031124115,0.31879737973213196,-0.14600607752799988,0.9999874234199524,0.5293835401535034,0.33812031149864197,0.16401150822639465,0.9984404444694519,0.5931909680366516,0.3890974223613739,-0.26233941316604614,0.9958772659301758,0.5534012913703918,0.4172250032424927,0.2689715623855591,0.024753697216510773,0.5636022686958313,0.4845982491970062,-0.3218412399291992,0.9854419827461243,0.5395969748497009,0.4896193742752075,0.31551045179367065,0.03313322737812996,0.5563673973083496,0.5156123042106628,-0.35589709877967834,0.9715462327003479,0.5328313112258911,0.5028455257415771,0.3307146430015564,0.04640047624707222,0.5512663722038269,0.5101186633110046,-0.34124475717544556,0.9682812094688416,0.5307245850563049,0.5038163661956787,0.3075278401374817,0.04938344657421112,0.5531479716300964,0.5001824498176575,-0.3154354691505432,0.9479631185531616,0.5322313904762268,0.5002919435501099,0.3063299059867859,0.05564645677804947,0.5422651171684265,0.5678399801254272,-0.10766194760799408,0.9996746778488159,0.5369508862495422,0.5705423355102539,0.10772979259490967,0.9986586570739746,0.45946598052978516,0.6979708075523376,-0.14378726482391357,0.9834956526756287,0.5423886775970459,0.7477385401725769,0.1346430480480194,0.8984940648078918,0.4150843024253845,0.8724960088729858,-0.17118385434150696,0.9921057224273682,0.6310080289840698,0.8460488319396973,0.09340159595012665,0.9588400721549988,0.4207560420036316,0.9111613631248474,-0.17686767876148224,0.9852980375289917,0.6555763483047485,0.8579491376876831,0.08978264778852463,0.9687486290931702,0.36111897230148315,0.8662775754928589,-0.24206189811229706,0.988547682762146,0.6032440662384033,0.9051629900932312,0.05633176490664482,0.9563457369804382
61,0.49373412132263184,0.2881298065185547,0.001328240497969091,0.9996200203895569,0.4926380515098572,0.26784196496009827,-0.019272197037935257,0.9997496604919434,0.49407511949539185,0.2651808559894562,-0.019288569688796997,0.9997779130935669,0.4955884516239166,0.2624140977859497,-0.019296538084745407,0.9998337030410767,0.4908846914768219,0.2708640992641449,0.014241352677345276,0.9996546506881714,0.49098286032676697,0.27048224210739136,0.014247821643948555,0.9995025992393494,0.49114543199539185,0.269898384809494,0.014253209345042706,0.9995832443237305,0.5073927044868469,0.25105026364326477,-0.07174701988697052,0.999843955039978,0.5031241178512573,0.2586692273616791,0.07303500175476074,0.999358594417572,0.5050972700119019,0.2956804037094116,-0.01305035687983036,0.9997211694717407,0.5032327175140381,0.30015331506729126,0.030323008075356483,0.9990435838699341,0.555152952671051,0.29850947856903076,-0.142734095454216,0.999988317489624,0.535918116569519,0.3166896402835846,0.18232613801956177,0.9984867572784424,0.5991247892379761,0.36693912744522095,-0.25683867931365967,0.9960007667541504,0.5610427260398865,0.39515256881713867,0.2927691638469696,0.02468789927661419,0.5702897310256958,0.4677467346191406,-0.295708566904068,0.9842603206634521,0.5473343729972839,0.46772435307502747,0.306338369846344,0.03259515017271042,0.56342613697052,0.49768832325935364,-0.33173972368240356,0.9692369103431702,0.5417977571487427,0.4851694703102112,0.31524044275283813,0.04596571624279022,0.5583010911941528,0.49236851930618286,-0.31638509035110474,0.9656494855880737,0.5395971536636353,0.4839939475059509,0.28950637578964233,0.04916120320558548,0.5598205327987671,0.48437121510505676,-0.28882190585136414,0.9429256319999695,0.5411979556083679,0.47802355885505676,0.2945557236671448,0.05550898611545563,0.5540235638618469,0.5462815761566162,-0.11218680441379547,0.9996756315231323,0.5475690960884094,0.5497197508811951,0.11231811344623566,0.9986377358436584,0.47612398862838745,0.6883951425552368,-0.1534356325864792,0.9829928874969482,0.5542809367179871,0.7265022993087769,0.13275547325611115,0.8921132683753967,0.4392111301422119,0.8700417280197144,-0.17718163132667542,0.9925077557563782,0.6342732310295105,0.8499920964241028,0.10643615573644638,0.9577275514602661,0.44705304503440857,0.9079576134681702,-0.18162240087985992,0.9859110713005066,0.6574227809906006,0.8713041543960571,0.10529036819934845,0.9680259823799133,0.38762152194976807,0.8704297542572021,-0.2477194368839264,0.9890851378440857,0.6034229397773743,0.9055944085121155,0.06952511519193649,0.9549011588096619
62,0.49761897325515747,0.26651105284690857,-0.0008479518000967801,0.9996408820152283,0.4976547658443451,0.24698422849178314,-0.021714987233281136,0.9997643828392029,0.4992590546607971,0.24373199045658112,-0.02175462804734707,0.9997904300689697,0.5009735226631165,0.24056144058704376,-0.021794266998767853,0.9998440742492676,0.495601087808609,0.2510967552661896,0.013289663009345531,0.999673068523407,0.4957132339477539,0.2508085072040558,0.013318290933966637,0.9995241165161133,0.4959082007408142,0.25036290287971497,0.013342311605811119,0.9996039867401123,0.5130440592765808,0.22960242629051208,-0.07003040611743927,0.9998552203178406,0.5079433917999268,0.23878182470798492,0.07609152793884277,0.9993898868560791,0.5099269151687622,0.2726994454860687,-0.013771521858870983,0.9997386932373047,0.5074983835220337,0.2774260342121124,0.031583718955516815,0.9991041421890259,0.5628386735916138,0.2833058536052704,-0.14361445605754852,0.9999892711639404,0.5400813221931458,0.297861784696579,0.1923627257347107,0.9985718727111816,0.6020466089248657,0.3556515574455261,-0.24191069602966309,0.9962140917778015,0.5609456300735474,0.3831028938293457,0.28959253430366516,0.024060195311903954,0.574955403804779,0.4586970806121826,-0.22965042293071747,0.9844228029251099,0.5547825694084167,0.465853750705719,0.297291100025177,0.03225882723927498,0.5675615668296814,0.4862698018550873,-0.26186034083366394,0.9692744612693787,0.5504580736160278,0.4817393124103546,0.29196029901504517,0.04576665163040161,0.5620056390762329,0.48131662607192993,-0.2545546889305115,0.9656702876091003,0.548317551612854,0.4813266396522522,0.2589600682258606,0.04923133924603462,0.5636414885520935,0.474528044462204,-0.22421415150165558,0.9423164129257202,0.5491291284561157,0.4771612286567688,0.27656853199005127,0.055669259279966354,0.5585811734199524,0.5334402918815613,-0.1123143658041954,0.9996820688247681,0.5509094595909119,0.5348906517028809,0.11245988309383392,0.9987056851387024,0.48387569189071655,0.6754509210586548,-0.11932487785816193,0.981614351272583,0.565927267074585,0.7143073081970215,0.07127521932125092,0.8825404047966003,0.47341665625572205,0.8659583330154419,-0.10004808753728867,0.9924764037132263,0.6376360654830933,0.8553913831710815,0.04537434130907059,0.9564152359962463,0.4840661585330963,0.9024889469146729,-0.10020852088928223,0.9852308034896851,0.6581600308418274,0.8822406530380249,0.04103853181004524,0.9659773111343384,0.42542678117752075,0.8756452798843384,-0.15736062824726105,0.989170491695404,0.6034282445907593,0.906132698059082,-0.0025464671198278666,0.9535802602767944
63,0.5019142031669617,0.25355419516563416,-0.01515025831758976,0.9996395111083984,0.5027621984481812,0.2345426380634308,-0.03627871721982956,0.9997602701187134,0.5044248700141907,0.2313893586397171,-0.03631255030632019,0.9997831583023071,0.5061453580856323,0.2283741682767868,-0.03634636849164963,0.9998406171798706,0.5008817911148071,0.23802226781845093,-0.0012132071424275637,0.9996684193611145,0.5010954141616821,0.23745979368686676,-0.0011650894302874804,0.9995068907737732,0.5013921856880188,0.23677971959114075,-0.0011279428144916892,0.9995958805084229,0.5190746188163757,0.21920791268348694,-0.0825393795967102,0.9998573660850525,0.5140178203582764,0.2263278365135193,0.07363279908895493,0.9993725419044495,0.5141262412071228,0.2608485817909241,-0.02760116197168827,0.9997382760047913,0.5117520093917847,0.26386502385139465,0.01823434792459011,0.9991175532341003,0.5677578449249268,0.271681547164917,-0.1501598060131073,0.9999896287918091,0.5448011755943298,0.2895289361476898,0.1732950657606125,0.9986346364021301,0.6056445837020874,0.3391337990760803,-0.24224495887756348,0.9964212775230408,0.5705255270004272,0.3695226013660431,0.2291221171617508,0.023943176493048668,0.5785929560661316,0.4461131989955902,-0.23362621665000916,0.9846642017364502,0.5559844374656677,0.4553265869617462,0.16595584154129028,0.03371463716030121,0.5700913667678833,0.47315940260887146,-0.2640686333179474,0.9690911769866943,0.5518071055412292,0.47590023279190063,0.16009566187858582,0.047632332891225815,0.5642287135124207,0.4673064053058624,-0.2548414468765259,0.965459406375885,0.5483817458152771,0.47489792108535767,0.1318744271993637,0.05143124610185623,0.5657510161399841,0.46021202206611633,-0.22702214121818542,0.9413773417472839,0.5503348708152771,0.4673847556114197,0.15066757798194885,0.05786184221506119,0.5624797940254211,0.5280653238296509,-0.10673493146896362,0.999663770198822,0.5569233894348145,0.5284284353256226,0.10684162378311157,0.9987491369247437,0.495723158121109,0.6680020093917847,-0.09854333102703094,0.9793511033058167,0.5768255591392517,0.6985189318656921,0.05548037216067314,0.8704943656921387,0.510870099067688,0.8600651025772095,-0.06244000792503357,0.991741418838501,0.6406089663505554,0.8590690493583679,0.03900859132409096,0.9550411105155945,0.5238259434700012,0.89166259765625,-0.061270494014024734,0.9838233590126038,0.6594485640525818,0.8884531855583191,0.035120002925395966,0.9641401767730713,0.4629276394844055,0.8792279362678528,-0.11103196442127228,0.9884451627731323,0.6033996343612671,0.905516505241394,-0.008311102166771889,0.9521071314811707
64,0.5086565017700195,0.24077722430229187,-0.032831821590662,0.9996227025985718,0.5090981721878052,0.22216270864009857,-0.05221904441714287,0.9997529983520508,0.5108071565628052,0.2192808836698532,-0.052244704216718674,0.9997737407684326,0.5124555230140686,0.2164326161146164,-0.052283067256212234,0.9998360872268677,0.5067412257194519,0.2251894772052765,-0.01874677650630474,0.9996553063392639,0.5067408084869385,0.22476425766944885,-0.018695872277021408,0.9994677901268005,0.5068295001983643,0.2242273986339569,-0.018651770427823067,0.9995711445808411,0.5241593718528748,0.20770563185214996,-0.08820940554141998,0.9998608231544495,0.5182110071182251,0.2145921289920807,0.06482839584350586,0.9993404746055603,0.5204224586486816,0.24813829362392426,-0.04115758091211319,0.9997320175170898,0.5176331400871277,0.2504916191101074,0.0030623492784798145,0.9991050958633423,0.5698531866073608,0.25777238607406616,-0.1526864767074585,0.9999901652336121,0.5488359332084656,0.27644696831703186,0.17036433517932892,0.9986827969551086,0.609491229057312,0.3255895972251892,-0.2561154365539551,0.9966366291046143,0.5715575218200684,0.35938698053359985,0.24322697520256042,0.023110345005989075,0.580660879611969,0.4339160919189453,-0.2783434987068176,0.9852553606033325,0.5598180294036865,0.4458569884300232,0.20204725861549377,0.03473895788192749,0.571783721446991,0.46255531907081604,-0.31185752153396606,0.9700121283531189,0.5537889003753662,0.4652143120765686,0.20160157978534698,0.049309760332107544,0.5655972957611084,0.45699068903923035,-0.29842445254325867,0.9665104150772095,0.5514360666275024,0.46549198031425476,0.17217980325222015,0.05332483351230621,0.5674299001693726,0.44948500394821167,-0.2712438702583313,0.9424095749855042,0.5536295175552368,0.4606871008872986,0.1875363439321518,0.05971429497003555,0.565250813961029,0.5163952708244324,-0.10565692186355591,0.9996756315231323,0.5639366507530212,0.5163564682006836,0.10573720932006836,0.9988159537315369,0.5092692375183105,0.6594034433364868,-0.10042709112167358,0.9797963500022888,0.580205500125885,0.68058180809021,0.06323520839214325,0.857368528842926,0.5466066002845764,0.8493636846542358,-0.09042682498693466,0.9917166233062744,0.6432687044143677,0.8576408624649048,0.048672135919332504,0.9526193141937256,0.5631729364395142,0.8749657273292542,-0.09008431434631348,0.9831427931785583,0.659333348274231,0.8870076537132263,0.04483390599489212,0.9608464241027832,0.5120201110839844,0.8902358412742615,-0.1348121464252472,0.9884785413742065,0.6045035123825073,0.904205322265625,0.003856321331113577,0.9500718712806702
65,0.5112893581390381,0.2314169704914093,-0.018931929022073746,0.9995965957641602,0.5123500823974609,0.2131059616804123,-0.038822490721940994,0.9997273087501526,0.5140177011489868,0.21114520728588104,-0.03884098678827286,0.9997481107711792,0.5156608819961548,0.20914556086063385,-0.03886446729302406,0.9998194575309753,0.5103306770324707,0.2148430347442627,-0.004850069526582956,0.9996148943901062,0.5104547739028931,0.21420720219612122,-0.004817768931388855,0.9993897676467896,0.510684609413147,0.21346266567707062,-0.004788293968886137,0.9995142817497253,0.5276631712913513,0.20022036135196686,-0.08179605007171631,0.9998579025268555,0.5222606062889099,0.2057696431875229,0.07103317975997925,0.999294638633728,0.521841287612915,0.24017919600009918,-0.030251383781433105,0.9997196197509766,0.5194182395935059,0.24167679250240326,0.014364078640937805,0.9990977048873901,0.5719610452651978,0.248551607131958,-0.1527685821056366,0.9999908804893494,0.5495087504386902,0.2720581293106079,0.17159870266914368,0.9987680315971375,0.6090946793556213,0.3177354037761688,-0.255870521068573,0.996871292591095,0.5698387622833252,0.35423898696899414,0.24937906861305237,0.022345317527651787,0.5812267661094666,0.42430776357650757,-0.28441092371940613,0.986143946647644,0.5605629682540894,0.43928638100624084,0.22100123763084412,0.03536565229296684,0.5725547075271606,0.4521644115447998,-0.3190705180168152,0.9716892838478088,0.5559009909629822,0.4637909233570099,0.22261539101600647,0.050239402800798416,0.5667313933372498,0.4478869140148163,-0.3052558898925781,0.9683907628059387,0.5526117086410522,0.4650779664516449,0.19329363107681274,0.05427531152963638,0.5685476660728455,0.44042959809303284,-0.2773835361003876,0.9451917409896851,0.5548799633979797,0.4563339948654175,0.2070595920085907,0.06068219617009163,0.5714287161827087,0.5050809383392334,-0.10493246465921402,0.9996940493583679,0.5706000924110413,0.5065548419952393,0.10501416027545929,0.9989067316055298,0.523110032081604,0.6595497727394104,-0.12150224298238754,0.9811780452728271,0.5878342390060425,0.6668965816497803,0.06823531538248062,0.8352709412574768,0.5810323357582092,0.8333206176757812,-0.09873300045728683,0.9911284446716309,0.6391868591308594,0.8565987348556519,0.06215726584196091,0.945141613483429,0.6010304689407349,0.8359216451644897,-0.09724533557891846,0.9818469882011414,0.6572972536087036,0.883205235004425,0.05903461575508118,0.9530088305473328,0.5466874837875366,0.8937484622001648,-0.12942996621131897,0.9876924157142639,0.6034161448478699,0.9050062298774719,0.01919841766357422,0.9439482688903809
66,0.5146483182907104,0.22297325730323792,-0.014629730954766273,0.9995599389076233,0.51559978723526,0.20453041791915894,-0.0354410782456398,0.9996955394744873,0.5171648859977722,0.20241816341876984,-0.03545597195625305,0.999720573425293,0.5188431143760681,0.20029392838478088,-0.035481832921504974,0.9997991919517517,0.5139362215995789,0.20617921650409698,-0.002670378889888525,0.9995666742324829,0.5142087936401367,0.20536090433597565,-0.002626779954880476,0.999313235282898,0.5146193504333496,0.20437751710414886,-0.0026286360807716846,0.9994475841522217,0.53167724609375,0.19099542498588562,-0.0813041627407074,0.999854326248169,0.5267930626869202,0.1959751397371292,0.06613931804895401,0.9992504715919495,0.5247634649276733,0.23155929148197174,-0.026940997689962387,0.9997005462646484,0.5226574540138245,0.2329346090555191,0.01615241914987564,0.9990665912628174,0.5726123452186584,0.24280069768428802,-0.1575881540775299,0.9999914765357971,0.5536757707595825,0.2666648328304291,0.1644383817911148,0.9988158345222473,0.6091994047164917,0.31180381774902344,-0.2612241804599762,0.9970760941505432,0.5743463635444641,0.3497578203678131,0.23267515003681183,0.021227477118372917,0.5818921327590942,0.41895532608032227,-0.28926706314086914,0.9869241714477539,0.5643683075904846,0.43276143074035645,0.19153112173080444,0.035136569291353226,0.5744947195053101,0.446828156709671,-0.32315173745155334,0.9731954336166382,0.5606858134269714,0.45366084575653076,0.1922001987695694,0.05052274465560913,0.5690786242485046,0.44358280301094055,-0.3098360598087311,0.9700762629508972,0.5582122206687927,0.45432204008102417,0.16358420252799988,0.0545867495238781,0.570554792881012,0.4359772503376007,-0.28238630294799805,0.9477949142456055,0.5597000122070312,0.4454614520072937,0.17751260101795197,0.06076535955071449,0.5754598379135132,0.5016669034957886,-0.10388503223657608,0.9996887445449829,0.5749997496604919,0.5035000443458557,0.10395586490631104,0.9989197850227356,0.5399011373519897,0.6597141623497009,-0.12014653533697128,0.9822792410850525,0.6004441976547241,0.6704121232032776,0.07585052400827408,0.8079094886779785,0.6064143776893616,0.8332585692405701,-0.09949953109025955,0.9904962182044983,0.6446179747581482,0.8545188903808594,0.08147013187408447,0.9322024583816528,0.626041829586029,0.8533343076705933,-0.09828921407461166,0.980839192867279,0.659990668296814,0.8792935013771057,0.07817091792821884,0.943551778793335,0.574240505695343,0.9001017808914185,-0.1373756229877472,0.9867449402809143,0.6034345030784607,0.9032097458839417,0.03252354636788368,0.9342097043991089
67,0.5176056027412415,0.2175191044807434,0.005126322619616985,0.9995051622390747,0.5184819102287292,0.19928783178329468,-0.01635933294892311,0.9996487498283386,0.519996702671051,0.19692176580429077,-0.016377417370676994,0.9996828436851501,0.5216470956802368,0.19440877437591553,-0.016407012939453125,0.9997696280479431,0.5170151591300964,0.2009100615978241,0.015363055281341076,0.9995018243789673,0.5173889398574829,0.19999340176582336,0.015392256900668144,0.9992339015007019,0.5179089903831482,0.198841392993927,0.015361408703029156,0.9993692636489868,0.5347989201545715,0.18637457489967346,-0.06825481355190277,0.9998425841331482,0.5308504104614258,0.190570667386055,0.07407067716121674,0.9991792440414429,0.5277563333511353,0.2268006056547165,-0.009685912169516087,0.9996538758277893,0.5259568691253662,0.22817936539649963,0.03183876723051071,0.9989645481109619,0.5731292963027954,0.24180883169174194,-0.15510374307632446,0.999991774559021,0.5583528280258179,0.2626248598098755,0.16676847636699677,0.9987317323684692,0.6087496280670166,0.3104254901409149,-0.25600290298461914,0.9972374439239502,0.5808183550834656,0.3450239300727844,0.2407127171754837,0.020424719899892807,0.5829175710678101,0.41375282406806946,-0.28786495327949524,0.987371563911438,0.5694000720977783,0.41890084743499756,0.23195724189281464,0.034041497856378555,0.5765632390975952,0.4409877061843872,-0.3126748204231262,0.9740821123123169,0.5667750835418701,0.4427710175514221,0.23931312561035156,0.04939131438732147,0.5717387199401855,0.43777087330818176,-0.3045653700828552,0.9710584878921509,0.5639420747756958,0.43799281120300293,0.21039919555187225,0.05339592322707176,0.5730534195899963,0.42996543645858765,-0.2803879380226135,0.9493220448493958,0.5653013586997986,0.4335107207298279,0.218202143907547,0.05921877548098564,0.577705979347229,0.5007894039154053,-0.10417014360427856,0.9996674656867981,0.5781370401382446,0.5016234517097473,0.10424710810184479,0.9987783432006836,0.5595161318778992,0.6628007292747498,-0.12018795311450958,0.9834145307540894,0.6047273278236389,0.6683835387229919,0.09741221368312836,0.7931229472160339,0.6252445578575134,0.8395451307296753,-0.10167606174945831,0.9904976487159729,0.644174337387085,0.8523884415626526,0.11890621483325958,0.9220629930496216,0.6542819738388062,0.862863302230835,-0.10012320429086685,0.9808540344238281,0.6597385406494141,0.8764819502830505,0.11693152040243149,0.9349128603935242,0.597153902053833,0.9098151326179504,-0.15499234199523926,0.9868001341819763,0.6061310768127441,0.9027272462844849,0.07456697523593903,0.9279690384864807
68,0.522361695766449,0.21382874250411987,0.008479203097522259,0.999462902545929,0.5233723521232605,0.19589568674564362,-0.012603546492755413,0.9996256232261658,0.524970531463623,0.1934838891029358,-0.012656310573220253,0.9996674656867981,0.5267872214317322,0.19080252945423126,-0.01268806867301464,0.9997581243515015,0.5214701294898987,0.19799593091011047,0.02048017457127571,0.9994471669197083,0.5216944217681885,0.19728556275367737,0.020491113886237144,0.9991649389266968,0.5220445394515991,0.19638694822788239,0.020491184666752815,0.9992914795875549,0.5394375324249268,0.18336397409439087,-0.06004688888788223,0.9998415112495422,0.5345965623855591,0.18872074782848358,0.09031329303979874,0.9990308880805969,0.5328481197357178,0.22373250126838684,-0.004262658301740885,0.9996291995048523,0.5305362343788147,0.22545115649700165,0.039001550525426865,0.9988581538200378,0.5738100409507751,0.24267032742500305,-0.1537674516439438,0.999992311000824,0.558052659034729,0.2617773413658142,0.19291101396083832,0.9986143112182617,0.6092588305473328,0.3117918372154236,-0.25320085883140564,0.9973359107971191,0.5782657861709595,0.3472746014595032,0.2391853630542755,0.019717181101441383,0.582383930683136,0.4163179099559784,-0.2845209240913391,0.9875637292861938,0.5706944465637207,0.421068012714386,0.18023166060447693,0.03302307799458504,0.5764549374580383,0.4467260241508484,-0.3056256175041199,0.9745708107948303,0.568244218826294,0.4472811818122864,0.1806432604789734,0.04858648031949997,0.5713460445404053,0.44326895475387573,-0.30154499411582947,0.9716044068336487,0.5656850934028625,0.44586384296417236,0.15324799716472626,0.052531830966472626,0.5724680423736572,0.43493789434432983,-0.2783348560333252,0.9500703811645508,0.5664383172988892,0.43751445412635803,0.1652071475982666,0.05800963193178177,0.579228937625885,0.5005978345870972,-0.10885053873062134,0.9996691346168518,0.5755605101585388,0.5013207793235779,0.1087866872549057,0.9985918402671814,0.5795198678970337,0.6791105270385742,-0.12404215335845947,0.9818329215049744,0.6009711027145386,0.6710097193717957,0.10754837840795517,0.7771201729774475,0.6416365504264832,0.8507212400436401,-0.12161886692047119,0.990043044090271,0.6448150277137756,0.8431734442710876,0.12395153194665909,0.9014976620674133,0.6609552502632141,0.8692225217819214,-0.12466651201248169,0.9794091582298279,0.6600595116615295,0.8731650710105896,0.12296042591333389,0.9205980896949768,0.6080087423324585,0.9185454249382019,-0.20274381339550018,0.9862937927246094,0.6137079000473022,0.8962541222572327,0.084293432533741,0.9157055616378784
69,0.5224303007125854,0.2076825201511383,0.008393803611397743,0.9994255304336548,0.523662269115448,0.1893826127052307,-0.01347287930548191,0.9995979070663452,0.5251399874687195,0.1874108612537384,-0.013524418696761131,0.9996501207351685,0.5268371105194092,0.18518489599227905,-0.013552190735936165,0.9997423887252808,0.5227165222167969,0.19079650938510895,0.020714057609438896,0.9993957281112671,0.5233685374259949,0.19004331529140472,0.020728234201669693,0.9991097450256348,0.5242170095443726,0.18905112147331238,0.020736386999487877,0.99921715259552,0.5398985147476196,0.18044902384281158,-0.06238345429301262,0.9998374581336975,0.5366550087928772,0.18429118394851685,0.08933125436306,0.9989048838615417,0.5326673984527588,0.21888306736946106,-0.006025964394211769,0.9996069669723511,0.5311006307601929,0.21988290548324585,0.03827805444598198,0.998779833316803,0.5743522047996521,0.2427554726600647,-0.1654728353023529,0.9999927878379822,0.5592929124832153,0.2595203220844269,0.19055615365505219,0.9984698295593262,0.6103503704071045,0.3132232129573822,-0.255434513092041,0.9974613189697266,0.5828830599784851,0.33745720982551575,0.24186423420906067,0.019519619643688202,0.583002507686615,0.4195898175239563,-0.26802390813827515,0.9879770278930664,0.5734237432479858,0.4128163158893585,0.1985764503479004,0.032640643417835236,0.5782659649848938,0.4492676556110382,-0.29180198907852173,0.9753305315971375,0.5700802803039551,0.43688252568244934,0.20091740787029266,0.04840858653187752,0.5728345513343811,0.44605162739753723,-0.28530293703079224,0.9724527597427368,0.5681488513946533,0.43774572014808655,0.17358633875846863,0.05227701738476753,0.5735856294631958,0.437663197517395,-0.26078009605407715,0.9513192176818848,0.5691621899604797,0.4325593411922455,0.18416404724121094,0.05741354450583458,0.5801027417182922,0.5039966702461243,-0.11210554838180542,0.999656081199646,0.5764507055282593,0.5030648708343506,0.1120058074593544,0.9982890486717224,0.5953719019889832,0.6844608783721924,-0.11899098008871078,0.9789050221443176,0.6013736724853516,0.6762300133705139,0.13263007998466492,0.7434718608856201,0.6505408883094788,0.8692388534545898,-0.11989615857601166,0.9891213774681091,0.645473062992096,0.8413248062133789,0.17115554213523865,0.8706583380699158,0.6674741506576538,0.8941887617111206,-0.12116267532110214,0.9779864549636841,0.6597324013710022,0.8721979856491089,0.17215651273727417,0.8991369009017944,0.6104931235313416,0.9186025261878967,-0.20108859241008759,0.9856927394866943,0.6129757165908813,0.893054723739624,0.13129451870918274,0.901719331741333
70,0.521806538105011,0.2052539587020874,0.0021790596656501293,0.9993772506713867,0.5237736105918884,0.18692120909690857,-0.021013425663113594,0.9995319247245789,0.5253759026527405,0.1851208359003067,-0.02109351195394993,0.9996026158332825,0.5271859765052795,0.18310216069221497,-0.021132223308086395,0.9997006058692932,0.522672176361084,0.1880650818347931,0.01407783292233944,0.9993014931678772,0.5232969522476196,0.1872924417257309,0.014108529314398766,0.998992383480072,0.5241057276725769,0.1863061487674713,0.014118562452495098,0.9990625977516174,0.5405296683311462,0.1796400547027588,-0.07436415553092957,0.9998236298561096,0.5372793078422546,0.1830151081085205,0.08346071094274521,0.99867182970047,0.5322425365447998,0.2174551784992218,-0.013510070741176605,0.9995691180229187,0.5303752422332764,0.21838228404521942,0.03219909220933914,0.9986652135848999,0.5746394395828247,0.24484609067440033,-0.17205724120140076,0.9999930262565613,0.5601357817649841,0.2622118592262268,0.1835571676492691,0.9983493089675903,0.6099533438682556,0.315337598323822,-0.256350576877594,0.9974978566169739,0.5808790326118469,0.343403160572052,0.23615992069244385,0.01928105764091015,0.5840001702308655,0.4229973256587982,-0.25558117032051086,0.987615704536438,0.5746654272079468,0.42331817746162415,0.19938603043556213,0.031571872532367706,0.5800896883010864,0.45237457752227783,-0.28166085481643677,0.9745643138885498,0.572067379951477,0.4454289674758911,0.2019505798816681,0.046937357634305954,0.5743769407272339,0.4489629864692688,-0.27467653155326843,0.9715919494628906,0.5703225135803223,0.445583313703537,0.1735599786043167,0.05063725262880325,0.5748909115791321,0.440827339887619,-0.2491607964038849,0.9498065114021301,0.5711508989334106,0.44110751152038574,0.1843768060207367,0.055569421499967575,0.584598183631897,0.512171745300293,-0.11173176765441895,0.9996153116226196,0.5778737664222717,0.5122385621070862,0.11161132156848907,0.9979912042617798,0.6102572679519653,0.6929897665977478,-0.10554926097393036,0.977440357208252,0.600793719291687,0.6838911771774292,0.13911116123199463,0.7253733277320862,0.6546208262443542,0.8793140649795532,-0.09547881782054901,0.9880645275115967,0.6444842219352722,0.8439698815345764,0.18114694952964783,0.8519574999809265,0.6691515445709229,0.9065877199172974,-0.09839092195034027,0.9758159518241882,0.6593403220176697,0.8762418031692505,0.18161293864250183,0.8828431963920593,0.6153963208198547,0.9199686050415039,-0.18710759282112122,0.9849222302436829,0.6123344898223877,0.8936564326286316,0.1351814866065979,0.8941506743431091
71,0.5214779376983643,0.2055654376745224,-0.029803048819303513,0.9993245005607605,0.5239546298980713,0.1867450326681137,-0.052243877202272415,0.9994489550590515,0.5256057977676392,0.18495982885360718,-0.05232611298561096,0.9995480179786682,0.5274642109870911,0.18300382792949677,-0.05236908793449402,0.9996513724327087,0.5227393507957458,0.18799155950546265,-0.01773601397871971,0.9991850256919861,0.5233418345451355,0.1872623711824417,-0.0176981370896101,0.9988576173782349,0.5241073369979858,0.18638932704925537,-0.017702817916870117,0.9988834261894226,0.5406934022903442,0.18010354042053223,-0.10095977783203125,0.9998122453689575,0.5370911359786987,0.18370558321475983,0.05616847425699234,0.9984272718429565,0.5316848754882812,0.21773961186408997,-0.04330185800790787,0.9995335340499878,0.5296288728713989,0.21900883316993713,0.0019341105362400413,0.9985145926475525,0.5764885544776917,0.24715347588062286,-0.18935467302799225,0.9999931454658508,0.5589622855186462,0.2663328945636749,0.15967980027198792,0.9981915950775146,0.6103878617286682,0.31699103116989136,-0.2629830837249756,0.9975507855415344,0.5798138976097107,0.3515588045120239,0.1933870017528534,0.019052967429161072,0.587000846862793,0.42506060004234314,-0.24312789738178253,0.9876930117607117,0.5749825239181519,0.43118247389793396,0.12334064394235611,0.03147904574871063,0.5826867818832397,0.45462989807128906,-0.26873207092285156,0.9745632410049438,0.5728714466094971,0.45255932211875916,0.11783500760793686,0.046792685985565186,0.5764076113700867,0.451139360666275,-0.26109451055526733,0.9715914130210876,0.570905327796936,0.4523531496524811,0.09096069633960724,0.050419293344020844,0.5771386623382568,0.44302189350128174,-0.23658445477485657,0.949713945388794,0.5718184113502502,0.4478328227996826,0.10729201138019562,0.055151548236608505,0.5921686291694641,0.5164657831192017,-0.11168985068798065,0.999573826789856,0.5752316117286682,0.514300525188446,0.11155696958303452,0.9978182911872864,0.6166471242904663,0.6952983140945435,-0.10720820724964142,0.9784457087516785,0.5810222029685974,0.6867745518684387,0.13205550611019135,0.737619936466217,0.6559315919876099,0.8795415163040161,-0.08079013973474503,0.9885705709457397,0.6370065808296204,0.8434452414512634,0.16240675747394562,0.8567913770675659,0.669880211353302,0.9094836115837097,-0.08301950991153717,0.9745275974273682,0.6511497497558594,0.8751290440559387,0.16305632889270782,0.8839452266693115,0.6188703775405884,0.9190178513526917,-0.18164125084877014,0.9855989217758179,0.611040472984314,0.8941875696182251,0.1179221048951149,0.8989952206611633
72,0.521177351474762,0.2081034928560257,-0.03519471734762192,0.9992917776107788,0.5236145853996277,0.189097598195076,-0.054646532982587814,0.999374270439148,0.5252078771591187,0.18716858327388763,-0.054733164608478546,0.9994944334030151,0.5270323753356934,0.18508711457252502,-0.054783232510089874,0.9996145963668823,0.522470235824585,0.19068540632724762,-0.02200794778764248,0.9990966320037842,0.5230599045753479,0.190053790807724,-0.021969137713313103,0.9987362623214722,0.523795485496521,0.18928144872188568,-0.021982716396450996,0.9987463355064392,0.5405123233795166,0.18194794654846191,-0.09513256698846817,0.9998037219047546,0.5366469621658325,0.1859670877456665,0.05470456928014755,0.9982837438583374,0.5311557650566101,0.2199554592370987,-0.04606211185455322,0.9995145797729492,0.5291357040405273,0.22169676423072815,-0.0031400653533637524,0.9984107613563538,0.5765233039855957,0.24607865512371063,-0.1828041523694992,0.9999934434890747,0.5574843883514404,0.26891255378723145,0.15938885509967804,0.9980713725090027,0.6110835671424866,0.3154297173023224,-0.26417651772499084,0.9976708889007568,0.5782687664031982,0.35577210783958435,0.1805749386548996,0.01876487396657467,0.5908645391464233,0.42602431774139404,-0.2439466267824173,0.9882853627204895,0.5768283605575562,0.4346436858177185,0.09190279245376587,0.031723327934741974,0.5868602991104126,0.45674464106559753,-0.27098628878593445,0.9755365252494812,0.5743299126625061,0.4542577564716339,0.08246860653162003,0.04693559929728508,0.5794765949249268,0.452542245388031,-0.2649900019168854,0.9726237654685974,0.5721080303192139,0.4551098644733429,0.0573917031288147,0.05042365938425064,0.5801445245742798,0.44426488876342773,-0.23790697753429413,0.9512443542480469,0.5731278657913208,0.4511498808860779,0.07589728385210037,0.05507731810212135,0.5964547991752625,0.5153404474258423,-0.10607965290546417,0.9995573163032532,0.5756384134292603,0.5180554986000061,0.10601872205734253,0.9978232383728027,0.6190351247787476,0.6936404705047607,-0.13589826226234436,0.9798440933227539,0.5547513961791992,0.676786482334137,0.023380037397146225,0.7577399015426636,0.6523123979568481,0.8775997757911682,-0.12117856740951538,0.9890500903129578,0.6270573735237122,0.8330028057098389,0.07239209860563278,0.863470733165741,0.6672682762145996,0.905981719493866,-0.12595316767692566,0.9712904095649719,0.6432903409004211,0.8594627976417542,0.07290194928646088,0.8861213326454163,0.6138396263122559,0.9185249209403992,-0.23230457305908203,0.9860095381736755,0.6060040593147278,0.8942927122116089,0.02324611134827137,0.9030382633209229
73,0.5206636190414429,0.21226121485233307,-0.04285953566431999,0.9993298053741455,0.5228643417358398,0.19339479506015778,-0.06423447281122208,0.9993930459022522,0.5244401693344116,0.19137516617774963,-0.06431347131729126,0.9995130300521851,0.5261577367782593,0.18923422694206238,-0.0643707811832428,0.9996299743652344,0.5214411616325378,0.19515228271484375,-0.03076447919011116,0.9991328716278076,0.5219335556030273,0.1944790482521057,-0.030698049813508987,0.998786985874176,0.5225598216056824,0.19362956285476685,-0.030700933188199997,0.9987815618515015,0.5396973490715027,0.18497613072395325,-0.10776665061712265,0.9998145699501038,0.5354216694831848,0.18939481675624847,0.04524489492177963,0.9983537793159485,0.5307287573814392,0.22324435412883759,-0.054916124790906906,0.9995388984680176,0.5285425186157227,0.22540664672851562,-0.01076531782746315,0.998460054397583,0.576589822769165,0.2469879388809204,-0.18967686593532562,0.9999938607215881,0.5577200651168823,0.26980242133140564,0.15122905373573303,0.997947633266449,0.6123107075691223,0.31577715277671814,-0.2625632882118225,0.99776291847229,0.581412136554718,0.3575424253940582,0.1968115270137787,0.0180871170014143,0.5931206345558167,0.427397757768631,-0.23988990485668182,0.9886930584907532,0.5778906941413879,0.43503278493881226,0.14188233017921448,0.03127836436033249,0.5888566970825195,0.45780178904533386,-0.2669382691383362,0.9761619567871094,0.5752778053283691,0.45776277780532837,0.13808614015579224,0.0462743379175663,0.581508994102478,0.452758252620697,-0.26078489422798157,0.9732791781425476,0.572662353515625,0.4562802314758301,0.11184670776128769,0.04959198087453842,0.5822736024856567,0.44442084431648254,-0.23403212428092957,0.9520272612571716,0.57390296459198,0.45126262307167053,0.12661150097846985,0.05412331968545914,0.5963967442512512,0.5167748332023621,-0.10359776020050049,0.9995772242546082,0.5739865899085999,0.5201144814491272,0.10360394418239594,0.9979031682014465,0.622093141078949,0.6960152387619019,-0.1363607496023178,0.9815706014633179,0.539612889289856,0.6660214066505432,0.0608583465218544,0.7790080904960632,0.655651330947876,0.8799422979354858,-0.12299712747335434,0.9899057745933533,0.6049109697341919,0.8196969032287598,0.15289808809757233,0.8723765015602112,0.6697878241539001,0.9114729762077332,-0.12755344808101654,0.9714962244033813,0.6248031258583069,0.8428917527198792,0.15845809876918793,0.8901538848876953,0.6097497940063477,0.9213568568229675,-0.23267900943756104,0.9869283437728882,0.576009213924408,0.8884013891220093,0.12379147857427597,0.9082778692245483
74,0.5193129777908325,0.2152203619480133,-0.05500975251197815,0.9993621706962585,0.5214112997055054,0.1962188333272934,-0.07573718577623367,0.9994041919708252,0.5230857729911804,0.19401589035987854,-0.07582473754882812,0.9995219111442566,0.524830162525177,0.1917649805545807,-0.07588960230350494,0.999640166759491,0.5198628306388855,0.1982937753200531,-0.0422312393784523,0.9991654753684998,0.5203239917755127,0.1976727843284607,-0.04216616600751877,0.9988288879394531,0.5209207534790039,0.19685159623622894,-0.04217536002397537,0.9988165497779846,0.5382523536682129,0.1869564950466156,-0.11501823365688324,0.9998213052749634,0.533783495426178,0.19196817278862,0.038241103291511536,0.9984152317047119,0.5294225811958313,0.2258535623550415,-0.06551246345043182,0.9995566606521606,0.5272324681282043,0.2283109873533249,-0.021203486248850822,0.9984923601150513,0.5759550333023071,0.24701380729675293,-0.19250908493995667,0.999994158744812,0.5566595196723938,0.2710599899291992,0.14859619736671448,0.997824490070343,0.6135047674179077,0.3165056109428406,-0.26741182804107666,0.9978446364402771,0.5817803740501404,0.35882946848869324,0.2071644514799118,0.017319362610578537,0.5923682451248169,0.42813560366630554,-0.2449343204498291,0.9888715147972107,0.5772417187690735,0.43459975719451904,0.16536228358745575,0.030187584459781647,0.5874041318893433,0.45803624391555786,-0.2717549204826355,0.9761304259300232,0.5747016668319702,0.4597231149673462,0.16065718233585358,0.04444677755236626,0.5803524255752563,0.4526675343513489,-0.26673537492752075,0.973190188407898,0.5720313787460327,0.45788171887397766,0.1335449069738388,0.04754098504781723,0.5813475847244263,0.44419822096824646,-0.2394084632396698,0.9512042999267578,0.5732009410858154,0.45158347487449646,0.14928020536899567,0.05197251960635185,0.5946986675262451,0.5175186991691589,-0.10313131660223007,0.999592125415802,0.5727825164794922,0.5210700035095215,0.10317724943161011,0.9979987144470215,0.6164190173149109,0.7024297118186951,-0.1341637670993805,0.9830535650253296,0.521395742893219,0.6580854058265686,0.041075967252254486,0.7991183400154114,0.6542092561721802,0.8826482892036438,-0.11238020658493042,0.9906790256500244,0.579363226890564,0.8202227354049683,0.1451539695262909,0.882048487663269,0.6691793203353882,0.9138360619544983,-0.11652656644582748,0.9718193411827087,0.5939937829971313,0.8452187180519104,0.1507379710674286,0.8959679007530212,0.6122915148735046,0.9228509068489075,-0.21750108897686005,0.9877448678016663,0.5425106287002563,0.8865231871604919,0.11147916316986084,0.9136021733283997
75,0.5188227891921997,0.2170487344264984,-0.052305690944194794,0.9993887543678284,0.5206483602523804,0.19815576076507568,-0.07467931509017944,0.9994105696678162,0.5222340822219849,0.19589945673942566,-0.07475984841585159,0.9995255470275879,0.5239216089248657,0.19361893832683563,-0.07480282336473465,0.9996457099914551,0.5191542506217957,0.20024621486663818,-0.039387352764606476,0.9991910457611084,0.5195974707603455,0.19958993792533875,-0.03934321179986,0.9988657832145691,0.5201786756515503,0.19872890412807465,-0.039353277534246445,0.9988489151000977,0.5372815728187561,0.18856199085712433,-0.12199888378381729,0.999823808670044,0.5329003930091858,0.19347210228443146,0.03918154165148735,0.9984493255615234,0.5291783809661865,0.2275530993938446,-0.06578078866004944,0.9995655417442322,0.5271421670913696,0.22999782860279083,-0.01923396810889244,0.998505711555481,0.575355052947998,0.24730560183525085,-0.2060861587524414,0.9999944567680359,0.5559204816818237,0.27106767892837524,0.151522696018219,0.9977667927742004,0.6143094301223755,0.316836416721344,-0.29685527086257935,0.9979736804962158,0.5808247327804565,0.3576638996601105,0.22141893208026886,0.01717134192585945,0.5906906723976135,0.4279560446739197,-0.2908361256122589,0.9894787669181824,0.5754100680351257,0.4357004463672638,0.200662761926651,0.030588792636990547,0.5855631828308105,0.4583387076854706,-0.3206008970737457,0.9771334528923035,0.5725938677787781,0.4608040153980255,0.20213250815868378,0.04429195076227188,0.5785454511642456,0.4529814124107361,-0.309827595949173,0.9742764234542847,0.5700105428695679,0.45874613523483276,0.17357784509658813,0.047245267778635025,0.5795702934265137,0.44435885548591614,-0.2832743525505066,0.9525495171546936,0.5712211728096008,0.4524703025817871,0.18547959625720978,0.0517200343310833,0.5920351147651672,0.5182498693466187,-0.10637390613555908,0.999607503414154,0.5723316669464111,0.5213267207145691,0.10642888396978378,0.9980909824371338,0.6081675291061401,0.7030045986175537,-0.14628027379512787,0.9843592047691345,0.5128920674324036,0.6526259779930115,0.023032130673527718,0.8154422044754028,0.6515721082687378,0.8830261826515198,-0.1269635409116745,0.9913896918296814,0.5433329343795776,0.8234540224075317,0.10403187572956085,0.8905715346336365,0.6665815711021423,0.9131326675415039,-0.13066431879997253,0.9727099537849426,0.5581154227256775,0.8533844947814941,0.10797339677810669,0.9012513160705566,0.611068844795227,0.9241642355918884,-0.23232822120189667,0.9885289669036865,0.5033391118049622,0.8803020119667053,0.0621253065764904,0.9185153245925903
76,0.5183811187744141,0.21790623664855957,-0.07028604298830032,0.9994319081306458,0.5202261805534363,0.19904863834381104,-0.09110964834690094,0.9994444847106934,0.5217446088790894,0.1970261037349701,-0.09119553864002228,0.9995515942573547,0.5233734846115112,0.19492191076278687,-0.09124805778265,0.9996659159660339,0.5190001130104065,0.2007032036781311,-0.05670778825879097,0.9992440938949585,0.5192053914070129,0.19992588460445404,-0.05665884539484978,0.9989385008811951,0.5195218920707703,0.19891923666000366,-0.05665852874517441,0.9989169836044312,0.5367592573165894,0.18978576362133026,-0.12694671750068665,0.9998341798782349,0.5319598913192749,0.1945764571428299,0.030650898814201355,0.998522937297821,0.528799831867218,0.22879627346992493,-0.07914410531520844,0.9995911717414856,0.5268142819404602,0.23082232475280762,-0.0336662195622921,0.9985809326171875,0.5748382806777954,0.24819305539131165,-0.20231083035469055,0.9999947547912598,0.5540156960487366,0.27102357149124146,0.1528019905090332,0.997728705406189,0.6138193607330322,0.3180432617664337,-0.2837020456790924,0.9981096982955933,0.5812088251113892,0.35571619868278503,0.2245437204837799,0.017744919285178185,0.5896404385566711,0.4284869432449341,-0.28090304136276245,0.99001145362854,0.5747655630111694,0.43639102578163147,0.19408676028251648,0.03232390433549881,0.5850887894630432,0.45904815196990967,-0.310294508934021,0.9779257774353027,0.572208046913147,0.46093377470970154,0.19424326717853546,0.04553648456931114,0.5781657695770264,0.45333021879196167,-0.2986122965812683,0.9751706719398499,0.5696017742156982,0.45913857221603394,0.16664013266563416,0.048447467386722565,0.578900933265686,0.4444958567619324,-0.2745823562145233,0.9536941051483154,0.571153998374939,0.4530591368675232,0.17894485592842102,0.05293022841215134,0.5901956558227539,0.5186681747436523,-0.10873333364725113,0.9996299147605896,0.5661792159080505,0.5215884447097778,0.10881693661212921,0.9981902241706848,0.6018289923667908,0.7020899057388306,-0.1616235077381134,0.985629141330719,0.5052449107170105,0.6552221775054932,0.031503766775131226,0.8302973508834839,0.6495619416236877,0.882542073726654,-0.15148554742336273,0.9920834898948669,0.5093415379524231,0.8314291834831238,0.13822200894355774,0.8993532061576843,0.6662424802780151,0.912458062171936,-0.15575651824474335,0.9740200042724609,0.5216580629348755,0.8683815002441406,0.14163415133953094,0.9076290726661682,0.61045902967453,0.925441324710846,-0.25737467408180237,0.9893255233764648,0.4628354609012604,0.8726744055747986,0.0943804532289505,0.9235976934432983
77,0.5165910124778748,0.22511175274848938,-0.06269954144954681,0.9994252920150757,0.5173755884170532,0.20567624270915985,-0.07728460431098938,0.9994326829910278,0.5189130902290344,0.20324161648750305,-0.07736378163099289,0.9995414614677429,0.5204901099205017,0.2007671743631363,-0.07742930948734283,0.9996585249900818,0.5162931680679321,0.20772315561771393,-0.05168111249804497,0.9992252588272095,0.5165815949440002,0.20688317716121674,-0.05165690928697586,0.9989284873008728,0.5169967412948608,0.20592433214187622,-0.05172160267829895,0.9988924264907837,0.5336317420005798,0.19258423149585724,-0.12304411828517914,0.9998286366462708,0.5290555357933044,0.19814833998680115,0.03328487277030945,0.99837726354599,0.5265275239944458,0.23378543555736542,-0.06568749994039536,0.9995819330215454,0.5250837802886963,0.2369113266468048,-0.02642936073243618,0.9985306859016418,0.5719547271728516,0.24898765981197357,-0.21403217315673828,0.9999950528144836,0.5521091222763062,0.27160751819610596,0.16397026181221008,0.9976586103439331,0.6137003898620605,0.31878766417503357,-0.30102303624153137,0.9982436299324036,0.5806137323379517,0.3564290404319763,0.24994948506355286,0.017439285293221474,0.5879131555557251,0.42877039313316345,-0.2847219705581665,0.990551233291626,0.5722892880439758,0.43809810280799866,0.23022472858428955,0.0317133292555809,0.5816691517829895,0.4603821933269501,-0.3137725293636322,0.9787513017654419,0.5684642791748047,0.4657666087150574,0.23793430626392365,0.044289443641901016,0.5737675428390503,0.45415499806404114,-0.2981979250907898,0.9761016368865967,0.5635145902633667,0.4630293846130371,0.20670989155769348,0.0471051000058651,0.5746773481369019,0.4450504779815674,-0.275123655796051,0.9548314809799194,0.5654478073120117,0.45519235730171204,0.21478411555290222,0.05132533982396126,0.5846128463745117,0.5209686756134033,-0.1139150857925415,0.9996514916419983,0.5581281781196594,0.5228856801986694,0.11387890577316284,0.9982525110244751,0.5976456999778748,0.7033323645591736,-0.14826375246047974,0.9868453145027161,0.49990957975387573,0.6599679589271545,0.10412223637104034,0.8427163362503052,0.648638129234314,0.8815016150474548,-0.1265033781528473,0.9927573800086975,0.4755895733833313,0.8398280739784241,0.15631797909736633,0.9077714085578918,0.6681092977523804,0.9113253355026245,-0.1289638876914978,0.9753669500350952,0.4809856414794922,0.8800249099731445,0.15697342157363892,0.9125709533691406,0.609517514705658,0.9258010983467102,-0.23022422194480896,0.9901475310325623,0.42994293570518494,0.8503893613815308,0.10625754296779633,0.9293524026870728
78,0.5120026469230652,0.2308492511510849,-0.025328993797302246,0.9994030594825745,0.5123169422149658,0.21143808960914612,-0.04767654091119766,0.9994204640388489,0.5137875080108643,0.20907171070575714,-0.047737229615449905,0.9995287656784058,0.5153151750564575,0.20660777390003204,-0.04775051027536392,0.9996498823165894,0.5113067626953125,0.21308507025241852,-0.010491465218365192,0.9991996884346008,0.5118882060050964,0.21203407645225525,-0.01044895313680172,0.9989120364189148,0.5125993490219116,0.21077798306941986,-0.010430615395307541,0.9988733530044556,0.5276510715484619,0.1978120356798172,-0.11584091186523438,0.999821662902832,0.5249143838882446,0.2021636813879013,0.06556463241577148,0.9982365965843201,0.5221326947212219,0.23954196274280548,-0.044204894453287125,0.9995705485343933,0.5208123326301575,0.24228857457637787,0.005824214778840542,0.9984991550445557,0.5654458403587341,0.25165075063705444,-0.20858517289161682,0.9999953508377075,0.5497769117355347,0.27409738302230835,0.18248984217643738,0.997626543045044,0.6105021238327026,0.31943708658218384,-0.3067794442176819,0.9983593225479126,0.5812079906463623,0.35675522685050964,0.2647830843925476,0.01683352142572403,0.582103431224823,0.43418845534324646,-0.3035537302494049,0.9909479022026062,0.5714110136032104,0.44358736276626587,0.2452234923839569,0.0300668366253376,0.5756198763847351,0.4662998616695404,-0.3351523280143738,0.979314386844635,0.5681856870651245,0.4743802845478058,0.25534218549728394,0.041933462023735046,0.568369448184967,0.45945921540260315,-0.31436994671821594,0.9767283797264099,0.5628712177276611,0.47009360790252686,0.22321966290473938,0.04456191509962082,0.569031834602356,0.4504586160182953,-0.29227474331855774,0.9552653431892395,0.5644322037696838,0.4603627622127533,0.22968856990337372,0.048471953719854355,0.5739114880561829,0.5235165357589722,-0.11711857467889786,0.9996734261512756,0.553221583366394,0.5241623520851135,0.11701621860265732,0.9983094334602356,0.5865113139152527,0.7080275416374207,-0.1472541242837906,0.9878626465797424,0.4974612593650818,0.6612114906311035,0.11128252744674683,0.8510147333145142,0.6470646262168884,0.8809982538223267,-0.12530896067619324,0.9933221340179443,0.4496597647666931,0.8399290442466736,0.14756610989570618,0.914269208908081,0.6675272583961487,0.9090981483459473,-0.12776049971580505,0.9766411185264587,0.452387273311615,0.8804531693458557,0.15319982171058655,0.9150107502937317,0.6080789566040039,0.9256294965744019,-0.22765152156352997,0.9908065795898438,0.40474075078964233,0.8266575336456299,0.09256324917078018,0.9336049556732178
79,0.5079689025878906,0.24506030976772308,0.002721639582887292,0.9994014501571655,0.5080803632736206,0.22460848093032837,-0.020832456648349762,0.9994283318519592,0.509800136089325,0.2220224142074585,-0.0208919458091259,0.9995294809341431,0.5114820599555969,0.21929702162742615,-0.020885562524199486,0.999652087688446,0.5064650774002075,0.22654956579208374,0.01844136044383049,0.9992061853408813,0.5068653225898743,0.22571510076522827,0.01847795769572258,0.9989211559295654,0.5074149370193481,0.2246573269367218,0.018493037670850754,0.9988927841186523,0.5237554311752319,0.20873571932315826,-0.08752773702144623,0.9998195171356201,0.5197044610977173,0.21413405239582062,0.09500320255756378,0.9982072114944458,0.5185431838035583,0.2531110644340515,-0.01820896752178669,0.9995672702789307,0.5166012048721313,0.2553766369819641,0.0338834673166275,0.998520016670227,0.5600221157073975,0.2637932598590851,-0.20822708308696747,0.9999955892562866,0.5482709407806396,0.2814873456954956,0.20877055823802948,0.997719943523407,0.602495551109314,0.3325471878051758,-0.3240850567817688,0.9984474778175354,0.5808441042900085,0.3659542500972748,0.29907429218292236,0.016546152532100677,0.5738857984542847,0.45025521516799927,-0.3551173806190491,0.9911945462226868,0.5680568814277649,0.4577764868736267,0.29664525389671326,0.02878936566412449,0.5667716264724731,0.4804539978504181,-0.3905019164085388,0.9797196388244629,0.5647704601287842,0.4869624674320221,0.31224027276039124,0.0400766097009182,0.5605825185775757,0.4746309518814087,-0.3667246699333191,0.9771576523780823,0.5605736970901489,0.4836321473121643,0.27990037202835083,0.04255307838320732,0.5614975690841675,0.4658670723438263,-0.3437473475933075,0.9551863074302673,0.5614718794822693,0.4746413826942444,0.28199291229248047,0.04616669937968254,0.5642615556716919,0.5318624973297119,-0.12016753107309341,0.9996936321258545,0.5493632555007935,0.5290984511375427,0.12005603313446045,0.9984052777290344,0.569372296333313,0.7200927138328552,-0.1595035344362259,0.9886560440063477,0.4876488745212555,0.6645313501358032,0.10230007022619247,0.857986330986023,0.6461219191551208,0.8793133497238159,-0.1563711017370224,0.9937521815299988,0.4322164058685303,0.840120792388916,0.09516438841819763,0.919946551322937,0.6669254899024963,0.8984039425849915,-0.15827295184135437,0.977871835231781,0.43538036942481995,0.8821493983268738,0.09271138906478882,0.9180004000663757,0.6086634397506714,0.9273061156272888,-0.23498821258544922,0.9913002252578735,0.3850436806678772,0.8220263123512268,0.035253144800662994,0.9369192123413086
80,0.4984770715236664,0.2592524588108063,-0.0020156276877969503,0.9994404315948486,0.499437153339386,0.23875607550144196,-0.02567175030708313,0.99946528673172,0.501791775226593,0.23591704666614532,-0.025722961872816086,0.999557375907898,0.5041507482528687,0.23281429708003998,-0.02572764828801155,0.9996737241744995,0.4972109794616699,0.241281196475029,0.013166981749236584,0.9992560744285583,0.49780863523483276,0.24060727655887604,0.013192929327487946,0.9989897012710571,0.4986095428466797,0.2396285980939865,0.013218412175774574,0.9989667534828186,0.5183001756668091,0.22239764034748077,-0.08516523987054825,0.9998275637626648,0.5121020078659058,0.22804807126522064,0.09429298341274261,0.9982928037643433,0.5111957788467407,0.2687208354473114,-0.020340118557214737,0.9995940327644348,0.5082952380180359,0.2705429792404175,0.031102949753403664,0.9986173510551453,0.5568364262580872,0.28104516863822937,-0.19120264053344727,0.9999958276748657,0.5403609871864319,0.304085910320282,0.21128425002098083,0.9978877305984497,0.5966600179672241,0.34990331530570984,-0.32061347365379333,0.9985236525535583,0.5667895674705505,0.4034723937511444,0.3271348774433136,0.016602497547864914,0.5659220814704895,0.46743977069854736,-0.3658584952354431,0.9915721416473389,0.5541898012161255,0.480701744556427,0.34979093074798584,0.030081287026405334,0.5580097436904907,0.4964878559112549,-0.4012141227722168,0.9805225133895874,0.548565149307251,0.5049712657928467,0.3671615719795227,0.041871778666973114,0.5509912967681885,0.4899393320083618,-0.3789920508861542,0.9780557751655579,0.545203685760498,0.5029967427253723,0.3347773551940918,0.0443713515996933,0.5519882440567017,0.481702983379364,-0.3549739718437195,0.9563818573951721,0.5468493103981018,0.4966411590576172,0.33625662326812744,0.0478811115026474,0.5545223951339722,0.5531290769577026,-0.12074144184589386,0.9997180104255676,0.5392493605613708,0.5482609272003174,0.12067508697509766,0.9985377192497253,0.5541249513626099,0.7396537661552429,-0.16669544577598572,0.9894932508468628,0.4732479155063629,0.6670656204223633,0.0863192230463028,0.8646407127380371,0.6435397267341614,0.8766710758209229,-0.16553036868572235,0.9941971302032471,0.42155733704566956,0.8418632745742798,0.08089888095855713,0.9254717826843262,0.6648892164230347,0.8903693556785583,-0.16590838134288788,0.9792799353599548,0.4237436354160309,0.8835609555244446,0.07817371934652328,0.9214534759521484,0.6084659695625305,0.9303215146064758,-0.2295038402080536,0.9918381571769714,0.37647321820259094,0.8281623721122742,0.025046590715646744,0.9401838183403015
81,0.49156850576400757,0.27312517166137695,0.007813585922122002,0.9994339942932129,0.49239906668663025,0.2534784972667694,-0.016544410958886147,0.9994572997093201,0.4944930970668793,0.25140222907066345,-0.01658538542687893,0.9995436072349548,0.49688416719436646,0.2488618791103363,-0.016577983275055885,0.9996666312217712,0.49073606729507446,0.2547243535518646,0.02306942269206047,0.9992492198944092,0.49133116006851196,0.25406718254089355,0.02309786155819893,0.9989819526672363,0.4920659065246582,0.25304776430130005,0.023117605596780777,0.998969316482544,0.5114257335662842,0.23959340155124664,-0.08356925845146179,0.9998173713684082,0.5060303211212158,0.2437591701745987,0.0981166884303093,0.9982187747955322,0.5034966468811035,0.28326255083084106,-0.014294683933258057,0.9995842576026917,0.501177191734314,0.2842690646648407,0.038114361464977264,0.9986119866371155,0.5485325455665588,0.29835307598114014,-0.19407424330711365,0.9999960064888,0.5337227582931519,0.3202456533908844,0.21086876094341278,0.9980020523071289,0.5893603563308716,0.37330707907676697,-0.3316822648048401,0.9985913634300232,0.5613579154014587,0.42346179485321045,0.31272685527801514,0.016311990097165108,0.5576014518737793,0.4865483045578003,-0.3715600371360779,0.9918798804283142,0.5472575426101685,0.5018114447593689,0.3243737518787384,0.030457768589258194,0.54959636926651,0.5164320468902588,-0.4078284204006195,0.981120228767395,0.5404428243637085,0.5278965830802917,0.34107834100723267,0.042354483157396317,0.5421008467674255,0.5087613463401794,-0.3846835494041443,0.9787150025367737,0.5364309549331665,0.5251235961914062,0.30881261825561523,0.044793229550123215,0.543095052242279,0.500061571598053,-0.3604734539985657,0.9570752382278442,0.5388564467430115,0.5185813903808594,0.3104219138622284,0.048193227499723434,0.5443667769432068,0.5679602026939392,-0.12406539916992188,0.9997373819351196,0.530371904373169,0.5624481439590454,0.12398089468479156,0.9986544847488403,0.5397661328315735,0.7562463283538818,-0.17353509366512299,0.9901771545410156,0.459688663482666,0.6693729758262634,0.07077513635158539,0.8669585585594177,0.6392689943313599,0.8670474290847778,-0.16791601479053497,0.9945247173309326,0.41522687673568726,0.8463863730430603,0.08297598361968994,0.9291874170303345,0.6626750230789185,0.8719652891159058,-0.1675863265991211,0.9803924560546875,0.4197118878364563,0.8873674869537354,0.08156994730234146,0.9239274263381958,0.6061598062515259,0.9333803653717041,-0.2266858071088791,0.992175281047821,0.37060508131980896,0.8349624872207642,0.03315944969654083,0.9415947198867798
82,0.4856957495212555,0.29002201557159424,0.01583610661327839,0.9994534254074097,0.4861946105957031,0.27099600434303284,-0.008867902681231499,0.9994769096374512,0.48789921402931213,0.2693827748298645,-0.008902249857783318,0.9995546936988831,0.4898504614830017,0.267336368560791,-0.008885274641215801,0.9996755719184875,0.4853332042694092,0.27172598242759705,0.03051082417368889,0.9992803931236267,0.4861500859260559,0.2710234820842743,0.030532386153936386,0.999018132686615,0.4870940148830414,0.27003419399261475,0.030547291040420532,0.9990134239196777,0.5047035813331604,0.25870996713638306,-0.07821644842624664,0.9998216032981873,0.5008920431137085,0.2619902491569519,0.10346655547618866,0.9982671141624451,0.4964384138584137,0.3002910315990448,-0.007020580116659403,0.9995949864387512,0.49495023488998413,0.30114200711250305,0.04525550454854965,0.9986605644226074,0.539335310459137,0.31895995140075684,-0.19116204977035522,0.9999961256980896,0.5288399457931519,0.34065142273902893,0.21138080954551697,0.998135507106781,0.5822436809539795,0.3938151001930237,-0.33544376492500305,0.9986391067504883,0.5549710988998413,0.4395323395729065,0.34200096130371094,0.01579354889690876,0.5494353771209717,0.5032434463500977,-0.3773438334465027,0.9922221302986145,0.5387124419212341,0.5165466070175171,0.4011561870574951,0.030744507908821106,0.5412968993186951,0.5344184637069702,-0.41162481904029846,0.9818822741508484,0.5302482843399048,0.5440695285797119,0.42480525374412537,0.043022412806749344,0.53388512134552,0.5261172652244568,-0.38970133662223816,0.979532778263092,0.5264824628829956,0.5405530333518982,0.39271053671836853,0.04542625695466995,0.5348347425460815,0.5164520144462585,-0.36674901843070984,0.9582170844078064,0.5288387537002563,0.5329164266586304,0.3886725604534149,0.049119435250759125,0.5278517007827759,0.5892490148544312,-0.1237894669175148,0.9997584819793701,0.5198215842247009,0.5826547145843506,0.12371239811182022,0.9987765550613403,0.52409428358078,0.7784764766693115,-0.18338634073734283,0.9909630417823792,0.44316911697387695,0.6700228452682495,0.05081479996442795,0.8739081621170044,0.632992148399353,0.8610929846763611,-0.17779569327831268,0.9948991537094116,0.4100914001464844,0.850573718547821,0.06146814301609993,0.9342018365859985,0.6590052843093872,0.861332356929779,-0.17632530629634857,0.9817658066749573,0.4183984398841858,0.8899142742156982,0.0595054104924202,0.9283061623573303,0.6085076332092285,0.9331558346748352,-0.22570236027240753,0.9926421642303467,0.36553260684013367,0.8432922959327698,0.013321520760655403,0.9445545673370361
83,0.48031944036483765,0.3130476772785187,0.005320039577782154,0.9994491934776306,0.48075324296951294,0.2934715747833252,-0.017976079136133194,0.9994757175445557,0.4825388491153717,0.29173314571380615,-0.01803787425160408,0.9995411038398743,0.48448824882507324,0.2897866368293762,-0.01805019937455654,0.999667227268219,0.47960367798805237,0.29463815689086914,0.01983303390443325,0.9992903470993042,0.4803334176540375,0.2938617169857025,0.019868260249495506,0.9990115761756897,0.48123612999916077,0.29295608401298523,0.019888902083039284,0.9990196824073792,0.49875107407569885,0.281861275434494,-0.08819450438022614,0.9998170137405396,0.494304895401001,0.28540661931037903,0.0980861708521843,0.9982355833053589,0.4906710982322693,0.3233102858066559,-0.011856512166559696,0.99958735704422,0.4890432357788086,0.32432273030281067,0.036857206374406815,0.998659074306488,0.530072033405304,0.34139031171798706,-0.20102114975452423,0.9999962449073792,0.5217101573944092,0.35981449484825134,0.2043873518705368,0.9982584714889526,0.5734632015228271,0.42023739218711853,-0.3440321683883667,0.9986873865127563,0.5499129891395569,0.4552134573459625,0.3329474627971649,0.015428121201694012,0.5383312702178955,0.5244989991188049,-0.37088650465011597,0.9924323558807373,0.5303491353988647,0.5351518392562866,0.3982613682746887,0.030140185728669167,0.5301544666290283,0.5555633902549744,-0.4042086601257324,0.9822495579719543,0.5219564437866211,0.560950756072998,0.42564910650253296,0.042367201298475266,0.5228695273399353,0.5502722859382629,-0.3807700276374817,0.9799138903617859,0.5189266204833984,0.558812141418457,0.3939315676689148,0.044683534651994705,0.5239695310592651,0.5404316186904907,-0.359466552734375,0.9583666324615479,0.5209149122238159,0.5503542423248291,0.3864002823829651,0.048497844487428665,0.5210675597190857,0.6061291098594666,-0.1266002357006073,0.9997764229774475,0.5115655064582825,0.5991966128349304,0.12650467455387115,0.9988881945610046,0.5120660066604614,0.8062703609466553,-0.1986888349056244,0.991713285446167,0.4272986352443695,0.6700977087020874,0.05736592411994934,0.8782756328582764,0.6236478686332703,0.8588903546333313,-0.18224956095218658,0.9952338337898254,0.4073679447174072,0.8559466600418091,0.08096212148666382,0.9386841654777527,0.6497031450271606,0.85047847032547,-0.17867407202720642,0.9831202030181885,0.4174996316432953,0.8931364417076111,0.07986052334308624,0.9326842427253723,0.6085968017578125,0.9352998733520508,-0.22176122665405273,0.9930578470230103,0.35846132040023804,0.8613686561584473,0.028733959421515465,0.9469159841537476
84,0.47355857491493225,0.3325359523296356,0.005656486842781305,0.9994689226150513,0.4735338091850281,0.3121148347854614,-0.01763978786766529,0.9994941353797913,0.4753390848636627,0.31064507365226746,-0.017664732411503792,0.9995515942573547,0.477266401052475,0.308908611536026,-0.0176532082259655,0.9996733665466309,0.4723212718963623,0.313119500875473,0.01973896287381649,0.9993197321891785,0.4730103015899658,0.3126572072505951,0.019761797040700912,0.9990447759628296,0.4738813042640686,0.31202301383018494,0.019761068746447563,0.9990572333335876,0.49072012305259705,0.3009274899959564,-0.08653979003429413,0.9998220205307007,0.4870328903198242,0.30388402938842773,0.09205672889947891,0.9982962608337402,0.48353466391563416,0.34350407123565674,-0.015242667868733406,0.9995973706245422,0.48204928636550903,0.34445762634277344,0.03408123925328255,0.9986997246742249,0.522295355796814,0.3617774546146393,-0.19901412725448608,0.9999964237213135,0.5169658660888672,0.3781328797340393,0.20204587280750275,0.9983821511268616,0.5614055395126343,0.4465935528278351,-0.3340267241001129,0.9987120032310486,0.544385552406311,0.4725506603717804,0.31361258029937744,0.01517985388636589,0.5270021557807922,0.5530449151992798,-0.3510453701019287,0.9926373362541199,0.5208666920661926,0.5529734492301941,0.35629236698150635,0.02962500788271427,0.5185081958770752,0.5820238590240479,-0.38139644265174866,0.9825701117515564,0.5108355283737183,0.5766708254814148,0.38018473982810974,0.04175502434372902,0.5116766691207886,0.5770684480667114,-0.3524263799190521,0.9802194833755493,0.5087242722511292,0.5755080580711365,0.34812766313552856,0.04392014816403389,0.5131166577339172,0.5689280033111572,-0.3371610939502716,0.9586121439933777,0.5114081501960754,0.5679859519004822,0.34356603026390076,0.04790421202778816,0.5110169649124146,0.6265672445297241,-0.12530122697353363,0.9997943043708801,0.5029860734939575,0.6189924478530884,0.12520845234394073,0.998991072177887,0.503728449344635,0.8274222612380981,-0.20321914553642273,0.9923697710037231,0.41514071822166443,0.6710870862007141,0.07991679012775421,0.881406843662262,0.6146067380905151,0.852864682674408,-0.19369152188301086,0.9955187439918518,0.40404456853866577,0.856559693813324,0.11575833708047867,0.942008912563324,0.6396803855895996,0.842443585395813,-0.19104667007923126,0.9842708706855774,0.41548705101013184,0.8935723304748535,0.11633849143981934,0.935822606086731,0.6094818115234375,0.9347500205039978,-0.22782686352729797,0.9934346675872803,0.35721901059150696,0.8715015053749084,0.08313054591417313,0.9484904408454895
85,0.4661026895046234,0.34898826479911804,-0.00406567333266139,0.9994456171989441,0.46686863899230957,0.3297954201698303,-0.02803458273410797,0.9994624853134155,0.46862679719924927,0.32844847440719604,-0.02802763506770134,0.9995090961456299,0.47046032547950745,0.3268619179725647,-0.02798723243176937,0.9996312856674194,0.4657517075538635,0.3308112621307373,0.00781427975744009,0.9992895722389221,0.4664357304573059,0.3304096758365631,0.007849916815757751,0.9989829659461975,0.4672662615776062,0.32970309257507324,0.007820653729140759,0.9989898800849915,0.4838314652442932,0.3203698992729187,-0.09881661832332611,0.999803900718689,0.4802130162715912,0.32265469431877136,0.07019030302762985,0.9981860518455505,0.47600501775741577,0.3615453541278839,-0.027533629909157753,0.9995683431625366,0.4743916988372803,0.3615860044956207,0.02052561566233635,0.9986034035682678,0.515003502368927,0.3876403868198395,-0.2013469934463501,0.9999964237213135,0.5087338089942932,0.3974587619304657,0.17293134331703186,0.9984855055809021,0.5493168830871582,0.46843159198760986,-0.3195863366127014,0.9985711574554443,0.5356955528259277,0.4843426048755646,0.2857871651649475,0.014904876239597797,0.5179554224014282,0.5739200711250305,-0.3067862093448639,0.9924003481864929,0.5106794238090515,0.5622555613517761,0.3358374536037445,0.029403971508145332,0.5100026726722717,0.6034904718399048,-0.3359135687351227,0.98208087682724,0.5034252405166626,0.5863847136497498,0.35343998670578003,0.04200883209705353,0.5034322738647461,0.5975706577301025,-0.3170393407344818,0.9796997904777527,0.5007205605506897,0.5855735540390015,0.3221301734447479,0.044004227966070175,0.504865825176239,0.5890750288963318,-0.2968490421772003,0.9575419425964355,0.5037397742271423,0.5802682638168335,0.3217189610004425,0.048285745084285736,0.5061476826667786,0.6488333940505981,-0.12375025451183319,0.999810516834259,0.4905624985694885,0.6384170055389404,0.12364671379327774,0.999086856842041,0.49599575996398926,0.8484322428703308,-0.20825481414794922,0.992713987827301,0.4033966064453125,0.6752361059188843,0.13955126702785492,0.8841837048530579,0.6103130578994751,0.8524559140205383,-0.1792416125535965,0.9953290224075317,0.4014964699745178,0.8579227924346924,0.200163796544075,0.9433702230453491,0.6334043741226196,0.8349775671958923,-0.1777176558971405,0.9848076105117798,0.41339030861854553,0.8959225416183472,0.20332789421081543,0.9382911920547485,0.6101638674736023,0.934382975101471,-0.19504988193511963,0.9933225512504578,0.35394182801246643,0.8774393796920776,0.19381895661354065,0.9480000138282776
86,0.4593408703804016,0.367024302482605,-0.01993974670767784,0.9994323253631592,0.4598619341850281,0.3470015525817871,-0.04504481703042984,0.999443769454956,0.46151870489120483,0.34557732939720154,-0.045034147799015045,0.9994811415672302,0.46326303482055664,0.3439531624317169,-0.044987753033638,0.9996031522750854,0.45885220170021057,0.3483336865901947,-0.00901857204735279,0.9992826581001282,0.459542453289032,0.34798574447631836,-0.00899452157318592,0.9989592432975769,0.4603537619113922,0.3473761975765228,-0.009029766544699669,0.9989580512046814,0.47674959897994995,0.3384477198123932,-0.11410566419363022,0.9997859597206116,0.4732733368873596,0.34090369939804077,0.05355360358953476,0.998146116733551,0.46943941712379456,0.37963539361953735,-0.04279037564992905,0.9995560646057129,0.46808838844299316,0.38046467304229736,0.00545186223462224,0.9985647797584534,0.5092042684555054,0.40923789143562317,-0.21209728717803955,0.9999963641166687,0.5022333860397339,0.42051053047180176,0.1591455042362213,0.9986023306846619,0.5394576191902161,0.48369675874710083,-0.3360598087310791,0.9982079267501831,0.5295531153678894,0.5016590356826782,0.28607651591300964,0.014695915393531322,0.5090218782424927,0.590970516204834,-0.3416275084018707,0.9917141199111938,0.504189133644104,0.5818960666656494,0.3716411590576172,0.029557541012763977,0.5013374090194702,0.6199460625648499,-0.3705310821533203,0.9810831546783447,0.496701180934906,0.6071116328239441,0.4014584422111511,0.043175116181373596,0.4950874447822571,0.6134739518165588,-0.35418325662612915,0.978630542755127,0.4928930401802063,0.6057213544845581,0.3723219037055969,0.04508006200194359,0.49617189168930054,0.6059771180152893,-0.33298736810684204,0.9550877213478088,0.49644526839256287,0.5987564325332642,0.36154672503471375,0.049608804285526276,0.5035117268562317,0.6661946773529053,-0.12243683636188507,0.9998261332511902,0.4876597821712494,0.6551132798194885,0.1223406195640564,0.9991745948791504,0.48882508277893066,0.8674952983856201,-0.21530723571777344,0.9930753707885742,0.39775025844573975,0.6777478456497192,0.17402634024620056,0.8900748491287231,0.6024746894836426,0.8540657758712769,-0.17956116795539856,0.9953033924102783,0.4002059996128082,0.8595133423805237,0.2481098473072052,0.9456808567047119,0.6264051795005798,0.8254318237304688,-0.1746867299079895,0.9857258200645447,0.41224542260169983,0.8962723016738892,0.2531989812850952,0.9415243864059448,0.6094192266464233,0.9282675981521606,-0.19178389012813568,0.9934782385826111,0.3542948365211487,0.8811302185058594,0.25251299142837524,0.9487565159797668
87,0.4549904763698578,0.38520464301109314,-0.003950049169361591,0.999408483505249,0.455456018447876,0.36357545852661133,-0.02967459335923195,0.9994072914123535,0.45714884996414185,0.36186137795448303,-0.029666494578123093,0.9994313716888428,0.4589906334877014,0.3601251244544983,-0.029620680958032608,0.9995610117912292,0.45401525497436523,0.3649406433105469,0.005907831247895956,0.9992603659629822,0.45456990599632263,0.36446428298950195,0.005948326550424099,0.9989087581634521,0.4552777409553528,0.3638151288032532,0.005911765620112419,0.9988963603973389,0.4719601571559906,0.3543621897697449,-0.10168354213237762,0.999756395816803,0.4681302607059479,0.3571470081806183,0.058451008051633835,0.9980226159095764,0.464628130197525,0.397261381149292,-0.027386818081140518,0.999523937702179,0.4630943238735199,0.3983897268772125,0.02017739973962307,0.9984970688819885,0.5033061504364014,0.42097747325897217,-0.20325061678886414,0.9999963641166687,0.49747300148010254,0.43448686599731445,0.16799956560134888,0.9987118244171143,0.5283485651016235,0.4986604154109955,-0.3026335835456848,0.9975525140762329,0.5232011675834656,0.5211235284805298,0.2913181781768799,0.014552652835845947,0.5017510652542114,0.6045323014259338,-0.2852437198162079,0.9906588792800903,0.5026528835296631,0.5960137248039246,0.35850316286087036,0.030479086562991142,0.49514809250831604,0.6316379308700562,-0.31033048033714294,0.9795973300933838,0.49498701095581055,0.6190668940544128,0.3847968578338623,0.04564538598060608,0.4893686771392822,0.6260583400726318,-0.29816630482673645,0.9769906997680664,0.49195200204849243,0.6222302913665771,0.35536015033721924,0.04748886078596115,0.49001002311706543,0.6182530522346497,-0.27764996886253357,0.9520552754402161,0.4939303398132324,0.6140267252922058,0.34761863946914673,0.05243613198399544,0.50119948387146,0.6797733902931213,-0.12139731645584106,0.99984210729599,0.484235942363739,0.6663070917129517,0.12129616737365723,0.9992555975914001,0.48682403564453125,0.8806180357933044,-0.22860097885131836,0.9935901761054993,0.3925183415412903,0.6786049008369446,0.1804116666316986,0.8959987163543701,0.5999712347984314,0.8542219400405884,-0.1789087951183319,0.995320200920105,0.39824578166007996,0.8593615293502808,0.2503206133842468,0.9484594464302063,0.621508777141571,0.8273821473121643,-0.1722264587879181,0.9865631461143494,0.4116474986076355,0.8954700231552124,0.25523409247398376,0.9448928833007812,0.6103079319000244,0.9267038702964783,-0.18162742257118225,0.9936307668685913,0.35288432240486145,0.8834547400474548,0.26133936643600464,0.9505258202552795
88,0.4504214823246002,0.3954157531261444,0.004702724050730467,0.9993634223937988,0.4509149491786957,0.3760417103767395,-0.020183015614748,0.9993448257446289,0.45232516527175903,0.37451574206352234,-0.020180698484182358,0.9993559122085571,0.45393815636634827,0.3726920187473297,-0.020150620490312576,0.999496340751648,0.450023889541626,0.37684980034828186,0.0155105609446764,0.999207079410553,0.45064687728881836,0.3762076199054718,0.015556166879832745,0.9988242387771606,0.4514494836330414,0.3752659261226654,0.015520702116191387,0.9987932443618774,0.4662933945655823,0.36720114946365356,-0.08779288828372955,0.999718964099884,0.46425503492355347,0.3685598075389862,0.07434738427400589,0.99781334400177,0.45875707268714905,0.40674299001693726,-0.0174955315887928,0.9994769096374512,0.4578703045845032,0.40796971321105957,0.03011881746351719,0.998384416103363,0.49727946519851685,0.42885589599609375,-0.19370050728321075,0.9999964833259583,0.4957948625087738,0.44397327303886414,0.17803719639778137,0.9988057017326355,0.5227447748184204,0.514113187789917,-0.28438428044319153,0.9972187876701355,0.5178998112678528,0.5349556803703308,0.2785300314426422,0.014481185004115105,0.4967780113220215,0.6179262399673462,-0.26222315430641174,0.990386426448822,0.49872660636901855,0.6059686541557312,0.29103896021842957,0.03234120458364487,0.4901992380619049,0.6465502977371216,-0.28943371772766113,0.9792999029159546,0.49078625440597534,0.6311413049697876,0.31011658906936646,0.04980658367276192,0.48425954580307007,0.6401404738426208,-0.27751868963241577,0.9766771793365479,0.4875097870826721,0.6308472752571106,0.28024715185165405,0.05161082372069359,0.48476481437683105,0.6322154402732849,-0.2546690106391907,0.9516581296920776,0.48938149213790894,0.6220690608024597,0.27862548828125,0.05733310058712959,0.4976584017276764,0.6882670521736145,-0.121376171708107,0.9998568892478943,0.4836033880710602,0.6756865978240967,0.12126507610082626,0.9993289113044739,0.4855378568172455,0.892081618309021,-0.23569051921367645,0.9940875172615051,0.3881971538066864,0.6788622736930847,0.1718248575925827,0.8987797498703003,0.5963338613510132,0.8543014526367188,-0.1767297089099884,0.9952579736709595,0.3980918526649475,0.858951985836029,0.23117604851722717,0.9502628445625305,0.6172045469284058,0.827164351940155,-0.166133314371109,0.9872222542762756,0.41287678480148315,0.8947873711585999,0.23508667945861816,0.9476538896560669,0.6107270121574402,0.9256624579429626,-0.16474607586860657,0.9936411380767822,0.3524368405342102,0.8867447972297668,0.2444227933883667,0.9517366886138916
89,0.4480900764465332,0.40667012333869934,0.0020418991334736347,0.9993343353271484,0.4495355188846588,0.38733726739883423,-0.022448083385825157,0.9992954134941101,0.45097097754478455,0.3855750560760498,-0.02245238609611988,0.9992934465408325,0.45251941680908203,0.3836849629878998,-0.022427206858992577,0.9994484186172485,0.4487477242946625,0.3880552053451538,0.013605979271233082,0.9991703033447266,0.4494951665401459,0.3869612514972687,0.013646823354065418,0.9987629652023315,0.45044779777526855,0.3856479525566101,0.013620911166071892,0.9987245798110962,0.4639735221862793,0.3780766427516937,-0.0883481428027153,0.999678909778595,0.46266794204711914,0.37912291288375854,0.07444597780704498,0.9975917339324951,0.4558677077293396,0.4159696698188782,-0.01963331177830696,0.9994413256645203,0.45525962114334106,0.41745078563690186,0.028724491596221924,0.9983044862747192,0.49455776810646057,0.4393742084503174,-0.19289852678775787,0.9999966621398926,0.4945184290409088,0.4530662000179291,0.1786813884973526,0.9988950490951538,0.5201876163482666,0.5221623778343201,-0.27913111448287964,0.9970558881759644,0.5153836607933044,0.5462893843650818,0.27154964208602905,0.014577892608940601,0.4958730638027191,0.6251903772354126,-0.26204413175582886,0.9903532862663269,0.49736738204956055,0.6147470474243164,0.2820436954498291,0.03412928059697151,0.4889865517616272,0.6542953252792358,-0.29093167185783386,0.9792534708976746,0.49178260564804077,0.641862154006958,0.3001663386821747,0.053022779524326324,0.4839402139186859,0.6488298773765564,-0.2789869010448456,0.9766412973403931,0.485978364944458,0.6405220627784729,0.2693461775779724,0.054757364094257355,0.4850277304649353,0.640735387802124,-0.2547644078731537,0.9516568183898926,0.48897427320480347,0.6321494579315186,0.26931220293045044,0.06090937554836273,0.4962128698825836,0.6916595697402954,-0.12124387174844742,0.9998705387115479,0.4837039113044739,0.68072110414505,0.12114081531763077,0.9993951320648193,0.48654404282569885,0.8957548141479492,-0.24097208678722382,0.9945766925811768,0.38898539543151855,0.6787129044532776,0.18873508274555206,0.8994381427764893,0.5968652963638306,0.8544681072235107,-0.196162149310112,0.9954423308372498,0.39811596274375916,0.8588270545005798,0.23897261917591095,0.9517635107040405,0.6166093349456787,0.8293020725250244,-0.18819603323936462,0.9880191683769226,0.4121738374233246,0.8942843079566956,0.24145397543907166,0.9499036073684692,0.6103416085243225,0.9253650307655334,-0.17820629477500916,0.9939028024673462,0.3534214496612549,0.8877347111701965,0.2498355358839035,0.9528767466545105
90,0.4482777714729309,0.4095572531223297,-0.011801915243268013,0.9992683529853821,0.4495324492454529,0.3903660774230957,-0.03477072715759277,0.999188244342804,0.4507308006286621,0.38845452666282654,-0.034765906631946564,0.999168872833252,0.45208120346069336,0.38622647523880005,-0.03473368659615517,0.999358594417572,0.44885730743408203,0.39116719365119934,-4.953060488332994e-05,0.9990705847740173,0.44947442412376404,0.39012178778648376,-9.010512940221815e-07,0.9985939860343933,0.4502515196800232,0.38882046937942505,-3.3834072382887825e-05,0.9985365271568298,0.46304455399513245,0.379747211933136,-0.09566979110240936,0.9996070861816406,0.4611074924468994,0.38226938247680664,0.0640663132071495,0.9970212578773499,0.4557536542415619,0.4186573922634125,-0.03192197531461716,0.99936443567276,0.4548531472682953,0.42060378193855286,0.014588656835258007,0.9980953931808472,0.49405932426452637,0.4376165270805359,-0.19735507667064667,0.9999967813491821,0.49064335227012634,0.45163145661354065,0.16960467398166656,0.9989638328552246,0.5193217396736145,0.5255028009414673,-0.288972944021225,0.9969380497932434,0.5120489597320557,0.5464375615119934,0.2594214081764221,0.014074670150876045,0.4955592155456543,0.62809157371521,-0.28145697712898254,0.9902808666229248,0.49460092186927795,0.6188560724258423,0.2722100615501404,0.03399141505360603,0.4890500605106354,0.6571310758590698,-0.31062957644462585,0.9791754484176636,0.486799418926239,0.6417670845985413,0.29025357961654663,0.05340617895126343,0.48352178931236267,0.6511059999465942,-0.2900623083114624,0.9765604138374329,0.48361366987228394,0.643345057964325,0.2602485716342926,0.05502959340810776,0.4846923351287842,0.6426398158073425,-0.2717054784297943,0.9514982104301453,0.48596519231796265,0.6350001096725464,0.25982242822647095,0.06135189160704613,0.4970601201057434,0.6925321817398071,-0.1198715791106224,0.9998828172683716,0.48205313086509705,0.6816220879554749,0.11976385116577148,0.9994547367095947,0.4889717102050781,0.8954293727874756,-0.23604288697242737,0.9950071573257446,0.3901680111885071,0.6780256628990173,0.1792909801006317,0.9018160104751587,0.5972687005996704,0.8557237982749939,-0.1911282241344452,0.9955706596374512,0.3987465798854828,0.8603354692459106,0.2305457592010498,0.9536008834838867,0.6167714595794678,0.8310815691947937,-0.18372268974781036,0.9886928200721741,0.4117758274078369,0.8943811058998108,0.2332165241241455,0.9524273872375488,0.6100703477859497,0.9252728223800659,-0.18614475429058075,0.9941078424453735,0.35385194420814514,0.8899530172348022,0.24033887684345245,0.9542797803878784
91,0.4489118158817291,0.4083227813243866,-0.03141964226961136,0.9992653131484985,0.4500611424446106,0.3911436200141907,-0.05478133633732796,0.9991766214370728,0.4513229727745056,0.3891769051551819,-0.05477417632937431,0.9991490840911865,0.45265254378318787,0.3869677186012268,-0.05474782735109329,0.9993457794189453,0.449282169342041,0.39220207929611206,-0.019619399681687355,0.9990705847740173,0.44987043738365173,0.39117735624313354,-0.0195724256336689,0.9985864758491516,0.4505668580532074,0.3899494707584381,-0.01959148794412613,0.9985173344612122,0.46403855085372925,0.37963396310806274,-0.11530741304159164,0.9995944499969482,0.46149763464927673,0.38269713521003723,0.046774785965681076,0.9969502687454224,0.45636647939682007,0.41758817434310913,-0.05129120871424675,0.9993626475334167,0.455310195684433,0.4195793867111206,-0.004358283244073391,0.9981129169464111,0.49470454454421997,0.43392303586006165,-0.21251928806304932,0.9999969601631165,0.49205201864242554,0.4479261040687561,0.15827132761478424,0.9990406632423401,0.5221933126449585,0.5273463129997253,-0.3002505898475647,0.997006893157959,0.513816237449646,0.5425977110862732,0.252378910779953,0.01395503617823124,0.4978163242340088,0.6280920505523682,-0.29756587743759155,0.9906461834907532,0.4942896366119385,0.6146992444992065,0.2673584818840027,0.03508007898926735,0.49111685156822205,0.6577351689338684,-0.33054909110069275,0.9798227548599243,0.4848152697086334,0.6382210850715637,0.2852702736854553,0.055392056703567505,0.4855942130088806,0.6506925225257874,-0.3171231150627136,0.9772909283638,0.48194342851638794,0.637647271156311,0.25458627939224243,0.056919246912002563,0.4872802197933197,0.6420226693153381,-0.2903409004211426,0.9528453350067139,0.4845317006111145,0.6295095086097717,0.25478991866111755,0.06343356519937515,0.4964263439178467,0.6913875937461853,-0.11988817155361176,0.9998940825462341,0.4836277365684509,0.6800835728645325,0.11977984756231308,0.9995085597038269,0.49236923456192017,0.8927832841873169,-0.22685985267162323,0.9953859448432922,0.391258180141449,0.6769713759422302,0.19775941967964172,0.9017423391342163,0.5992637276649475,0.8582033514976501,-0.18669886887073517,0.9957188367843628,0.39922818541526794,0.8606000542640686,0.24839743971824646,0.9548565745353699,0.6202204823493958,0.8328765034675598,-0.18003126978874207,0.9893847703933716,0.4124281406402588,0.894318163394928,0.2511431872844696,0.954544186592102,0.6100819110870361,0.9253140091896057,-0.18533802032470703,0.9943288564682007,0.3534098267555237,0.8889881372451782,0.25938838720321655,0.9550561308860779
92,0.4509708881378174,0.40103065967559814,-0.006385176442563534,0.9992928504943848,0.4520886540412903,0.38345223665237427,-0.02918132022023201,0.9992004036903381,0.4532763361930847,0.3815861642360687,-0.029162565246224403,0.9991732239723206,0.4545571208000183,0.37960386276245117,-0.029128992930054665,0.9993667602539062,0.4512585699558258,0.3842512369155884,0.006281180772930384,0.9991041421890259,0.4517539441585541,0.38317880034446716,0.006322856992483139,0.9986337423324585,0.4523102641105652,0.3819833993911743,0.006301769521087408,0.9985586404800415,0.465283066034317,0.37308257818222046,-0.08999074250459671,0.9996041059494019,0.462771475315094,0.3752708435058594,0.07351133972406387,0.996996283531189,0.4582200050354004,0.4104914665222168,-0.026606211438775063,0.9993820786476135,0.45712319016456604,0.4116138815879822,0.020613711327314377,0.9981697201728821,0.4965187907218933,0.4276382029056549,-0.19205985963344574,0.9999971389770508,0.4926316738128662,0.44304031133651733,0.18360258638858795,0.9991031885147095,0.5248741507530212,0.51731938123703,-0.28854918479919434,0.9970936179161072,0.5141638517379761,0.5305920243263245,0.28466397523880005,0.013658660463988781,0.5027673244476318,0.6170974969863892,-0.2955861985683441,0.9911556839942932,0.4929608702659607,0.6021993160247803,0.31400173902511597,0.03564158454537392,0.4967396855354309,0.6461623907089233,-0.32757243514060974,0.9808641076087952,0.4839254319667816,0.6248935461044312,0.3349989652633667,0.05687659978866577,0.4908408224582672,0.6402601003646851,-0.3151317238807678,0.9784371256828308,0.48159080743789673,0.6243574619293213,0.3061945140361786,0.058370400220155716,0.49232929944992065,0.6316115856170654,-0.28836590051651,0.9550274610519409,0.4839598536491394,0.6162641644477844,0.30250245332717896,0.06514261662960052,0.4987730085849762,0.685050368309021,-0.1198718324303627,0.999904215335846,0.4857068955898285,0.6745779514312744,0.11976419389247894,0.9995569586753845,0.49556398391723633,0.885841429233551,-0.2372097223997116,0.9957679510116577,0.3933655619621277,0.676023542881012,0.18255412578582764,0.9035207629203796,0.6017769575119019,0.858087420463562,-0.21333876252174377,0.9959551095962524,0.3992936611175537,0.860596239566803,0.23000159859657288,0.956459641456604,0.6237131357192993,0.8336573839187622,-0.20756271481513977,0.990103542804718,0.4121937155723572,0.8942846655845642,0.23247461020946503,0.9563766717910767,0.6106218099594116,0.925376296043396,-0.22117510437965393,0.9946302771568298,0.35408303141593933,0.8891168236732483,0.23386940360069275,0.9560529589653015
93,0.45318371057510376,0.3907392621040344,0.002040223451331258,0.9993570446968079,0.4543747901916504,0.37242868542671204,-0.021230800077319145,0.999274730682373,0.4556005597114563,0.37058398127555847,-0.02120095118880272,0.9992496967315674,0.4568936824798584,0.36859825253486633,-0.02116585522890091,0.9994252920150757,0.45353764295578003,0.3733613193035126,0.013561606407165527,0.9991871118545532,0.45406967401504517,0.37241050601005554,0.013571469113230705,0.998759925365448,0.4546881318092346,0.37129583954811096,0.013556011021137238,0.998691201210022,0.4679933190345764,0.36250945925712585,-0.08379652351140976,0.9996407628059387,0.4655669629573822,0.3646553158760071,0.07565534114837646,0.9972780346870422,0.4609522223472595,0.40069350600242615,-0.018825208768248558,0.9994379878044128,0.4599583148956299,0.4019143283367157,0.027061888948082924,0.9983332753181458,0.5000241994857788,0.422463595867157,-0.18027617037296295,0.9999973177909851,0.49533089995384216,0.43426093459129333,0.18569667637348175,0.9991694092750549,0.529126763343811,0.506317675113678,-0.28218385577201843,0.9972131848335266,0.5163798332214355,0.5012242794036865,0.31710460782051086,0.014333607628941536,0.5036590695381165,0.6075809001922607,-0.2808052599430084,0.991702139377594,0.49485522508621216,0.5608803033828735,0.4066212773323059,0.037887707352638245,0.49856486916542053,0.636717677116394,-0.3065841794013977,0.9818950891494751,0.4741300046443939,0.5463176369667053,0.43896570801734924,0.060249824076890945,0.4923664927482605,0.6306983232498169,-0.2889663577079773,0.9795666337013245,0.4726729393005371,0.546788215637207,0.41421380639076233,0.06174797564744949,0.49419498443603516,0.6221161484718323,-0.27085644006729126,0.9571678638458252,0.47493213415145874,0.5432468056678772,0.3986201584339142,0.06882656365633011,0.5009561777114868,0.6778652667999268,-0.11845499277114868,0.999913215637207,0.4860643446445465,0.6677942276000977,0.11831195652484894,0.9996002316474915,0.49566665291786194,0.8776382207870483,-0.22770150005817413,0.9959746599197388,0.39800822734832764,0.6772640347480774,0.1722717583179474,0.8994630575180054,0.6097434759140015,0.8581334352493286,-0.20335909724235535,0.9961314797401428,0.39978042244911194,0.8606274127960205,0.2235448807477951,0.9567974805831909,0.6348074674606323,0.8345328569412231,-0.19761070609092712,0.990820050239563,0.4117884635925293,0.8944407105445862,0.22488419711589813,0.9571254253387451,0.614227831363678,0.9254015684127808,-0.21497368812561035,0.9948745965957642,0.3549509346485138,0.8880488276481628,0.22031405568122864,0.9556854367256165
94,0.4566420018672943,0.3801022469997406,0.009170552715659142,0.999411940574646,0.45803889632225037,0.36238130927085876,-0.012527522630989552,0.9993379712104797,0.45920825004577637,0.3603901267051697,-0.012538177892565727,0.999316394329071,0.4604562222957611,0.35828903317451477,-0.012507935985922813,0.9994762539863586,0.4576064944267273,0.36498531699180603,0.020294368267059326,0.9992562532424927,0.45835718512535095,0.36492809653282166,0.020289313048124313,0.9988674521446228,0.4591968059539795,0.36470380425453186,0.020269159227609634,0.9988077282905579,0.47298747301101685,0.3527045249938965,-0.07251673936843872,0.9996733665466309,0.4711219370365143,0.35741522908210754,0.07774330675601959,0.997533917427063,0.46564117074012756,0.390876442193985,-0.010405615903437138,0.9994854927062988,0.46509212255477905,0.3939175009727478,0.032834626734256744,0.9984791874885559,0.5056488513946533,0.4183177649974823,-0.17166906595230103,0.9999974966049194,0.49898797273635864,0.43074414134025574,0.18458442389965057,0.9992182850837708,0.5328639149665833,0.48261401057243347,-0.2844858169555664,0.9974179863929749,0.5211429595947266,0.4955633282661438,0.3045170307159424,0.015094003640115261,0.5128185749053955,0.5910685062408447,-0.2851450443267822,0.9921637773513794,0.508820116519928,0.5645037889480591,0.3624229431152344,0.038781773298978806,0.5075027346611023,0.6196228265762329,-0.3127260208129883,0.9827366471290588,0.49990183115005493,0.5606107711791992,0.3846292197704315,0.0606357678771019,0.5008269548416138,0.6154618859291077,-0.29803943634033203,0.9804704189300537,0.4982183873653412,0.5605490803718567,0.3565860390663147,0.06231057271361351,0.5022724270820618,0.6084570288658142,-0.27632468938827515,0.9589610695838928,0.49983876943588257,0.5504111647605896,0.3518182635307312,0.06990274786949158,0.5021007061004639,0.6688142418861389,-0.11609189212322235,0.999919593334198,0.495189368724823,0.6642959713935852,0.11604432016611099,0.999635636806488,0.49597448110580444,0.865861177444458,-0.18013408780097961,0.9961960911750793,0.4498431086540222,0.7375644445419312,0.05378802865743637,0.8991872072219849,0.5824844837188721,0.8592029213905334,-0.15531156957149506,0.9962818026542664,0.4603653848171234,0.8615196943283081,0.03914642333984375,0.9584077000617981,0.603410005569458,0.8502237200737,-0.15078961849212646,0.9912109375,0.47010669112205505,0.8916260600090027,0.036564718931913376,0.9582992196083069,0.5986586809158325,0.9291934370994568,-0.16172446310520172,0.9950262308120728,0.43344956636428833,0.8976936936378479,0.01705550029873848,0.9573022127151489
95,0.4656631350517273,0.35591986775398254,0.026233414188027382,0.9993999004364014,0.46655911207199097,0.3387471139431,0.003673923434689641,0.9993276596069336,0.4677364230155945,0.3369165062904358,0.0036616523284465075,0.9993022084236145,0.46887093782424927,0.3348812758922577,0.0037179342471063137,0.999474287033081,0.4660132825374603,0.340644896030426,0.03864797204732895,0.9992472529411316,0.46672672033309937,0.3401816785335541,0.038653016090393066,0.9988375902175903,0.4674586355686188,0.33960309624671936,0.03862149268388748,0.998805820941925,0.4805348813533783,0.3273378014564514,-0.06169478967785835,0.9996592402458191,0.4787479043006897,0.33103305101394653,0.0991431325674057,0.9975245594978333,0.4746464192867279,0.3661068379878998,0.004535011015832424,0.9994516372680664,0.4739156663417816,0.3686307370662689,0.05088089779019356,0.9983904957771301,0.5171833634376526,0.38467085361480713,-0.171578511595726,0.999997615814209,0.5090088844299316,0.3983999788761139,0.20018251240253448,0.9992345571517944,0.5431345105171204,0.45596641302108765,-0.3167131841182709,0.9975429773330688,0.5323358774185181,0.4757087826728821,0.3361397981643677,0.014496194198727608,0.5221012830734253,0.5604938864707947,-0.3706275522708893,0.992514967918396,0.5186817049980164,0.5550965666770935,0.42388081550598145,0.036921799182891846,0.5159504413604736,0.5920253992080688,-0.40490230917930603,0.9834829568862915,0.5107070207595825,0.5691558122634888,0.4530625343322754,0.05787384510040283,0.5104004740715027,0.5892276167869568,-0.38515082001686096,0.9812822341918945,0.5074332356452942,0.5713938474655151,0.4240296483039856,0.059511054307222366,0.5116230845451355,0.5812812447547913,-0.3616078495979309,0.9600805044174194,0.5111167430877686,0.5624822974205017,0.413776695728302,0.06700310111045837,0.516090989112854,0.6432187557220459,-0.1179814487695694,0.9999244213104248,0.5025631189346313,0.6349251866340637,0.11789468675851822,0.9996658563613892,0.5126522183418274,0.827191174030304,-0.19867345690727234,0.9961673617362976,0.43437284231185913,0.6994421482086182,0.057189397513866425,0.8995128870010376,0.6199409365653992,0.859570324420929,-0.22383801639080048,0.9961655139923096,0.4156897962093353,0.8613942265510559,0.08129647374153137,0.9569845795631409,0.6444761157035828,0.856701135635376,-0.22313594818115234,0.9909641146659851,0.42425140738487244,0.892179548740387,0.08216290920972824,0.9570460319519043,0.6006880402565002,0.9315944910049438,-0.263192743062973,0.9948797821998596,0.3710455000400543,0.8826180100440979,0.055334217846393585,0.9546226859092712
96,0.4748314321041107,0.3343237638473511,0.04158276692032814,0.999392032623291,0.4749639630317688,0.3171467185020447,0.018873974680900574,0.999312698841095,0.476240336894989,0.3149353563785553,0.01884802058339119,0.9992875456809998,0.4775809645652771,0.3125896751880646,0.01889338530600071,0.9994717836380005,0.47395315766334534,0.31888824701309204,0.05387987568974495,0.9992364645004272,0.4744461476802826,0.31825801730155945,0.05388663336634636,0.9988142251968384,0.47501295804977417,0.3174920380115509,0.053851168602705,0.9988144636154175,0.48956727981567383,0.30312973260879517,-0.04862372577190399,0.9996469020843506,0.4863336682319641,0.3076721727848053,0.11261377483606339,0.9975785613059998,0.48386088013648987,0.3429192304611206,0.01921135187149048,0.9994357824325562,0.4825821816921234,0.3454609215259552,0.0656151995062828,0.9983945488929749,0.5254262685775757,0.3561345338821411,-0.1646464765071869,0.9999977350234985,0.5160217881202698,0.3705577850341797,0.2108759880065918,0.9992772340774536,0.552656352519989,0.4285525977611542,-0.31684136390686035,0.9976817965507507,0.540044367313385,0.4594675302505493,0.3388369083404541,0.014064465649425983,0.5333360433578491,0.5338957905769348,-0.3743930160999298,0.9927138090133667,0.5275693535804749,0.5436664819717407,0.41689103841781616,0.03515903651714325,0.5281766653060913,0.5673291087150574,-0.40862688422203064,0.9839093089103699,0.5201796293258667,0.5668909549713135,0.44435492157936096,0.05498098209500313,0.5211791396141052,0.5633659958839417,-0.387852281332016,0.9817229509353638,0.5175166726112366,0.5650303959846497,0.41581982374191284,0.05659933015704155,0.5222671031951904,0.5542850494384766,-0.3653396964073181,0.9603999257087708,0.5194046497344971,0.5557898283004761,0.4066190719604492,0.06386923789978027,0.5294033288955688,0.6138689517974854,-0.1179400309920311,0.9999276399612427,0.5121585130691528,0.6078971028327942,0.11784621328115463,0.9996923208236694,0.5230672359466553,0.803743302822113,-0.19531822204589844,0.9962170124053955,0.43507423996925354,0.6910898685455322,0.0012609475525096059,0.8986150622367859,0.6304007768630981,0.8596033453941345,-0.21062986552715302,0.996094286441803,0.40771612524986267,0.8578581213951111,-0.0018179984763264656,0.9568385481834412,0.6544224619865417,0.8587074875831604,-0.20913800597190857,0.9903684258460999,0.41390690207481384,0.8917021751403809,-0.0037899527233093977,0.9555166959762573,0.6021349430084229,0.9329339861869812,-0.24593313038349152,0.9946862459182739,0.3624002933502197,0.8624027967453003,-0.04687289521098137,0.9537774324417114
97,0.48370689153671265,0.31752127408981323,0.035757943987846375,0.9993031620979309,0.4824662208557129,0.298458069562912,0.01260185707360506,0.9992237091064453,0.48359519243240356,0.2961314916610718,0.012574608437716961,0.9992239475250244,0.48486870527267456,0.2936236560344696,0.012615339830517769,0.9994248747825623,0.48158878087997437,0.300192266702652,0.0483299121260643,0.9991308450698853,0.48202046751976013,0.2992793619632721,0.04832257330417633,0.9986928105354309,0.48252400755882263,0.298299103975296,0.04827985167503357,0.9987379908561707,0.49651211500167847,0.28212615847587585,-0.054221462458372116,0.9996088743209839,0.4931789040565491,0.2876471281051636,0.11056439578533173,0.9975183010101318,0.4926164746284485,0.3243542015552521,0.013930218294262886,0.9993897676467896,0.49136048555374146,0.3269520103931427,0.06133728474378586,0.998310923576355,0.5338199734687805,0.33248865604400635,-0.16817544400691986,0.9999977946281433,0.5221801996231079,0.35053545236587524,0.21431997418403625,0.9992839097976685,0.5619626641273499,0.40150484442710876,-0.3293641209602356,0.9978323578834534,0.5451249480247498,0.4294840395450592,0.3582458198070526,0.014239749871194363,0.5438777208328247,0.505791962146759,-0.40255776047706604,0.9929621815681458,0.5362321734428406,0.5145947933197021,0.4658723771572113,0.03413864225149155,0.5388094186782837,0.5369014143943787,-0.43807539343833923,0.984419584274292,0.529733419418335,0.5375878214836121,0.4992297291755676,0.05290552228689194,0.5340891480445862,0.5336496233940125,-0.416966050863266,0.9822748303413391,0.5282716155052185,0.537203311920166,0.4750346541404724,0.05459115654230118,0.5350006222724915,0.5237662196159363,-0.39378949999809265,0.960818886756897,0.5296875834465027,0.5303469896316528,0.45828571915626526,0.06162380799651146,0.5438376665115356,0.5874665975570679,-0.1179816722869873,0.99992436170578,0.5219963788986206,0.5855157971382141,0.11787440627813339,0.9996969103813171,0.53432297706604,0.7824622392654419,-0.17902889847755432,0.9964316487312317,0.44869041442871094,0.6909891366958618,0.026981905102729797,0.8999688029289246,0.6341883540153503,0.8637486696243286,-0.19733926653862,0.9963109493255615,0.40880775451660156,0.8521853089332581,0.03241892158985138,0.9576037526130676,0.6599313020706177,0.8698228597640991,-0.2023756504058838,0.9901734590530396,0.41454190015792847,0.8905448317527771,0.030971089377999306,0.9536837339401245,0.6029138565063477,0.9337716102600098,-0.2415836751461029,0.9948478937149048,0.3641848564147949,0.8421487808227539,-0.01855822466313839,0.9538154602050781
98,0.4888283312320709,0.29736870527267456,0.032567061483860016,0.9992648959159851,0.48788052797317505,0.27821114659309387,0.00982433557510376,0.9991996884346008,0.4890870451927185,0.27588674426078796,0.009795140475034714,0.9992122650146484,0.49035006761550903,0.2733873426914215,0.009822223335504532,0.9994232058525085,0.4870935380458832,0.2801046073436737,0.04578631743788719,0.9990899562835693,0.4875975251197815,0.27942073345184326,0.04579349607229233,0.9986502528190613,0.48814401030540466,0.27855604887008667,0.04576708748936653,0.9987080693244934,0.5020982027053833,0.2624552845954895,-0.05626874044537544,0.9996088743209839,0.4990319311618805,0.2678596079349518,0.1093679815530777,0.9974703192710876,0.4985432028770447,0.30538320541381836,0.011043190956115723,0.9993883371353149,0.49720844626426697,0.3078329861164093,0.058679334819316864,0.9983100891113281,0.543536901473999,0.3089764416217804,-0.16963686048984528,0.9999979138374329,0.5294128060340881,0.33119043707847595,0.21529988944530487,0.9992575645446777,0.5722449421882629,0.3816521167755127,-0.32083603739738464,0.9980056285858154,0.5499764084815979,0.42204999923706055,0.3372744023799896,0.014407084323465824,0.5526205897331238,0.48624178767204285,-0.3808338940143585,0.993474543094635,0.5390438437461853,0.4952887296676636,0.4458743929862976,0.03331642225384712,0.5476745367050171,0.519983172416687,-0.4179653227329254,0.9854972958564758,0.5330923199653625,0.5179204344749451,0.48144403100013733,0.05111591890454292,0.5413475632667542,0.5172979831695557,-0.39757806062698364,0.9834861159324646,0.5318211317062378,0.5174681544303894,0.4544394016265869,0.052845850586891174,0.5424584746360779,0.5084211826324463,-0.3716055452823639,0.9630678296089172,0.5333783626556396,0.5120405554771423,0.4455536901950836,0.05953671783208847,0.5540676712989807,0.561278223991394,-0.11751867830753326,0.9999210238456726,0.5339537858963013,0.5603410005569458,0.11739768832921982,0.9996775984764099,0.5473188161849976,0.7584514021873474,-0.17189748585224152,0.9966042637825012,0.46459731459617615,0.686336874961853,0.043606799095869064,0.8995005488395691,0.6385815143585205,0.8696993589401245,-0.19134484231472015,0.9964920878410339,0.4194752275943756,0.8459786176681519,0.04019030183553696,0.957732081413269,0.6625253558158875,0.8864427208900452,-0.2021171599626541,0.9898199439048767,0.4208558201789856,0.8872215151786804,0.03730376809835434,0.9507557153701782,0.6040337085723877,0.9335759282112122,-0.25431016087532043,0.9949374198913574,0.37016215920448303,0.8319240212440491,-0.01615877076983452,0.9536095857620239
99,0.49362167716026306,0.277414470911026,0.02724146470427513,0.9992768168449402,0.49344223737716675,0.257171094417572,0.004369768779724836,0.9992197751998901,0.4949463903903961,0.2545759975910187,0.004355560056865215,0.9992375373840332,0.4964376389980316,0.2519111931324005,0.004391871392726898,0.9994445443153381,0.4920768737792969,0.25982609391212463,0.03994888812303543,0.9991065263748169,0.49252644181251526,0.2592586874961853,0.03995751217007637,0.9986886978149414,0.4930644631385803,0.2584103047847748,0.03992751985788345,0.9987456798553467,0.5079833269119263,0.24169962108135223,-0.06118810921907425,0.9996241331100464,0.5047202706336975,0.24723348021507263,0.10328547656536102,0.9975507259368896,0.5044022798538208,0.2859334945678711,0.005727869458496571,0.9994062781333923,0.5028773546218872,0.28891345858573914,0.05303831771016121,0.9983649253845215,0.5503652691841125,0.29471489787101746,-0.17165210843086243,0.9999979734420776,0.5355101823806763,0.31363987922668457,0.208844855427742,0.9992069602012634,0.5777884721755981,0.3672459125518799,-0.3060764670372009,0.9981332421302795,0.5563042163848877,0.40132051706314087,0.3162192702293396,0.014832724817097187,0.5576602220535278,0.474955677986145,-0.35737910866737366,0.9937964081764221,0.5479711294174194,0.48059430718421936,0.3436087965965271,0.03270716220140457,0.5524914860725403,0.5025310516357422,-0.3938925862312317,0.9861665964126587,0.5427364706993103,0.5032102465629578,0.36147570610046387,0.04952109232544899,0.5470036268234253,0.49998223781585693,-0.37630695104599,0.9842417240142822,0.541779637336731,0.5025794506072998,0.3343474268913269,0.05130362510681152,0.5478290319442749,0.4926610589027405,-0.3482077419757843,0.964358389377594,0.5433393716812134,0.4978111982345581,0.33285436034202576,0.05773915350437164,0.5620972514152527,0.5515593886375427,-0.11623146384954453,0.9999210238456726,0.5416284203529358,0.548302948474884,0.11609922349452972,0.9996693134307861,0.5620571374893188,0.7459026575088501,-0.16964459419250488,0.9966936111450195,0.4748324751853943,0.6762259602546692,0.03554455190896988,0.9008616209030151,0.6418569087982178,0.8766457438468933,-0.18718355894088745,0.9966710805892944,0.4434899687767029,0.8448026776313782,0.03505934774875641,0.9588598608970642,0.6664367914199829,0.9015530347824097,-0.19926592707633972,0.9895046949386597,0.44992151856422424,0.8860078454017639,0.03246172517538071,0.9498944282531738,0.6061968803405762,0.9334754943847656,-0.25917378067970276,0.9950947165489197,0.39775362610816956,0.8377209901809692,-0.01727886125445366,0.9548739194869995
100,0.49981752038002014,0.26347124576568604,0.013473098166286945,0.9993259310722351,0.49958062171936035,0.24321649968624115,-0.009727833792567253,0.9992740750312805,0.50128573179245,0.2403641790151596,-0.009776650927960873,0.9992935657501221,0.5029562711715698,0.23752401769161224,-0.009780162945389748,0.9994857907295227,0.4979291558265686,0.2460183948278427,0.02555983141064644,0.9991664886474609,0.49827438592910767,0.24542994797229767,0.025585908442735672,0.9987800121307373,0.4987275004386902,0.24457524716854095,0.025595739483833313,0.998829185962677,0.5148576498031616,0.2275339961051941,-0.07098586112260818,0.9996538162231445,0.510412335395813,0.23408523201942444,0.0897437110543251,0.9977274537086487,0.5112251043319702,0.2721863090991974,-0.00579011719673872,0.9994454383850098,0.5093053579330444,0.2740863859653473,0.040525130927562714,0.9984692335128784,0.558259129524231,0.2868867516517639,-0.1762877255678177,0.9999980330467224,0.5426501631736755,0.29943597316741943,0.19893446564674377,0.9991355538368225,0.5825059413909912,0.3576173186302185,-0.2839394211769104,0.9982608556747437,0.5606188774108887,0.38352465629577637,0.30458804965019226,0.014580562710762024,0.5631338953971863,0.4644208252429962,-0.28085198998451233,0.9941294193267822,0.5533586740493774,0.4691523313522339,0.33872073888778687,0.031500618904829025,0.5590299963951111,0.4897971749305725,-0.30862846970558167,0.9868506193161011,0.5484678149223328,0.4940357506275177,0.3548866808414459,0.047543965280056,0.5533524751663208,0.4872903525829315,-0.2976590394973755,0.9850231409072876,0.5474401116371155,0.4934917390346527,0.32798513770103455,0.04933689162135124,0.5543283224105835,0.4797774851322174,-0.2732727527618408,0.9659557938575745,0.549660325050354,0.4851077198982239,0.3270701766014099,0.055607546120882034,0.5676888823509216,0.5420054197311401,-0.11570312827825546,0.9999215602874756,0.5487426519393921,0.5387515425682068,0.11561453342437744,0.9996675252914429,0.5742731094360352,0.7329809665679932,-0.16653753817081451,0.9968289732933044,0.4829455316066742,0.6619947552680969,0.02108733542263508,0.9042084217071533,0.6445432901382446,0.8800119161605835,-0.17779740691184998,0.9968758225440979,0.47684726119041443,0.8456144332885742,0.03667258471250534,0.960382342338562,0.6690106391906738,0.9062201380729675,-0.18432742357254028,0.9896666407585144,0.4888525903224945,0.884468138217926,0.0351392962038517,0.9507529139518738,0.6083584427833557,0.9333765506744385,-0.25165027379989624,0.9953541159629822,0.43076929450035095,0.8401241898536682,-0.008610685355961323,0.9566194415092468
101,0.5023465156555176,0.24912603199481964,-0.009756790474057198,0.9993709325790405,0.5033579468727112,0.22840936481952667,-0.032602954655885696,0.9993211030960083,0.505120038986206,0.22563804686069489,-0.032674260437488556,0.9993431568145752,0.5069535970687866,0.22285054624080658,-0.032690856605768204,0.9995214343070984,0.5015175938606262,0.23083701729774475,0.0017815014580264688,0.999219536781311,0.5018965601921082,0.23008714616298676,0.0018245812971144915,0.9988604187965393,0.5024067163467407,0.22907522320747375,0.0018273601308465004,0.9989023208618164,0.5199559926986694,0.21381761133670807,-0.09011144936084747,0.9996808767318726,0.5156556963920593,0.21896257996559143,0.0663621574640274,0.9978983998298645,0.5136550068855286,0.25785136222839355,-0.027654031291604042,0.9994810223579407,0.5119034051895142,0.25976642966270447,0.017532851547002792,0.9985623955726624,0.5611523985862732,0.2716865837574005,-0.18420490622520447,0.9999979734420776,0.5455021262168884,0.2864623963832855,0.167678564786911,0.9990563988685608,0.5870944857597351,0.3482515811920166,-0.26881343126296997,0.9983353018760681,0.5666611194610596,0.36060625314712524,0.2452603280544281,0.014479686506092548,0.5658144354820251,0.4522952139377594,-0.2416427880525589,0.9940119385719299,0.5586572885513306,0.44719183444976807,0.24340620636940002,0.030152512714266777,0.5620855093002319,0.4776609241962433,-0.26792070269584656,0.9864886999130249,0.5544440150260925,0.4724910259246826,0.2486124038696289,0.04527134820818901,0.5569413900375366,0.4744943082332611,-0.26060038805007935,0.9846463203430176,0.5536280870437622,0.4727987051010132,0.22134080529212952,0.04703788086771965,0.5579780340194702,0.46686846017837524,-0.23567350208759308,0.9652936458587646,0.5551918745040894,0.46708133816719055,0.2294658124446869,0.05308027192950249,0.5736547708511353,0.532148003578186,-0.11033663898706436,0.99991774559021,0.5510269403457642,0.5319777131080627,0.11033214628696442,0.9996539950370789,0.586377739906311,0.7192109823226929,-0.15271469950675964,0.9969644546508789,0.4917961657047272,0.6615461707115173,0.026725932955741882,0.9111188054084778,0.6465070247650146,0.8813563585281372,-0.15105238556861877,0.9971042275428772,0.5131425261497498,0.8463277816772461,0.05914851278066635,0.9629008173942566,0.6668696403503418,0.9096749424934387,-0.15528559684753418,0.9898836612701416,0.5271738171577454,0.8836248517036438,0.05651808902621269,0.9528118968009949,0.6084181070327759,0.9310888648033142,-0.24489445984363556,0.9956735372543335,0.472123920917511,0.8612546324729919,0.022697236388921738,0.959273099899292
102,0.5065115690231323,0.23824234306812286,-0.037564247846603394,0.9993853569030762,0.5078603625297546,0.21885547041893005,-0.06016208976507187,0.999331533908844,0.5094922780990601,0.21639683842658997,-0.06023819372057915,0.9993680715560913,0.5111985802650452,0.21380865573883057,-0.060257069766521454,0.9995371699333191,0.5062156915664673,0.22060194611549377,-0.02499731443822384,0.9992165565490723,0.5065644979476929,0.2196498066186905,-0.02495061419904232,0.9988623857498169,0.5070688724517822,0.21841557323932648,-0.024963168427348137,0.9988712668418884,0.5237613916397095,0.2052329182624817,-0.1144258975982666,0.9996980428695679,0.5197309851646423,0.20904311537742615,0.0457984134554863,0.9979212880134583,0.5175140500068665,0.24749305844306946,-0.05410228297114372,0.999493420124054,0.5155577063560486,0.24846939742565155,-0.007810319773852825,0.9985496401786804,0.56550532579422,0.25997522473335266,-0.20604805648326874,0.9999980330467224,0.5478566884994507,0.27741244435310364,0.14984574913978577,0.9988351464271545,0.5899456739425659,0.33981671929359436,-0.29173991084098816,0.9984248876571655,0.5670783519744873,0.36044174432754517,0.21317338943481445,0.014408647082746029,0.5673214793205261,0.4490891695022583,-0.26329559087753296,0.994193434715271,0.5598503351211548,0.4480844736099243,0.18439415097236633,0.0291871540248394,0.5642610788345337,0.477005273103714,-0.27955397963523865,0.9867701530456543,0.5570892691612244,0.47650831937789917,0.1865559220314026,0.04348020628094673,0.5587279796600342,0.47456780076026917,-0.30839648842811584,0.9849809408187866,0.5543948411941528,0.476834237575531,0.1588210165500641,0.04520949721336365,0.5596856474876404,0.46652594208717346,-0.24271173775196075,0.9659395217895508,0.555919349193573,0.4671162962913513,0.16954649984836578,0.050937261432409286,0.5787239670753479,0.5245965719223022,-0.10900942236185074,0.9999141693115234,0.5579625964164734,0.5276852250099182,0.10902087390422821,0.9996159672737122,0.5993753671646118,0.7087454199790955,-0.1439683884382248,0.9970353841781616,0.5089428424835205,0.6593157649040222,0.07388835400342941,0.9173656702041626,0.6477629542350769,0.8803502321243286,-0.13067811727523804,0.9972884058952332,0.5450073480606079,0.8381805419921875,0.1661757379770279,0.9646420478820801,0.6661635637283325,0.9094547033309937,-0.1341370791196823,0.9899629950523376,0.5626294016838074,0.8727093935012817,0.17082127928733826,0.9537979960441589,0.6088835000991821,0.9283086061477661,-0.23896291851997375,0.995928943157196,0.5058481097221375,0.8720654249191284,0.12890012562274933,0.9611397385597229
103,0.5118623971939087,0.23029200732707977,-0.02555050514638424,0.9993782043457031,0.5130028128623962,0.2110843062400818,-0.04876948893070221,0.9993207454681396,0.5145545601844788,0.20910650491714478,-0.048842936754226685,0.9993762969970703,0.516230046749115,0.20688502490520477,-0.04886342212557793,0.9995417594909668,0.5115610361099243,0.2121787965297699,-0.013662723824381828,0.9991834759712219,0.5120023488998413,0.2112646996974945,-0.013604797422885895,0.99881511926651,0.5126110315322876,0.21009305119514465,-0.013612968847155571,0.9987928867340088,0.5289361476898193,0.19785091280937195,-0.10504452139139175,0.9997102618217468,0.5247044563293457,0.20126865804195404,0.05546222999691963,0.9979259371757507,0.5221746563911438,0.23947209119796753,-0.04265245050191879,0.9994950890541077,0.5203227400779724,0.24007315933704376,0.003705086885020137,0.9984957575798035,0.566327691078186,0.2513273060321808,-0.19954465329647064,0.9999980926513672,0.5499682426452637,0.26963579654693604,0.15893782675266266,0.9986830949783325,0.5929499864578247,0.3270188271999359,-0.29868409037590027,0.9984699487686157,0.5697938203811646,0.35085928440093994,0.24488671123981476,0.014164186082780361,0.5702453255653381,0.4364670515060425,-0.31600886583328247,0.9942613244056702,0.5618849992752075,0.4416915774345398,0.2474784553050995,0.028829684481024742,0.567711591720581,0.4642505347728729,-0.34922558069229126,0.9869370460510254,0.559226393699646,0.47186166048049927,0.25439244508743286,0.04279090091586113,0.5618992447853088,0.4621763527393341,-0.3502473831176758,0.9851678013801575,0.5565546751022339,0.47183167934417725,0.22542352974414825,0.04454122856259346,0.5624864101409912,0.4537370800971985,-0.30942443013191223,0.9663228392601013,0.557856023311615,0.46095195412635803,0.23296478390693665,0.050066374242305756,0.5801441073417664,0.5186692476272583,-0.10899058729410172,0.999910295009613,0.5614535212516785,0.52457594871521,0.10902538150548935,0.9995693564414978,0.6051048040390015,0.6959537267684937,-0.15435059368610382,0.9968683123588562,0.521351158618927,0.6622912883758545,0.07861576229333878,0.9208598732948303,0.6502642631530762,0.8791871666908264,-0.1500788927078247,0.9973161816596985,0.5788997411727905,0.8284492492675781,0.15994954109191895,0.9629841446876526,0.6689366102218628,0.9086661338806152,-0.152555912733078,0.9893302321434021,0.5972789525985718,0.8546426296234131,0.16394761204719543,0.9517372250556946,0.6101705431938171,0.9273761510848999,-0.2573561370372772,0.9959685802459717,0.5376554727554321,0.8754836916923523,0.12576867640018463,0.9606338143348694
104,0.5149300694465637,0.22524335980415344,-0.02049168199300766,0.9993614554405212,0.5164934396743774,0.20516952872276306,-0.04402496665716171,0.9993000030517578,0.5182473659515381,0.20305554568767548,-0.04409542679786682,0.9993790984153748,0.5201267004013062,0.20078891515731812,-0.044119060039520264,0.9995390176773071,0.5147804021835327,0.20628602802753448,-0.009058489464223385,0.9991239905357361,0.5151872038841248,0.2053452581167221,-0.009002557024359703,0.9987385869026184,0.5157631039619446,0.20422227680683136,-0.009012424387037754,0.9986693859100342,0.5331610441207886,0.1925322413444519,-0.10005810111761093,0.9997179508209229,0.5281737446784973,0.1966431438922882,0.060085564851760864,0.9978540539741516,0.5254067778587341,0.2353450357913971,-0.03715896233916283,0.999491810798645,0.5231038331985474,0.23570412397384644,0.009052697569131851,0.998416543006897,0.5705968141555786,0.24936307966709137,-0.19842873513698578,0.9999980926513672,0.5515146255493164,0.26783287525177,0.16086655855178833,0.9985696077346802,0.5941925048828125,0.3209287226200104,-0.29609763622283936,0.9984559416770935,0.5700608491897583,0.3494739830493927,0.23308876156806946,0.014052589423954487,0.5737676620483398,0.43035486340522766,-0.3216451406478882,0.9941622614860535,0.5634897947311401,0.4365820288658142,0.21130284667015076,0.02921385131776333,0.5715240836143494,0.45906174182891846,-0.3563545346260071,0.9869275689125061,0.5615294575691223,0.4650387763977051,0.21371249854564667,0.04359826818108559,0.5655775666236877,0.4568587839603424,-0.3525788486003876,0.985191285610199,0.5592348575592041,0.46434974670410156,0.18561090528964996,0.045450545847415924,0.5662233829498291,0.4479668140411377,-0.3172081410884857,0.9665610790252686,0.5604504346847534,0.45438623428344727,0.19647864997386932,0.05066344514489174,0.5837651491165161,0.5132349133491516,-0.10895329713821411,0.9999076724052429,0.5645140409469604,0.5197592973709106,0.10899890959262848,0.9995149374008179,0.6079727411270142,0.6859301328659058,-0.15114982426166534,0.9966368675231934,0.5395352840423584,0.6624146699905396,0.1313122808933258,0.9206540584564209,0.6502529382705688,0.8785133361816406,-0.15553638339042664,0.9972951412200928,0.6034919023513794,0.8219319581985474,0.22263820469379425,0.9586493968963623,0.6702406406402588,0.9107637405395508,-0.15878446400165558,0.9886213541030884,0.620153546333313,0.8426024317741394,0.2278611958026886,0.9468948841094971,0.6103427410125732,0.9262651801109314,-0.26150137186050415,0.9959969520568848,0.5630034804344177,0.8759623169898987,0.19390179216861725,0.959138810634613
105,0.5175997018814087,0.21853837370872498,-0.018469203263521194,0.9993650913238525,0.5194562077522278,0.1982373148202896,-0.042194563895463943,0.9993045926094055,0.5212472677230835,0.19616477191448212,-0.042265333235263824,0.9993942379951477,0.5231813192367554,0.19398467242717743,-0.04229436069726944,0.9995459318161011,0.5176786780357361,0.1997750848531723,-0.00745769077911973,0.9991171956062317,0.5180512070655823,0.1990738809108734,-0.00739885400980711,0.9987354874610901,0.5185828804969788,0.19812051951885223,-0.007396548055112362,0.9986501336097717,0.536564290523529,0.18769143521785736,-0.09767483174800873,0.9997313618659973,0.5312128663063049,0.19170042872428894,0.06155141443014145,0.997866690158844,0.5283490419387817,0.2293420135974884,-0.034635454416275024,0.9994959235191345,0.5256727933883667,0.22997985780239105,0.01127307303249836,0.9984014630317688,0.5723248720169067,0.2482314258813858,-0.1932334452867508,0.9999980330467224,0.5553995370864868,0.265220582485199,0.16111935675144196,0.9984964728355408,0.5973373651504517,0.31809091567993164,-0.264537513256073,0.9984204173088074,0.5766221284866333,0.34889912605285645,0.21698395907878876,0.013811825774610043,0.5771197080612183,0.42910778522491455,-0.2483854740858078,0.9935557246208191,0.5673094391822815,0.43616050481796265,0.17648302018642426,0.028708327561616898,0.5740476250648499,0.4582686424255371,-0.27561038732528687,0.985840916633606,0.5661129355430603,0.45929253101348877,0.17544212937355042,0.043006036430597305,0.5683637261390686,0.4559641182422638,-0.27038776874542236,0.9840290546417236,0.5635257363319397,0.45904359221458435,0.14748364686965942,0.04491607844829559,0.5691055655479431,0.4470701813697815,-0.2433539181947708,0.9649115204811096,0.5648236274719238,0.4529668688774109,0.1609061062335968,0.049830518662929535,0.5852880477905273,0.5127536654472351,-0.10830359160900116,0.9998995661735535,0.5665506720542908,0.5188632011413574,0.10833065211772919,0.9994588494300842,0.6069758534431458,0.6848258376121521,-0.1376154124736786,0.9963691830635071,0.5571380257606506,0.6698248386383057,0.12668129801750183,0.9184021353721619,0.6523104310035706,0.8779503107070923,-0.137393981218338,0.9972487688064575,0.6169195771217346,0.8259426355361938,0.19058433175086975,0.956548273563385,0.6714855432510376,0.9115731120109558,-0.14187587797641754,0.9879053235054016,0.6301487684249878,0.8517690300941467,0.1927211433649063,0.9445507526397705,0.6105322241783142,0.9227839112281799,-0.2432575523853302,0.9960238337516785,0.5828819870948792,0.8843253254890442,0.1550803780555725,0.9594849944114685
106,0.5199845433235168,0.21280144155025482,-0.01577245257794857,0.9993559718132019,0.5220674872398376,0.19231145083904266,-0.03912549093365669,0.9993076920509338,0.523924708366394,0.19050298631191254,-0.039187874644994736,0.9994063973426819,0.5259212851524353,0.18851220607757568,-0.0391988530755043,0.9995495080947876,0.5203333497047424,0.19357074797153473,-0.004258223343640566,0.9991065859794617,0.5208215713500977,0.1928517073392868,-0.0042092385701835155,0.998733401298523,0.5214858651161194,0.19183601438999176,-0.004219219088554382,0.9986370205879211,0.5397571921348572,0.18342965841293335,-0.09648274630308151,0.9997392296791077,0.534514844417572,0.1861627995967865,0.06369513273239136,0.9978547096252441,0.5303548574447632,0.22389644384384155,-0.033670902252197266,0.999487578868866,0.5278607606887817,0.2244853526353836,0.012597441673278809,0.9983707070350647,0.5735732316970825,0.24936670064926147,-0.1855769008398056,0.9999976754188538,0.5587359666824341,0.26282572746276855,0.16480442881584167,0.9983735680580139,0.596894383430481,0.3195110857486725,-0.2500743865966797,0.9983489513397217,0.5784024596214294,0.3476529121398926,0.22203442454338074,0.013985039666295052,0.5788297653198242,0.42866456508636475,-0.22529177367687225,0.9927776455879211,0.5699037909507751,0.43568623065948486,0.18493518233299255,0.02849944308400154,0.5757977366447449,0.4575040638446808,-0.25102776288986206,0.9844674468040466,0.5692322254180908,0.4608725309371948,0.18556860089302063,0.042875196784734726,0.5703752636909485,0.4550655782222748,-0.24533894658088684,0.9825593829154968,0.5670031905174255,0.4610499441623688,0.15725573897361755,0.04488042742013931,0.5709013342857361,0.4464706778526306,-0.21992191672325134,0.9630551338195801,0.567639946937561,0.45265328884124756,0.16961351037025452,0.049488868564367294,0.5860655903816223,0.5153917074203491,-0.1086130291223526,0.9998509287834167,0.5691177845001221,0.5215487480163574,0.10862500965595245,0.9991801977157593,0.6056541204452515,0.6895040273666382,-0.11321213096380234,0.9957001805305481,0.5755088329315186,0.6822202801704407,0.13957315683364868,0.9089630246162415,0.6530643701553345,0.8777965307235718,-0.09611101448535919,0.9969606399536133,0.6274919509887695,0.8355448246002197,0.18846407532691956,0.9506685137748718,0.6711252927780151,0.9111241102218628,-0.0989876538515091,0.9872086048126221,0.641061007976532,0.8574496507644653,0.18923652172088623,0.9393774271011353,0.6108578443527222,0.9168142676353455,-0.18556542694568634,0.9957468509674072,0.5939086675643921,0.8914746046066284,0.14857852458953857,0.957486093044281
107,0.5212332010269165,0.2100299894809723,-0.0036254567094147205,0.9992879629135132,0.523276686668396,0.19001564383506775,-0.02586471475660801,0.9992790818214417,0.5250293016433716,0.18861454725265503,-0.02592678740620613,0.9993870854377747,0.526902437210083,0.18702194094657898,-0.02594655752182007,0.9995311498641968,0.5220237374305725,0.19061192870140076,0.008975327014923096,0.9990333914756775,0.5227257013320923,0.18983322381973267,0.008997900411486626,0.9986554384231567,0.5236303806304932,0.1887829601764679,0.008994095027446747,0.9985660910606384,0.5408144593238831,0.18319645524024963,-0.08217781782150269,0.9997231364250183,0.536780834197998,0.18418541550636292,0.07483123242855072,0.9977120757102966,0.531271755695343,0.22202159464359283,-0.020608995109796524,0.9994314312934875,0.529305100440979,0.22217324376106262,0.024742625653743744,0.998242199420929,0.5734217762947083,0.25117793679237366,-0.1789005696773529,0.9999972581863403,0.562987744808197,0.2612769901752472,0.174813374876976,0.9982045292854309,0.5961350798606873,0.32609641551971436,-0.2538629174232483,0.9983159899711609,0.5817791819572449,0.3494868576526642,0.2336084395647049,0.014567685313522816,0.5773099064826965,0.4324498474597931,-0.2429714947938919,0.9926145672798157,0.5724570751190186,0.43363824486732483,0.2006199061870575,0.028833793476223946,0.5747998952865601,0.4610474109649658,-0.2718563675880432,0.9841968417167664,0.5704124569892883,0.4613736867904663,0.20440566539764404,0.043545108288526535,0.5695441961288452,0.45812496542930603,-0.2612913250923157,0.9823076725006104,0.5681709051132202,0.4595642387866974,0.17463639378547668,0.045717041939496994,0.5698211193084717,0.4495704174041748,-0.2360471785068512,0.9631698131561279,0.568905234336853,0.4505453407764435,0.18550463020801544,0.05008101835846901,0.5831522941589355,0.5159047842025757,-0.11076498031616211,0.9997485280036926,0.5781491994857788,0.5141677856445312,0.110719695687294,0.9984155893325806,0.597703218460083,0.6961544752120972,-0.09841205924749374,0.9894178509712219,0.596004843711853,0.6896150708198547,0.13188673555850983,0.857031524181366,0.650531530380249,0.8795694708824158,-0.07410891354084015,0.9937254190444946,0.6385626792907715,0.8378573656082153,0.17444568872451782,0.9058666229248047,0.6695329546928406,0.9129552245140076,-0.0750054270029068,0.9841165542602539,0.6505829691886902,0.8600082993507385,0.17573095858097076,0.9107001423835754,0.6052029728889465,0.912603497505188,-0.14652231335639954,0.9926217198371887,0.6022199988365173,0.8887178897857666,0.13606666028499603,0.9308727979660034
108,0.5224547982215881,0.2085578441619873,0.000865153968334198,0.9992695450782776,0.5249121785163879,0.1886785477399826,-0.021191304549574852,0.9992917776107788,0.5266591310501099,0.18733319640159607,-0.021246468648314476,0.9993992447853088,0.5285306572914124,0.1858287751674652,-0.021262217313051224,0.9995376467704773,0.5235310792922974,0.18909744918346405,0.013564023189246655,0.9990240931510925,0.5241657495498657,0.18821650743484497,0.013588507659733295,0.9986585378646851,0.5250319242477417,0.18708458542823792,0.013596040196716785,0.9985799789428711,0.542267382144928,0.18226610124111176,-0.07710503041744232,0.9997217059135437,0.5386487245559692,0.18291011452674866,0.07920628786087036,0.9977207183837891,0.5321403741836548,0.22048674523830414,-0.015668705105781555,0.9994187355041504,0.5300345420837402,0.22079762816429138,0.029457539319992065,0.998228132724762,0.5732095241546631,0.251352995634079,-0.17419742047786713,0.9999969601631165,0.5640183091163635,0.26073700189590454,0.17695508897304535,0.9981533885002136,0.5963360667228699,0.32724636793136597,-0.2562718987464905,0.9981796145439148,0.5825715661048889,0.34856438636779785,0.22271957993507385,0.01493950467556715,0.5772165060043335,0.4327123463153839,-0.25084418058395386,0.9919331073760986,0.573366641998291,0.4321133494377136,0.17057454586029053,0.028869180008769035,0.5746187567710876,0.46248432993888855,-0.2792651057243347,0.9831644892692566,0.571532130241394,0.46190252900123596,0.1727106273174286,0.04402518272399902,0.5697755217552185,0.4590851664543152,-0.2667880356311798,0.9812353253364563,0.5691505670547485,0.4602510333061218,0.14337792992591858,0.046299807727336884,0.5701671838760376,0.45054396986961365,-0.243251234292984,0.9619677662849426,0.5699058771133423,0.4499005079269409,0.15530972182750702,0.05037349462509155,0.5814374685287476,0.5128970742225647,-0.11196328699588776,0.9997081756591797,0.5778947472572327,0.5085036158561707,0.11188304424285889,0.9980048537254333,0.5943487882614136,0.6971970796585083,-0.09607924520969391,0.9839890599250793,0.5949282646179199,0.6864460706710815,0.134659081697464,0.8163710832595825,0.649427056312561,0.8794678449630737,-0.07785545289516449,0.9916796684265137,0.6368100047111511,0.8318736553192139,0.18578830361366272,0.8711522221565247,0.6691893339157104,0.9107778668403625,-0.07978308200836182,0.9820608496665955,0.6529422998428345,0.8394840955734253,0.1886942833662033,0.8911459445953369,0.6045966148376465,0.911831259727478,-0.15285542607307434,0.9902471303939819,0.604651153087616,0.8875192999839783,0.15353448688983917,0.9109989404678345
109,0.5226984620094299,0.20979002118110657,0.019917458295822144,0.9992596507072449,0.525065541267395,0.19024768471717834,-0.0022427814546972513,0.9992985725402832,0.5267041921615601,0.18877792358398438,-0.0022953629959374666,0.9994045495986938,0.5285241007804871,0.18711215257644653,-0.002315172925591469,0.9995409250259399,0.5237936973571777,0.19081969559192657,0.03263429179787636,0.9990240335464478,0.5244184732437134,0.18982405960559845,0.03265168145298958,0.9986594319343567,0.5252389907836914,0.18855959177017212,0.03264458850026131,0.9985995292663574,0.5423216819763184,0.18378326296806335,-0.06059844046831131,0.999723494052887,0.5390001535415649,0.1848650872707367,0.09665298461914062,0.9977589845657349,0.5321977138519287,0.22195814549922943,0.0022714524529874325,0.9993939399719238,0.5303306579589844,0.22259421646595,0.047651976346969604,0.998200535774231,0.5729042887687683,0.25126639008522034,-0.1665412336587906,0.9999966621398926,0.5637557506561279,0.26090046763420105,0.19558754563331604,0.9981732368469238,0.598100483417511,0.3274066150188446,-0.2574501633644104,0.9981245994567871,0.582222580909729,0.3493413031101227,0.22685857117176056,0.015368940308690071,0.5767232179641724,0.43486320972442627,-0.25446563959121704,0.9912347197532654,0.5734356641769409,0.4351651072502136,0.19936510920524597,0.02829824574291706,0.5742321610450745,0.4646104574203491,-0.283298134803772,0.982055127620697,0.5720847845077515,0.46102482080459595,0.20410799980163574,0.0432579331099987,0.5694718360900879,0.4606201946735382,-0.2704978287220001,0.9800719022750854,0.5696449279785156,0.4594288170337677,0.17549851536750793,0.045560840517282486,0.5697254538536072,0.4517347514629364,-0.24682548642158508,0.9604099988937378,0.5702056884765625,0.4527895152568817,0.18470528721809387,0.04944898188114166,0.5817754864692688,0.5114944577217102,-0.11525756120681763,0.9996888637542725,0.579874575138092,0.5084279775619507,0.11516349017620087,0.9979698061943054,0.5832034349441528,0.6968265771865845,-0.11572444438934326,0.9822797775268555,0.5965489149093628,0.6852771043777466,0.12479408830404282,0.7814801335334778,0.6467297077178955,0.8746240139007568,-0.10238915681838989,0.9906103014945984,0.6370161771774292,0.8415234088897705,0.1568516194820404,0.8481002449989319,0.6656163930892944,0.8981231451034546,-0.10357741266489029,0.9808392524719238,0.6551476120948792,0.8599008917808533,0.1552438735961914,0.8754107356071472,0.60491544008255,0.913301944732666,-0.16710136830806732,0.9892269372940063,0.6011785864830017,0.8952673077583313,0.11579704284667969,0.8955334424972534
110,0.5232337117195129,0.2113119512796402,0.01544565986841917,0.999229907989502,0.5256275534629822,0.19175735116004944,-0.00914096925407648,0.9992683529853821,0.5273155570030212,0.18993976712226868,-0.009210491552948952,0.9993705749511719,0.529166579246521,0.18798480927944183,-0.00922825001180172,0.9995153546333313,0.5239909887313843,0.19284814596176147,0.02952760085463524,0.9989949464797974,0.5244203805923462,0.19189777970314026,0.029552388936281204,0.9986008405685425,0.5250036120414734,0.19077330827713013,0.029620472341775894,0.9985818266868591,0.5424705743789673,0.18397942185401917,-0.06136869266629219,0.9997106194496155,0.5383580327033997,0.18637683987617493,0.0907401517033577,0.9977604150772095,0.5323991179466248,0.22269469499588013,-0.004395914264023304,0.9993388056755066,0.530345618724823,0.22401218116283417,0.04149526730179787,0.9981583952903748,0.5715232491493225,0.24862323701381683,-0.16241149604320526,0.9999961256980896,0.5637774467468262,0.2620159983634949,0.193048357963562,0.9982752203941345,0.5982269048690796,0.3248402178287506,-0.2595060467720032,0.9981160759925842,0.5848842263221741,0.3505137860774994,0.2306818664073944,0.015029904432594776,0.5766719579696655,0.43498533964157104,-0.2575474679470062,0.9907299876213074,0.5754182934761047,0.4394903779029846,0.20585350692272186,0.027189288288354874,0.574205219745636,0.46400463581085205,-0.28699448704719543,0.9812437295913696,0.5757477879524231,0.4653821587562561,0.21056517958641052,0.041607361286878586,0.5694902539253235,0.4602820575237274,-0.2722981572151184,0.9791961908340454,0.5711413621902466,0.4641666114330292,0.18030965328216553,0.043841928243637085,0.5697370767593384,0.4515104591846466,-0.249515563249588,0.9593970775604248,0.5725282430648804,0.45553240180015564,0.19090642035007477,0.047512542456388474,0.5820451378822327,0.510036826133728,-0.11515214294195175,0.9996871948242188,0.583075225353241,0.5082611441612244,0.11507681757211685,0.9980928897857666,0.5584404468536377,0.6901630163192749,-0.13531817495822906,0.9835414886474609,0.5971419811248779,0.684593915939331,0.12086798995733261,0.7677170038223267,0.6323972344398499,0.8502680659294128,-0.10428041219711304,0.9906397461891174,0.6436087489128113,0.8460357785224915,0.1321161985397339,0.851212739944458,0.6542080044746399,0.8601115942001343,-0.10178424417972565,0.9806831479072571,0.6594858169555664,0.8628628253936768,0.12862560153007507,0.8781192898750305,0.6063131093978882,0.9142118692398071,-0.13656803965568542,0.9893043637275696,0.615272581577301,0.9080450534820557,0.09219486266374588,0.8969454765319824
111,0.5217668414115906,0.21219706535339355,0.011662770994007587,0.9992360472679138,0.5244120359420776,0.19237367808818817,-0.010604394599795341,0.9992672204971313,0.5260804891586304,0.19062404334545135,-0.010637829080224037,0.999364972114563,0.5278956294059753,0.18879631161689758,-0.010648420080542564,0.9995105862617493,0.5228077173233032,0.19345223903656006,0.02416558563709259,0.9990103244781494,0.5232733488082886,0.19251367449760437,0.024196919053792953,0.9986143112182617,0.5238929986953735,0.1914362609386444,0.024213261902332306,0.9986225962638855,0.5412812232971191,0.18554998934268951,-0.05917678400874138,0.9997069835662842,0.5370663404464722,0.1880224645137787,0.08780571073293686,0.9978641271591187,0.5311172008514404,0.22378307580947876,-0.004093066323548555,0.9993239641189575,0.5289903283119202,0.22522249817848206,0.03908257558941841,0.9981945157051086,0.5708082914352417,0.248684823513031,-0.15365274250507355,0.9999955296516418,0.5623584985733032,0.261653333902359,0.1918231099843979,0.9983932375907898,0.5977610349655151,0.3235369920730591,-0.2603662610054016,0.9980345368385315,0.5826572775840759,0.35279586911201477,0.23267734050750732,0.014934313483536243,0.5757235288619995,0.43235206604003906,-0.28201448917388916,0.9900972843170166,0.5732290744781494,0.44441109895706177,0.19482961297035217,0.026721013709902763,0.5730251669883728,0.46162521839141846,-0.3144337832927704,0.980392336845398,0.5733830332756042,0.4735029935836792,0.19715650379657745,0.040845245122909546,0.5684381723403931,0.4586288332939148,-0.2995821535587311,0.9782043099403381,0.5697980523109436,0.4746079444885254,0.16662609577178955,0.043014343827962875,0.5687257051467896,0.4497179388999939,-0.27491891384124756,0.9581228494644165,0.5705633163452148,0.46798568964004517,0.1799517422914505,0.04650439694523811,0.5807730555534363,0.510230541229248,-0.109500452876091,0.9996868968009949,0.5830090045928955,0.5094308853149414,0.10950066149234772,0.9982196688652039,0.5397216081619263,0.6859821081161499,-0.13356511294841766,0.984655499458313,0.5937852263450623,0.6814987063407898,0.10285292565822601,0.7636138796806335,0.6140784025192261,0.8348103761672974,-0.09627199918031693,0.9907000064849854,0.6370570659637451,0.8462235927581787,0.11088638007640839,0.8560060858726501,0.6354860663414001,0.8450292944908142,-0.09349675476551056,0.9805219173431396,0.6593558192253113,0.8701493740081787,0.10729286819696426,0.8809568881988525,0.5953058004379272,0.9129498600959778,-0.12566138803958893,0.9892376065254211,0.6089828610420227,0.9121379256248474,0.07045526802539825,0.8985123634338379
112,0.5203748345375061,0.2148573398590088,0.018278654664754868,0.9992719888687134,0.5229521989822388,0.19469892978668213,-0.0020831881556659937,0.9993026256561279,0.5247043371200562,0.19269618391990662,-0.0021059897262603045,0.9993935227394104,0.5265467762947083,0.19073568284511566,-0.002130246954038739,0.9995347261428833,0.5212644338607788,0.1962299346923828,0.030532965436577797,0.9990639686584473,0.5217281579971313,0.19535115361213684,0.03057306632399559,0.9986762404441833,0.5223500728607178,0.19430139660835266,0.030559325590729713,0.9987013936042786,0.5399684309959412,0.18719196319580078,-0.045059677213430405,0.999721109867096,0.5354253649711609,0.1902266889810562,0.10046704858541489,0.998003363609314,0.5298850536346436,0.22624000906944275,0.006529827602207661,0.9993475675582886,0.5277777910232544,0.22791381180286407,0.04866505414247513,0.9982855319976807,0.5711686015129089,0.2499420940876007,-0.13869041204452515,0.9999955296516418,0.5610979795455933,0.2630886137485504,0.20415885746479034,0.9985196590423584,0.5970978140830994,0.3237222731113434,-0.25251537561416626,0.9979811906814575,0.5812081694602966,0.3600379526615143,0.26190096139907837,0.014662128873169422,0.5750181078910828,0.42952239513397217,-0.286138653755188,0.9898722171783447,0.5718089938163757,0.44566676020622253,0.2260269820690155,0.026287132874131203,0.5722399950027466,0.4594041705131531,-0.31862545013427734,0.9801914095878601,0.5712398290634155,0.47533366084098816,0.22634074091911316,0.040186021476984024,0.5675510168075562,0.4572558104991913,-0.3065391778945923,0.9779500365257263,0.5678917169570923,0.4747940003871918,0.19612233340740204,0.042353447526693344,0.5678489208221436,0.4481891691684723,-0.2797986567020416,0.9578291773796082,0.5687565207481384,0.4682776927947998,0.21126575767993927,0.04574166610836983,0.580047607421875,0.5082179307937622,-0.10846427828073502,0.9996933341026306,0.5812548398971558,0.5110430121421814,0.10848498344421387,0.99836266040802,0.523056149482727,0.6709050536155701,-0.13109533488750458,0.985408365726471,0.5895459651947021,0.6813453435897827,0.05941250920295715,0.760722815990448,0.5890933871269226,0.8278322219848633,-0.10075976699590683,0.990441620349884,0.6415246725082397,0.8606838583946228,0.04155837744474411,0.8606529831886292,0.6123412847518921,0.8436464071273804,-0.09854336082935333,0.9795441031455994,0.6582293510437012,0.8905684351921082,0.035962317138910294,0.8834365606307983,0.5649193525314331,0.9080684185028076,-0.13312843441963196,0.9886725544929504,0.5938578844070435,0.9098653793334961,-0.0075940280221402645,0.899029016494751
113,0.5201841592788696,0.21712282299995422,0.033110667020082474,0.9993167519569397,0.5224360227584839,0.19700703024864197,0.012954275123775005,0.9993488192558289,0.5240822434425354,0.19499604403972626,0.012944700196385384,0.9994316101074219,0.5258203148841858,0.19297203421592712,0.012921159155666828,0.9995657801628113,0.5208103060722351,0.1984872668981552,0.045882172882556915,0.9991289973258972,0.5212627649307251,0.1976037174463272,0.04592704027891159,0.998759388923645,0.5218797922134399,0.19653406739234924,0.045914359390735626,0.9987956881523132,0.5391119718551636,0.18895910680294037,-0.03317957744002342,0.9997389316558838,0.5349035859107971,0.19203437864780426,0.11503894627094269,0.9981575012207031,0.5296412706375122,0.2283991277217865,0.020320197567343712,0.9993828535079956,0.527424693107605,0.22990569472312927,0.06315193325281143,0.9984001517295837,0.5710911750793457,0.25079184770584106,-0.13338033854961395,0.9999956488609314,0.5603352785110474,0.26480329036712646,0.2175045907497406,0.9986351728439331,0.5969365835189819,0.32488247752189636,-0.24492761492729187,0.9980390071868896,0.580327570438385,0.3595038950443268,0.2721579372882843,0.014563735574483871,0.5749104619026184,0.4296649098396301,-0.2764345407485962,0.990087628364563,0.570857048034668,0.4465793967247009,0.23319189250469208,0.025726865977048874,0.5720750093460083,0.45940300822257996,-0.31092119216918945,0.9805505871772766,0.5699814558029175,0.47659170627593994,0.23389932513237,0.039229072630405426,0.5674620866775513,0.45672607421875,-0.29638877511024475,0.9783210158348083,0.566806972026825,0.47754737734794617,0.2047264575958252,0.04135891795158386,0.5677949786186218,0.4480334520339966,-0.2691816985607147,0.9585639834403992,0.5677038431167603,0.4683390259742737,0.2187875211238861,0.04460909590125084,0.5798354744911194,0.5058659315109253,-0.10877053439617157,0.9997026324272156,0.5800944566726685,0.510583758354187,0.10878886282444,0.9984925389289856,0.5106467604637146,0.6572354435920715,-0.13273915648460388,0.9863530993461609,0.5826581716537476,0.6812795996665955,0.05144349858164787,0.7594895958900452,0.5628769993782043,0.8340001702308655,-0.10198801755905151,0.9904478788375854,0.6420480608940125,0.8630213141441345,0.02728010155260563,0.8654084801673889,0.5794454216957092,0.8542293310165405,-0.10287214815616608,0.9796813130378723,0.6578223705291748,0.8954493403434753,0.02136409655213356,0.8860642910003662,0.5268064737319946,0.9085522294044495,-0.13710086047649384,0.9884368777275085,0.5985092520713806,0.9080216884613037,-0.021489916369318962,0.8990364670753479
114,0.5186905264854431,0.21903659403324127,0.04177701100707054,0.9993566274642944,0.520708441734314,0.19843950867652893,0.02044149860739708,0.9993904829025269,0.5223569273948669,0.1963583379983902,0.020415928214788437,0.9994673132896423,0.5241788029670715,0.19424957036972046,0.020394984632730484,0.9995944499969482,0.5192975997924805,0.1998579204082489,0.05389060825109482,0.999183714389801,0.5198057889938354,0.19874432682991028,0.053931452333927155,0.9988297820091248,0.5204631686210632,0.1975197046995163,0.053933627903461456,0.998875081539154,0.5377352833747864,0.18962271511554718,-0.03036544844508171,0.9997549057006836,0.5329120755195618,0.19277577102184296,0.11976258456707001,0.9982864260673523,0.5274799466133118,0.23045942187309265,0.02745029889047146,0.9994146823883057,0.5256468057632446,0.23195187747478485,0.0709822028875351,0.9984951615333557,0.5696465373039246,0.25128528475761414,-0.12746275961399078,0.999995768070221,0.5591161251068115,0.26592832803726196,0.2193876951932907,0.998718798160553,0.59125155210495,0.3261694610118866,-0.24296851456165314,0.9980329871177673,0.5765105485916138,0.3593977093696594,0.2748623490333557,0.015205180272459984,0.573113739490509,0.428293913602829,-0.2845701575279236,0.9901868104934692,0.5675538778305054,0.44455671310424805,0.240687757730484,0.02673506923019886,0.5704723596572876,0.45771872997283936,-0.3205840587615967,0.9808143377304077,0.5649189949035645,0.4737662971019745,0.24189317226409912,0.04057813435792923,0.5653553009033203,0.4552557170391083,-0.30700045824050903,0.9786092042922974,0.562539279460907,0.46900561451911926,0.21414916217327118,0.042905282229185104,0.5654863715171814,0.44718092679977417,-0.27794721722602844,0.9591884016990662,0.5637622475624084,0.46393004059791565,0.22688496112823486,0.04597745090723038,0.5759304761886597,0.5063568353652954,-0.10859181731939316,0.9997026920318604,0.5787734985351562,0.5112000107765198,0.10862509906291962,0.9985724091529846,0.5017725229263306,0.6579210758209229,-0.1292496919631958,0.9859257340431213,0.5813072323799133,0.681121289730072,0.06328797340393066,0.7498401999473572,0.5321522951126099,0.8377760052680969,-0.10442608594894409,0.9902045726776123,0.6381211876869202,0.8610604405403137,0.040212277323007584,0.8641657829284668,0.549066424369812,0.8619474768638611,-0.10360908508300781,0.97945237159729,0.6571601033210754,0.8928965330123901,0.035290688276290894,0.8845981359481812,0.48964595794677734,0.9091725945472717,-0.13743600249290466,0.9878602027893066,0.5975171327590942,0.9075443744659424,-0.0035298496950417757,0.89275723695755
115,0.5166130065917969,0.22733403742313385,0.03434663638472557,0.999369740486145,0.5180659294128418,0.20660555362701416,0.012849199585616589,0.9994029402732849,0.5196415185928345,0.2045542150735855,0.01281194668263197,0.9994783401489258,0.5213735103607178,0.20242886245250702,0.012788273394107819,0.9996078610420227,0.5168675184249878,0.20761734247207642,0.047526516020298004,0.9992009401321411,0.5174084305763245,0.2063186913728714,0.04757397621870041,0.9988441467285156,0.5181102156639099,0.20487438142299652,0.047572165727615356,0.9989097714424133,0.5347857475280762,0.19526918232440948,-0.04018981009721756,0.9997605681419373,0.5303822159767151,0.1980266571044922,0.11532136052846909,0.9983183741569519,0.5251168608665466,0.23805715143680573,0.018806610256433487,0.9994235634803772,0.5234814286231995,0.2391437292098999,0.06390944123268127,0.9985049962997437,0.5660842657089233,0.2584182024002075,-0.138154536485672,0.9999957084655762,0.5559932589530945,0.2678946256637573,0.21693959832191467,0.9987320899963379,0.5873419642448425,0.32937631011009216,-0.24642792344093323,0.9979121088981628,0.572717547416687,0.3596174418926239,0.2687380015850067,0.014834146946668625,0.566752016544342,0.4300481081008911,-0.2683197855949402,0.9891902208328247,0.5635793209075928,0.4452310800552368,0.21760916709899902,0.025992490351200104,0.5645372271537781,0.4587651193141937,-0.30369776487350464,0.979148268699646,0.5596725940704346,0.4738921821117401,0.2150309830904007,0.03950617089867592,0.5589104890823364,0.45610448718070984,-0.29219314455986023,0.9766140580177307,0.5577484369277954,0.4698510766029358,0.18618550896644592,0.04180262237787247,0.5592747330665588,0.44897329807281494,-0.2623176872730255,0.9560235738754272,0.5589283108711243,0.4657723009586334,0.20195965468883514,0.04485460743308067,0.5724109411239624,0.5077524781227112,-0.11112676560878754,0.9996998310089111,0.5739938020706177,0.5117880702018738,0.11121191829442978,0.9985863566398621,0.4950612485408783,0.6620413661003113,-0.14889538288116455,0.9847068786621094,0.5721979141235352,0.6867063045501709,0.07865257561206818,0.7376046180725098,0.49906906485557556,0.86011803150177,-0.1574455201625824,0.990296483039856,0.6345192790031433,0.8595523238182068,0.06902558356523514,0.8645166754722595,0.5112064480781555,0.8970509767532349,-0.160492405295372,0.9790039658546448,0.6561229825019836,0.8903001546859741,0.06545814871788025,0.8857197761535645,0.4450754225254059,0.9058604836463928,-0.2196822613477707,0.9878449440002441,0.5946052670478821,0.9076064825057983,0.026784738525748253,0.8913182020187378
116,0.5121808648109436,0.23586483299732208,0.03232425078749657,0.9993886351585388,0.5138416290283203,0.2155977487564087,0.010499266907572746,0.999415397644043,0.5155651569366455,0.21357816457748413,0.010456359013915062,0.9994907379150391,0.5173415541648865,0.21140916645526886,0.010434932075440884,0.9996219277381897,0.5124933123588562,0.21645642817020416,0.04581299051642418,0.9992184042930603,0.5131018757820129,0.2152480036020279,0.045860085636377335,0.9988634586334229,0.5139164328575134,0.21367760002613068,0.04585045948624611,0.9989413619041443,0.530631422996521,0.20492878556251526,-0.04432377964258194,0.9997642040252686,0.5273514986038208,0.2063882052898407,0.1130235567688942,0.9983540177345276,0.5212439298629761,0.24685519933700562,0.01569426991045475,0.9994372129440308,0.5193170309066772,0.2474888265132904,0.06156761199235916,0.9985139966011047,0.5609380006790161,0.2663709223270416,-0.14126279950141907,0.9999956488609314,0.552096962928772,0.2747804522514343,0.21531780064105988,0.9987072348594666,0.5805814266204834,0.34043392539024353,-0.24739375710487366,0.9977063536643982,0.5657559633255005,0.36901184916496277,0.2665470242500305,0.014446081593632698,0.5600833296775818,0.44089269638061523,-0.2686014473438263,0.9882266521453857,0.5569795966148376,0.45121854543685913,0.2167748212814331,0.02552412450313568,0.5587748289108276,0.46785879135131836,-0.30599403381347656,0.9775975942611694,0.5523467659950256,0.4790686368942261,0.21585719287395477,0.0389641709625721,0.5538723468780518,0.4658888876438141,-0.2945477366447449,0.9747380018234253,0.5474298596382141,0.47913259267807007,0.18669024109840393,0.04125022888183594,0.5541424751281738,0.4587083160877228,-0.2632240653038025,0.9531397819519043,0.5513246655464172,0.47163885831832886,0.20111843943595886,0.04439052194356918,0.5663806200027466,0.5164424180984497,-0.11418572813272476,0.9996975064277649,0.5659884810447693,0.5233781933784485,0.11428608000278473,0.9985726475715637,0.4871884286403656,0.6667919754981995,-0.158678337931633,0.98366379737854,0.5600837469100952,0.6979541182518005,0.0916883796453476,0.7346864342689514,0.4659402370452881,0.8712493181228638,-0.18111512064933777,0.9907004833221436,0.6327446699142456,0.8586673140525818,0.09272724390029907,0.8646016120910645,0.4746742248535156,0.9129772782325745,-0.18621185421943665,0.9794836640357971,0.654936671257019,0.889137864112854,0.09094137698411942,0.8868479132652283,0.4082000255584717,0.893776535987854,-0.25525349378585815,0.9880963563919067,0.5941441059112549,0.9112974405288696,0.0613369345664978,0.8892446756362915
117,0.5072005987167358,0.24365977942943573,0.03322358429431915,0.999413788318634,0.5096690058708191,0.2238813042640686,0.011305956169962883,0.9994381070137024,0.5115519762039185,0.22220952808856964,0.011257481761276722,0.9995125532150269,0.513488233089447,0.2202373445034027,0.01123774517327547,0.9996404647827148,0.5081484913825989,0.22462502121925354,0.046819765120744705,0.9992527365684509,0.5087763667106628,0.22372181713581085,0.04685473069548607,0.9989127516746521,0.5096348524093628,0.2224428951740265,0.046838484704494476,0.9989931583404541,0.5265009999275208,0.21625931560993195,-0.04478604719042778,0.9997707605361938,0.5236895084381104,0.2169448584318161,0.11343736946582794,0.9984294176101685,0.5161542296409607,0.2559029161930084,0.01622716337442398,0.9994588494300842,0.5141778588294983,0.2562018036842346,0.062299348413944244,0.9985568523406982,0.5558193325996399,0.2824982702732086,-0.14405961334705353,0.9999952912330627,0.5468317866325378,0.28826966881752014,0.2181629240512848,0.9987103343009949,0.5743056535720825,0.35242584347724915,-0.2626909017562866,0.9974000453948975,0.5593340992927551,0.3825412690639496,0.2788594961166382,0.014259262010455132,0.5562378168106079,0.4507119059562683,-0.30156970024108887,0.9873328804969788,0.5538268089294434,0.4646240174770355,0.2504315972328186,0.02574438601732254,0.5541035532951355,0.4761146903038025,-0.33745235204696655,0.9764053821563721,0.5506535768508911,0.4859430491924286,0.2553154230117798,0.03953225538134575,0.5498546361923218,0.47481629252433777,-0.32342764735221863,0.9732660055160522,0.5463151335716248,0.48736029863357544,0.22800059616565704,0.04189900681376457,0.5503830909729004,0.4681268334388733,-0.29498401284217834,0.9509439468383789,0.549139142036438,0.4835134744644165,0.23648162186145782,0.04512421414256096,0.5584925413131714,0.5296972990036011,-0.1164187341928482,0.9996747970581055,0.556960940361023,0.5368419289588928,0.11650510132312775,0.9985396265983582,0.4769144058227539,0.667907178401947,-0.15618285536766052,0.9816595315933228,0.5509442090988159,0.7141906023025513,0.0795057937502861,0.7391931414604187,0.44070592522621155,0.8720368146896362,-0.15817934274673462,0.9910836815834045,0.6321383714675903,0.858423113822937,0.06983514130115509,0.8685415983200073,0.4460205137729645,0.9156012535095215,-0.16178634762763977,0.9802742004394531,0.654039740562439,0.8851954936981201,0.06710761785507202,0.8911554217338562,0.38803631067276,0.8748295903205872,-0.22832250595092773,0.9883336424827576,0.5951526761054993,0.9126724004745483,0.03368223085999489,0.8905689120292664
118,0.5016512274742126,0.25716331601142883,0.031055385246872902,0.9994539022445679,0.5049468278884888,0.2376953363418579,0.009050925262272358,0.9994776844978333,0.5068055987358093,0.23626291751861572,0.009005235508084297,0.9995484352111816,0.5089397430419922,0.23455338180065155,0.008985180407762527,0.9996675848960876,0.5032210350036621,0.23848502337932587,0.04410785064101219,0.9993037581443787,0.5038315057754517,0.23777255415916443,0.044144727289676666,0.9989873170852661,0.5045918822288513,0.23690864443778992,0.04413215070962906,0.9990634918212891,0.5219569206237793,0.2310212403535843,-0.04610342159867287,0.9997859001159668,0.5185278058052063,0.23225471377372742,0.11207185685634613,0.9985307455062866,0.5111658573150635,0.26936110854148865,0.014515873976051807,0.9994947910308838,0.5089166164398193,0.27008405327796936,0.05995764210820198,0.9986389875411987,0.5526463985443115,0.2973371148109436,-0.14551803469657898,0.9999954104423523,0.539921760559082,0.30831921100616455,0.21783575415611267,0.9987407922744751,0.5677037239074707,0.36871010065078735,-0.27239158749580383,0.9972651600837708,0.5529540777206421,0.40503811836242676,0.2758497893810272,0.014669803902506828,0.5518747568130493,0.47094494104385376,-0.3275487720966339,0.9872480034828186,0.5475124716758728,0.49062708020210266,0.244011789560318,0.027717111632227898,0.5489354729652405,0.4950447380542755,-0.3651396334171295,0.9763756394386292,0.5434565544128418,0.5078305006027222,0.25048109889030457,0.0425308421254158,0.5442523956298828,0.4926351308822632,-0.35106486082077026,0.9731641411781311,0.5402330160140991,0.5077890753746033,0.2194095104932785,0.045120157301425934,0.5447580814361572,0.4865250587463379,-0.32089921832084656,0.9509438276290894,0.5415056347846985,0.5041781663894653,0.22910968959331512,0.04834642633795738,0.5500421524047852,0.5467742085456848,-0.11882660537958145,0.9996766448020935,0.5462983846664429,0.5558141469955444,0.11888571083545685,0.9985581636428833,0.4625307619571686,0.6703357100486755,-0.15217262506484985,0.9810887575149536,0.5409904718399048,0.732365071773529,0.09551258385181427,0.7498787641525269,0.4252641201019287,0.8766531944274902,-0.16171057522296906,0.991614043712616,0.6305135488510132,0.8580843806266785,0.07345698773860931,0.8767456412315369,0.4340190291404724,0.9172521829605103,-0.1659703105688095,0.9814008474349976,0.6537857055664062,0.8806723952293396,0.07044102251529694,0.8981696367263794,0.3751916289329529,0.8758724927902222,-0.23055598139762878,0.988833487033844,0.594136118888855,0.9126731753349304,0.04710903763771057,0.8961691856384277
119,0.49646955728530884,0.2733778953552246,0.0380064956843853,0.9994900226593018,0.5000187158584595,0.2545267641544342,0.017052708193659782,0.999515950679779,0.5020564794540405,0.2532593011856079,0.017033573240041733,0.9995822906494141,0.5041016340255737,0.2517944276332855,0.01702043227851391,0.9996933341026306,0.4981582760810852,0.2552807629108429,0.05279497429728508,0.9993524551391602,0.49890637397766113,0.2546958923339844,0.0528305247426033,0.9990562200546265,0.49977636337280273,0.25383278727531433,0.05283833667635918,0.9991289377212524,0.5172551870346069,0.24880224466323853,-0.036137886345386505,0.9998010993003845,0.5134410858154297,0.24984177947044373,0.12412742525339127,0.9986297488212585,0.5064288973808289,0.28622037172317505,0.02189221978187561,0.9995288252830505,0.504215657711029,0.28697341680526733,0.0683472752571106,0.9987121820449829,0.5469563007354736,0.3173886835575104,-0.13604407012462616,0.9999955892562866,0.534168004989624,0.32698073983192444,0.22908428311347961,0.9987736344337463,0.5610150098800659,0.3931286334991455,-0.27064600586891174,0.9967745542526245,0.5460383892059326,0.4271886944770813,0.28157442808151245,0.01465493906289339,0.5451496839523315,0.49380531907081604,-0.31690114736557007,0.9856829047203064,0.5374820828437805,0.5099843740463257,0.2405962496995926,0.028593311086297035,0.5408469438552856,0.519992470741272,-0.3540278673171997,0.9743666052818298,0.5319067239761353,0.524023711681366,0.24400433897972107,0.044021036475896835,0.5359557271003723,0.5159371495246887,-0.34118348360061646,0.9708346128463745,0.5291059613227844,0.5240523219108582,0.21519306302070618,0.04671628773212433,0.5371309518814087,0.508710503578186,-0.3109080195426941,0.9475186467170715,0.5305607914924622,0.521348774433136,0.2260328233242035,0.04998987168073654,0.5398094058036804,0.5665878057479858,-0.12137743085622787,0.9996964931488037,0.5353492498397827,0.5716354846954346,0.12144360691308975,0.9986189007759094,0.4448224604129791,0.6722356081008911,-0.18317319452762604,0.982047438621521,0.5319880843162537,0.753631591796875,0.13882958889007568,0.763049304485321,0.4172396659851074,0.8801649212837219,-0.21569254994392395,0.992290735244751,0.6279574632644653,0.8546425104141235,0.1656290739774704,0.8853155374526978,0.4313088059425354,0.9196644425392151,-0.22150683403015137,0.9827665090560913,0.6519147157669067,0.8673304915428162,0.16729357838630676,0.9053678512573242,0.36995643377304077,0.8784991502761841,-0.289284884929657,0.9895828366279602,0.5930261015892029,0.9126747846603394,0.14922991394996643,0.902096688747406
120,0.48934489488601685,0.28914931416511536,0.04416557401418686,0.9994708895683289,0.49298056960105896,0.27092665433883667,0.023564545437693596,0.9995290637016296,0.4949779510498047,0.27018874883651733,0.02357005514204502,0.9995956420898438,0.49711304903030396,0.26924657821655273,0.02356872335076332,0.9997037649154663,0.4918084740638733,0.27117207646369934,0.059121787548065186,0.9993548393249512,0.49269551038742065,0.2707805931568146,0.05914648249745369,0.9990559816360474,0.4937759339809418,0.2700252830982208,0.05913513898849487,0.9991400241851807,0.5108592510223389,0.2689139246940613,-0.03032265044748783,0.9998056292533875,0.5078766345977783,0.26852238178253174,0.12893763184547424,0.998662531375885,0.4991918206214905,0.30478543043136597,0.0279108677059412,0.9995242953300476,0.49729305505752563,0.30505698919296265,0.07408058643341064,0.9986507296562195,0.539657711982727,0.3385203182697296,-0.13122212886810303,0.9999954104423523,0.5306639075279236,0.3503044843673706,0.23119068145751953,0.9987517595291138,0.5547063946723938,0.4221899211406708,-0.2782733738422394,0.9955741167068481,0.5426682233810425,0.4475869834423065,0.2951921820640564,0.013980197720229626,0.5361208319664001,0.5162734389305115,-0.36012211441993713,0.9827885627746582,0.5303362607955933,0.5242917537689209,0.27702075242996216,0.027667241171002388,0.5302363038063049,0.5433875322341919,-0.3969666361808777,0.9712964296340942,0.5255739092826843,0.5445340275764465,0.28245383501052856,0.043112024664878845,0.5255451798439026,0.5390573143959045,-0.3807331919670105,0.9671897888183594,0.5212013125419617,0.5423882603645325,0.25778841972351074,0.04570868983864784,0.527093231678009,0.53191739320755,-0.3532402813434601,0.9421140551567078,0.5242849588394165,0.5355474948883057,0.2643578350543976,0.04890035092830658,0.5261960029602051,0.5894134044647217,-0.12115076929330826,0.9997124075889587,0.5264033079147339,0.5922942161560059,0.1211729422211647,0.9986737370491028,0.4313221573829651,0.6724050641059875,-0.1711236536502838,0.9832285046577454,0.5226694345474243,0.7776240110397339,0.12467590719461441,0.7813988327980042,0.4122135043144226,0.8792700171470642,-0.18270260095596313,0.9928672909736633,0.6277245283126831,0.8459173440933228,0.1499260812997818,0.89497971534729,0.42860716581344604,0.9176667332649231,-0.18591035902500153,0.9838029146194458,0.6510895490646362,0.8526177406311035,0.15220308303833008,0.913374125957489,0.3660075068473816,0.9003458023071289,-0.2457762509584427,0.9901362061500549,0.5927057862281799,0.9125019311904907,0.13375981152057648,0.9092376232147217
121,0.48590436577796936,0.3147229254245758,0.04041212797164917,0.9994706511497498,0.4892038404941559,0.29550474882125854,0.01910126581788063,0.9995527863502502,0.4911431670188904,0.29454901814460754,0.01910087652504444,0.9996163845062256,0.4931248724460602,0.293445885181427,0.01909739337861538,0.9997189044952393,0.4877503514289856,0.29593023657798767,0.0546865239739418,0.9993734955787659,0.48848700523376465,0.2954343259334564,0.05471622198820114,0.9990848898887634,0.48942846059799194,0.29461583495140076,0.05470671132206917,0.9991788268089294,0.5067506432533264,0.29232558608055115,-0.03374410420656204,0.9998124241828918,0.5033298134803772,0.2917464077472687,0.12354171276092529,0.9987161159515381,0.4946410059928894,0.3294665515422821,0.023959260433912277,0.9995226860046387,0.4925454556941986,0.3295597434043884,0.07017500698566437,0.9986106753349304,0.532133936882019,0.3630068004131317,-0.135225310921669,0.9999952912330627,0.5277513265609741,0.3731100857257843,0.2260832041501999,0.9987822771072388,0.5466106534004211,0.44801849126815796,-0.2758183181285858,0.9945234656333923,0.5380334258079529,0.46813973784446716,0.28813719749450684,0.013560036197304726,0.5287031531333923,0.5392424464225769,-0.33501696586608887,0.9787147045135498,0.5264214277267456,0.5364604592323303,0.27119970321655273,0.026569997891783714,0.5233384370803833,0.5645563006401062,-0.39417269825935364,0.9661989212036133,0.5224870443344116,0.5529744625091553,0.2773315906524658,0.04173222929239273,0.5195651054382324,0.5621979236602783,-0.36816421151161194,0.9614194631576538,0.5203264951705933,0.5532616972923279,0.2552492916584015,0.04428931325674057,0.5212144255638123,0.5548475980758667,-0.32987213134765625,0.9343159794807434,0.5224465131759644,0.5447925925254822,0.2595559060573578,0.047393232583999634,0.5161838531494141,0.6134041547775269,-0.12293338775634766,0.9997175931930542,0.5169981718063354,0.615378201007843,0.1228351816534996,0.9987261295318604,0.4175720810890198,0.6782838106155396,-0.14134828746318817,0.9840793609619141,0.5176519155502319,0.8041984438896179,0.11470679193735123,0.7984722256660461,0.4122897982597351,0.8805606365203857,-0.11693891137838364,0.9932851195335388,0.6255806684494019,0.841484010219574,0.10644786059856415,0.9040559530258179,0.42790040373802185,0.91795414686203,-0.11558884382247925,0.9843103885650635,0.6500388383865356,0.8353926539421082,0.10710267722606659,0.9209463596343994,0.3625050485134125,0.9088836908340454,-0.1559857875108719,0.9905213117599487,0.598605215549469,0.9119457006454468,0.10748491436243057,0.916228711605072
122,0.4806523323059082,0.33466413617134094,0.029253434389829636,0.9995107650756836,0.48355633020401,0.3162241578102112,0.006843819282948971,0.9995932579040527,0.4853316843509674,0.3153552711009979,0.006872550584375858,0.9996512532234192,0.4872337281703949,0.31436917185783386,0.00687722722068429,0.9997441172599792,0.482400506734848,0.3167067766189575,0.0421641580760479,0.9994264245033264,0.4831779897212982,0.31635338068008423,0.042176198214292526,0.9991636276245117,0.4841703474521637,0.31569311022758484,0.04218067228794098,0.9992518424987793,0.500871479511261,0.3137768507003784,-0.05581234022974968,0.999829113483429,0.4982542097568512,0.31337374448776245,0.10153251886367798,0.9988305568695068,0.48917293548583984,0.3493610620498657,0.009673167951405048,0.9995585680007935,0.4874454438686371,0.34951603412628174,0.05525617673993111,0.9987111687660217,0.5235031843185425,0.38924387097358704,-0.14688575267791748,0.9999955296516418,0.5237413644790649,0.3966149091720581,0.20202338695526123,0.9988600611686707,0.539671778678894,0.47766977548599243,-0.2316633015871048,0.99446040391922,0.5349429249763489,0.48390939831733704,0.28445959091186523,0.013719948939979076,0.5195583701133728,0.5665106177330017,-0.21012890338897705,0.9784330725669861,0.5212468504905701,0.552228569984436,0.2957504391670227,0.02630924992263317,0.5139819979667664,0.591840922832489,-0.2334097921848297,0.9655871987342834,0.5152726769447327,0.5662636756896973,0.3063146471977234,0.04150332510471344,0.509906530380249,0.5863336324691772,-0.2215680330991745,0.9608106017112732,0.5133646130561829,0.5658631324768066,0.28436344861984253,0.044041670858860016,0.5115506052970886,0.5798299312591553,-0.2024027407169342,0.9338230490684509,0.5152703523635864,0.5621537566184998,0.28512680530548096,0.047290556132793427,0.5060096979141235,0.6379656195640564,-0.12239213287830353,0.9997286200523376,0.509427547454834,0.6399714350700378,0.12235546112060547,0.9988052845001221,0.40701088309288025,0.6819679141044617,-0.11546218395233154,0.9853019118309021,0.5117878317832947,0.8238732218742371,0.11323418468236923,0.8150722980499268,0.41026434302330017,0.880975067615509,-0.06836934387683868,0.9937089681625366,0.6205397844314575,0.8401138186454773,0.10627208650112152,0.9127583503723145,0.42684856057167053,0.9172518253326416,-0.06398847699165344,0.984954833984375,0.6438112854957581,0.832853376865387,0.10687904059886932,0.9280906319618225,0.3628387153148651,0.912824273109436,-0.08494367450475693,0.9910079836845398,0.6013256311416626,0.9118132591247559,0.09720630198717117,0.9233454465866089
123,0.4730542302131653,0.3518853187561035,0.043142665177583694,0.9995463490486145,0.47690191864967346,0.3341791033744812,0.01996096782386303,0.9996302127838135,0.4788047671318054,0.33339181542396545,0.020013276487588882,0.9996830224990845,0.4808737337589264,0.3322652280330658,0.02004135027527809,0.9997667670249939,0.4754844605922699,0.33509090542793274,0.055548109114170074,0.999473512172699,0.4762036204338074,0.33490458130836487,0.055544305592775345,0.9992343783378601,0.4771072268486023,0.3343525230884552,0.05552215501666069,0.9993178248405457,0.49436044692993164,0.3328198194503784,-0.04888501018285751,0.999843955039978,0.4912421703338623,0.332999050617218,0.10973483324050903,0.9989328384399414,0.48199743032455444,0.3675209581851959,0.022051485255360603,0.9995850324630737,0.48020869493484497,0.36830267310142517,0.0677652508020401,0.998781144618988,0.515767514705658,0.4100039303302765,-0.1423790156841278,0.9999957084655762,0.5179403424263,0.4206072986125946,0.20495371520519257,0.9989268183708191,0.532356321811676,0.4951159656047821,-0.23231756687164307,0.9940800070762634,0.5316158533096313,0.5113368034362793,0.3049841821193695,0.01385632622987032,0.5114105939865112,0.5856394171714783,-0.23619191348552704,0.9765961170196533,0.5157796740531921,0.5806360244750977,0.34575027227401733,0.02564798668026924,0.5050060153007507,0.6089165806770325,-0.2598983943462372,0.963036835193634,0.5115721821784973,0.5965210795402527,0.362125962972641,0.04042520001530647,0.5016018152236938,0.6066772937774658,-0.2462652623653412,0.9581103324890137,0.5072059035301208,0.5956133604049683,0.3409962058067322,0.04289206862449646,0.5032250285148621,0.601503312587738,-0.22808405756950378,0.930599570274353,0.5087908506393433,0.5924103856086731,0.3365234434604645,0.04640704020857811,0.5025132894515991,0.6575492024421692,-0.12220798432826996,0.9997469782829285,0.509122371673584,0.6618747115135193,0.12212605774402618,0.9988996386528015,0.399618923664093,0.6823143362998962,-0.10817108303308487,0.9861831665039062,0.5059131383895874,0.8487756252288818,0.12052658945322037,0.8284006118774414,0.41188058257102966,0.8819112181663513,-0.04936783388257027,0.9936937689781189,0.6147316694259644,0.8393331170082092,0.11137981712818146,0.9208019971847534,0.4266993999481201,0.9159794449806213,-0.04346539452672005,0.9849282503128052,0.6358250379562378,0.8205136060714722,0.11253710836172104,0.9348102807998657,0.366094172000885,0.9179609417915344,-0.049900684505701065,0.990985095500946,0.6077157258987427,0.9045392274856567,0.102986179292202,0.9301395416259766
124,0.46759897470474243,0.3689686954021454,0.042512379586696625,0.9995729327201843,0.4705085754394531,0.3503359258174896,0.020105687901377678,0.9996607899665833,0.4722844064235687,0.34931954741477966,0.020141221582889557,0.9997091889381409,0.4741753041744232,0.3481416702270508,0.02015177346765995,0.9997856020927429,0.469453901052475,0.35126158595085144,0.05567852780222893,0.9995079636573792,0.4703385829925537,0.35080671310424805,0.0556853786110878,0.9992860555648804,0.4714180529117584,0.35000666975975037,0.05566463619470596,0.9993698596954346,0.48737087845802307,0.34730303287506104,-0.04742186889052391,0.9998559951782227,0.48486262559890747,0.3477236330509186,0.11142941564321518,0.9990110993385315,0.4757944941520691,0.38501691818237305,0.02202339470386505,0.9996044039726257,0.4742637276649475,0.38602957129478455,0.06775519251823425,0.9988226294517517,0.5120812058448792,0.42495399713516235,-0.14240962266921997,0.9999958872795105,0.5086137056350708,0.43072330951690674,0.20526030659675598,0.9989611506462097,0.5315633416175842,0.5140684247016907,-0.2260947972536087,0.9941820502281189,0.5248544812202454,0.5239928364753723,0.3001928925514221,0.013710875064134598,0.5086135864257812,0.6060855388641357,-0.21827562153339386,0.9768695831298828,0.5093763470649719,0.5922908782958984,0.3006264567375183,0.024744870141148567,0.5028054118156433,0.6291118860244751,-0.24303825199604034,0.9630628824234009,0.5022646188735962,0.6140382885932922,0.30977028608322144,0.03888188302516937,0.4975918233394623,0.6248340606689453,-0.22904157638549805,0.9583237171173096,0.5005889534950256,0.6133705377578735,0.28648561239242554,0.04126826301217079,0.4988158345222473,0.6193279027938843,-0.2096748650074005,0.931464433670044,0.5027456283569336,0.6059237718582153,0.289045512676239,0.04496379941701889,0.5035487413406372,0.6725547313690186,-0.12180399894714355,0.9997633695602417,0.5022972822189331,0.6723106503486633,0.12172974646091461,0.998984158039093,0.39596837759017944,0.6862297654151917,-0.10551086813211441,0.9867502450942993,0.5031036138534546,0.8588632941246033,0.1226712316274643,0.8380504250526428,0.41166311502456665,0.8812812566757202,-0.03571915253996849,0.9935490489006042,0.6095317006111145,0.8372131586074829,0.12975116074085236,0.9274716973304749,0.426524817943573,0.9154398441314697,-0.02821512520313263,0.9848034381866455,0.6285296082496643,0.8208354711532593,0.13278977572917938,0.9406257271766663,0.36163806915283203,0.9177273511886597,-0.03416828811168671,0.9906980991363525,0.6045240163803101,0.9042792320251465,0.12846431136131287,0.9354867935180664
125,0.4627264440059662,0.37734684348106384,0.0418434664607048,0.9996039867401123,0.4659801423549652,0.3589676320552826,0.020124683156609535,0.9996905326843262,0.4675741195678711,0.3578312397003174,0.02015221118927002,0.9997348189353943,0.4692806601524353,0.3567016124725342,0.020152246579527855,0.9998039603233337,0.46496525406837463,0.3594292998313904,0.055479746311903,0.9995455145835876,0.4658021032810211,0.3585614562034607,0.055485181510448456,0.9993423819541931,0.466850221157074,0.35750672221183777,0.0554586760699749,0.9994224905967712,0.4819524884223938,0.35785341262817383,-0.043401896953582764,0.9998680949211121,0.4797741770744324,0.35752514004707336,0.11400477588176727,0.9990921020507812,0.4704647958278656,0.3925687074661255,0.022447358816862106,0.9996301531791687,0.4690799117088318,0.3936555087566376,0.06791246682405472,0.9988806247711182,0.5074609518051147,0.43496841192245483,-0.1415853202342987,0.9999960660934448,0.5051072835922241,0.441228985786438,0.20969729125499725,0.9989731907844543,0.5293297171592712,0.526884138584137,-0.20811636745929718,0.9943459630012512,0.5211504697799683,0.5387348532676697,0.2797701954841614,0.014081169851124287,0.5058420896530151,0.6209582090377808,-0.18877190351486206,0.9776778817176819,0.5046867728233337,0.6119716763496399,0.25819090008735657,0.025082524865865707,0.4994829595088959,0.643781840801239,-0.21202537417411804,0.9639295935630798,0.4982178807258606,0.6321089267730713,0.2627466917037964,0.03871979936957359,0.49402743577957153,0.6379467248916626,-0.199649840593338,0.9594658613204956,0.49552735686302185,0.6270651817321777,0.2414405345916748,0.04110939800739288,0.4960528016090393,0.6328484416007996,-0.1800500601530075,0.9338740110397339,0.49725857377052307,0.6240805983543396,0.24681368470191956,0.04525959864258766,0.4997808039188385,0.6836520433425903,-0.12158354371786118,0.9997795224189758,0.5007094144821167,0.6862897872924805,0.12150043249130249,0.9990688562393188,0.3929533064365387,0.6857545375823975,-0.10773682594299316,0.9868919849395752,0.49845442175865173,0.8755831122398376,0.09069962054491043,0.8500041365623474,0.4092801511287689,0.8828799724578857,-0.010041369125247002,0.992997944355011,0.6038964986801147,0.8380810022354126,0.13540342450141907,0.9334453344345093,0.4245162904262543,0.9149573445320129,-0.0002911134506575763,0.9838786721229553,0.6218128800392151,0.8216111063957214,0.1432948112487793,0.9460271596908569,0.36332547664642334,0.918254017829895,-0.0013095001922920346,0.9900242686271667,0.6029130220413208,0.9046853184700012,0.15082749724388123,0.9403626322746277
126,0.4599263668060303,0.3845880329608917,0.04351215809583664,0.9996388554573059,0.4639221131801605,0.36511191725730896,0.023119553923606873,0.9997198581695557,0.4653943181037903,0.3642863929271698,0.023152735084295273,0.9997600317001343,0.46693211793899536,0.3633236885070801,0.0231493953615427,0.9998223781585693,0.4628557562828064,0.36531636118888855,0.05762871354818344,0.9995871186256409,0.46361199021339417,0.36461833119392395,0.057623088359832764,0.9994029998779297,0.46451932191848755,0.36370849609375,0.057598985731601715,0.999476432800293,0.4790046215057373,0.36525392532348633,-0.03372504934668541,0.9998804330825806,0.4771416187286377,0.3651832938194275,0.11891243606805801,0.9991759657859802,0.46675413846969604,0.3986900746822357,0.025975648313760757,0.9996611475944519,0.4653850197792053,0.39986467361450195,0.07024292647838593,0.9989623427391052,0.5051151514053345,0.44365087151527405,-0.13320936262607574,0.9999962449073792,0.5016388893127441,0.450486421585083,0.21399474143981934,0.9989491701126099,0.529329240322113,0.5342764258384705,-0.1857341229915619,0.9946622252464294,0.5184705257415771,0.5459995865821838,0.2599545121192932,0.014920148067176342,0.5060795545578003,0.6250414848327637,-0.15074995160102844,0.97895348072052,0.504456102848053,0.6224515438079834,0.22174684703350067,0.025219226256012917,0.5001370310783386,0.6491106748580933,-0.169930562376976,0.9655877947807312,0.5008590817451477,0.6438970565795898,0.2216271460056305,0.038186464458703995,0.4947715401649475,0.6430928707122803,-0.15948030352592468,0.9614304900169373,0.49736493825912476,0.638373613357544,0.20277515053749084,0.04052875190973282,0.49610915780067444,0.6372813582420349,-0.1416698545217514,0.9374462366104126,0.4981954097747803,0.6352068781852722,0.21067258715629578,0.044972702860832214,0.49862557649612427,0.6901852488517761,-0.1214284896850586,0.9997935891151428,0.4989197850227356,0.6926446557044983,0.12130063772201538,0.9991374611854553,0.39105281233787537,0.6856257915496826,-0.11224304139614105,0.9874569773674011,0.4959956705570221,0.8851152062416077,0.08296586573123932,0.8610438704490662,0.40784162282943726,0.8822765946388245,-0.0374283604323864,0.9928169250488281,0.6007019281387329,0.8385941386222839,0.1622438132762909,0.938347578048706,0.4237029552459717,0.914540708065033,-0.02899179235100746,0.9835487008094788,0.6170610189437866,0.8180890679359436,0.17419883608818054,0.9507441520690918,0.3630419373512268,0.9190096259117126,-0.032467883080244064,0.9898264408111572,0.6012706160545349,0.9046825766563416,0.19043013453483582,0.9442564845085144
127,0.45876026153564453,0.3872435688972473,0.04260697960853577,0.9996718764305115,0.46256718039512634,0.3678693473339081,0.02156199887394905,0.9997467994689941,0.463927686214447,0.3671293556690216,0.021590357646346092,0.9997830390930176,0.465410053730011,0.36633801460266113,0.021586323156952858,0.9998393654823303,0.46172046661376953,0.36799079179763794,0.05621383339166641,0.9996262192726135,0.46239981055259705,0.36734190583229065,0.05621551349759102,0.9994596242904663,0.46324872970581055,0.3666296601295471,0.05619429424405098,0.9995267987251282,0.4781435430049896,0.3678114116191864,-0.033842336386442184,0.9998917579650879,0.4765218198299408,0.3670945465564728,0.11838291585445404,0.9992542862892151,0.46506261825561523,0.4004661440849304,0.024681366980075836,0.999691367149353,0.46368852257728577,0.40134280920028687,0.06971651315689087,0.9990472793579102,0.5055934190750122,0.44447335600852966,-0.13067416846752167,0.9999963641166687,0.5019132494926453,0.45423004031181335,0.21368253231048584,0.9989383816719055,0.5321769118309021,0.5403090119361877,-0.16405579447746277,0.9949972629547119,0.5211471915245056,0.5482215881347656,0.23687104880809784,0.01579534448683262,0.504392683506012,0.6310341358184814,-0.10289376974105835,0.9799132347106934,0.5046216249465942,0.6239221692085266,0.17319223284721375,0.024569766595959663,0.49777427315711975,0.6534408330917358,-0.11974414438009262,0.9663878083229065,0.5027676224708557,0.6436744928359985,0.1681855022907257,0.036516427993774414,0.49274611473083496,0.6476422548294067,-0.10766063630580902,0.9624670743942261,0.49642640352249146,0.6399176120758057,0.14917589724063873,0.038729339838027954,0.49418503046035767,0.6417120099067688,-0.09253852069377899,0.9396759867668152,0.49870604276657104,0.6339360475540161,0.16106097400188446,0.0432589091360569,0.49924522638320923,0.6880542039871216,-0.11933763325214386,0.9998059868812561,0.5001786947250366,0.689141035079956,0.11916227638721466,0.9991958737373352,0.3923579156398773,0.685102105140686,-0.11718444526195526,0.9881551861763,0.496299684047699,0.8841094970703125,0.089533731341362,0.8710713982582092,0.4087180495262146,0.8822306990623474,-0.058941274881362915,0.9929147362709045,0.5994709730148315,0.8387499451637268,0.18466919660568237,0.9425156116485596,0.42409276962280273,0.9143339395523071,-0.05344889685511589,0.9833976030349731,0.6171203255653381,0.8174024820327759,0.1972920000553131,0.9548621773719788,0.3612271845340729,0.9188925623893738,-0.06619464606046677,0.9899895787239075,0.5999893546104431,0.9048268795013428,0.21627315878868103,0.9474666118621826
128,0.4603920578956604,0.38196641206741333,0.04172462970018387,0.9997004866600037,0.46403366327285767,0.36315828561782837,0.021106092259287834,0.9997708201408386,0.4654298722743988,0.36248987913131714,0.02113458514213562,0.9998036026954651,0.46689414978027344,0.3617967963218689,0.021127769723534584,0.999854564666748,0.4630623459815979,0.363534152507782,0.055457115173339844,0.9996610283851624,0.4637537896633148,0.3630938231945038,0.05546162649989128,0.9995099306106567,0.464582622051239,0.36253365874290466,0.05544345825910568,0.9995715618133545,0.4797636866569519,0.3639805316925049,-0.03258039429783821,0.9999019503593445,0.47808781266212463,0.3636021018028259,0.11797084659337997,0.9993237853050232,0.4666869044303894,0.39720577001571655,0.0239635668694973,0.9997175931930542,0.4653477668762207,0.39817044138908386,0.06916923820972443,0.9991163015365601,0.5085448622703552,0.44249382615089417,-0.1275980919599533,0.9999964237213135,0.5030224323272705,0.4499322175979614,0.21368221938610077,0.9988340735435486,0.5353843569755554,0.5366424918174744,-0.15846072137355804,0.9953182339668274,0.5219313502311707,0.5420053601264954,0.23560023307800293,0.016466019675135612,0.5078381299972534,0.6247477531433105,-0.09537775814533234,0.9809266924858093,0.5046789646148682,0.6097031831741333,0.1774567812681198,0.023793984204530716,0.5002385377883911,0.648984432220459,-0.11038082838058472,0.9672698974609375,0.5001422166824341,0.6285985112190247,0.17360277473926544,0.03473057597875595,0.4958575367927551,0.6418914198875427,-0.09955611824989319,0.963553786277771,0.4956684708595276,0.6263493299484253,0.15638473629951477,0.036793194711208344,0.4977802336215973,0.6353429555892944,-0.08523231744766235,0.9418679475784302,0.4971499443054199,0.6183487176895142,0.16605035960674286,0.04127165302634239,0.49999505281448364,0.6852338314056396,-0.11669115722179413,0.9998137354850769,0.500042736530304,0.6849299073219299,0.11649887263774872,0.999236524105072,0.3947746157646179,0.6850162148475647,-0.11212311685085297,0.9887414574623108,0.49753957986831665,0.8796662092208862,0.0911741554737091,0.8807198405265808,0.4070967137813568,0.8818448185920715,-0.06329481303691864,0.9929412007331848,0.59947669506073,0.8388471007347107,0.17553694546222687,0.9459461569786072,0.423228919506073,0.9141820073127747,-0.055037062615156174,0.9830388426780701,0.619989275932312,0.8158053159713745,0.1870102882385254,0.9584006071090698,0.3599516451358795,0.919458270072937,-0.07944989204406738,0.989977240562439,0.5996580123901367,0.9048576951026917,0.20529791712760925,0.9498429298400879
129,0.4626809060573578,0.3726630210876465,0.04131733626127243,0.9997265934944153,0.4662095010280609,0.3552762269973755,0.02053019031882286,0.9997923374176025,0.4676157534122467,0.3545427918434143,0.02055615559220314,0.9998220801353455,0.46915507316589355,0.35367441177368164,0.02054964378476143,0.9998682737350464,0.46523672342300415,0.3558182716369629,0.05515880137681961,0.999692440032959,0.4658929407596588,0.35544371604919434,0.05515380576252937,0.9995552897453308,0.46672478318214417,0.35478782653808594,0.05514441058039665,0.9996117949485779,0.48217320442199707,0.3561672270298004,-0.03138510510325432,0.9999111294746399,0.4801050126552582,0.35605207085609436,0.11730653047561646,0.9993864297866821,0.4691794514656067,0.38853949308395386,0.023510398343205452,0.9997415542602539,0.4675838351249695,0.3894276022911072,0.06844379752874374,0.9991807341575623,0.5109559297561646,0.43553605675697327,-0.12297888845205307,0.9999964833259583,0.5047345161437988,0.4417056739330292,0.21292433142662048,0.9987282156944275,0.539585292339325,0.5271945595741272,-0.15549512207508087,0.995593249797821,0.5241851210594177,0.529421865940094,0.2468593567609787,0.01725115440785885,0.5108712911605835,0.6124469041824341,-0.09382117539644241,0.981770932674408,0.5068227648735046,0.5974587798118591,0.20809194445610046,0.023373503237962723,0.5039379000663757,0.6360230445861816,-0.10676886141300201,0.9680233597755432,0.5039952397346497,0.6216259002685547,0.20825283229351044,0.03356149047613144,0.499377965927124,0.6285141706466675,-0.09692387282848358,0.9644192457199097,0.49991196393966675,0.6254066228866577,0.18825776875019073,0.03550498187541962,0.5013027787208557,0.6220436692237854,-0.08396434038877487,0.9437651038169861,0.5015150904655457,0.6176929473876953,0.19641846418380737,0.03998677805066109,0.5011332631111145,0.6784221529960632,-0.11328474432229996,0.999817967414856,0.5015631914138794,0.6765468120574951,0.1131005510687828,0.9992589354515076,0.3976645767688751,0.6849644780158997,-0.11264685541391373,0.9891791343688965,0.5001782178878784,0.8711158633232117,0.09194806963205338,0.8892276287078857,0.40804141759872437,0.8816571831703186,-0.0678878203034401,0.9929909706115723,0.6017304062843323,0.8391119241714478,0.16787563264369965,0.9493483304977417,0.4241566061973572,0.9140712022781372,-0.06176409125328064,0.9829548597335815,0.6206523776054382,0.815118670463562,0.17847053706645966,0.9616409540176392,0.3611285984516144,0.920145571231842,-0.08247646689414978,0.9899299740791321,0.5991910696029663,0.9055089354515076,0.1932474970817566,0.9522318243980408
130,0.46464577317237854,0.3685956597328186,0.033107683062553406,0.999749481678009,0.46821269392967224,0.34848058223724365,0.013890726491808891,0.9998114109039307,0.46965962648391724,0.34767991304397583,0.013920420780777931,0.9998384714126587,0.4712250828742981,0.34675493836402893,0.013907643035054207,0.9998804926872253,0.4672008156776428,0.34891006350517273,0.047437362372875214,0.9997201561927795,0.4678509831428528,0.34838372468948364,0.047426488250494,0.9995954036712646,0.46869462728500366,0.3476106524467468,0.047435861080884933,0.9996474385261536,0.48437729477882385,0.3479401469230652,-0.0355389378964901,0.9999192953109741,0.48209038376808167,0.34778276085853577,0.11127413809299469,0.9994415044784546,0.4711739420890808,0.3854222893714905,0.01734938658773899,0.9997630715370178,0.46963047981262207,0.38523128628730774,0.06065414473414421,0.9992380738258362,0.5111545324325562,0.4267978370189667,-0.12558692693710327,0.999996542930603,0.5064176321029663,0.4337976574897766,0.21197554469108582,0.9986345171928406,0.5467487573623657,0.5161386728286743,-0.17002840340137482,0.9958375692367554,0.5235077142715454,0.5240139961242676,0.2601659893989563,0.017229821532964706,0.5184794664382935,0.6037551164627075,-0.10953111946582794,0.9824793934822083,0.5073580145835876,0.5938117504119873,0.24318253993988037,0.02302023395895958,0.5075337290763855,0.6274926662445068,-0.12204879522323608,0.968669056892395,0.5005602836608887,0.6104522943496704,0.24658945202827454,0.03290058299899101,0.5027069449424744,0.6210800409317017,-0.1117510050535202,0.965140700340271,0.49686485528945923,0.6138566732406616,0.2309374362230301,0.034772686660289764,0.506264865398407,0.6145007014274597,-0.09942407160997391,0.9452676773071289,0.4989611506462097,0.6172276139259338,0.2336466759443283,0.039316847920417786,0.5034899711608887,0.6714882254600525,-0.11378474533557892,0.9998196959495544,0.5030694007873535,0.6697092652320862,0.11361461877822876,0.9992730617523193,0.4017709791660309,0.68472820520401,-0.11494122445583344,0.9895526766777039,0.5023819804191589,0.861253023147583,0.09577876329421997,0.8969006538391113,0.4092155396938324,0.8814364671707153,-0.06905843317508698,0.9932189583778381,0.6027534008026123,0.8393884301185608,0.1618436723947525,0.9528089165687561,0.42473292350769043,0.9138486981391907,-0.06417524814605713,0.9831944108009338,0.624164342880249,0.8179688453674316,0.17075461149215698,0.9646306037902832,0.3612632751464844,0.9198592901229858,-0.08909479528665543,0.9901185631752014,0.5988247990608215,0.9057261347770691,0.18034595251083374,0.9548317193984985
131,0.46697282791137695,0.34634995460510254,0.022728215903043747,0.9997640252113342,0.47120970487594604,0.3291366696357727,0.0029146596789360046,0.999826192855835,0.4727240204811096,0.32877177000045776,0.0029464522376656532,0.9998511075973511,0.47431498765945435,0.32825765013694763,0.0029459060169756413,0.999890148639679,0.47057589888572693,0.3294842541217804,0.037121545523405075,0.9997401833534241,0.4715120792388916,0.32925719022750854,0.03710830956697464,0.9996240139007568,0.4726182818412781,0.3287070691585541,0.037109989672899246,0.9996742606163025,0.4888175427913666,0.33155179023742676,-0.049907561391592026,0.9999256730079651,0.48718056082725525,0.3318495750427246,0.10164282470941544,0.9994825720787048,0.47368502616882324,0.3613307476043701,0.006318633444607258,0.9997791647911072,0.47279906272888184,0.36196276545524597,0.050350915640592575,0.9992741942405701,0.5195202231407166,0.4225797951221466,-0.1425493359565735,0.999996542930603,0.5070742964744568,0.4237593710422516,0.20843839645385742,0.9985769987106323,0.5566083788871765,0.5005046725273132,-0.2140268087387085,0.9960184693336487,0.524312436580658,0.5003325343132019,0.27770674228668213,0.017029933631420135,0.5284749269485474,0.5914733409881592,-0.18602928519248962,0.9832175374031067,0.5106730461120605,0.5623549222946167,0.2753935754299164,0.02310209721326828,0.5165387988090515,0.6157076954841614,-0.2067878544330597,0.9695934057235718,0.502634584903717,0.5813989639282227,0.2827107310295105,0.03316693753004074,0.510728120803833,0.6092474460601807,-0.19167283177375793,0.9661436080932617,0.49703726172447205,0.5828214287757874,0.2623578906059265,0.035014331340789795,0.5143018364906311,0.6034672856330872,-0.1751735657453537,0.9466539621353149,0.4996574819087982,0.5745465755462646,0.2647291421890259,0.03959934413433075,0.5098432898521423,0.6651550531387329,-0.1174570694565773,0.999824047088623,0.5031987428665161,0.6562349200248718,0.1174163669347763,0.9992812275886536,0.40459901094436646,0.6845299601554871,-0.14789928495883942,0.9897134900093079,0.5043357610702515,0.8383877277374268,0.12423789501190186,0.9012790322303772,0.41053685545921326,0.8812679052352905,-0.13543863594532013,0.9936251044273376,0.6103706359863281,0.8388515114784241,0.16073575615882874,0.9560148119926453,0.4249766767024994,0.9138079881668091,-0.13532215356826782,0.9840815663337708,0.6331518888473511,0.8186866641044617,0.16359053552150726,0.9672465324401855,0.3608960509300232,0.9195654988288879,-0.174996480345726,0.9906625151634216,0.59813392162323,0.9059442281723022,0.15847554802894592,0.9574390053749084
132,0.4719851016998291,0.32532018423080444,0.011220638640224934,0.9997549057006836,0.4771978259086609,0.30735963582992554,-0.008418923243880272,0.9998311996459961,0.47889986634254456,0.30697715282440186,-0.008404608815908432,0.9998547434806824,0.4805941581726074,0.3064757287502289,-0.00841289758682251,0.9998942017555237,0.4759993553161621,0.30768054723739624,0.025512170046567917,0.999744176864624,0.4768916070461273,0.3075144588947296,0.02550904080271721,0.9996276497840881,0.47791925072669983,0.3070569634437561,0.02550699934363365,0.9996834993362427,0.49505457282066345,0.308914452791214,-0.059280455112457275,0.9999276995658875,0.49270766973495483,0.3091906011104584,0.09210660308599472,0.9994931817054749,0.4799369275569916,0.3413306772708893,-0.00415895925834775,0.9997795224189758,0.4783523976802826,0.3422122001647949,0.03973691910505295,0.999241292476654,0.5281511545181274,0.38910844922065735,-0.14656342566013336,0.9999961256980896,0.5124524831771851,0.4051021933555603,0.19709712266921997,0.9983978867530823,0.5658207535743713,0.47116944193840027,-0.22307109832763672,0.9959752559661865,0.5247486233711243,0.4964090585708618,0.25458279252052307,0.01632865145802498,0.5367685556411743,0.5645618438720703,-0.21416398882865906,0.982714056968689,0.5189305543899536,0.5582042336463928,0.21737372875213623,0.02240331843495369,0.5277760028839111,0.5932908058166504,-0.2393304854631424,0.9685295224189758,0.5123409032821655,0.5750932097434998,0.21758218109607697,0.03247416019439697,0.5221627950668335,0.5884864926338196,-0.22629515826702118,0.9649434685707092,0.5089153051376343,0.5733097791671753,0.194831982254982,0.03430784121155739,0.523716390132904,0.5824234485626221,-0.20528176426887512,0.9449989795684814,0.5106239318847656,0.5657951235771179,0.20470890402793884,0.03882996365427971,0.5144874453544617,0.6402337551116943,-0.11724956333637238,0.999814510345459,0.5078290700912476,0.6375998854637146,0.1172294020652771,0.999211311340332,0.4126531183719635,0.6839427351951599,-0.14924278855323792,0.9893954396247864,0.5108600854873657,0.814536988735199,0.1349041759967804,0.9014720916748047,0.41071468591690063,0.8811906576156616,-0.14407919347286224,0.9938315153121948,0.6150400042533875,0.839086651802063,0.1581323742866516,0.9579940438270569,0.4250606894493103,0.9139017462730408,-0.14501141011714935,0.9846161603927612,0.638757586479187,0.829069197177887,0.1618346869945526,0.9690372943878174,0.36117714643478394,0.9186102151870728,-0.1861230880022049,0.9908410906791687,0.5980367660522461,0.9065098166465759,0.1543438732624054,0.9584681987762451
133,0.4777437150478363,0.3012477159500122,-0.0015414950903505087,0.9997431039810181,0.4825417995452881,0.2839965522289276,-0.02098206989467144,0.9998306632041931,0.48417797684669495,0.28357234597206116,-0.020980024710297585,0.9998541474342346,0.48590224981307983,0.28303104639053345,-0.020979490131139755,0.9998945593833923,0.48147720098495483,0.2841523587703705,0.012026381678879261,0.9997429251670837,0.48237767815589905,0.28388625383377075,0.012026927433907986,0.9996271729469299,0.48347193002700806,0.28335586190223694,0.012032778933644295,0.9996858835220337,0.5006310343742371,0.2867324948310852,-0.07082359492778778,0.9999263286590576,0.4981352686882019,0.2863318622112274,0.07586286962032318,0.9994948506355286,0.4865979254245758,0.3196936845779419,-0.016802150756120682,0.9997797608375549,0.4850046634674072,0.3207491636276245,0.025816861540079117,0.9992236495018005,0.5325732231140137,0.3624567985534668,-0.15179552137851715,0.9999956488609314,0.5203555822372437,0.37691766023635864,0.17710818350315094,0.9983021020889282,0.57217937707901,0.4393569827079773,-0.22601640224456787,0.9957815408706665,0.5349932909011841,0.4617239534854889,0.24314001202583313,0.015884652733802795,0.5495346784591675,0.5335332751274109,-0.21825070679187775,0.9815914630889893,0.528031051158905,0.530407726764679,0.22000503540039062,0.02171412855386734,0.5409740209579468,0.5645827054977417,-0.2430587261915207,0.9667379856109619,0.5212546586990356,0.547805666923523,0.22315704822540283,0.03193521499633789,0.5355840921401978,0.561077892780304,-0.23118671774864197,0.9628203511238098,0.5191837549209595,0.5477355718612671,0.2005334198474884,0.03380327671766281,0.5376514196395874,0.5527475476264954,-0.2104467898607254,0.9419422745704651,0.522492527961731,0.541009247303009,0.20784226059913635,0.03832535818219185,0.5281268358230591,0.6094996333122253,-0.11394144594669342,0.9997888803482056,0.5238437056541443,0.6116288304328918,0.1139732152223587,0.9990255236625671,0.42896127700805664,0.6892253756523132,-0.14564742147922516,0.9890717267990112,0.5176237225532532,0.7888733744621277,0.1364803910255432,0.8988717794418335,0.41087251901626587,0.8818141222000122,-0.15583856403827667,0.9941583871841431,0.6174443960189819,0.841521680355072,0.14327195286750793,0.9588436484336853,0.42353272438049316,0.9149041771888733,-0.15965674817562103,0.9852453470230103,0.6422139406204224,0.8450754880905151,0.14274847507476807,0.969895601272583,0.3597474992275238,0.9087415337562561,-0.21361032128334045,0.991176962852478,0.5957838296890259,0.9098811745643616,0.12405756860971451,0.9588532447814941
134,0.4843299388885498,0.27742230892181396,-0.018197733908891678,0.9997460842132568,0.4901238977909088,0.26026231050491333,-0.03733579441905022,0.9998359084129333,0.49207061529159546,0.25987568497657776,-0.03734419494867325,0.9998583793640137,0.49403780698776245,0.259408563375473,-0.03735760599374771,0.9998982548713684,0.48900169134140015,0.2599475383758545,-0.004671848379075527,0.9997539520263672,0.4900732934474945,0.25929388403892517,-0.004679200705140829,0.9996444582939148,0.49136462807655334,0.25843358039855957,-0.004673941992223263,0.9997016787528992,0.5081730484962463,0.26393136382102966,-0.0862584039568901,0.9999281764030457,0.5055390000343323,0.2625395357608795,0.05828075855970383,0.9995189905166626,0.4927290380001068,0.29489678144454956,-0.03321372717618942,0.9997891187667847,0.4907933175563812,0.294932097196579,0.008876916021108627,0.9992513060569763,0.5385650992393494,0.34308844804763794,-0.16083350777626038,0.9999949336051941,0.5273803472518921,0.35445207357406616,0.15783098340034485,0.9982041716575623,0.5816441178321838,0.4143213629722595,-0.21951976418495178,0.9957244992256165,0.5418709516525269,0.44305089116096497,0.21416644752025604,0.015614203177392483,0.5566993951797485,0.5085903406143188,-0.2067885398864746,0.980175256729126,0.5406461358070374,0.5094048976898193,0.17980018258094788,0.021079426631331444,0.5490983724594116,0.540057897567749,-0.23994791507720947,0.9640198945999146,0.5338248014450073,0.5244434475898743,0.1799042522907257,0.03139185160398483,0.5437653064727783,0.535803496837616,-0.22140321135520935,0.9596562385559082,0.5319430828094482,0.5235230922698975,0.15792670845985413,0.03329109027981758,0.545448899269104,0.5276899337768555,-0.20553311705589294,0.9377493262290955,0.5335063338279724,0.5179511308670044,0.1676013171672821,0.037810105830430984,0.5358378291130066,0.5863785743713379,-0.10915146768093109,0.9997222423553467,0.5334146618843079,0.5888570547103882,0.10921300947666168,0.9986801147460938,0.44512590765953064,0.69330894947052,-0.1421179175376892,0.9878957867622375,0.5267782211303711,0.7656131386756897,0.1315811723470688,0.8916574120521545,0.4111848473548889,0.8814818263053894,-0.14977295696735382,0.9943584203720093,0.6225525736808777,0.8457489609718323,0.13101938366889954,0.9574377536773682,0.42441660165786743,0.9153636693954468,-0.15464946627616882,0.9855635762214661,0.6477525234222412,0.8520441651344299,0.12954232096672058,0.9688354730606079,0.36037173867225647,0.888853132724762,-0.21644680202007294,0.9913029670715332,0.596122145652771,0.9097883701324463,0.10450998693704605,0.9566676616668701
135,0.48966678977012634,0.26141154766082764,-0.01405651867389679,0.999758243560791,0.49579858779907227,0.24372075498104095,-0.03405408561229706,0.9998447299003601,0.49777135252952576,0.24318167567253113,-0.0340668186545372,0.9998661279678345,0.49961167573928833,0.24253834784030914,-0.03408347815275192,0.9999042749404907,0.49434465169906616,0.24335289001464844,-0.0010429490357637405,0.9997687339782715,0.49530401825904846,0.24261385202407837,-0.0010461787460371852,0.9996659159660339,0.4963441491127014,0.24171236157417297,-0.001037450274452567,0.9997186064720154,0.5129231214523315,0.24422210454940796,-0.08492825925350189,0.9999324083328247,0.5098681449890137,0.24377615749835968,0.061579782515764236,0.9995482563972473,0.4980486333370209,0.2773348391056061,-0.029659125953912735,0.9998041987419128,0.49580469727516174,0.2774450182914734,0.012976872734725475,0.9993000030517578,0.5471869111061096,0.3213668763637543,-0.1639384925365448,0.9999947547912598,0.5314915180206299,0.33463066816329956,0.16456234455108643,0.9981786608695984,0.5879626870155334,0.39255422353744507,-0.24235710501670837,0.9957457184791565,0.5503097772598267,0.4163275957107544,0.2244463413953781,0.015095029026269913,0.5637667775154114,0.487162709236145,-0.23926058411598206,0.980038046836853,0.5414491891860962,0.47940152883529663,0.251150518655777,0.02068154513835907,0.5577641725540161,0.5196035504341125,-0.2673221230506897,0.9639961123466492,0.5349777936935425,0.49813032150268555,0.2597177028656006,0.031462155282497406,0.5520182847976685,0.5158199071884155,-0.25661128759384155,0.9595211744308472,0.5332125425338745,0.4968872368335724,0.23606017231941223,0.03346814587712288,0.5533832311630249,0.5081284046173096,-0.2329222708940506,0.9372572302818298,0.53467857837677,0.48951640725135803,0.23975367844104767,0.03813350573182106,0.5451768636703491,0.5680729150772095,-0.10956589132547379,0.9997035264968872,0.5399873852729797,0.5700961947441101,0.10964222252368927,0.9985626935958862,0.4639219343662262,0.6938778162002563,-0.14661739766597748,0.9868617653846741,0.5378223657608032,0.7450151443481445,0.1431213915348053,0.8853574395179749,0.4204081892967224,0.8803979754447937,-0.1790696084499359,0.9945523142814636,0.6246045827865601,0.8490669131278992,0.13648119568824768,0.9553152918815613,0.42668086290359497,0.9154036045074463,-0.18531270325183868,0.9859393835067749,0.6499314308166504,0.865709662437439,0.13527749478816986,0.9665557146072388,0.3672391474246979,0.8760823607444763,-0.25030654668807983,0.9914896488189697,0.5965185165405273,0.9097579121589661,0.118787981569767,0.9535342454910278
136,0.4937097430229187,0.24440623819828033,-0.006055545061826706,0.9997565746307373,0.49934354424476624,0.22731660306453705,-0.0262480266392231,0.9998425245285034,0.5012047290802002,0.2267896682024002,-0.02627253159880638,0.9998636841773987,0.5030191540718079,0.22602182626724243,-0.02630569040775299,0.9999042749404907,0.4978550970554352,0.22719264030456543,0.007356098387390375,0.9997714757919312,0.49863505363464355,0.22661128640174866,0.007366280071437359,0.999668538570404,0.4995293617248535,0.22580991685390472,0.00737288873642683,0.999719500541687,0.5158735513687134,0.22651717066764832,-0.07741637527942657,0.9999321699142456,0.5125548243522644,0.22743798792362213,0.07220065593719482,0.999549388885498,0.5021806955337524,0.25898265838623047,-0.021801432594656944,0.9998106360435486,0.4999590516090393,0.2591733932495117,0.02174105867743492,0.9993192553520203,0.5530967116355896,0.30485737323760986,-0.16068977117538452,0.9999942779541016,0.5353041291236877,0.3169914186000824,0.1748952567577362,0.9981700778007507,0.5899449586868286,0.3743436932563782,-0.2366771250963211,0.9956341981887817,0.5546833276748657,0.39947959780693054,0.23589810729026794,0.01453275978565216,0.5684719681739807,0.4697814881801605,-0.2206069976091385,0.979123592376709,0.5486417412757874,0.4690508544445038,0.21935966610908508,0.020181316882371902,0.5633662939071655,0.4999057650566101,-0.24807024002075195,0.9625585675239563,0.5440040826797485,0.48795488476753235,0.2236710786819458,0.031083721667528152,0.5582331418991089,0.4961075186729431,-0.23771607875823975,0.957772433757782,0.5412139296531677,0.4859005808830261,0.1968252956867218,0.03311936929821968,0.5592575073242188,0.4888545274734497,-0.2137497216463089,0.9341907501220703,0.5442001819610596,0.47878509759902954,0.2056400328874588,0.037829700857400894,0.5578936338424683,0.5450087785720825,-0.11006289720535278,0.999686598777771,0.5491807460784912,0.548900842666626,0.11014199256896973,0.998505711555481,0.48113808035850525,0.6938126683235168,-0.1541721224784851,0.9856289029121399,0.5495385527610779,0.7258065342903137,0.13451609015464783,0.8675042986869812,0.4412517547607422,0.8777399659156799,-0.18968845903873444,0.9946321249008179,0.6276789307594299,0.8530421853065491,0.13254277408123016,0.9487822651863098,0.44830045104026794,0.9131826758384705,-0.19591903686523438,0.9860466122627258,0.6496312618255615,0.872703492641449,0.1307290494441986,0.9598235487937927,0.38960814476013184,0.878084123134613,-0.2630108892917633,0.991567850112915,0.5957798361778259,0.9089899659156799,0.1019202247262001,0.9469462633132935
137,0.49758368730545044,0.22478380799293518,-0.0030537236016243696,0.9997664093971252,0.5033310651779175,0.2074538618326187,-0.023110080510377884,0.9998472332954407,0.5051705837249756,0.20688679814338684,-0.023138664662837982,0.9998671412467957,0.5070656538009644,0.20619146525859833,-0.023175658658146858,0.9999079704284668,0.501589834690094,0.2077334076166153,0.011273762211203575,0.9997814893722534,0.5022343993186951,0.2073819637298584,0.011293003335595131,0.9996817111968994,0.5030098557472229,0.20683947205543518,0.011308428831398487,0.9997314214706421,0.5203205943107605,0.20876775681972504,-0.07381589710712433,0.999934732913971,0.5161244869232178,0.21010234951972961,0.07597283273935318,0.9995673298835754,0.5066134929656982,0.24000388383865356,-0.018669983372092247,0.9998204708099365,0.5041710138320923,0.24069923162460327,0.025764936581254005,0.9993553757667542,0.5571290850639343,0.2899496555328369,-0.16380593180656433,0.999994158744812,0.5383520126342773,0.30308887362480164,0.18421831727027893,0.9982385635375977,0.5940156579017639,0.36034032702445984,-0.24077410995960236,0.9958332777023315,0.5588531494140625,0.381917268037796,0.2550635039806366,0.014176405966281891,0.5735069513320923,0.46207982301712036,-0.2145143747329712,0.9799142479896545,0.553799033164978,0.45777764916419983,0.22040331363677979,0.020635554566979408,0.567461371421814,0.488140732049942,-0.24156956374645233,0.9634857773780823,0.5492759346961975,0.47549477219581604,0.2248571813106537,0.031848642975091934,0.5619164705276489,0.48389679193496704,-0.23120319843292236,0.9586999416351318,0.5480512976646423,0.47371208667755127,0.19813552498817444,0.03400753438472748,0.563554048538208,0.4770771563053131,-0.20735898613929749,0.9350849986076355,0.5497846603393555,0.4695678651332855,0.20792920887470245,0.038835007697343826,0.56142657995224,0.5332271456718445,-0.11134401708841324,0.9996743202209473,0.5540945529937744,0.5363560318946838,0.11147892475128174,0.9985349774360657,0.4902311861515045,0.6829359531402588,-0.15361835062503815,0.9827613234519958,0.5569711327552795,0.7112337946891785,0.04886014387011528,0.852591872215271,0.4696812033653259,0.8769153952598572,-0.17040470242500305,0.9943487644195557,0.6311449408531189,0.8555701375007629,0.030424047261476517,0.9435058236122131,0.47994405031204224,0.9117414951324463,-0.17477545142173767,0.9852899312973022,0.6515100598335266,0.8813068866729736,0.02606578730046749,0.9539486169815063,0.4203517436981201,0.884061336517334,-0.23876765370368958,0.9913039207458496,0.5957552194595337,0.9086342453956604,-0.012937532737851143,0.9432595372200012
138,0.5019455552101135,0.20930728316307068,-0.02199689857661724,0.9997793436050415,0.508135199546814,0.19172507524490356,-0.04122891277074814,0.9998544454574585,0.5100587606430054,0.19101738929748535,-0.04125748574733734,0.9998730421066284,0.512026846408844,0.19025230407714844,-0.0412936769425869,0.9999123811721802,0.506260335445404,0.19254453480243683,-0.007540538907051086,0.999793529510498,0.5068632364273071,0.19234779477119446,-0.007497821003198624,0.9996987581253052,0.50762939453125,0.19185248017311096,-0.007452310528606176,0.9997453093528748,0.525536835193634,0.19480405747890472,-0.08460702002048492,0.9999383687973022,0.5203639268875122,0.19539235532283783,0.06516671925783157,0.9995867013931274,0.5104406476020813,0.2243586629629135,-0.03470582515001297,0.9998311996459961,0.5080808401107788,0.22491610050201416,0.008832134306430817,0.9993967413902283,0.5588362812995911,0.27282577753067017,-0.16724702715873718,0.9999940395355225,0.5415703654289246,0.2864823043346405,0.17268477380275726,0.9983223080635071,0.5976530313491821,0.34263333678245544,-0.2349570095539093,0.9960789084434509,0.5636769533157349,0.36419814825057983,0.2311503142118454,0.014189038425683975,0.5765052437782288,0.4500257670879364,-0.20051094889640808,0.9807915687561035,0.5561236143112183,0.4405897855758667,0.17091894149780273,0.02232140302658081,0.5701984167098999,0.4763294756412506,-0.22732654213905334,0.964493453502655,0.5524641275405884,0.4615444540977478,0.16829341650009155,0.034527845680713654,0.5635840892791748,0.4715366065502167,-0.2198518067598343,0.9597886204719543,0.5499097108840942,0.46164369583129883,0.1400810033082962,0.03700108826160431,0.5647634863853455,0.46459442377090454,-0.19398845732212067,0.9364172220230103,0.5528134107589722,0.4568156898021698,0.1559390127658844,0.04194601997733116,0.5653616786003113,0.5239431858062744,-0.10891000926494598,0.9996691346168518,0.5595170855522156,0.523935079574585,0.10899659246206284,0.998586893081665,0.4991613030433655,0.6762075424194336,-0.11935682594776154,0.9821212291717529,0.5624154210090637,0.7033040523529053,0.06518135964870453,0.8409091830253601,0.5084007382392883,0.8746705055236816,-0.0987054631114006,0.9941112399101257,0.6312764883041382,0.856699526309967,0.04998326301574707,0.9424752593040466,0.5206155180931091,0.9071048498153687,-0.0995108038187027,0.9844317436218262,0.6516956090927124,0.882942259311676,0.04533141106367111,0.9503728151321411,0.4608825743198395,0.8874318599700928,-0.1539032757282257,0.991047203540802,0.5962601900100708,0.9084341526031494,0.002521191257983446,0.9425516724586487
139,0.5064101219177246,0.19707398116588593,-0.02110515721142292,0.9997757077217102,0.5127213001251221,0.18022744357585907,-0.03979673981666565,0.9998461604118347,0.5144060850143433,0.17933490872383118,-0.03982478752732277,0.999865710735321,0.5161510705947876,0.1783447414636612,-0.039876747876405716,0.9999078512191772,0.5114082098007202,0.18111856281757355,-0.006983931176364422,0.9997876286506653,0.5121963024139404,0.18070200085639954,-0.006939857266843319,0.9996888637542725,0.5131038427352905,0.18009015917778015,-0.006892862264066935,0.9997351765632629,0.5295634865760803,0.18384134769439697,-0.08243200927972794,0.9999374747276306,0.5248542428016663,0.18460887670516968,0.06454843282699585,0.9995675683021545,0.5139080286026001,0.21105816960334778,-0.03365609422326088,0.999826967716217,0.5120840072631836,0.2114538550376892,0.008814109489321709,0.9994000792503357,0.5603078007698059,0.25954118371009827,-0.1674945056438446,0.9999937415122986,0.5430984497070312,0.27548205852508545,0.17271822690963745,0.998372495174408,0.5994083285331726,0.3278657793998718,-0.23667418956756592,0.9963659644126892,0.5646775364875793,0.351574182510376,0.2365095615386963,0.013894853182137012,0.5780869126319885,0.4369179904460907,-0.2050391137599945,0.9819031357765198,0.5584879517555237,0.42928484082221985,0.19406446814537048,0.022989852353930473,0.571468710899353,0.4660111665725708,-0.23127536475658417,0.9660603404045105,0.5541263818740845,0.45517289638519287,0.19470453262329102,0.03567826375365257,0.5644764304161072,0.45937901735305786,-0.22220413386821747,0.96153724193573,0.5509173274040222,0.45526817440986633,0.16823706030845642,0.03829698637127876,0.5660369992256165,0.45133689045906067,-0.19810166954994202,0.9386987090110779,0.5547229647636414,0.4464606046676636,0.180238276720047,0.04314213618636131,0.5693703293800354,0.5104029178619385,-0.10622773319482803,0.9996697902679443,0.563033401966095,0.5120631456375122,0.10629691928625107,0.9986698031425476,0.5105947256088257,0.668952465057373,-0.11643435806035995,0.9823304414749146,0.5667189955711365,0.6854581832885742,0.05299641564488411,0.8262050747871399,0.5388518571853638,0.8595408797264099,-0.08425796031951904,0.9935076236724854,0.6313641667366028,0.8574603796005249,0.03453057259321213,0.9405621290206909,0.5531020760536194,0.8879045248031616,-0.08282928913831711,0.9827091693878174,0.6517370939254761,0.8842558264732361,0.028522586449980736,0.9453477263450623,0.5004510879516602,0.8963387608528137,-0.12459579855203629,0.9903221726417542,0.5959624648094177,0.9080402851104736,-0.018639884889125824,0.9409107565879822
140,0.5112497210502625,0.1868392378091812,-0.01489946711808443,0.9997847080230713,0.517536997795105,0.17027004063129425,-0.03381774574518204,0.9998506307601929,0.5191426277160645,0.16937223076820374,-0.033841945230960846,0.9998692870140076,0.5210474133491516,0.16841627657413483,-0.03387007117271423,0.9999102354049683,0.5164920687675476,0.17081089317798615,-0.0001256233372259885,0.99979567527771,0.5172224640846252,0.1701442152261734,-0.0001047793630277738,0.9996993541717529,0.5180681943893433,0.16930212080478668,-7.127052958821878e-05,0.9997445344924927,0.5347259044647217,0.1740088015794754,-0.08086958527565002,0.9999398589134216,0.5305708050727844,0.174016535282135,0.0694257840514183,0.9995885491371155,0.5182739496231079,0.20200639963150024,-0.02927215024828911,0.9998326897621155,0.5164203643798828,0.201785147190094,0.01471856702119112,0.9994326233863831,0.5626324415206909,0.24865184724330902,-0.16474179923534393,0.9999939203262329,0.5471755266189575,0.26762136816978455,0.17573431134223938,0.9984872341156006,0.599428117275238,0.32060298323631287,-0.23732109367847443,0.9966346621513367,0.5669100880622864,0.3503153920173645,0.24215085804462433,0.013800918124616146,0.5772943496704102,0.42581745982170105,-0.2253563106060028,0.9831881523132324,0.5589150190353394,0.43220457434654236,0.20246431231498718,0.02457827888429165,0.5716641545295715,0.4540114402770996,-0.2528243660926819,0.9682347774505615,0.5536927580833435,0.4580238461494446,0.2053731381893158,0.03802044317126274,0.5646334886550903,0.45046889781951904,-0.2437358796596527,0.9639927744865417,0.5510951280593872,0.45885470509529114,0.17105288803577423,0.04080943390727043,0.5660561919212341,0.4425250291824341,-0.21869413554668427,0.9422577023506165,0.553808331489563,0.4497464895248413,0.18796992301940918,0.04554123431444168,0.569013237953186,0.5037200450897217,-0.10520169883966446,0.9996840953826904,0.5669674277305603,0.5044892430305481,0.10524606704711914,0.9987757802009583,0.5198928713798523,0.6681596040725708,-0.11183667182922363,0.9834770560264587,0.5722883939743042,0.6757022738456726,0.06667624413967133,0.8146317601203918,0.5763732194900513,0.8413240909576416,-0.07659871876239777,0.9932097792625427,0.6301082372665405,0.8567173480987549,0.05959569662809372,0.9379675984382629,0.5963107347488403,0.86461341381073,-0.07383845746517181,0.9819508194923401,0.651614785194397,0.8834701776504517,0.05505301430821419,0.9406501054763794,0.5419309735298157,0.9017887711524963,-0.10350660979747772,0.989805281162262,0.5955394506454468,0.9094551801681519,0.013995341956615448,0.9379321336746216
141,0.514359176158905,0.18060870468616486,-0.0023802523501217365,0.9997850060462952,0.520645797252655,0.1641395092010498,-0.020907292142510414,0.9998468160629272,0.5221518874168396,0.16337336599826813,-0.020924188196659088,0.9998663663864136,0.523952841758728,0.1625857651233673,-0.02096572145819664,0.9999077916145325,0.5196391344070435,0.16438177227973938,0.010587962344288826,0.9997935891151428,0.5204214453697205,0.16377006471157074,0.010655210353434086,0.9996972680091858,0.5212820768356323,0.16315053403377533,0.01064201258122921,0.9997423887252808,0.5380072593688965,0.16867150366306305,-0.06623997539281845,0.9999396204948425,0.5340026021003723,0.16849717497825623,0.07586197555065155,0.9995978474617004,0.5219011902809143,0.19696098566055298,-0.01617472991347313,0.9998320937156677,0.5201511979103088,0.19734567403793335,0.024872103706002235,0.9994503855705261,0.5661712884902954,0.24045099318027496,-0.159555122256279,0.9999940991401672,0.5492768883705139,0.26224786043167114,0.1767851561307907,0.9985885620117188,0.60109543800354,0.31217920780181885,-0.2468283474445343,0.9968727827072144,0.5664725303649902,0.3535250127315521,0.24838213622570038,0.013722279109060764,0.5768088102340698,0.4174044728279114,-0.26925259828567505,0.9844086170196533,0.5585918426513672,0.4342540204524994,0.2144712209701538,0.026161806657910347,0.5712948441505432,0.44559043645858765,-0.30075544118881226,0.97042316198349,0.5537810921669006,0.45988357067108154,0.21655753254890442,0.0402294360101223,0.5649782419204712,0.4411323070526123,-0.29134440422058105,0.9664691686630249,0.551131546497345,0.4598744809627533,0.18183410167694092,0.04316036030650139,0.5663630962371826,0.43339449167251587,-0.26344034075737,0.9459152221679688,0.5535062551498413,0.4501362144947052,0.19986523687839508,0.04767206311225891,0.5709699392318726,0.49593260884284973,-0.10440977662801743,0.9996948838233948,0.5689893960952759,0.4996815025806427,0.10446244478225708,0.9988588690757751,0.5328664779663086,0.6701045632362366,-0.11713521182537079,0.9845357537269592,0.5848788022994995,0.6692901253700256,0.06960420310497284,0.7943136692047119,0.6016466021537781,0.8323158025741577,-0.09649186581373215,0.9925336837768555,0.6339239478111267,0.8542076945304871,0.0667455643415451,0.9300327301025391,0.6148086786270142,0.8494252562522888,-0.09569138288497925,0.9806499481201172,0.6507301926612854,0.8796015977859497,0.06225745007395744,0.9337983131408691,0.571489155292511,0.9025989770889282,-0.13350632786750793,0.988745927810669,0.5936723351478577,0.9063321352005005,0.020866749808192253,0.9321398138999939
142,0.5189380645751953,0.17723749577999115,-0.01765076443552971,0.9997773170471191,0.5251665115356445,0.15985523164272308,-0.036679379642009735,0.9998313784599304,0.526942789554596,0.159176304936409,-0.03669016808271408,0.9998548030853271,0.5288867354393005,0.15842656791210175,-0.036725159734487534,0.999896764755249,0.5239078998565674,0.1601688116788864,-0.005769076757133007,0.9997779130935669,0.5246778726577759,0.15967333316802979,-0.005718647502362728,0.9996833801269531,0.5255306959152222,0.15905095636844635,-0.005750847514718771,0.9997249841690063,0.542439877986908,0.16365854442119598,-0.08022518455982208,0.999936044216156,0.5387737154960632,0.1638605296611786,0.05897466465830803,0.9995941519737244,0.5264683961868286,0.19411969184875488,-0.030567947775125504,0.9998264312744141,0.5245047807693481,0.19459497928619385,0.009510556235909462,0.9994537234306335,0.5694011449813843,0.2386966496706009,-0.16966119408607483,0.9999939799308777,0.5509640574455261,0.25805824995040894,0.15778933465480804,0.9986536502838135,0.6026905179023743,0.31346920132637024,-0.2604517936706543,0.9970775246620178,0.5710610151290894,0.3571304380893707,0.21570344269275665,0.013751464895904064,0.574316680431366,0.4171372354030609,-0.2779368758201599,0.9854269027709961,0.5578142404556274,0.43577635288238525,0.1648222804069519,0.027514757588505745,0.5687645077705383,0.44631242752075195,-0.30942243337631226,0.9722154140472412,0.5547479391098022,0.46362075209617615,0.16278716921806335,0.042253099381923676,0.562678873538971,0.4416038393974304,-0.3004898726940155,0.968489408493042,0.55079185962677,0.46475091576576233,0.13184528052806854,0.04526389762759209,0.5640708208084106,0.4334869086742401,-0.27249592542648315,0.9489855170249939,0.5531901121139526,0.4537281095981598,0.14951959252357483,0.0495704784989357,0.5720157027244568,0.4943353831768036,-0.10353921353816986,0.9996915459632874,0.5674354434013367,0.4963553249835968,0.10359831899404526,0.9988851547241211,0.5467425584793091,0.6710374355316162,-0.11967118084430695,0.9856820106506348,0.5934645533561707,0.6701210141181946,0.09000708162784576,0.7830115556716919,0.618830144405365,0.8393150568008423,-0.09770949184894562,0.9924072027206421,0.6347517371177673,0.8538426756858826,0.11872007697820663,0.925321638584137,0.6388146281242371,0.8591439127922058,-0.09747543931007385,0.9804360866546631,0.6512662172317505,0.8770001530647278,0.11572690308094025,0.9294780492782593,0.5925742983818054,0.9098523259162903,-0.1443314552307129,0.9885624647140503,0.5989792943000793,0.9063957929611206,0.06810332834720612,0.9302011132240295
143,0.52194744348526,0.17472907900810242,-0.010515624657273293,0.9996922016143799,0.5284467339515686,0.1563834249973297,-0.03155922889709473,0.9997745752334595,0.5300836563110352,0.15588608384132385,-0.03164791315793991,0.9998111128807068,0.5318537950515747,0.15534792840480804,-0.03170442208647728,0.9998636841773987,0.5272423028945923,0.15631546080112457,0.001395719707943499,0.9996806979179382,0.5279854536056519,0.15576697885990143,0.0014103201683610678,0.9995713233947754,0.5288006067276001,0.15507157146930695,0.0013977878261357546,0.9996103644371033,0.5445036888122559,0.16166839003562927,-0.07876062393188477,0.9999188780784607,0.5409159064292908,0.1614905297756195,0.06568673998117447,0.9994173049926758,0.528163492679596,0.19196346402168274,-0.02572852373123169,0.9997764825820923,0.5261080861091614,0.1920524388551712,0.01680384948849678,0.9992963075637817,0.568105936050415,0.2397345006465912,-0.17011114954948425,0.9999938607215881,0.5522403120994568,0.2555595934391022,0.16340944170951843,0.9984903931617737,0.6037067174911499,0.30843499302864075,-0.25250044465065,0.9971926808357239,0.5708147883415222,0.34400030970573425,0.22006583213806152,0.013600561767816544,0.5739285945892334,0.4134404957294464,-0.25014546513557434,0.9859806895256042,0.5600056648254395,0.4185788929462433,0.16117745637893677,0.02765139751136303,0.5698165893554688,0.442640483379364,-0.27879977226257324,0.9731548428535461,0.5556561350822449,0.4416459798812866,0.16056767106056213,0.04320397600531578,0.5633912682533264,0.43949154019355774,-0.26915299892425537,0.9695966243743896,0.5532691478729248,0.44270533323287964,0.13193723559379578,0.046283889561891556,0.5644304752349854,0.43114086985588074,-0.24375315010547638,0.9505901336669922,0.5562096834182739,0.43751829862594604,0.14596319198608398,0.05027155578136444,0.5717642307281494,0.4954172372817993,-0.10558028519153595,0.9996666312217712,0.5648658871650696,0.49728503823280334,0.10556069761514664,0.9986295700073242,0.5644813776016235,0.6753947138786316,-0.11876660585403442,0.9825229048728943,0.5880831480026245,0.6691540479660034,0.11120092868804932,0.754517138004303,0.6312285661697388,0.8422312140464783,-0.10106182098388672,0.9910529255867004,0.6345611214637756,0.8406715393066406,0.13973496854305267,0.8964478969573975,0.6518018245697021,0.8672377467155457,-0.10176354646682739,0.9786894917488098,0.6514843702316284,0.8662675619125366,0.13893267512321472,0.9111614227294922,0.6016443967819214,0.9196527004241943,-0.1627255380153656,0.9872168898582458,0.6041887998580933,0.9009121656417847,0.10246676206588745,0.9143604040145874
144,0.5221574306488037,0.17409898340702057,-0.009205537848174572,0.9996863603591919,0.5289739370346069,0.1558344066143036,-0.029776688665151596,0.9997754096984863,0.5306040048599243,0.15547111630439758,-0.02984042838215828,0.9998122453689575,0.5322585105895996,0.15511247515678406,-0.029888849705457687,0.9998639822006226,0.5279287099838257,0.15550607442855835,0.002698330907151103,0.9996710419654846,0.5287910103797913,0.15491299331188202,0.0027165000792592764,0.9995632171630859,0.5297356247901917,0.15416420996189117,0.0026966072618961334,0.9995967149734497,0.5445103645324707,0.16167987883090973,-0.07753004133701324,0.9999182820320129,0.5414502620697021,0.16096943616867065,0.07149966061115265,0.9993733167648315,0.5283487439155579,0.19070369005203247,-0.024201862514019012,0.9997771978378296,0.5263282060623169,0.1909484714269638,0.017870040610432625,0.9992895722389221,0.566750168800354,0.2416437566280365,-0.17555925250053406,0.999994158744812,0.5511842966079712,0.25538673996925354,0.17123541235923767,0.9982951283454895,0.6035979390144348,0.3112528324127197,-0.25382354855537415,0.9973017573356628,0.5711724162101746,0.34296715259552,0.2071552276611328,0.013914207927882671,0.5729967355728149,0.415153831243515,-0.24406854808330536,0.9867874383926392,0.561230480670929,0.4186137318611145,0.11729754507541656,0.028482092544436455,0.5684278011322021,0.4455035626888275,-0.2721032500267029,0.9745968580245972,0.5567689538002014,0.44430986046791077,0.11298179626464844,0.04529023915529251,0.5621299743652344,0.44130533933639526,-0.2614290118217468,0.9712384939193726,0.5548126101493835,0.44368574023246765,0.08345906436443329,0.04835588112473488,0.5632051229476929,0.4325079619884491,-0.23652498424053192,0.9530487060546875,0.5570147633552551,0.4380326569080353,0.1007937416434288,0.05197875574231148,0.5700489282608032,0.49562883377075195,-0.10861878097057343,0.9996705651283264,0.5642880797386169,0.49341511726379395,0.10859383642673492,0.9981800317764282,0.5798774361610413,0.6782029271125793,-0.11891821771860123,0.9824264645576477,0.5829050540924072,0.6552236080169678,0.16625764966011047,0.732140839099884,0.641750693321228,0.859559953212738,-0.1304546594619751,0.9911757707595825,0.6388721466064453,0.7342641949653625,0.2330712527036667,0.8648273348808289,0.6597205400466919,0.8778828382492065,-0.13584166765213013,0.9795770645141602,0.6530141234397888,0.7415591478347778,0.23763112723827362,0.895745038986206,0.6049183011054993,0.9191274046897888,-0.21757562458515167,0.9872633218765259,0.6283845901489258,0.7825674414634705,0.21745209395885468,0.8981956839561462
145,0.5229256749153137,0.17426654696464539,-0.007262697909027338,0.9996129274368286,0.5300384163856506,0.1555515080690384,-0.02833118662238121,0.999697744846344,0.5317643880844116,0.1551310271024704,-0.02843010053038597,0.9997535347938538,0.5334333181381226,0.15469245612621307,-0.028474440798163414,0.9998174905776978,0.5288020372390747,0.1554921269416809,0.006105127744376659,0.9995529055595398,0.5296205282211304,0.1549704521894455,0.006129450164735317,0.99942946434021,0.5305393934249878,0.15433140099048615,0.0061139813624322414,0.9994608163833618,0.5459664463996887,0.16200901567935944,-0.0767473503947258,0.9998883605003357,0.542236328125,0.16088834404945374,0.07680269330739975,0.9990925192832947,0.5292741060256958,0.1907806545495987,-0.023614630103111267,0.9997114539146423,0.5270882248878479,0.19074906408786774,0.020977988839149475,0.9991227984428406,0.5652841329574585,0.24151374399662018,-0.18209442496299744,0.9999940991401672,0.5523542165756226,0.25598448514938354,0.18300162255764008,0.9981595277786255,0.6033204793930054,0.31636255979537964,-0.2604246735572815,0.9973920583724976,0.5719500780105591,0.34946733713150024,0.22566156089305878,0.014304096810519695,0.5719395875930786,0.42226311564445496,-0.2554868757724762,0.9872260689735413,0.561052680015564,0.42753833532333374,0.12134776264429092,0.029020557180047035,0.567033052444458,0.45334646105766296,-0.28622931241989136,0.9752545952796936,0.5562659502029419,0.4534454345703125,0.11529205739498138,0.04614166170358658,0.5608363151550293,0.4490620195865631,-0.2755323648452759,0.9720178246498108,0.5544652938842773,0.4531017243862152,0.11821727454662323,0.04922913387417793,0.5619745254516602,0.4405609667301178,-0.2486460655927658,0.9540379643440247,0.5565749406814575,0.4471006989479065,0.1251254677772522,0.052622467279434204,0.5687612295150757,0.504462718963623,-0.11431671679019928,0.999632716178894,0.5651026964187622,0.5012024641036987,0.11424271017313004,0.9978827834129333,0.5869514346122742,0.6876771450042725,-0.11893118917942047,0.9801930785179138,0.5864347219467163,0.6727503538131714,0.14321179687976837,0.7048798203468323,0.6445589661598206,0.8730839490890503,-0.11904622614383698,0.9903658628463745,0.6371663212776184,0.7929938435554504,0.18398816883563995,0.8382497429847717,0.6620539426803589,0.8983309268951416,-0.12467863410711288,0.9787666201591492,0.6504196524620056,0.8200520277023315,0.1844901442527771,0.8774043917655945,0.6050838232040405,0.9209856390953064,-0.1991414874792099,0.9867268800735474,0.6190916299819946,0.8482000827789307,0.1469683200120926,0.8873845338821411
146,0.5225237607955933,0.17479383945465088,-0.01660955138504505,0.9994803667068481,0.5300776958465576,0.15635520219802856,-0.036395613104104996,0.9995428323745728,0.5319134593009949,0.15598730742931366,-0.036478981375694275,0.9996379017829895,0.5337165594100952,0.1556384265422821,-0.036517105996608734,0.9997236132621765,0.5286880731582642,0.15635298192501068,-0.0019427115330472589,0.999334990978241,0.5294684767723083,0.1558825671672821,-0.0019138550851494074,0.999181866645813,0.5303927659988403,0.15534813702106476,-0.0019199876114726067,0.9991987347602844,0.5462130904197693,0.1634056270122528,-0.08466337621212006,0.9998324513435364,0.5419626235961914,0.16225841641426086,0.07033108919858932,0.9985756874084473,0.5287998914718628,0.19077175855636597,-0.0317816361784935,0.9995952248573303,0.5264130234718323,0.19076186418533325,0.012923876754939556,0.9988223910331726,0.5651817917823792,0.24302810430526733,-0.18949349224567413,0.9999932646751404,0.5517481565475464,0.25916990637779236,0.1762559562921524,0.9979164600372314,0.6019074320793152,0.3196795880794525,-0.2639632225036621,0.9973785877227783,0.5700219869613647,0.355318546295166,0.21738676726818085,0.014557487331330776,0.5713629722595215,0.4255582094192505,-0.25352713465690613,0.9871078729629517,0.5599996447563171,0.4338138997554779,0.14785656332969666,0.02903938665986061,0.5668202638626099,0.45617035031318665,-0.28352805972099304,0.9748838543891907,0.5562920570373535,0.4551859498023987,0.14562347531318665,0.04609958454966545,0.5607598423957825,0.4528629779815674,-0.27466386556625366,0.9716508388519287,0.55501788854599,0.4543357789516449,0.11846407502889633,0.04918764904141426,0.5616620182991028,0.4446395933628082,-0.2475489377975464,0.9533300399780273,0.5567498803138733,0.4516698718070984,0.1338212639093399,0.05244873836636543,0.5729512572288513,0.508063018321991,-0.11394061893224716,0.9995161294937134,0.5649130344390869,0.5017225742340088,0.11387749016284943,0.9973077774047852,0.5931863784790039,0.696603536605835,-0.10605727136135101,0.9784192442893982,0.582080066204071,0.6786758899688721,0.1375868320465088,0.6903579235076904,0.6435205340385437,0.8790465593338013,-0.0831596702337265,0.9894869923591614,0.6366153359413147,0.8310022354125977,0.1789490282535553,0.8235991597175598,0.6610132455825806,0.9066702723503113,-0.08585058897733688,0.9769145846366882,0.6498433947563171,0.8689802289009094,0.1787552833557129,0.8668122887611389,0.6036347150802612,0.9195176959037781,-0.18488384783267975,0.9859997034072876,0.6113377809524536,0.8699790835380554,0.13455292582511902,0.8824214339256287
147,0.5212149620056152,0.17787429690361023,-0.04093948006629944,0.9994796514511108,0.529007613658905,0.15972591936588287,-0.06084868311882019,0.999506950378418,0.5308725833892822,0.1592739075422287,-0.06092699244618416,0.999618411064148,0.532816469669342,0.15885505080223083,-0.060972947627305984,0.9997063875198364,0.527532696723938,0.15983591973781586,-0.026479441672563553,0.9992882609367371,0.5283711552619934,0.15931299328804016,-0.02642899379134178,0.999137282371521,0.5293774008750916,0.15868481993675232,-0.02643897570669651,0.9991354942321777,0.5455008745193481,0.16602380573749542,-0.10805527120828629,0.9998252987861633,0.5411907434463501,0.1650569885969162,0.0476316399872303,0.9985122680664062,0.5279628038406372,0.19362454116344452,-0.05540243536233902,0.9995921850204468,0.5254467725753784,0.19357439875602722,-0.010596866719424725,0.9987978935241699,0.5662203431129456,0.24729081988334656,-0.20488294959068298,0.9999934434890747,0.5505756139755249,0.26275551319122314,0.15419484674930573,0.9979338645935059,0.6008737087249756,0.3228766918182373,-0.2744351029396057,0.9974513649940491,0.5698710083961487,0.3585369884967804,0.20053529739379883,0.015308079309761524,0.5709850788116455,0.4298071265220642,-0.27020302414894104,0.9876681566238403,0.5590559840202332,0.44208064675331116,0.13908448815345764,0.03148191422224045,0.5666998624801636,0.46009474992752075,-0.3024844825267792,0.9757649898529053,0.5551841259002686,0.4647335410118103,0.1335114985704422,0.048635754734277725,0.5607092976570129,0.4564574062824249,-0.2975228428840637,0.9726755619049072,0.55370032787323,0.466187447309494,0.10361073911190033,0.05186524614691734,0.561489999294281,0.44834545254707336,-0.2663312554359436,0.9546161890029907,0.5555561780929565,0.4635721445083618,0.12232962995767593,0.05491060018539429,0.5792288184165955,0.5098559856414795,-0.11135224252939224,0.9995223879814148,0.5640770196914673,0.5113442540168762,0.11124648153781891,0.9974308609962463,0.6070762872695923,0.6977651715278625,-0.11949945986270905,0.9797782897949219,0.5576282143592834,0.6836316585540771,0.081900954246521,0.7136077880859375,0.6469780802726746,0.8778334856033325,-0.0729285404086113,0.9901467561721802,0.6233817934989929,0.8342323303222656,0.16480721533298492,0.8359179496765137,0.6636078357696533,0.906630277633667,-0.07282519340515137,0.975733757019043,0.6388186812400818,0.8660777807235718,0.16708990931510925,0.872824490070343,0.60893714427948,0.91944819688797,-0.18313731253147125,0.9868635535240173,0.6020417213439941,0.8890714645385742,0.1238190159201622,0.8910546898841858
148,0.5197316408157349,0.17856857180595398,-0.04182331636548042,0.9995149374008179,0.5277014970779419,0.16129931807518005,-0.06130191683769226,0.9995266795158386,0.5296293497085571,0.16098356246948242,-0.06137898564338684,0.9996370077133179,0.5316358804702759,0.16071902215480804,-0.061425723135471344,0.9997207522392273,0.5262072682380676,0.16122038662433624,-0.026324179023504257,0.9993189573287964,0.527098536491394,0.1607486754655838,-0.026262406259775162,0.9991777539253235,0.5281718969345093,0.1601632833480835,-0.02626955136656761,0.9991680979728699,0.5443571209907532,0.16846339404582977,-0.10777910053730011,0.9998351335525513,0.540153443813324,0.16720855236053467,0.050172410905361176,0.9985926747322083,0.5264571905136108,0.19500690698623657,-0.056678663939237595,0.9996209144592285,0.5240366458892822,0.19493374228477478,-0.011076686903834343,0.9988715648651123,0.5654047131538391,0.24728600680828094,-0.2045460194349289,0.9999939799308777,0.5503084659576416,0.2659977674484253,0.1580967903137207,0.9980161786079407,0.6002609133720398,0.3223220407962799,-0.2790098190307617,0.9975851774215698,0.5695209503173828,0.360423743724823,0.19596397876739502,0.015939584001898766,0.5717043280601501,0.4319332540035248,-0.2801028788089752,0.9885025024414062,0.5588176846504211,0.4466491639614105,0.11640463769435883,0.034873075783252716,0.5679044127464294,0.46094435453414917,-0.3131575882434845,0.9772543907165527,0.553464412689209,0.4715254008769989,0.10700666904449463,0.05257905274629593,0.5616437196731567,0.458149790763855,-0.31027689576148987,0.9743268489837646,0.5526811480522156,0.474606454372406,0.07909794896841049,0.05585317686200142,0.5622288584709167,0.44920849800109863,-0.2768108546733856,0.9569740891456604,0.5554887056350708,0.47143852710723877,0.09944614768028259,0.05865144729614258,0.5811967253684998,0.512647807598114,-0.10839922726154327,0.999557375907898,0.5618630647659302,0.5193465352058411,0.10832208395004272,0.9976338744163513,0.6111284494400024,0.700721800327301,-0.15043902397155762,0.981585681438446,0.5337504744529724,0.6805906295776367,0.0578913688659668,0.7402969002723694,0.647770881652832,0.8820220232009888,-0.07605735957622528,0.9910008907318115,0.6062639355659485,0.8266884088516235,0.1772589385509491,0.8498257398605347,0.6653297543525696,0.9146668910980225,-0.07316508889198303,0.9758061766624451,0.6222018003463745,0.8479347229003906,0.1846645623445511,0.8805387616157532,0.6042197942733765,0.9234740138053894,-0.20980031788349152,0.987936794757843,0.582684338092804,0.8902742862701416,0.14403222501277924,0.8999988436698914
149,0.5192340612411499,0.1811649352312088,-0.05043260008096695,0.9995496273040771,0.5269108414649963,0.163946270942688,-0.07039956748485565,0.9995505213737488,0.5287747979164124,0.16356150805950165,-0.07046931236982346,0.9996574521064758,0.5306473970413208,0.16315384209156036,-0.07051344960927963,0.9997367262840271,0.5254184007644653,0.16387277841567993,-0.03534596785902977,0.999354898929596,0.526263952255249,0.16338267922401428,-0.035269368439912796,0.999221682548523,0.5272805690765381,0.16277000308036804,-0.03527019917964935,0.9992056488990784,0.543197751045227,0.1702806055545807,-0.11743823438882828,0.9998453855514526,0.5390912294387817,0.16923585534095764,0.04105839133262634,0.9986709356307983,0.5261504054069519,0.19745609164237976,-0.06542478501796722,0.9996471405029297,0.5236760377883911,0.1975688338279724,-0.019681774079799652,0.998936116695404,0.5641990900039673,0.24741710722446442,-0.21153812110424042,0.9999943971633911,0.5491970181465149,0.26773694157600403,0.15085379779338837,0.9980722069740295,0.5983065366744995,0.32292312383651733,-0.2784663438796997,0.9977259635925293,0.568098247051239,0.36053213477134705,0.18881581723690033,0.01655883528292179,0.5715426802635193,0.4323326051235199,-0.26969558000564575,0.98934006690979,0.5572539567947388,0.4468051493167877,0.10996226221323013,0.03902760148048401,0.5676604509353638,0.46236881613731384,-0.30157822370529175,0.9787427186965942,0.5511628985404968,0.47406649589538574,0.10051460564136505,0.05735921114683151,0.5612906217575073,0.4591697156429291,-0.2983158230781555,0.9760000109672546,0.5497798323631287,0.476264625787735,0.07197443395853043,0.06069015711545944,0.5619238615036011,0.449384868144989,-0.26584020256996155,0.9594746828079224,0.5525488257408142,0.4713182747364044,0.09289193153381348,0.06331147998571396,0.5785689353942871,0.5142702460289001,-0.10802265256643295,0.9995870590209961,0.5578228831291199,0.519897997379303,0.10796552896499634,0.9978091716766357,0.6041113138198853,0.700140655040741,-0.14387716352939606,0.9832059144973755,0.5179634094238281,0.6727544069290161,0.07585568726062775,0.763822078704834,0.6440601944923401,0.883190929889679,-0.08013493567705154,0.9917595386505127,0.584598183631897,0.8179656267166138,0.1963658183813095,0.8615714311599731,0.6604255437850952,0.9136949181556702,-0.0810544416308403,0.9760698080062866,0.6059170961380005,0.8413866758346558,0.20367857813835144,0.8865750432014465,0.5990251898765564,0.9251590371131897,-0.21195176243782043,0.988871157169342,0.5543431043624878,0.8882867693901062,0.16750429570674896,0.9073167443275452
150,0.5185222625732422,0.18315276503562927,-0.04629669338464737,0.9995888471603394,0.5265488624572754,0.16584475338459015,-0.06653374433517456,0.9995861649513245,0.5283741354942322,0.16543371975421906,-0.0666026920080185,0.9996849298477173,0.5302735567092896,0.1649976372718811,-0.06663289666175842,0.9997581243515015,0.5251889228820801,0.16579635441303253,-0.03172047436237335,0.9994074106216431,0.5261692404747009,0.16529962420463562,-0.03166297823190689,0.9992842674255371,0.5271743535995483,0.16467151045799255,-0.031666554510593414,0.9992671608924866,0.5430072546005249,0.17190620303153992,-0.11411762237548828,0.9998578429222107,0.5387560725212097,0.17093709111213684,0.04292343184351921,0.998775064945221,0.5248804688453674,0.19940774142742157,-0.06151636317372322,0.9996761083602905,0.5225376486778259,0.19954074919223785,-0.01615784876048565,0.999015748500824,0.5617268085479736,0.24780480563640594,-0.2099536657333374,0.9999948143959045,0.5480892062187195,0.2686028480529785,0.15291573107242584,0.9981078505516052,0.5940955281257629,0.3232169449329376,-0.27844148874282837,0.9978839755058289,0.5672562122344971,0.3618718981742859,0.19503715634346008,0.017224466428160667,0.5703427195549011,0.43583497405052185,-0.2666701376438141,0.99016934633255,0.5553728938102722,0.4468661844730377,0.12638349831104279,0.04172460734844208,0.5666958093643188,0.468051940202713,-0.29809319972991943,0.9802060127258301,0.5490798950195312,0.4759864807128906,0.11997216939926147,0.05970558151602745,0.5596939921379089,0.4645400643348694,-0.29444870352745056,0.9776514768600464,0.5466030836105347,0.4773010313510895,0.09067181497812271,0.06295383721590042,0.5600937604904175,0.4540506601333618,-0.26257506012916565,0.9619824290275574,0.5499892830848694,0.47123637795448303,0.10960087925195694,0.06549426168203354,0.577436089515686,0.5160164833068848,-0.10807468742132187,0.9996199607849121,0.5520237684249878,0.5200991034507751,0.10802148282527924,0.9979907870292664,0.595500648021698,0.7036260366439819,-0.14862729609012604,0.9847418665885925,0.5007177591323853,0.6673627495765686,0.08163232356309891,0.7858936786651611,0.6450724601745605,0.883517861366272,-0.13125529885292053,0.9925168752670288,0.5516051650047302,0.8192077875137329,0.20320072770118713,0.8738173842430115,0.6603158116340637,0.9127143621444702,-0.13583308458328247,0.9775997400283813,0.5678890943527222,0.8415744304656982,0.20953984558582306,0.8944385051727295,0.6021109819412231,0.9255425333976746,-0.24725250899791718,0.9898595809936523,0.5163500905036926,0.8855524659156799,0.17371568083763123,0.9149141311645508
151,0.5157962441444397,0.1840568482875824,-0.04357166960835457,0.9996171593666077,0.5236079692840576,0.16686692833900452,-0.06397435814142227,0.9996090531349182,0.5256649255752563,0.1665031462907791,-0.0640479028224945,0.9997019171714783,0.5276283025741577,0.16609074175357819,-0.06408108025789261,0.999771773815155,0.5219751596450806,0.16670437157154083,-0.028580263257026672,0.999445378780365,0.5229204893112183,0.16617897152900696,-0.028528034687042236,0.9993279576301575,0.5239723920822144,0.16552981734275818,-0.028530240058898926,0.9993086457252502,0.5405869483947754,0.17288318276405334,-0.11294230073690414,0.9998664259910583,0.5363084077835083,0.17189939320087433,0.046509407460689545,0.9988346099853516,0.5214559435844421,0.20058931410312653,-0.0593918077647686,0.9996941089630127,0.5189393162727356,0.20067083835601807,-0.0132594034075737,0.9990624189376831,0.5555694699287415,0.24829146265983582,-0.22040334343910217,0.9999950528144836,0.545884907245636,0.26648327708244324,0.15810631215572357,0.9980530738830566,0.5888367295265198,0.3243292272090912,-0.2884332537651062,0.9980549812316895,0.5669598579406738,0.36213570833206177,0.20085513591766357,0.017258334904909134,0.5634525418281555,0.43819737434387207,-0.26378440856933594,0.9909951686859131,0.5548301935195923,0.4495628774166107,0.13068440556526184,0.041138675063848495,0.5589746832847595,0.4692710041999817,-0.2948864996433258,0.9817166328430176,0.5485734343528748,0.4806774854660034,0.13139371573925018,0.058277737349271774,0.5527076721191406,0.46572351455688477,-0.2898777723312378,0.979358971118927,0.5462939739227295,0.48126351833343506,0.09547562897205353,0.061353061348199844,0.5531847476959229,0.45572471618652344,-0.2591514587402344,0.9646153450012207,0.5490824580192566,0.4731132388114929,0.11020062863826752,0.06392491608858109,0.5728607177734375,0.5169998407363892,-0.11385545879602432,0.9996403455734253,0.547853946685791,0.5206671953201294,0.11381793022155762,0.9981276392936707,0.5877945423126221,0.7048532962799072,-0.15674325823783875,0.9861405491828918,0.48826274275779724,0.6614016890525818,0.07014960050582886,0.804546058177948,0.6435323357582092,0.8824402093887329,-0.1377134472131729,0.9931969046592712,0.5160638689994812,0.8305696845054626,0.1522289365530014,0.8846896886825562,0.6596078872680664,0.9122468829154968,-0.1405230462551117,0.979138970375061,0.5324469208717346,0.865081250667572,0.15476787090301514,0.9017592072486877,0.6042110323905945,0.9275578856468201,-0.23690584301948547,0.9907354712486267,0.47503238916397095,0.8842363953590393,0.11240965127944946,0.9213036298751831
152,0.5110655426979065,0.18477122485637665,-0.04101993888616562,0.9996322393417358,0.5183953046798706,0.1674918383359909,-0.06165990233421326,0.9996165037155151,0.5203624963760376,0.1670885980129242,-0.06172589585185051,0.9997065663337708,0.5225523710250854,0.1666105091571808,-0.0617481954395771,0.9997761845588684,0.5171334743499756,0.16735444962978363,-0.02587454952299595,0.9994601607322693,0.5180260539054871,0.16682249307632446,-0.02582676149904728,0.9993426203727722,0.5190954804420471,0.16616353392601013,-0.02582952380180359,0.9993183016777039,0.5356637835502625,0.17300845682621002,-0.11216320842504501,0.9998682737350464,0.5319203734397888,0.1722613126039505,0.049100250005722046,0.9988070726394653,0.5159958004951477,0.201072558760643,-0.05723006650805473,0.9996953010559082,0.5139561891555786,0.20115703344345093,-0.010543344542384148,0.9990538954734802,0.5499405860900879,0.2487396001815796,-0.22229674458503723,0.9999952912330627,0.5416620969772339,0.26689261198043823,0.1680750548839569,0.9979838728904724,0.5816370248794556,0.32506677508354187,-0.29455751180648804,0.9981976747512817,0.5624504685401917,0.36839985847473145,0.21765565872192383,0.017024429515004158,0.5571485757827759,0.44073814153671265,-0.26931554079055786,0.9916803240776062,0.548771321773529,0.45458945631980896,0.154378280043602,0.040468908846378326,0.5548411011695862,0.47174423933029175,-0.30152708292007446,0.9829013347625732,0.5440881848335266,0.48716261982917786,0.1576385796070099,0.056931022554636,0.5477770566940308,0.46901729702949524,-0.2915171980857849,0.980704665184021,0.5400226712226868,0.4867594540119171,0.1216496005654335,0.05987649783492088,0.5478019714355469,0.4594765901565552,-0.2623669505119324,0.9665849804878235,0.5430875420570374,0.4769456684589386,0.13529106974601746,0.062398288398981094,0.5634890794754028,0.5172827243804932,-0.1182403564453125,0.9996596574783325,0.5419355034828186,0.5210542678833008,0.1181580200791359,0.9982547760009766,0.5736924409866333,0.7085870504379272,-0.1511351764202118,0.9873737692832947,0.4824029505252838,0.6600852012634277,0.07779553532600403,0.8205194473266602,0.6405915021896362,0.8779492974281311,-0.12813802063465118,0.9937986731529236,0.47952789068222046,0.8438767194747925,0.1487216055393219,0.8945684432983398,0.6599438190460205,0.8978753685951233,-0.13039615750312805,0.9804759621620178,0.4895899295806885,0.8812350034713745,0.1504712849855423,0.9079285264015198,0.6047852039337158,0.9295437335968018,-0.22334440052509308,0.9914888739585876,0.4309055805206299,0.8712152242660522,0.10196958482265472,0.9271733164787292
153,0.5055278539657593,0.18908540904521942,-0.02562514878809452,0.9996213316917419,0.5128419399261475,0.1722189337015152,-0.04757381230592728,0.9995998740196228,0.5146636366844177,0.17195884883403778,-0.04763469845056534,0.9996896982192993,0.5167400240898132,0.17156845331192017,-0.04763249307870865,0.9997662305831909,0.5117281675338745,0.17186827957630157,-0.00974116288125515,0.9994360208511353,0.512590765953064,0.1713215559720993,-0.00971042551100254,0.9993107318878174,0.5135766863822937,0.17061154544353485,-0.009717433713376522,0.9992863535881042,0.5295337438583374,0.1785130351781845,-0.10440705716609955,0.9998559951782227,0.5256162285804749,0.17718394100666046,0.06714362651109695,0.9986074566841125,0.510487973690033,0.20545125007629395,-0.04404351860284805,0.9996798634529114,0.5087558031082153,0.20534244179725647,0.005331911612302065,0.9990057349205017,0.5440129637718201,0.2530258297920227,-0.21593160927295685,0.9999954104423523,0.5340586304664612,0.2699786126613617,0.1939801722764969,0.9979754686355591,0.5742886662483215,0.3305858373641968,-0.3106624484062195,0.998299241065979,0.555229127407074,0.3788793385028839,0.26942819356918335,0.016584232449531555,0.5510222315788269,0.44888123869895935,-0.3120599389076233,0.992190957069397,0.5439247488975525,0.45909908413887024,0.24276971817016602,0.039508670568466187,0.5481141209602356,0.47754862904548645,-0.3458372950553894,0.9837830662727356,0.5381912589073181,0.4881816506385803,0.25494277477264404,0.055635783821344376,0.5415021181106567,0.4746532440185547,-0.32828015089035034,0.981711208820343,0.5359981060028076,0.4876983165740967,0.22053544223308563,0.058529894798994064,0.5418384671211243,0.46572497487068176,-0.30237337946891785,0.9678296446800232,0.5380513668060303,0.4785679578781128,0.22668273746967316,0.06089141592383385,0.5507007837295532,0.5312016606330872,-0.12285488843917847,0.9996787309646606,0.5346570611000061,0.529112696647644,0.12275408208370209,0.9983581304550171,0.5558472871780396,0.7230145931243896,-0.1496170461177826,0.9884079694747925,0.47532638907432556,0.6631091237068176,0.1045147180557251,0.829535186290741,0.6359390020370483,0.8709868788719177,-0.1294553130865097,0.9943232536315918,0.44780460000038147,0.8451640009880066,0.14559057354927063,0.9022261500358582,0.6568627953529358,0.8824504613876343,-0.13054931163787842,0.9817162156105042,0.4522281289100647,0.8825557231903076,0.14506492018699646,0.9107464551925659,0.6037708520889282,0.931279182434082,-0.21902576088905334,0.9921558499336243,0.40050679445266724,0.8509270548820496,0.09338699281215668,0.9315254092216492
154,0.49993395805358887,0.20093560218811035,-0.024178914725780487,0.9995905160903931,0.5071161985397339,0.18374258279800415,-0.046615779399871826,0.999566912651062,0.508912205696106,0.18332059681415558,-0.04667084664106369,0.9996610283851624,0.510715126991272,0.18282386660575867,-0.046666305512189865,0.9997467994689941,0.506125807762146,0.18344663083553314,-0.00865368265658617,0.9993882179260254,0.5071395635604858,0.18276706337928772,-0.008630052208900452,0.9992551207542419,0.5082420110702515,0.18198546767234802,-0.00864546187222004,0.9992297887802124,0.5230835676193237,0.18975193798542023,-0.10409146547317505,0.9998375773429871,0.5196376442909241,0.18862569332122803,0.06700365245342255,0.9983735680580139,0.5049535632133484,0.21702921390533447,-0.04313495382666588,0.9996588826179504,0.5034394264221191,0.2167549580335617,0.006444042082875967,0.9989421963691711,0.5390675067901611,0.2617430090904236,-0.2185702621936798,0.9999955892562866,0.5282345414161682,0.2781163454055786,0.19374778866767883,0.997997522354126,0.5670998692512512,0.34315046668052673,-0.3233304023742676,0.998391330242157,0.5456681847572327,0.3835548460483551,0.2762063443660736,0.01613655686378479,0.5431212782859802,0.4559393525123596,-0.341926246881485,0.9926955699920654,0.5364057421684265,0.46662038564682007,0.2594703733921051,0.038586199283599854,0.5384663939476013,0.48386093974113464,-0.37820354104042053,0.9847166538238525,0.5312858819961548,0.4933069944381714,0.2733154892921448,0.05452532321214676,0.5329819917678833,0.4818371534347534,-0.3599267899990082,0.9827695488929749,0.5291062593460083,0.49461573362350464,0.23930558562278748,0.057369232177734375,0.5340495705604553,0.4730048179626465,-0.33226892352104187,0.9692057967185974,0.5307920575141907,0.485283225774765,0.24412158131599426,0.059517472982406616,0.5420435667037964,0.539252519607544,-0.12385543435811996,0.9996939301490784,0.5255241990089417,0.5371738076210022,0.12373433262109756,0.9984389543533325,0.5409232378005981,0.7322667241096497,-0.14848588407039642,0.9893431663513184,0.4656425416469574,0.6654344201087952,0.12046269327402115,0.836449384689331,0.6348379254341125,0.8647500872612,-0.12612977623939514,0.9947856664657593,0.4228394031524658,0.8449043035507202,0.14898653328418732,0.9082929491996765,0.6542180776596069,0.8677492737770081,-0.1274951845407486,0.9827248454093933,0.42656078934669495,0.8831055760383606,0.14974303543567657,0.9116458296775818,0.6015489101409912,0.9336354732513428,-0.2088719606399536,0.9927183389663696,0.37627434730529785,0.8354777693748474,0.10058282315731049,0.9347179532051086
155,0.4931723177433014,0.2144867181777954,-0.004327534697949886,0.9995783567428589,0.49979090690612793,0.19718992710113525,-0.027772560715675354,0.9995571374893188,0.501652717590332,0.19677388668060303,-0.027821725234389305,0.9996470212936401,0.503567636013031,0.19627496600151062,-0.027809694409370422,0.9997410178184509,0.49879470467567444,0.19699358940124512,0.011259409599006176,0.9993763566017151,0.4998122751712799,0.19639697670936584,0.01128056924790144,0.9992289543151855,0.500957190990448,0.19573232531547546,0.011252605356276035,0.9992117881774902,0.5163032412528992,0.2026410698890686,-0.09202561527490616,0.9998290538787842,0.5133153200149536,0.20183683931827545,0.08499623090028763,0.9982555508613586,0.49819493293762207,0.2319861799478531,-0.02558300271630287,0.9996528029441833,0.4968028664588928,0.23167158663272858,0.025422662496566772,0.9989317655563354,0.5321954488754272,0.2746085226535797,-0.2152072638273239,0.9999958276748657,0.5212716460227966,0.2925345003604889,0.21401305496692657,0.9980903267860413,0.5601325035095215,0.3578447103500366,-0.33242130279541016,0.9984831809997559,0.5404561758041382,0.39523497223854065,0.3142177164554596,0.01550051849335432,0.5364717245101929,0.4684494733810425,-0.3627467751502991,0.9932303428649902,0.5300321578979492,0.4797065854072571,0.32279688119888306,0.0377596952021122,0.5310314893722534,0.49648797512054443,-0.3996875286102295,0.9857712984085083,0.5227963328361511,0.50473952293396,0.3416115343570709,0.05370594933629036,0.5251703858375549,0.4927523732185364,-0.38080069422721863,0.9839522242546082,0.5203860998153687,0.5054488778114319,0.30860233306884766,0.05648527294397354,0.5263789296150208,0.4840237498283386,-0.3528743386268616,0.9709140062332153,0.5231632590293884,0.49813133478164673,0.30858275294303894,0.058534182608127594,0.532333254814148,0.5471650958061218,-0.12651939690113068,0.9997153878211975,0.5176512598991394,0.5462905168533325,0.12639650702476501,0.9985648989677429,0.5263641476631165,0.7438936233520508,-0.15825003385543823,0.9901399612426758,0.4518463611602783,0.666602373123169,0.112346351146698,0.8415880799293518,0.6266200542449951,0.8578158020973206,-0.139003723859787,0.9951136112213135,0.4062045216560364,0.8445382118225098,0.12082669883966446,0.9134389162063599,0.6523182392120361,0.856787383556366,-0.1376458704471588,0.983532726764679,0.4096585214138031,0.8854432702064514,0.11908847093582153,0.9135452508926392,0.6010788679122925,0.9350191950798035,-0.20173540711402893,0.9931046366691589,0.35958051681518555,0.834822416305542,0.07411473244428635,0.9370846748352051
156,0.48504844307899475,0.23781657218933105,-0.010222219862043858,0.9995768070220947,0.49155110120773315,0.2199634164571762,-0.033333513885736465,0.9995567202568054,0.49323517084121704,0.2197273075580597,-0.03337915241718292,0.9996401071548462,0.4951011538505554,0.21939891576766968,-0.033369842916727066,0.9997381567955017,0.4908066391944885,0.2194693237543106,0.005355529021471739,0.9993802905082703,0.4918197691440582,0.21888169646263123,0.005374810192734003,0.9992214441299438,0.4929666519165039,0.21811260282993317,0.005354703404009342,0.9992120265960693,0.5083864331245422,0.22452370822429657,-0.09722067415714264,0.9998246431350708,0.5061339735984802,0.22328060865402222,0.08013607561588287,0.9982156157493591,0.4896138608455658,0.25652703642845154,-0.030475851148366928,0.9996508955955505,0.48859864473342896,0.2561225891113281,0.01991262100636959,0.9989379644393921,0.5234151482582092,0.2969474196434021,-0.22370615601539612,0.9999960660934448,0.5151402354240417,0.31181758642196655,0.20769718289375305,0.9982196688652039,0.5512539148330688,0.37560412287712097,-0.361689954996109,0.9985643029212952,0.5346357226371765,0.4121990203857422,0.3273093104362488,0.014889595098793507,0.5270334482192993,0.48299169540405273,-0.40021270513534546,0.9937359690666199,0.5205808877944946,0.4955947995185852,0.36668601632118225,0.03766171634197235,0.5204182863235474,0.5135063529014587,-0.4389485716819763,0.9867857694625854,0.5120929479598999,0.5165296196937561,0.389522910118103,0.0540463961660862,0.5145977139472961,0.5105888843536377,-0.4184640049934387,0.98508220911026,0.5092378854751587,0.5209614038467407,0.3550093173980713,0.05678798630833626,0.5160967111587524,0.5012185573577881,-0.3901495039463043,0.9725490212440491,0.5121060609817505,0.512927770614624,0.35273033380508423,0.05893438309431076,0.5236307382583618,0.5674158930778503,-0.12985453009605408,0.9997385740280151,0.5068720579147339,0.5646836161613464,0.12973299622535706,0.9986962080001831,0.5130033493041992,0.7621171474456787,-0.1806618869304657,0.9909535050392151,0.436481773853302,0.6668269038200378,0.07173159718513489,0.8502348065376282,0.6176989674568176,0.8536719679832458,-0.16319529712200165,0.995482325553894,0.39850687980651855,0.8474127054214478,0.08772268146276474,0.9200042486190796,0.6449347734451294,0.8497671484947205,-0.16074657440185547,0.984633207321167,0.40454167127609253,0.8895195126533508,0.0865442156791687,0.918391227722168,0.6021941900253296,0.9361230731010437,-0.20949725806713104,0.9935884475708008,0.35305461287498474,0.842349648475647,0.04239771142601967,0.9411457180976868
157,0.47846323251724243,0.2622276544570923,-0.013365569524466991,0.9995526671409607,0.4841330051422119,0.24348004162311554,-0.03531932085752487,0.9995337128639221,0.48567551374435425,0.24309810996055603,-0.03539946302771568,0.9996143579483032,0.48736628890037537,0.24259667098522186,-0.03543645888566971,0.9997128248214722,0.4838108420372009,0.24323523044586182,0.0021169527899473906,0.9993606209754944,0.48502835631370544,0.2427816540002823,0.0021515737753361464,0.9991817474365234,0.4864024221897125,0.2422189712524414,0.0021428498439490795,0.9991683959960938,0.5009039044380188,0.2466522604227066,-0.10086324065923691,0.999805748462677,0.5001681447029114,0.2459622472524643,0.07656652480363846,0.9980975985527039,0.4834093451499939,0.280023992061615,-0.03183388337492943,0.9996083974838257,0.4828603267669678,0.2803701162338257,0.016697153449058533,0.9988235235214233,0.5133088827133179,0.3162570595741272,-0.22035081684589386,0.9999961853027344,0.5140783190727234,0.3418949246406555,0.20036108791828156,0.9983225464820862,0.5399324893951416,0.3946647346019745,-0.3743188679218292,0.9985166788101196,0.5312245488166809,0.432879775762558,0.35306161642074585,0.014156578108668327,0.5178990960121155,0.5030057430267334,-0.43894162774086,0.9941079616546631,0.5132428407669067,0.5084701180458069,0.4627264142036438,0.03820709511637688,0.5116695165634155,0.5352769494056702,-0.4776723384857178,0.9875850081443787,0.5038507580757141,0.5272485017776489,0.4967270791530609,0.05576561018824577,0.5054791569709778,0.5327746868133545,-0.4575161933898926,0.9859524965286255,0.5006469488143921,0.5294573307037354,0.4638577103614807,0.058471113443374634,0.5065361261367798,0.5237312912940979,-0.42979058623313904,0.9736501574516296,0.5031377077102661,0.5249373316764832,0.45187610387802124,0.06104142591357231,0.5077912211418152,0.5963200926780701,-0.13110610842704773,0.9997614622116089,0.4962320923805237,0.5912560224533081,0.13095228374004364,0.9988198280334473,0.5017294883728027,0.7915305495262146,-0.1845712810754776,0.991792619228363,0.41787686944007874,0.6691033840179443,0.08468333631753922,0.8611305952072144,0.6116621494293213,0.8500773906707764,-0.15828837454319,0.9958826303482056,0.3959415555000305,0.8540468215942383,0.1289331465959549,0.9269469976425171,0.6359497308731079,0.8415161967277527,-0.15400627255439758,0.9858814477920532,0.4040599465370178,0.8931655287742615,0.13201121985912323,0.9241389036178589,0.6026930809020996,0.9353615641593933,-0.19794902205467224,0.9941268563270569,0.35002079606056213,0.8478806614875793,0.10113511234521866,0.9455739259719849
158,0.4713946282863617,0.28169453144073486,-7.043829828035086e-05,0.9995633959770203,0.47695857286453247,0.26458102464675903,-0.022944241762161255,0.9995450973510742,0.4784877896308899,0.2644549608230591,-0.022961419075727463,0.9996179342269897,0.4801405966281891,0.26424640417099,-0.02293238416314125,0.9997161626815796,0.4768243432044983,0.26447007060050964,0.014059367589652538,0.9993857145309448,0.4781525731086731,0.26424267888069153,0.014062641188502312,0.9992029070854187,0.47963017225265503,0.2638203501701355,0.01402871310710907,0.9991959929466248,0.4938376843929291,0.27024194598197937,-0.08725129067897797,0.9998065829277039,0.4932803511619568,0.26946958899497986,0.08462000638246536,0.9981341361999512,0.4766456186771393,0.30127477645874023,-0.02062295377254486,0.9996137619018555,0.4762040972709656,0.3014258146286011,0.02816643938422203,0.9988408088684082,0.5058397650718689,0.3422357439994812,-0.20371076464653015,0.9999961853027344,0.5057283639907837,0.3642135262489319,0.20365731418132782,0.9984365105628967,0.531174898147583,0.42596080899238586,-0.3459446430206299,0.9984378218650818,0.5209990739822388,0.45809638500213623,0.33913129568099976,0.013418623246252537,0.5055902600288391,0.5313928127288818,-0.3803955614566803,0.994239330291748,0.5038794279098511,0.5364709496498108,0.41894611716270447,0.037154585123062134,0.4997822642326355,0.5614774227142334,-0.41490310430526733,0.9879013895988464,0.4957287907600403,0.5578190088272095,0.44870108366012573,0.05484403669834137,0.4939976632595062,0.5586777925491333,-0.39728623628616333,0.986259937286377,0.4934919774532318,0.5580844879150391,0.41648173332214355,0.05743502825498581,0.49492233991622925,0.5509172677993774,-0.3713124096393585,0.9736796617507935,0.49529677629470825,0.5508880019187927,0.4073760509490967,0.06027347221970558,0.4991757869720459,0.6110057234764099,-0.12948839366436005,0.9997808337211609,0.4880961775779724,0.6062159538269043,0.12935353815555573,0.9989305734634399,0.49047428369522095,0.814994215965271,-0.20662418007850647,0.9925287961959839,0.40408796072006226,0.6698001027107239,0.10623154789209366,0.8681180477142334,0.6036810874938965,0.846615195274353,-0.19258272647857666,0.9961867928504944,0.39208003878593445,0.8601745367050171,0.14052729308605194,0.932334840297699,0.6291918158531189,0.8365415930747986,-0.18879404664039612,0.9867631196975708,0.4025191366672516,0.8950719833374023,0.14189669489860535,0.9280948638916016,0.6016572713851929,0.935144305229187,-0.22287261486053467,0.9945195317268372,0.3435191512107849,0.8712679743766785,0.11223222315311432,0.948558509349823
159,0.4634985029697418,0.30234766006469727,0.0028870822861790657,0.9995678067207336,0.4697195589542389,0.2867867350578308,-0.01997329108417034,0.9995394945144653,0.47118496894836426,0.2868005335330963,-0.01997983083128929,0.9996044635772705,0.4727672040462494,0.28675299882888794,-0.019946279004216194,0.9997050166130066,0.4693785607814789,0.2862110435962677,0.016387468203902245,0.9993876814842224,0.47055330872535706,0.28581273555755615,0.016397204250097275,0.999194324016571,0.47192925214767456,0.28532251715660095,0.01634885184466839,0.9991915822029114,0.4859026372432709,0.2944552004337311,-0.08278774470090866,0.9997971057891846,0.4852233827114105,0.29319262504577637,0.0848964974284172,0.9981040358543396,0.46840983629226685,0.3223547339439392,-0.01779245212674141,0.9996068477630615,0.4678383469581604,0.32260942459106445,0.030287202447652817,0.9988105297088623,0.49987316131591797,0.37090128660202026,-0.195322185754776,0.9999961853027344,0.4988333582878113,0.3863815665245056,0.20030705630779266,0.9985541105270386,0.5239235758781433,0.45534998178482056,-0.331582635641098,0.9981873035430908,0.5206938982009888,0.4922506511211395,0.3141653537750244,0.012931359000504017,0.49650445580482483,0.555312991142273,-0.3676704466342926,0.994096040725708,0.4963904023170471,0.5594606995582581,0.3542841076850891,0.03655993938446045,0.49006885290145874,0.584939181804657,-0.4054732918739319,0.9877611398696899,0.48969966173171997,0.5795546770095825,0.3771746754646301,0.05466073751449585,0.48454952239990234,0.5820060968399048,-0.39686110615730286,0.986077606678009,0.4866694509983063,0.5862948894500732,0.3446123003959656,0.057063061743974686,0.48573416471481323,0.5743736624717712,-0.35981279611587524,0.972886323928833,0.4881892204284668,0.5772312879562378,0.34136104583740234,0.06018245220184326,0.49285539984703064,0.6328433752059937,-0.12874767184257507,0.9997996091842651,0.4799934923648834,0.625642716884613,0.12860998511314392,0.99903404712677,0.4829491674900055,0.8379570841789246,-0.2208714485168457,0.9931083917617798,0.39213481545448303,0.6733360886573792,0.11197184026241302,0.8727498650550842,0.5989788770675659,0.8467186093330383,-0.18700233101844788,0.9963090419769287,0.38961365818977356,0.8599103093147278,0.16203024983406067,0.9361836910247803,0.6221452951431274,0.8273006677627563,-0.1816810667514801,0.9873558878898621,0.4000779986381531,0.8939409255981445,0.16427509486675262,0.9313822388648987,0.6026965379714966,0.9347821474075317,-0.2177136242389679,0.9946819543838501,0.34295421838760376,0.8808832764625549,0.1460784524679184,0.9503716826438904
160,0.45666879415512085,0.3189583122730255,-0.028575971722602844,0.999576985836029,0.4632907509803772,0.3037532567977905,-0.05160057544708252,0.9995476603507996,0.46483612060546875,0.30353161692619324,-0.05157400295138359,0.9996073246002197,0.4665326178073883,0.30326932668685913,-0.051513783633708954,0.9997020959854126,0.462855726480484,0.30321627855300903,-0.015440411865711212,0.9994041323661804,0.4639991223812103,0.3026233911514282,-0.015434692613780499,0.9992121458053589,0.4653131067752838,0.3019537031650543,-0.01548956148326397,0.9992007613182068,0.4784925878047943,0.31171295046806335,-0.11139383167028427,0.9997943639755249,0.4771885871887207,0.3103023171424866,0.05505894497036934,0.9981393218040466,0.46113213896751404,0.33799585700035095,-0.04862621799111366,0.9996126294136047,0.4603828489780426,0.33746248483657837,-0.0006832308135926723,0.9988137483596802,0.4928687512874603,0.39587655663490295,-0.21713873744010925,0.9999960660934448,0.48872989416122437,0.4045562446117401,0.17159996926784515,0.9986567497253418,0.5129042267799377,0.4778800904750824,-0.3513263463973999,0.9975705146789551,0.5052339434623718,0.4961033761501312,0.30876338481903076,0.012328422628343105,0.4879869520664215,0.579142153263092,-0.3884614408016205,0.9937873482704163,0.4868021607398987,0.5683402419090271,0.3980869650840759,0.036242205649614334,0.48161816596984863,0.6084600687026978,-0.42210355401039124,0.9874941110610962,0.47979384660720825,0.5903400182723999,0.43001875281333923,0.05556608363986015,0.47718992829322815,0.605294942855835,-0.40936511754989624,0.9857735633850098,0.47749704122543335,0.5921018123626709,0.399690181016922,0.057881537824869156,0.4781437814235687,0.5980889201164246,-0.381588876247406,0.971891462802887,0.47912150621414185,0.5880206823348999,0.38783782720565796,0.061393462121486664,0.4870450496673584,0.6586942672729492,-0.12850841879844666,0.9998169541358948,0.47036799788475037,0.6467952132225037,0.1283811628818512,0.9991278648376465,0.47562408447265625,0.8601474165916443,-0.21575124561786652,0.9935692548751831,0.38382476568222046,0.6760917901992798,0.16927722096443176,0.8791931867599487,0.5927889347076416,0.8484798073768616,-0.1742921769618988,0.9963221549987793,0.38787955045700073,0.8590632677078247,0.23854191601276398,0.9398071765899658,0.6138192415237427,0.8317772746086121,-0.1702689826488495,0.9878841042518616,0.3986586332321167,0.893398642539978,0.24309328198432922,0.9349709749221802,0.6024003624916077,0.9302988648414612,-0.173694908618927,0.9947773218154907,0.3411784768104553,0.8845547437667847,0.24111075699329376,0.9522080421447754
161,0.4499046206474304,0.33630138635635376,-0.031793225556612015,0.9994992017745972,0.4560898244380951,0.32061779499053955,-0.05331769585609436,0.9994462132453918,0.4574442505836487,0.3204801380634308,-0.05330093577504158,0.9994955658912659,0.4589460492134094,0.320186048746109,-0.05324799567461014,0.9996044039726257,0.4560867249965668,0.3204107880592346,-0.01842081919312477,0.9993137717247009,0.45735645294189453,0.32006824016571045,-0.018410375341773033,0.9990764260292053,0.4587888717651367,0.3194975256919861,-0.01847335323691368,0.99903804063797,0.4700910151004791,0.32905271649360657,-0.10938960313796997,0.9997101426124573,0.46982401609420776,0.3276428282260895,0.05113130062818527,0.9976769685745239,0.4539058804512024,0.3538722097873688,-0.050362396985292435,0.9995105266571045,0.4533291459083557,0.35324299335479736,-0.004203165881335735,0.9985319375991821,0.481168270111084,0.4077913165092468,-0.2182484120130539,0.9999951124191284,0.48320379853248596,0.41386374831199646,0.16916874051094055,0.9986913204193115,0.5044165253639221,0.4954168200492859,-0.3425794243812561,0.9967529773712158,0.5010950565338135,0.5094780325889587,0.29218369722366333,0.011765407398343086,0.47997531294822693,0.5998465418815613,-0.373750239610672,0.9932538866996765,0.48327022790908813,0.587996244430542,0.35966864228248596,0.03542282059788704,0.47366541624069214,0.6295992732048035,-0.41172218322753906,0.9868463277816772,0.474130243062973,0.609566330909729,0.387341171503067,0.05536184087395668,0.4690802991390228,0.6252835392951965,-0.39419031143188477,0.9851001501083374,0.472189724445343,0.6104768514633179,0.3572060465812683,0.05755065008997917,0.46998196840286255,0.6182249188423157,-0.36547136306762695,0.9702563881874084,0.476187527179718,0.6053212881088257,0.34845322370529175,0.06123707816004753,0.48162299394607544,0.6731096506118774,-0.12777772545814514,0.9998294711112976,0.47078967094421387,0.6594060063362122,0.12764687836170197,0.9992092251777649,0.47164130210876465,0.8752315044403076,-0.22468550503253937,0.994041919708252,0.3800131678581238,0.6787880659103394,0.19569729268550873,0.8829240798950195,0.5862792730331421,0.8497872948646545,-0.17527508735656738,0.996256411075592,0.38547688722610474,0.8592037558555603,0.2598116993904114,0.9421064853668213,0.6069123148918152,0.8267282247543335,-0.1682402342557907,0.9883818626403809,0.3968886733055115,0.8932532668113708,0.2636468708515167,0.9375150203704834,0.6018810868263245,0.9270689487457275,-0.17950138449668884,0.9947242736816406,0.34242504835128784,0.8841546773910522,0.266406387090683,0.9526490569114685
162,0.4435579180717468,0.35341858863830566,-0.03569641709327698,0.9993734955787659,0.44944649934768677,0.33764582872390747,-0.05812417343258858,0.9992979764938354,0.4507206082344055,0.3374370038509369,-0.0581197515130043,0.9993317127227783,0.4521693289279938,0.337019681930542,-0.058082111179828644,0.9994651079177856,0.4495169222354889,0.33754169940948486,-0.022868501022458076,0.999178946018219,0.4507311284542084,0.337235689163208,-0.02284092828631401,0.998875617980957,0.45215240120887756,0.33657246828079224,-0.02290389873087406,0.9987925887107849,0.4637605547904968,0.34513887763023376,-0.11595483869314194,0.9996122717857361,0.46355777978897095,0.3437128961086273,0.04576797038316727,0.9970681071281433,0.44761523604393005,0.3704964816570282,-0.05500316619873047,0.9993798136711121,0.4471309185028076,0.37035369873046875,-0.008255360648036003,0.9982068538665771,0.47418683767318726,0.4180825650691986,-0.22579124569892883,0.9999945163726807,0.4803207516670227,0.42604559659957886,0.16665300726890564,0.9987088441848755,0.49788743257522583,0.5095708966255188,-0.33078402280807495,0.9964442253112793,0.4990301728248596,0.5229281783103943,0.2654656171798706,0.011405374854803085,0.47408026456832886,0.6145985722541809,-0.326680064201355,0.9932647347450256,0.4799919128417969,0.6041461825370789,0.2973351776599884,0.03560180589556694,0.4688638150691986,0.6439815759658813,-0.3591105043888092,0.9869160056114197,0.47403398156166077,0.6267982721328735,0.32113558053970337,0.05625138431787491,0.46464380621910095,0.6392056941986084,-0.34633544087409973,0.9852050542831421,0.46984490752220154,0.6268280744552612,0.29047268629074097,0.05819448456168175,0.4656580984592438,0.6315951943397522,-0.3193194270133972,0.970241904258728,0.4737885594367981,0.6204984188079834,0.28523606061935425,0.06213485822081566,0.47776561975479126,0.6853742599487305,-0.12747913599014282,0.9998441338539124,0.47139859199523926,0.6727176904678345,0.12735117971897125,0.9992855191230774,0.47187915444374084,0.885618269443512,-0.21773140132427216,0.9945593476295471,0.3745429515838623,0.6801862120628357,0.22037169337272644,0.8855359554290771,0.5820111036300659,0.8535886406898499,-0.1682010143995285,0.9963856339454651,0.38586726784706116,0.8584676384925842,0.28240010142326355,0.9448375701904297,0.6034441590309143,0.8268492221832275,-0.15472587943077087,0.9891491532325745,0.3987671732902527,0.8923715949058533,0.2858012318611145,0.9408403038978577,0.6039585471153259,0.9252907633781433,-0.15281715989112854,0.9949069023132324,0.34223583340644836,0.8837777972221375,0.2960764467716217,0.9541470408439636
163,0.4392518401145935,0.3642083406448364,-0.040480226278305054,0.9992501735687256,0.44498714804649353,0.3481098711490631,-0.06399805098772049,0.99916011095047,0.44623494148254395,0.3481106460094452,-0.06400148570537567,0.9991857409477234,0.4475805163383484,0.34794843196868896,-0.06397587060928345,0.9993406534194946,0.44517940282821655,0.34805646538734436,-0.02811945416033268,0.9990330934524536,0.44650182127952576,0.3479442000389099,-0.028073955327272415,0.998667299747467,0.4479471743106842,0.34754669666290283,-0.028125565499067307,0.9985269904136658,0.45889991521835327,0.35645294189453125,-0.12250381708145142,0.9995297193527222,0.45922842621803284,0.35523730516433716,0.04178076237440109,0.9963939785957336,0.4426916539669037,0.3810989260673523,-0.05987183004617691,0.9992833733558655,0.44240427017211914,0.3816428780555725,-0.012300662696361542,0.9979498386383057,0.4687739908695221,0.42644640803337097,-0.22922258079051971,0.9999944567680359,0.4771713614463806,0.43933966755867004,0.16412445902824402,0.998741090297699,0.49254870414733887,0.5173921585083008,-0.3138944208621979,0.9962746500968933,0.4934307038784027,0.5363814234733582,0.24259114265441895,0.011036837473511696,0.47091108560562134,0.6262749433517456,-0.293173611164093,0.9932708144187927,0.476561963558197,0.6178592443466187,0.2355724275112152,0.03598814085125923,0.46702879667282104,0.6537883877754211,-0.32412952184677124,0.9869065880775452,0.4699467718601227,0.6413344740867615,0.2525738477706909,0.05738762766122818,0.4621097445487976,0.6512777805328369,-0.3132769465446472,0.9852163791656494,0.4674205780029297,0.6420602798461914,0.22043196856975555,0.05906973034143448,0.46285948157310486,0.6438741683959961,-0.2860490083694458,0.9701833128929138,0.4696497321128845,0.6351475119590759,0.22185926139354706,0.06320778280496597,0.4758254587650299,0.6936229467391968,-0.1269015669822693,0.9998583793640137,0.4684675633907318,0.680763304233551,0.12680622935295105,0.9993549585342407,0.4722309708595276,0.8998127579689026,-0.21999673545360565,0.9950416684150696,0.37347978353500366,0.6810898184776306,0.2313903570175171,0.88627028465271,0.5819671750068665,0.8565481305122375,-0.16769608855247498,0.9965325593948364,0.38626909255981445,0.8588547706604004,0.2910611033439636,0.947020947933197,0.6011219620704651,0.8277750015258789,-0.15214581787586212,0.9898490309715271,0.39907121658325195,0.892138659954071,0.2942310869693756,0.9438324570655823,0.6035122275352478,0.9244826436042786,-0.15203605592250824,0.9951106905937195,0.3423152267932892,0.8851065039634705,0.3095460832118988,0.9557339549064636
164,0.43650341033935547,0.3731515109539032,-0.049456823617219925,0.999208927154541,0.4424382150173187,0.35736456513404846,-0.07302675396203995,0.9991137981414795,0.4437073767185211,0.3575499951839447,-0.0730263739824295,0.9991374611854553,0.4451424181461334,0.35759973526000977,-0.07300508767366409,0.9993059635162354,0.44257235527038574,0.35690799355506897,-0.0375199057161808,0.9989726543426514,0.4438440203666687,0.35667237639427185,-0.03746981546282768,0.9985749125480652,0.4452221989631653,0.356206476688385,-0.037511784583330154,0.9984015822410583,0.45737653970718384,0.36555051803588867,-0.13021321594715118,0.9995105266571045,0.4568219780921936,0.3633947968482971,0.03225244581699371,0.9960362911224365,0.44028106331825256,0.3905700147151947,-0.0682075098156929,0.9992643594741821,0.4397970736026764,0.39074257016181946,-0.021145645529031754,0.9978660345077515,0.4681454300880432,0.43534326553344727,-0.23517711460590363,0.9999948143959045,0.4744521677494049,0.44442981481552124,0.1587681919336319,0.9987949132919312,0.4924280643463135,0.5233929753303528,-0.31683972477912903,0.9964239001274109,0.4893718361854553,0.5386451482772827,0.2416553795337677,0.010550870560109615,0.47080889344215393,0.6343816518783569,-0.30894947052001953,0.9936717748641968,0.4717434048652649,0.6179097294807434,0.2394043505191803,0.03638880327343941,0.46638616919517517,0.6621388792991638,-0.34202831983566284,0.9875956177711487,0.4659453332424164,0.6411433815956116,0.2567688524723053,0.05854889750480652,0.46088284254074097,0.6589686274528503,-0.3306811451911926,0.985987663269043,0.4612944722175598,0.6412253975868225,0.2235146462917328,0.059933196753263474,0.46165600419044495,0.6509352922439575,-0.3017958998680115,0.9715830683708191,0.46567782759666443,0.6390094757080078,0.22543343901634216,0.06419108808040619,0.47469520568847656,0.6968590021133423,-0.12634983658790588,0.9998717904090881,0.465920627117157,0.6835066676139832,0.12628929316997528,0.9994180798530579,0.47375375032424927,0.9023162722587585,-0.22339539229869843,0.9954966902732849,0.37319710850715637,0.6809855103492737,0.22313490509986877,0.8884891867637634,0.5817747712135315,0.8600977659225464,-0.1738048940896988,0.9967570304870605,0.3854716718196869,0.8585100173950195,0.27278071641921997,0.9496116042137146,0.600097119808197,0.8299016356468201,-0.16463270783424377,0.990587592124939,0.39840805530548096,0.891730010509491,0.27492135763168335,0.9470700025558472,0.6015190482139587,0.9245947003364563,-0.1597900688648224,0.9954171180725098,0.3420148491859436,0.8856738805770874,0.2863384187221527,0.9577479958534241
165,0.43571335077285767,0.37892329692840576,-0.04495055973529816,0.999220073223114,0.44136175513267517,0.3626992106437683,-0.06714750081300735,0.9991232752799988,0.4426693320274353,0.3627188503742218,-0.06715866923332214,0.9991446733474731,0.44413071870803833,0.3626125752925873,-0.06713521480560303,0.9993119835853577,0.4416155219078064,0.36241814494132996,-0.031785748898983,0.9989844560623169,0.44296377897262573,0.3621959388256073,-0.03176651522517204,0.9985948801040649,0.44440022110939026,0.36178672313690186,-0.031814251095056534,0.9984197616577148,0.45698875188827515,0.3687152564525604,-0.1233694776892662,0.9995160698890686,0.4565564692020416,0.3669143617153168,0.039907462894916534,0.9960461258888245,0.44028550386428833,0.39645808935165405,-0.062383174896240234,0.9992827773094177,0.44012269377708435,0.3966558575630188,-0.01548880897462368,0.9979149699211121,0.46956172585487366,0.4450340270996094,-0.23154184222221375,0.9999951720237732,0.47455018758773804,0.4539531171321869,0.16379214823246002,0.9988628029823303,0.4922703206539154,0.5283469557762146,-0.29480960965156555,0.9965920448303223,0.48818761110305786,0.5447477698326111,0.2458406388759613,0.01045304723083973,0.46909838914871216,0.6390969753265381,-0.27392882108688354,0.9940370321273804,0.4720168709754944,0.623481810092926,0.2315843403339386,0.03803504258394241,0.4643668532371521,0.66657954454422,-0.3069424629211426,0.9881937503814697,0.4649319052696228,0.6474840641021729,0.24563948810100555,0.061232078820466995,0.45914649963378906,0.6623494029045105,-0.2965410351753235,0.9866592288017273,0.4619462490081787,0.6476123929023743,0.21240893006324768,0.062389031052589417,0.4597851634025574,0.6550909876823425,-0.2667571008205414,0.9728225469589233,0.46432241797447205,0.6414604783058167,0.2172425240278244,0.0667889192700386,0.4733278751373291,0.698009729385376,-0.1259329915046692,0.9998837113380432,0.4655698835849762,0.6884369850158691,0.1259123831987381,0.9994747638702393,0.47547635436058044,0.9031209349632263,-0.2286839783191681,0.995890736579895,0.3725043833255768,0.6806312203407288,0.225571870803833,0.8866375088691711,0.5817915797233582,0.8613139390945435,-0.1768673211336136,0.9968786239624023,0.38516107201576233,0.8585513830184937,0.27156054973602295,0.9502888321876526,0.6006585359573364,0.8310636878013611,-0.1689973771572113,0.9911120533943176,0.398840069770813,0.8918052911758423,0.27325552701950073,0.9488236308097839,0.6014889478683472,0.9246858954429626,-0.16677670180797577,0.9955950379371643,0.3425210118293762,0.888662576675415,0.2864440679550171,0.9583771228790283
166,0.4363403916358948,0.3729103207588196,-0.04057850316166878,0.9992709755897522,0.4425064027309418,0.35787433385849,-0.06313236057758331,0.9991821646690369,0.4439171850681305,0.3577660024166107,-0.06313981860876083,0.9992011785507202,0.4454130232334137,0.35755348205566406,-0.06311498582363129,0.9993571639060974,0.44238004088401794,0.35780447721481323,-0.027319397777318954,0.9990571737289429,0.4436159133911133,0.35757964849472046,-0.0272934939712286,0.9986973404884338,0.444950670003891,0.35713979601860046,-0.027336474508047104,0.9985325932502747,0.45814529061317444,0.3635515570640564,-0.12114927917718887,0.9995483756065369,0.4573284983634949,0.36210739612579346,0.04377921670675278,0.9963207244873047,0.4412713944911957,0.3903575539588928,-0.05942178890109062,0.9993316531181335,0.4406925141811371,0.3906556963920593,-0.011874666437506676,0.9980593919754028,0.4700412154197693,0.4406064450740814,-0.22957809269428253,0.9999954104423523,0.47543200850486755,0.4480370879173279,0.16516613960266113,0.9989343881607056,0.49680542945861816,0.5299781560897827,-0.2712656557559967,0.9967301487922668,0.4909760355949402,0.5402234196662903,0.2500825524330139,0.010493369773030281,0.47262755036354065,0.6319001913070679,-0.21763011813163757,0.9943374395370483,0.47246426343917847,0.6156449317932129,0.2480633556842804,0.03983598202466965,0.4677373766899109,0.6594212651252747,-0.24589994549751282,0.9886394739151001,0.4647520184516907,0.6369767785072327,0.2632368206977844,0.06433869153261185,0.4623834192752838,0.6547492742538452,-0.2374047487974167,0.9871595501899719,0.4618852734565735,0.6367203593254089,0.23063531517982483,0.06540282815694809,0.46335703134536743,0.6472418308258057,-0.2105739861726761,0.9738037586212158,0.46455687284469604,0.6304328441619873,0.2340971678495407,0.07006127387285233,0.4738571047782898,0.699023962020874,-0.1255137026309967,0.9998945593833923,0.46625933051109314,0.6882069706916809,0.1255054771900177,0.9995261430740356,0.4776049554347992,0.9008104801177979,-0.22150707244873047,0.996247410774231,0.37507885694503784,0.6805486679077148,0.24176795780658722,0.8868195414543152,0.5819593667984009,0.8613195419311523,-0.17056402564048767,0.997028112411499,0.3858005702495575,0.8584268093109131,0.29591619968414307,0.952131450176239,0.6026865243911743,0.8286174535751343,-0.16064663231372833,0.9916861653327942,0.39927899837493896,0.8917250633239746,0.29857558012008667,0.9510587453842163,0.6014472246170044,0.924900233745575,-0.15933185815811157,0.9958246946334839,0.34236323833465576,0.8884074687957764,0.3135727047920227,0.9599199891090393
167,0.43821024894714355,0.36446449160575867,-0.03369966149330139,0.999313473701477,0.44504284858703613,0.34907644987106323,-0.056207336485385895,0.9992302656173706,0.446535587310791,0.34907233715057373,-0.056192796677351,0.9992468953132629,0.44807854294776917,0.3490310609340668,-0.056151412427425385,0.9993938207626343,0.4448738694190979,0.34857335686683655,-0.020283004269003868,0.99912029504776,0.4461743235588074,0.3480835258960724,-0.02025427855551243,0.9987855553627014,0.4475569725036621,0.34748032689094543,-0.020277194678783417,0.9986298680305481,0.4602271616458893,0.3565905690193176,-0.11685824394226074,0.9995726943016052,0.45953768491744995,0.3548913598060608,0.04806547984480858,0.9965532422065735,0.44375959038734436,0.38333719968795776,-0.054620690643787384,0.9993705749511719,0.4428638517856598,0.3830837309360504,-0.007028062827885151,0.9981787204742432,0.47469061613082886,0.4374019503593445,-0.2193235605955124,0.9999955296516418,0.4786064624786377,0.44489166140556335,0.16679562628269196,0.999000608921051,0.5003873109817505,0.5260849595069885,-0.2700246572494507,0.996696949005127,0.49390798807144165,0.5336990356445312,0.25504738092422485,0.010335692204535007,0.47534823417663574,0.6238657236099243,-0.22743134200572968,0.9943931698799133,0.474918931722641,0.6103962659835815,0.2621084749698639,0.040768470615148544,0.47107070684432983,0.6521521806716919,-0.2549661695957184,0.9886417984962463,0.4680594503879547,0.6289984583854675,0.27938365936279297,0.06650937348604202,0.4659307599067688,0.6477638483047485,-0.24685493111610413,0.9871593117713928,0.4651370942592621,0.6289262175559998,0.24705155193805695,0.06756867468357086,0.4668390154838562,0.6400063037872314,-0.22081974148750305,0.9738649129867554,0.4676302969455719,0.6251398921012878,0.24848122894763947,0.07245755940675735,0.47827887535095215,0.6943284273147583,-0.12414796650409698,0.9999042749404907,0.4672536849975586,0.6839367151260376,0.12411312013864517,0.9995723962783813,0.4800352454185486,0.8929917216300964,-0.21846559643745422,0.996552586555481,0.37750688195228577,0.6797852516174316,0.2463347166776657,0.8868998885154724,0.5841702222824097,0.8606768846511841,-0.17526838183403015,0.997104823589325,0.3850819170475006,0.8588332533836365,0.3039669096469879,0.9535924792289734,0.6038843393325806,0.8264073729515076,-0.16736337542533875,0.9921192526817322,0.39832445979118347,0.8920915126800537,0.3072032332420349,0.9526909589767456,0.6016660332679749,0.9249648451805115,-0.1627078503370285,0.9959649443626404,0.34110668301582336,0.8888245224952698,0.3214503228664398,0.9610885977745056
168,0.44125524163246155,0.3554514944553375,-0.04525751248002052,0.9993634819984436,0.447966992855072,0.34003159403800964,-0.06768638640642166,0.9992878437042236,0.4494473338127136,0.3399553596973419,-0.06765978038311005,0.9993024468421936,0.4509957432746887,0.3397881090641022,-0.06761329621076584,0.9994389414787292,0.4477509558200836,0.3396275043487549,-0.032372042536735535,0.9991902112960815,0.44899988174438477,0.33917322754859924,-0.03235691785812378,0.9988827109336853,0.45034486055374146,0.33854052424430847,-0.032367922365665436,0.9987388253211975,0.4630928635597229,0.3473479151725769,-0.1265391707420349,0.9996030926704407,0.4619941711425781,0.3456536531448364,0.03506360948085785,0.9968280792236328,0.44674229621887207,0.3738631010055542,-0.06539974361658096,0.9994181990623474,0.44589290022850037,0.3737063407897949,-0.018801186233758926,0.9983207583427429,0.4762438237667084,0.4320371448993683,-0.22055712342262268,0.999995768070221,0.4799150824546814,0.43479347229003906,0.1487942636013031,0.9990675449371338,0.5024169087409973,0.5192574262619019,-0.2800453007221222,0.996713399887085,0.4960516095161438,0.5299097895622253,0.2568952143192291,0.010173540562391281,0.47626185417175293,0.6147325038909912,-0.24308831989765167,0.994343638420105,0.4777051508426666,0.6074803471565247,0.29915839433670044,0.04064846411347389,0.4726029336452484,0.642837405204773,-0.269181489944458,0.9883773922920227,0.47060489654541016,0.6243222951889038,0.3206058740615845,0.06729766726493835,0.46754318475723267,0.6386890411376953,-0.26016324758529663,0.9868637323379517,0.4677194058895111,0.6245201826095581,0.2904564440250397,0.06848835200071335,0.4674057960510254,0.630936861038208,-0.23593273758888245,0.9733501672744751,0.4706495702266693,0.615784764289856,0.2880818247795105,0.07343421876430511,0.48065686225891113,0.6878891587257385,-0.12266447395086288,0.9999130964279175,0.4684390425682068,0.6759130954742432,0.1226084977388382,0.9996138215065002,0.4802972674369812,0.8850902318954468,-0.21669161319732666,0.9967849254608154,0.3815361559391022,0.679234504699707,0.24141457676887512,0.8845068216323853,0.5902946591377258,0.8592597246170044,-0.18561208248138428,0.9971537590026855,0.38420289754867554,0.8587712645530701,0.3054869771003723,0.9539975523948669,0.6142917275428772,0.8258193731307983,-0.1791650950908661,0.9924551844596863,0.39702287316322327,0.8922654986381531,0.30987414717674255,0.9532460570335388,0.6021116971969604,0.9250175356864929,-0.18688520789146423,0.9960653185844421,0.34062355756759644,0.8891845941543579,0.32031378149986267,0.9611391425132751
169,0.4433964788913727,0.34238070249557495,-0.004358160309493542,0.9994192123413086,0.4501238465309143,0.3272590935230255,-0.02459128573536873,0.999351441860199,0.4514368176460266,0.32742464542388916,-0.024569885805249214,0.9993643760681152,0.4526715874671936,0.327560156583786,-0.024525929242372513,0.9994893074035645,0.44963425397872925,0.3271571397781372,0.009328407235443592,0.9992623329162598,0.4506589472293854,0.3271450102329254,0.00931781716644764,0.9989826083183289,0.4515956938266754,0.3269847333431244,0.009303386323153973,0.9988535046577454,0.4644147753715515,0.33505263924598694,-0.08320986479520798,0.9996375441551208,0.46208810806274414,0.33384305238723755,0.07081864029169083,0.9971184730529785,0.44866690039634705,0.3581880033016205,-0.02496878057718277,0.9994666576385498,0.4477744996547699,0.3580591380596161,0.01932361349463463,0.9984604120254517,0.48423537611961365,0.428313672542572,-0.18196630477905273,0.9999958872795105,0.4804147183895111,0.42605018615722656,0.17500586807727814,0.999113142490387,0.5078004598617554,0.5142849683761597,-0.27322918176651,0.9968163967132568,0.49664306640625,0.5008313059806824,0.30871331691741943,0.01012031827121973,0.48269614577293396,0.6121847033500671,-0.2495071142911911,0.9945300817489624,0.47888970375061035,0.5601242780685425,0.39443764090538025,0.04014846310019493,0.4789009690284729,0.6341785192489624,-0.27300482988357544,0.9886438846588135,0.4709305763244629,0.5714283585548401,0.4233385920524597,0.06663282215595245,0.4730794429779053,0.6295546293258667,-0.27764472365379333,0.9871408939361572,0.46356168389320374,0.5546366572380066,0.39454081654548645,0.0679684728384018,0.47353434562683105,0.6228823065757751,-0.2370154857635498,0.9737532138824463,0.4711340367794037,0.5698756575584412,0.3847353458404541,0.0732010155916214,0.48185300827026367,0.6798361539840698,-0.11914046108722687,0.9999199509620667,0.47524914145469666,0.6703268885612488,0.11907482147216797,0.999648928642273,0.4866081178188324,0.8679380416870117,-0.20644018054008484,0.9969093799591064,0.3828221559524536,0.6791794896125793,0.15308557450771332,0.8767735362052917,0.5987210273742676,0.8576630353927612,-0.18623676896095276,0.9971736669540405,0.3846361041069031,0.8588716387748718,0.17349448800086975,0.9534329771995544,0.6261422634124756,0.8271157741546631,-0.18079343438148499,0.9926647543907166,0.39671790599823,0.8927037715911865,0.17364320158958435,0.951708972454071,0.6050852537155151,0.926529586315155,-0.19236351549625397,0.9960684180259705,0.34123724699020386,0.8887831568717957,0.16346316039562225,0.9593145847320557
170,0.4494161605834961,0.32137802243232727,0.006743531674146652,0.9994552731513977,0.455068439245224,0.3054567575454712,-0.014320500195026398,0.9993922114372253,0.4563058018684387,0.3058432340621948,-0.0143157709389925,0.9994019865989685,0.4575563073158264,0.3060908913612366,-0.014263028278946877,0.999523401260376,0.45453476905822754,0.30477380752563477,0.02026083506643772,0.9993128180503845,0.4553397297859192,0.30470705032348633,0.020264364778995514,0.999048113822937,0.456068217754364,0.3044939637184143,0.020241571590304375,0.9989364147186279,0.4698750376701355,0.31250640749931335,-0.07504506409168243,0.9996563792228699,0.46787580847740173,0.3109413683414459,0.08285064995288849,0.9973258376121521,0.4551059305667877,0.3407546281814575,-0.014427619986236095,0.9994924068450928,0.4542347490787506,0.3404838442802429,0.031079744920134544,0.9985328316688538,0.49470648169517517,0.4055093228816986,-0.17959226667881012,0.9999958276748657,0.4877694547176361,0.41032010316848755,0.18759998679161072,0.9991247653961182,0.5176891088485718,0.4775233864784241,-0.27815619111061096,0.996880292892456,0.5053013563156128,0.48494723439216614,0.3075162172317505,0.009669735096395016,0.4971652030944824,0.5807796120643616,-0.3142513334751129,0.9944354891777039,0.49285417795181274,0.5570265650749207,0.372273713350296,0.03784088045358658,0.49387723207473755,0.6061180830001831,-0.34427621960639954,0.9884045720100403,0.48833996057510376,0.575535774230957,0.3969253599643707,0.06307338178157806,0.48702272772789,0.6049078106880188,-0.3307674527168274,0.9868333339691162,0.48513761162757874,0.5702236890792847,0.3680230975151062,0.06438104063272476,0.48769569396972656,0.5983898639678955,-0.30568432807922363,0.9728512167930603,0.4870772957801819,0.5724583268165588,0.3618510365486145,0.06954159587621689,0.4948766231536865,0.6601319909095764,-0.11860831081867218,0.9999253749847412,0.48086804151535034,0.6492050886154175,0.11854104697704315,0.9996801614761353,0.49790510535240173,0.8439216017723083,-0.21088966727256775,0.9968700408935547,0.3919041156768799,0.6795098185539246,0.13252952694892883,0.878115177154541,0.6086972951889038,0.8580517172813416,-0.20406225323677063,0.9969210624694824,0.38511741161346436,0.8597759008407593,0.16891151666641235,0.9527746438980103,0.6361435651779175,0.8334798812866211,-0.19994816184043884,0.9923627972602844,0.3969671130180359,0.8937257528305054,0.1709451526403427,0.9509069919586182,0.6052019596099854,0.9280210137367249,-0.22003312408924103,0.9958142638206482,0.3411581218242645,0.8885152339935303,0.16291864216327667,0.957093358039856
171,0.4584665894508362,0.300815224647522,0.012876498512923717,0.9994738101959229,0.46404680609703064,0.2848398983478546,-0.008412045426666737,0.9994152784347534,0.465524286031723,0.28485429286956787,-0.00842659454792738,0.9994250535964966,0.46706056594848633,0.2847609221935272,-0.008380638435482979,0.9995477199554443,0.46329498291015625,0.2840815782546997,0.02690737508237362,0.9993433356285095,0.4641907215118408,0.28358185291290283,0.026911607012152672,0.9990842938423157,0.46512898802757263,0.2828929126262665,0.02689032256603241,0.9989910125732422,0.4809694290161133,0.2902699410915375,-0.06878510117530823,0.9996702671051025,0.47930294275283813,0.2888198792934418,0.09264057874679565,0.9974650144577026,0.4640469551086426,0.3205215036869049,-0.00771871954202652,0.9995030164718628,0.463158518075943,0.3204636573791504,0.03877028077840805,0.9985625743865967,0.502383828163147,0.369306743144989,-0.18434545397758484,0.9999960064888,0.49606853723526,0.3800108730792999,0.20700836181640625,0.9990823268890381,0.5276132225990295,0.4468509256839752,-0.3201043903827667,0.9970908164978027,0.5170835256576538,0.4667789340019226,0.33612942695617676,0.009076626971364021,0.5107595324516296,0.5465177893638611,-0.36529800295829773,0.994675874710083,0.5067064166069031,0.5415763258934021,0.4185732305049896,0.0350981131196022,0.5057113766670227,0.5762321352958679,-0.3970215916633606,0.9888092875480652,0.5028762817382812,0.5651760697364807,0.44674038887023926,0.058609478175640106,0.4992063641548157,0.5749533176422119,-0.37943023443222046,0.9872571229934692,0.5006380677223206,0.5628337264060974,0.4210810661315918,0.059844233095645905,0.5010720491409302,0.5667035579681396,-0.35626164078712463,0.9732806086540222,0.5008324384689331,0.554045557975769,0.40958237648010254,0.06478317081928253,0.506051242351532,0.6337714791297913,-0.11979369819164276,0.9999292492866516,0.48910269141197205,0.6227532029151917,0.11968733370304108,0.9997063875198364,0.5075873136520386,0.8171470761299133,-0.20911304652690887,0.9969936013221741,0.40757235884666443,0.6800461411476135,0.07293308526277542,0.8826961517333984,0.6148824095726013,0.85813307762146,-0.19735702872276306,0.9969278573989868,0.38658958673477173,0.8597044348716736,0.10063357651233673,0.9543507099151611,0.6410397887229919,0.8498509526252747,-0.19340252876281738,0.9920608401298523,0.3973836600780487,0.8946364521980286,0.10153256356716156,0.9517026543617249,0.6026872396469116,0.9309202432632446,-0.22371914982795715,0.9957924485206604,0.3416571021080017,0.8782205581665039,0.07790075987577438,0.9574557542800903
172,0.4672940671443939,0.2831874489784241,0.02468387968838215,0.9994919300079346,0.4722452163696289,0.266618937253952,0.003201152663677931,0.9994344115257263,0.47381487488746643,0.2663007974624634,0.0031769536435604095,0.999444305896759,0.4755111336708069,0.2657935917377472,0.0032226007897406816,0.9995686411857605,0.471428245306015,0.26601266860961914,0.03846487030386925,0.9993698596954346,0.4723559319972992,0.26530200242996216,0.038461413234472275,0.9991204142570496,0.4733935296535492,0.26430994272232056,0.03843644633889198,0.9990471601486206,0.48988884687423706,0.2692735195159912,-0.056381650269031525,0.9996841549873352,0.4874873161315918,0.2680186927318573,0.10503675043582916,0.9976062178611755,0.47337597608566284,0.3007465898990631,0.004829764366149902,0.99952232837677,0.47235527634620667,0.3007130026817322,0.05123203992843628,0.9986288547515869,0.510357141494751,0.34056776762008667,-0.17419198155403137,0.9999961853027344,0.504249632358551,0.3521854281425476,0.2206791341304779,0.9990883469581604,0.5382564663887024,0.422788143157959,-0.31308552622795105,0.9972847104072571,0.5286036133766174,0.44505029916763306,0.34530964493751526,0.008675975725054741,0.5190454721450806,0.5242649912834167,-0.3467417359352112,0.9948877692222595,0.5143961310386658,0.5226379036903381,0.41875165700912476,0.03282265365123749,0.5132042169570923,0.5558299422264099,-0.3766040802001953,0.9891829490661621,0.5100723505020142,0.5451480150222778,0.4451982378959656,0.054840583354234695,0.5078169107437134,0.5535857677459717,-0.3597974181175232,0.9876337051391602,0.5062797665596008,0.54454106092453,0.4190331995487213,0.05604792386293411,0.5088207125663757,0.5451072454452515,-0.33788058161735535,0.9736667275428772,0.5069685578346252,0.5356154441833496,0.4089645445346832,0.06085881218314171,0.5165490508079529,0.6085635423660278,-0.11984843015670776,0.9999303817749023,0.4989078640937805,0.5965606570243835,0.11973676830530167,0.9997250437736511,0.5148993134498596,0.7975972294807434,-0.19317485392093658,0.9971393942832947,0.4245111048221588,0.6815839409828186,0.0400804728269577,0.8866198658943176,0.6220583915710449,0.858223021030426,-0.19225777685642242,0.997013509273529,0.38821858167648315,0.8568994998931885,0.024424735456705093,0.9561412334442139,0.648481547832489,0.8540334701538086,-0.18891951441764832,0.9914522171020508,0.3982604146003723,0.8936496376991272,0.02085435763001442,0.9515010714530945,0.6025152802467346,0.9319860935211182,-0.22646410763263702,0.995861828327179,0.34345144033432007,0.8631770610809326,-0.0167949590831995,0.9586618542671204
173,0.4731210768222809,0.2585282325744629,0.010542860254645348,0.9994825720787048,0.4784626364707947,0.24217970669269562,-0.01138621661812067,0.9994367957115173,0.4800044596195221,0.24206805229187012,-0.011405443772673607,0.9994481801986694,0.4815604090690613,0.24174581468105316,-0.011367560364305973,0.9995779395103455,0.47785329818725586,0.241163969039917,0.024522367864847183,0.9993756413459778,0.4788981080055237,0.24029363691806793,0.024515807628631592,0.9991355538368225,0.48003944754600525,0.23921754956245422,0.024481525644659996,0.9990811347961426,0.49550944566726685,0.24562488496303558,-0.07199059426784515,0.9996930360794067,0.49346646666526794,0.2434813231229782,0.09143683314323425,0.9977002143859863,0.47891202569007874,0.2763634920120239,-0.01004033349454403,0.9995412230491638,0.4780956208705902,0.2755027413368225,0.03714878484606743,0.9986972212791443,0.5178226232528687,0.3209168612957001,-0.1802031546831131,0.9999962449073792,0.5094520449638367,0.3268912136554718,0.20809431374073029,0.9990686178207397,0.5495539307594299,0.4011479616165161,-0.32404664158821106,0.9974597096443176,0.5347010493278503,0.41587722301483154,0.3308955430984497,0.008478011004626751,0.5303218960762024,0.5011111497879028,-0.36288273334503174,0.9950363039970398,0.5212470889091492,0.49578583240509033,0.4020450711250305,0.03070191666483879,0.5247858762741089,0.5342208743095398,-0.396273672580719,0.9894983172416687,0.5172314643859863,0.5191505551338196,0.4286462366580963,0.05121002346277237,0.5195704698562622,0.5311315655708313,-0.37794262170791626,0.9879589080810547,0.5131468176841736,0.5186986923217773,0.4012342393398285,0.05241577699780464,0.5204440951347351,0.5225108861923218,-0.3537311553955078,0.9738046526908875,0.5149915814399719,0.5143254399299622,0.3916913866996765,0.05707838386297226,0.530069887638092,0.58089280128479,-0.11984312534332275,0.9999253749847412,0.507860541343689,0.5730630159378052,0.11971590667963028,0.999718427658081,0.5257561206817627,0.7752047181129456,-0.1677657663822174,0.9972794055938721,0.4396016001701355,0.6912022233009338,0.07860760390758514,0.8892764449119568,0.6252872943878174,0.8605105876922607,-0.15103262662887573,0.9971360564231873,0.39599183201789856,0.8549101948738098,0.07507030665874481,0.9573014974594116,0.6511582136154175,0.8650127053260803,-0.14926983416080475,0.9903726577758789,0.39888226985931396,0.8933219909667969,0.07223089784383774,0.9495342969894409,0.6005431413650513,0.9320215582847595,-0.22038908302783966,0.9958974123001099,0.35013407468795776,0.8448973894119263,0.025753412395715714,0.9590455293655396
174,0.47967106103897095,0.2419358640909195,0.007201922591775656,0.9994858503341675,0.4853569567203522,0.22374539077281952,-0.014682385139167309,0.999451756477356,0.48690590262413025,0.22358815371990204,-0.014707009308040142,0.9994626045227051,0.4884953498840332,0.22329330444335938,-0.014677141793072224,0.9995936155319214,0.4845941662788391,0.2227289378643036,0.020941557362675667,0.9993927478790283,0.4855210781097412,0.22192543745040894,0.020932938903570175,0.9991649389266968,0.4865322709083557,0.2210206538438797,0.020899999886751175,0.9991235733032227,0.5025308728218079,0.22599492967128754,-0.075605109333992,0.9997047185897827,0.5000467896461487,0.22445878386497498,0.08667781949043274,0.9978120923042297,0.48526686429977417,0.2592705190181732,-0.013216808438301086,0.9995630979537964,0.4842037260532379,0.2584814727306366,0.03350670263171196,0.998768150806427,0.5263187289237976,0.3019779324531555,-0.1861235350370407,0.9999963045120239,0.5163551568984985,0.30839160084724426,0.20280888676643372,0.99904465675354,0.5579549670219421,0.37823915481567383,-0.3200436234474182,0.9976219534873962,0.5428211092948914,0.39705827832221985,0.3192548155784607,0.008752284571528435,0.5383498668670654,0.479233980178833,-0.34088724851608276,0.9952199459075928,0.5319752097129822,0.48270273208618164,0.3863244652748108,0.029476847499608994,0.5329609513282776,0.5094938278198242,-0.37261638045310974,0.9898754954338074,0.5277681946754456,0.5035462975502014,0.4155351519584656,0.04884864762425423,0.5280896425247192,0.506632387638092,-0.35699546337127686,0.9883832931518555,0.5249354839324951,0.5024636387825012,0.3824111819267273,0.05011693760752678,0.5288740396499634,0.49841415882110596,-0.33249929547309875,0.9743290543556213,0.5257419347763062,0.49530601501464844,0.37526437640190125,0.054627757519483566,0.542046844959259,0.5538031458854675,-0.11893650144338608,0.9999195337295532,0.5207207202911377,0.5476932525634766,0.11877039819955826,0.9996911883354187,0.5380715131759644,0.7521142959594727,-0.1561075896024704,0.9973354935646057,0.45722705125808716,0.6903571486473083,0.0897815003991127,0.8873752951622009,0.6293991804122925,0.8640871047973633,-0.14818449318408966,0.9972611665725708,0.41134554147720337,0.8490915298461914,0.08720877766609192,0.9570874571800232,0.6560994982719421,0.8773042559623718,-0.1477891206741333,0.9899020791053772,0.4140040874481201,0.8899115920066833,0.08429761976003647,0.9461221098899841,0.6011925935745239,0.9321067929267883,-0.21381208300590515,0.9959798455238342,0.36553171277046204,0.8354589939117432,0.03883543610572815,0.9583122730255127
175,0.485797256231308,0.22150465846061707,0.004031026735901833,0.9994986653327942,0.4909036159515381,0.20320850610733032,-0.017843540757894516,0.9994688034057617,0.4924977421760559,0.20281727612018585,-0.01786872372031212,0.9994800686836243,0.494268000125885,0.20231583714485168,-0.017842646688222885,0.999612033367157,0.489739328622818,0.203012615442276,0.017702648416161537,0.9994094371795654,0.49040278792381287,0.20252889394760132,0.017701515927910805,0.9991894364356995,0.49117881059646606,0.20192456245422363,0.017672453075647354,0.999155580997467,0.5084863901138306,0.20533043146133423,-0.0775616466999054,0.9997198581695557,0.5049113035202026,0.20427408814430237,0.08385317027568817,0.9978818297386169,0.4922749102115631,0.23709522187709808,-0.015987740829586983,0.999579131603241,0.49056974053382874,0.23680536448955536,0.0305328331887722,0.9988084435462952,0.5345304608345032,0.2836058735847473,-0.18807341158390045,0.9999963045120239,0.5220412015914917,0.29127752780914307,0.20022916793823242,0.9988546371459961,0.5648914575576782,0.3605315685272217,-0.2826651632785797,0.9977903962135315,0.5453417897224426,0.377882182598114,0.29563194513320923,0.00881245732307434,0.5464951395988464,0.4680444002151489,-0.2682412266731262,0.9954161643981934,0.5348276495933533,0.4610661268234253,0.3059292435646057,0.028096878901124,0.542690634727478,0.49354252219200134,-0.29529431462287903,0.9901877045631409,0.5300016403198242,0.48029786348342896,0.32158222794532776,0.04628642275929451,0.5369479656219482,0.49139702320098877,-0.2806583344936371,0.9887520670890808,0.5294272899627686,0.47859686613082886,0.29310062527656555,0.047596387565135956,0.5378187298774719,0.4842313230037689,-0.2590638995170593,0.9749404788017273,0.5310834050178528,0.4741411507129669,0.29290202260017395,0.051955681294202805,0.5500039458274841,0.5422654151916504,-0.11719521135091782,0.9999151825904846,0.5296417474746704,0.5376189351081848,0.1170259565114975,0.9996646046638489,0.5531302690505981,0.7346968650817871,-0.1552906483411789,0.9972952008247375,0.4701771140098572,0.6726487278938293,0.06825782358646393,0.8859920501708984,0.6360642313957214,0.8679618835449219,-0.15414509177207947,0.9973748326301575,0.4374909996986389,0.8467119932174683,0.07121027261018753,0.9574525952339172,0.6606947183609009,0.8889660239219666,-0.15441536903381348,0.9894967079162598,0.44469279050827026,0.8881322145462036,0.0685909315943718,0.944655179977417,0.6030827164649963,0.9321824908256531,-0.22460579872131348,0.9960808753967285,0.39114415645599365,0.8435867428779602,0.02557048574090004,0.9583341479301453
176,0.49233245849609375,0.20785558223724365,-0.017149606719613075,0.9995182752609253,0.4977734684944153,0.1886395514011383,-0.03916854411363602,0.9994885325431824,0.49935388565063477,0.1881972998380661,-0.03922036662697792,0.9995020031929016,0.5009684562683105,0.18776294589042664,-0.039234548807144165,0.9996306896209717,0.49677491188049316,0.1884395033121109,-0.003603051882237196,0.9994305968284607,0.4976281523704529,0.18772335350513458,-0.0035796749871224165,0.9992207288742065,0.4985232949256897,0.18685775995254517,-0.0035748924128711224,0.9991894960403442,0.5144358277320862,0.19236183166503906,-0.0946454405784607,0.9997363090515137,0.5108609199523926,0.1909736692905426,0.06629054248332977,0.9979742169380188,0.498966783285141,0.22338388860225677,-0.03499658778309822,0.9995957016944885,0.4971504211425781,0.22320407629013062,0.01144490297883749,0.9988524913787842,0.5403940677642822,0.27270224690437317,-0.20096905529499054,0.9999963045120239,0.526861310005188,0.28011804819107056,0.18737390637397766,0.9986819624900818,0.5688689947128296,0.3456113040447235,-0.27627629041671753,0.9979197382926941,0.5455318689346313,0.3619159162044525,0.27562767267227173,0.008695737458765507,0.5507479906082153,0.45440933108329773,-0.22868740558624268,0.9953355193138123,0.5382504463195801,0.44303643703460693,0.2812483310699463,0.026608958840370178,0.5467861890792847,0.4780716300010681,-0.2528013586997986,0.9898777604103088,0.5348874926567078,0.463580459356308,0.2939874231815338,0.043711014091968536,0.5404764413833618,0.4757123589515686,-0.24149401485919952,0.9884178638458252,0.5334247946739197,0.4628199636936188,0.26350003480911255,0.045034024864435196,0.5415855646133423,0.468794584274292,-0.2203337401151657,0.9742293953895569,0.5350510478019714,0.4570158123970032,0.26692885160446167,0.04930039495229721,0.5557283759117126,0.5322257280349731,-0.11739017069339752,0.9999122619628906,0.535114049911499,0.5305659174919128,0.11723057925701141,0.9996393918991089,0.562728762626648,0.7221828103065491,-0.16352489590644836,0.99737948179245,0.4768293797969818,0.6618543863296509,0.06054967641830444,0.8887975811958313,0.6371489763259888,0.8688036799430847,-0.15930023789405823,0.9975589513778687,0.46728426218032837,0.8475297689437866,0.08413784950971603,0.9590502381324768,0.6605468988418579,0.88918137550354,-0.15645340085029602,0.9896621704101562,0.4782229959964752,0.8872190713882446,0.08274070918560028,0.945488452911377,0.6032365560531616,0.9330141544342041,-0.24486450850963593,0.9963175058364868,0.4236529469490051,0.8468164205551147,0.03989294543862343,0.9598820805549622
177,0.49660181999206543,0.1963905543088913,-0.05662093684077263,0.9995452761650085,0.5012922286987305,0.1783674657344818,-0.07784680277109146,0.9995147585868835,0.5029524564743042,0.17736601829528809,-0.07790267467498779,0.9995317459106445,0.5047118663787842,0.17633268237113953,-0.07792811840772629,0.9996530413627625,0.500339686870575,0.17881745100021362,-0.04290493205189705,0.9994589686393738,0.5012046098709106,0.17804959416389465,-0.04286472499370575,0.9992620944976807,0.5021843910217285,0.17705392837524414,-0.04284568503499031,0.999229371547699,0.5181148648262024,0.18032023310661316,-0.12778666615486145,0.9997552037239075,0.5147712826728821,0.1805858463048935,0.03055952489376068,0.9980911612510681,0.5038708448410034,0.2112257033586502,-0.07241450250148773,0.9996179342269897,0.5023082494735718,0.2115466445684433,-0.02665330469608307,0.9989070296287537,0.5434629321098328,0.2583267092704773,-0.2261616289615631,0.9999963641166687,0.5319911241531372,0.27050402760505676,0.15139105916023254,0.9985023140907288,0.5734823942184448,0.3355183005332947,-0.28388267755508423,0.9980617761611938,0.5498265027999878,0.36002317070961,0.2132432758808136,0.009053734131157398,0.5509292483329773,0.4436194896697998,-0.23995856940746307,0.9954004883766174,0.5428420901298523,0.44305723905563354,0.1750902384519577,0.026093939319252968,0.5479304790496826,0.46968841552734375,-0.26770734786987305,0.9898260235786438,0.5411983132362366,0.46538621187210083,0.17763540148735046,0.04234762862324715,0.5421973466873169,0.46786898374557495,-0.257468044757843,0.9884019494056702,0.5380873680114746,0.4648248553276062,0.14663545787334442,0.04371069371700287,0.5432937741279602,0.4599809944629669,-0.23236393928527832,0.974265456199646,0.5393263697624207,0.4584254324436188,0.15920022130012512,0.0478811040520668,0.5601029396057129,0.5248605608940125,-0.1174268126487732,0.999908447265625,0.5414077043533325,0.5244178175926208,0.1172979325056076,0.999603807926178,0.5725418329238892,0.7139939069747925,-0.15292009711265564,0.9975365400314331,0.4842451512813568,0.6554481387138367,0.08249436318874359,0.8956916332244873,0.6398463845252991,0.8691032528877258,-0.13857316970825195,0.9977700114250183,0.5015348196029663,0.8469210267066956,0.1412409096956253,0.9615891575813293,0.6594381332397461,0.8903263807296753,-0.1406913697719574,0.9902089238166809,0.5138229131698608,0.8844078183174133,0.14346693456172943,0.9476364850997925,0.6032975912094116,0.932817816734314,-0.23337194323539734,0.9966147541999817,0.45996394753456116,0.8612343072891235,0.09256305545568466,0.9622439742088318
178,0.49911555647850037,0.1823362112045288,-0.0652819573879242,0.9995808601379395,0.5049837827682495,0.16521653532981873,-0.08636803925037384,0.999550998210907,0.50656658411026,0.16455648839473724,-0.08642349392175674,0.9995695948600769,0.5083363056182861,0.16381695866584778,-0.08644787967205048,0.9996808767318726,0.5041489601135254,0.1652970016002655,-0.051388829946517944,0.9994973540306091,0.5050407648086548,0.16453978419303894,-0.05132560059428215,0.9993148446083069,0.5060485601425171,0.16357745230197906,-0.05130300670862198,0.9992801547050476,0.5215276479721069,0.16913166642189026,-0.13466039299964905,0.9997763633728027,0.5184202790260315,0.16848187148571014,0.023766595870256424,0.9982367157936096,0.5065804123878479,0.19859488308429718,-0.08028070628643036,0.9996469616889954,0.5049868822097778,0.19823622703552246,-0.0344831608235836,0.998980700969696,0.5464915633201599,0.2491159290075302,-0.22967787086963654,0.999996542930603,0.5352225303649902,0.2579488456249237,0.14215773344039917,0.9983624815940857,0.5767078995704651,0.33132418990135193,-0.28663986921310425,0.998194694519043,0.5544118881225586,0.35233038663864136,0.19731730222702026,0.009195244871079922,0.5509253740310669,0.4380447268486023,-0.26338279247283936,0.9955562353134155,0.5439740419387817,0.433083176612854,0.1491502821445465,0.02591574378311634,0.5482552647590637,0.46530383825302124,-0.29327744245529175,0.9900228977203369,0.5427818894386292,0.46024084091186523,0.1476246416568756,0.0415789969265461,0.5426024198532104,0.4619516134262085,-0.2813405692577362,0.9886531829833984,0.5392236709594727,0.4584997892379761,0.11633922904729843,0.04298367351293564,0.5435597896575928,0.45375072956085205,-0.25638124346733093,0.9748560190200806,0.5403437614440918,0.4503237009048462,0.13239338994026184,0.04700601473450661,0.5625776648521423,0.5148146152496338,-0.11646957695484161,0.9999098181724548,0.5441098809242249,0.515516459941864,0.11640512943267822,0.9995915293693542,0.5806229114532471,0.7036452293395996,-0.1544041931629181,0.9976734519004822,0.49935418367385864,0.6580033898353577,0.10112905502319336,0.9030327796936035,0.6411827206611633,0.8689285516738892,-0.14348837733268738,0.9979560971260071,0.5321955680847168,0.8411844968795776,0.19977328181266785,0.9638803601264954,0.6602245569229126,0.8900969624519348,-0.14661045372486115,0.9906825423240662,0.549116849899292,0.8760401606559753,0.20408864319324493,0.9498353004455566,0.6032963395118713,0.9318727254867554,-0.24926109611988068,0.9968803524971008,0.49018579721450806,0.8722150921821594,0.1628463864326477,0.9645113348960876
179,0.5042015314102173,0.17506670951843262,-0.05976491421461105,0.9996023774147034,0.5101416110992432,0.15850716829299927,-0.08108962327241898,0.9995691180229187,0.5117230415344238,0.15799979865550995,-0.08114911615848541,0.9995942115783691,0.5134664177894592,0.15758013725280762,-0.0811743289232254,0.9996984004974365,0.5093023777008057,0.1581316888332367,-0.04578107222914696,0.9995113611221313,0.5101757645606995,0.15734343230724335,-0.04571209102869034,0.9993368983268738,0.5111317038536072,0.1565600335597992,-0.04570075497031212,0.9992938041687012,0.5270127058029175,0.16429857909679413,-0.13034452497959137,0.9997916221618652,0.5234436988830566,0.16267327964305878,0.029755419120192528,0.9983263611793518,0.511336088180542,0.1932116448879242,-0.07509404420852661,0.9996637105941772,0.5095880627632141,0.19271990656852722,-0.028860289603471756,0.9990108013153076,0.5517186522483826,0.2438688427209854,-0.2254665642976761,0.9999966025352478,0.5364222526550293,0.2526189088821411,0.14370474219322205,0.9982885718345642,0.5801250338554382,0.32083067297935486,-0.30175119638442993,0.998266875743866,0.554516613483429,0.346135675907135,0.2014351189136505,0.009403436444699764,0.5538001656532288,0.4267300069332123,-0.2995326817035675,0.9955698251724243,0.5451391339302063,0.4288349449634552,0.15389403700828552,0.02661830559372902,0.5519316792488098,0.4560932219028473,-0.3348073959350586,0.9899915456771851,0.5441945791244507,0.45665258169174194,0.15160495042800903,0.0421433299779892,0.5459803342819214,0.4524410665035248,-0.32870665192604065,0.9886484146118164,0.5420235395431519,0.45527759194374084,0.12067203223705292,0.04366211220622063,0.5464354753494263,0.44344186782836914,-0.29554271697998047,0.9749286770820618,0.5425403714179993,0.44594353437423706,0.1371479332447052,0.04750670865178108,0.5667122602462769,0.5090495347976685,-0.11413906514644623,0.9999076724052429,0.5468684434890747,0.5134660601615906,0.11414351314306259,0.9995757341384888,0.5899569988250732,0.6924721002578735,-0.14767757058143616,0.9977127313613892,0.5102148056030273,0.6599995493888855,0.10130491107702255,0.9098633527755737,0.6419513821601868,0.8674287796020508,-0.13013657927513123,0.9980801939964294,0.5637256503105164,0.833101749420166,0.2022089660167694,0.965570330619812,0.6621497869491577,0.8908010125160217,-0.13409678637981415,0.9906356930732727,0.5812786221504211,0.8616007566452026,0.2067502737045288,0.9510173201560974,0.6034349203109741,0.9302074909210205,-0.24061746895313263,0.9970523715019226,0.5250048041343689,0.8815298080444336,0.16480818390846252,0.9664698243141174
180,0.506324052810669,0.17087124288082123,-0.04659845679998398,0.999626636505127,0.5128704905509949,0.15306328237056732,-0.06827153265476227,0.9995918869972229,0.5143604874610901,0.1526070088148117,-0.06831300258636475,0.999620795249939,0.5161007046699524,0.15230482816696167,-0.06831677258014679,0.9997175931930542,0.5120192170143127,0.15283246338367462,-0.03277211636304855,0.9995328187942505,0.5128577947616577,0.15210439264774323,-0.03272795304656029,0.9993689656257629,0.5137622952461243,0.15142622590065002,-0.03272762894630432,0.999323844909668,0.529567539691925,0.15977662801742554,-0.12977047264575958,0.9998065233230591,0.5257046818733215,0.15812291204929352,0.039293400943279266,0.9984344244003296,0.5135523676872253,0.18875858187675476,-0.0641835629940033,0.9996821880340576,0.5117858648300171,0.18897850811481476,-0.017298271879553795,0.999054491519928,0.5550366044044495,0.23876340687274933,-0.21114352345466614,0.9999967217445374,0.5395345687866211,0.2502458691596985,0.15210482478141785,0.9982853531837463,0.5821358561515808,0.316020131111145,-0.2980700135231018,0.998322606086731,0.5590243339538574,0.3502737879753113,0.203284353017807,0.009628593921661377,0.5557981729507446,0.42286473512649536,-0.31226593255996704,0.9955915808677673,0.547307014465332,0.4318014681339264,0.15044568479061127,0.026798538863658905,0.5544788837432861,0.4528471529483795,-0.34821754693984985,0.9900486469268799,0.5475785136222839,0.45930612087249756,0.14577963948249817,0.04204752668738365,0.5483304262161255,0.44972318410873413,-0.34272241592407227,0.9887351393699646,0.545464277267456,0.45859935879707336,0.11614932864904404,0.043600719422101974,0.5486840009689331,0.4411442279815674,-0.30885058641433716,0.9752057790756226,0.5460233688354492,0.45142868161201477,0.13395047187805176,0.04714197665452957,0.5707460641860962,0.4993515908718109,-0.11059250682592392,0.999906599521637,0.551122784614563,0.5045295357704163,0.11058881133794785,0.99956876039505,0.591882586479187,0.6827074289321899,-0.144887775182724,0.9976675510406494,0.5281370878219604,0.6613190770149231,0.09985604137182236,0.9148387312889099,0.6411473155021667,0.8671469688415527,-0.13381601870059967,0.9981401562690735,0.5866199135780334,0.8276010155677795,0.18599124252796173,0.9661935567855835,0.6627788543701172,0.89302659034729,-0.13788768649101257,0.9901532530784607,0.602885901927948,0.8514418005943298,0.18932226300239563,0.9508751034736633,0.6033387184143066,0.9280993938446045,-0.24309666454792023,0.9971581101417542,0.5464016199111938,0.8837290406227112,0.14813002943992615,0.9679533243179321
181,0.5087227821350098,0.16593004763126373,-0.04157821089029312,0.9996426701545715,0.5158311128616333,0.14856652915477753,-0.06313402950763702,0.9996023774147034,0.5175527334213257,0.14833135902881622,-0.06317181885242462,0.9996371269226074,0.5194294452667236,0.14814205467700958,-0.06317104399204254,0.9997285008430481,0.51447594165802,0.14834672212600708,-0.027740633115172386,0.9995405673980713,0.5151975154876709,0.14779315888881683,-0.02769951894879341,0.9993847608566284,0.5159398913383484,0.14719630777835846,-0.027701113373041153,0.999336838722229,0.5322059392929077,0.15578380227088928,-0.12294133752584457,0.9998168349266052,0.527746856212616,0.15430893003940582,0.04324082285165787,0.9984926581382751,0.5160741209983826,0.18515324592590332,-0.05961078405380249,0.9996921420097351,0.5140960812568665,0.18519844114780426,-0.012551354244351387,0.9990747570991516,0.5549527406692505,0.2342323511838913,-0.20619142055511475,0.9999967813491821,0.5409889817237854,0.24795161187648773,0.1555202305316925,0.9982531666755676,0.5868688821792603,0.31280750036239624,-0.2746424376964569,0.9983502626419067,0.562143087387085,0.3443650007247925,0.198820561170578,0.009929634630680084,0.5580894947052002,0.4195774495601654,-0.2649671137332916,0.995400607585907,0.5498822331428528,0.42631322145462036,0.13744233548641205,0.026766277849674225,0.5564221143722534,0.44973284006118774,-0.29651567339897156,0.9895961880683899,0.5498529672622681,0.4543040692806244,0.13192887604236603,0.04170462489128113,0.5496211051940918,0.4466152489185333,-0.29386574029922485,0.9882587790489197,0.5478333234786987,0.4532710313796997,0.10162468999624252,0.04329313337802887,0.5498130321502686,0.4380475878715515,-0.261613667011261,0.9745449423789978,0.5482614636421204,0.4465065896511078,0.12024335563182831,0.04659891873598099,0.571518063545227,0.4949922263622284,-0.10975810140371323,0.9998953938484192,0.5536755323410034,0.49962347745895386,0.10972040891647339,0.999515175819397,0.5926027297973633,0.6751317381858826,-0.13773410022258759,0.9974554181098938,0.5458106398582458,0.6621748208999634,0.10538457334041595,0.9151294827461243,0.6411468982696533,0.8670092225074768,-0.13162223994731903,0.9981312155723572,0.5993493795394897,0.8303326964378357,0.17951029539108276,0.9654964208602905,0.6627184152603149,0.8950279355049133,-0.1366151124238968,0.9894959330558777,0.612953782081604,0.8525341749191284,0.18110260367393494,0.9494026899337769,0.6031395196914673,0.9260025024414062,-0.24355486035346985,0.997198224067688,0.5631128549575806,0.887758731842041,0.13959991931915283,0.9689133763313293
182,0.5099005103111267,0.1689574271440506,-0.024107888340950012,0.9996536374092102,0.5174252390861511,0.14925917983055115,-0.045249246060848236,0.9996113777160645,0.5191388130187988,0.14891403913497925,-0.04531297832727432,0.9996513724327087,0.5209110379219055,0.14846079051494598,-0.04535462707281113,0.9997374415397644,0.5160698294639587,0.14875692129135132,-0.010578305460512638,0.9995473623275757,0.5168648958206177,0.14808586239814758,-0.01051349937915802,0.9993983507156372,0.5176934003829956,0.14732058346271515,-0.010507866740226746,0.9993475675582886,0.5337226390838623,0.1552552878856659,-0.0972069799900055,0.9998258352279663,0.5295652151107788,0.15399155020713806,0.0603172592818737,0.9985356330871582,0.5166171193122864,0.18670198321342468,-0.03970818594098091,0.9996973276138306,0.5143634676933289,0.18679267168045044,0.005503012333065271,0.9990823864936829,0.5569100975990295,0.2374870926141739,-0.18940883874893188,0.9999964833259583,0.5416769981384277,0.25053882598876953,0.16016297042369843,0.9981310963630676,0.5886886119842529,0.3106905519962311,-0.23776444792747498,0.9983208775520325,0.5607377886772156,0.3453385829925537,0.2061215341091156,0.010099770501255989,0.5596816539764404,0.4140787720680237,-0.19759219884872437,0.9949032068252563,0.5504859685897827,0.4219805896282196,0.1479080319404602,0.026450034230947495,0.5582736730575562,0.4424016773700714,-0.22284655272960663,0.9885903596878052,0.550200879573822,0.44938039779663086,0.14357036352157593,0.04120481386780739,0.5514463782310486,0.4392381012439728,-0.221234992146492,0.9872008562088013,0.5485166311264038,0.4483063220977783,0.11555719375610352,0.042898692190647125,0.5514606237411499,0.431595116853714,-0.19365204870700836,0.9731536507606506,0.5493012070655823,0.44257766008377075,0.1316814422607422,0.04605304077267647,0.5726885199546814,0.4981173276901245,-0.10752831399440765,0.9998452067375183,0.5540643930435181,0.503787636756897,0.10748638957738876,0.9993324279785156,0.5924819707870483,0.6792030334472656,-0.11771301925182343,0.996976375579834,0.5575131177902222,0.6734426021575928,0.11465369164943695,0.9094740748405457,0.6429710984230042,0.8669788837432861,-0.10276651382446289,0.9979245066642761,0.611254870891571,0.835779070854187,0.17495141923427582,0.9622893929481506,0.6623185276985168,0.8974997401237488,-0.10668311268091202,0.988196849822998,0.6261613965034485,0.852821946144104,0.18086138367652893,0.945624828338623,0.6009505987167358,0.9228668212890625,-0.20699337124824524,0.9969810843467712,0.5736991167068481,0.895554780960083,0.12435784190893173,0.9680507183074951
183,0.5101654529571533,0.16900642216205597,-0.0037964768707752228,0.9996264576911926,0.5174179077148438,0.1483992487192154,-0.024995069950819016,0.9995846152305603,0.5191180109977722,0.14801515638828278,-0.02507207915186882,0.9996387362480164,0.5207747220993042,0.14750777184963226,-0.02511383593082428,0.9997249841690063,0.516247034072876,0.14771543443202972,0.009984235279262066,0.9995017647743225,0.5171754956245422,0.14688746631145477,0.010040225461125374,0.9993447661399841,0.5181494951248169,0.1459740251302719,0.010036262683570385,0.9992855191230774,0.533785343170166,0.153873473405838,-0.07832372188568115,0.9998219609260559,0.530290424823761,0.15250836312770844,0.0791647657752037,0.9984402060508728,0.5168332457542419,0.18668246269226074,-0.020061971619725227,0.9996645450592041,0.5146754384040833,0.18675844371318817,0.025321850553154945,0.9989732503890991,0.5558152794837952,0.23501938581466675,-0.18235597014427185,0.9999961256980896,0.5440577864646912,0.24958063662052155,0.1815098524093628,0.9979172945022583,0.5889283418655396,0.30780142545700073,-0.24906328320503235,0.9983078837394714,0.5637801289558411,0.34868890047073364,0.22352954745292664,0.01028805784881115,0.5591913461685181,0.4120601713657379,-0.23222315311431885,0.9946441650390625,0.5514756441116333,0.4236668348312378,0.18396206200122833,0.026321806013584137,0.557133138179779,0.4406670033931732,-0.26098355650901794,0.9880743622779846,0.5493788719177246,0.4549175202846527,0.18630144000053406,0.04099571332335472,0.550372302532196,0.43971580266952515,-0.25585246086120605,0.9866440296173096,0.5473787188529968,0.45249825716018677,0.15686962008476257,0.04281143099069595,0.5506559014320374,0.4321304261684418,-0.22743400931358337,0.972546398639679,0.5485687255859375,0.4429636597633362,0.1687847524881363,0.04583689942955971,0.5700720548629761,0.4988291561603546,-0.1084807738661766,0.999782145023346,0.5555845499038696,0.5024124979972839,0.10843516886234283,0.9990144968032837,0.5898991823196411,0.6841685175895691,-0.11618258059024811,0.9952098727226257,0.5774555802345276,0.6822534203529358,0.12173706293106079,0.8860956430435181,0.6417447328567505,0.8677582740783691,-0.1008417159318924,0.9970660209655762,0.6188269853591919,0.8403711915016174,0.16315725445747375,0.9485382437705994,0.6614134311676025,0.9006897211074829,-0.10397521406412125,0.9864215850830078,0.6359089612960815,0.8612276911735535,0.16248013079166412,0.9346397519111633,0.5960525274276733,0.9192538857460022,-0.19477692246437073,0.9961167573928833,0.5784266591072083,0.8958232402801514,0.10907401144504547,0.9614688158035278
184,0.5102173089981079,0.17042411863803864,0.02419271133840084,0.9996283054351807,0.5168845653533936,0.15073378384113312,0.002221720525994897,0.9995970129966736,0.5185925960540771,0.15030887722969055,0.002145842183381319,0.9996519088745117,0.5203037858009338,0.14965184032917023,0.0020953877829015255,0.9997352361679077,0.515781044960022,0.15030129253864288,0.0380106046795845,0.9995062351226807,0.5167410969734192,0.14961953461170197,0.03805867210030556,0.999350368976593,0.5177836418151855,0.14867311716079712,0.03806855157017708,0.999296247959137,0.5333214402198792,0.15518900752067566,-0.05487051606178284,0.9998301267623901,0.5298996567726135,0.15419183671474457,0.10536456108093262,0.9984798431396484,0.5172925591468811,0.18737345933914185,0.006662182509899139,0.9996629357337952,0.5152421593666077,0.18752390146255493,0.05284370854496956,0.9989625215530396,0.5555649995803833,0.23583713173866272,-0.1693081557750702,0.9999960660934448,0.544205904006958,0.24808508157730103,0.2113286554813385,0.9978338479995728,0.5895166993141174,0.30719539523124695,-0.24675385653972626,0.9983435869216919,0.5647279620170593,0.34878554940223694,0.25634223222732544,0.010601064190268517,0.5576115846633911,0.4090915620326996,-0.23026306927204132,0.9946075081825256,0.5517774820327759,0.4180556535720825,0.19397377967834473,0.026555411517620087,0.5548285245895386,0.4372914731502533,-0.2577499449253082,0.9880421757698059,0.5488297343254089,0.4463677704334259,0.18730388581752777,0.0416843481361866,0.5483273267745972,0.4367211163043976,-0.24926117062568665,0.9866253137588501,0.5466428399085999,0.4433358907699585,0.15909560024738312,0.04372677952051163,0.5487697720527649,0.4291675090789795,-0.22363047301769257,0.97288578748703,0.5478997230529785,0.43359285593032837,0.17516283690929413,0.04665406420826912,0.566275954246521,0.49317699670791626,-0.11250163614749908,0.9997574090957642,0.5575534105300903,0.4934190511703491,0.11245770752429962,0.9988247752189636,0.583800733089447,0.6811654567718506,-0.12867148220539093,0.9921281933784485,0.5781522989273071,0.6813980340957642,0.11882295459508896,0.8497642278671265,0.6409900188446045,0.8686764240264893,-0.11058962345123291,0.9955121874809265,0.6253479719161987,0.8422112464904785,0.13085028529167175,0.9204730987548828,0.661148190498352,0.9001524448394775,-0.11229393631219864,0.9846388697624207,0.6450810432434082,0.8655784726142883,0.1281396597623825,0.9157596826553345,0.5929807424545288,0.9179524183273315,-0.2041403353214264,0.9945897459983826,0.5849244594573975,0.8953601121902466,0.08495570719242096,0.9443985223770142
185,0.5096355080604553,0.1700628101825714,0.023370428010821342,0.9995837807655334,0.5164421200752258,0.1505933552980423,0.003217733232304454,0.9995676279067993,0.5180996656417847,0.15026940405368805,0.003142372937873006,0.9996328353881836,0.5198307633399963,0.14979590475559235,0.0031059752218425274,0.999721348285675,0.515378475189209,0.15005667507648468,0.037616439163684845,0.999445378780365,0.5163554549217224,0.149349182844162,0.03765219449996948,0.9992782473564148,0.517444372177124,0.1484505832195282,0.03765163943171501,0.9992313385009766,0.5327977538108826,0.15603817999362946,-0.050532348453998566,0.9998214840888977,0.5297435522079468,0.15438000857830048,0.10333611071109772,0.9983736872673035,0.516488790512085,0.18647365272045135,0.0066181062720716,0.9996234774589539,0.5145958065986633,0.18657110631465912,0.050987858325242996,0.9988347291946411,0.5533648133277893,0.23332510888576508,-0.16704271733760834,0.9999960660934448,0.5443323850631714,0.2457655966281891,0.20838022232055664,0.9977244734764099,0.5878993272781372,0.30785056948661804,-0.2533724904060364,0.9983971118927002,0.5653824806213379,0.3366074562072754,0.2524331510066986,0.011138785630464554,0.5567952394485474,0.4113525450229645,-0.2454133778810501,0.9947516918182373,0.5520703196525574,0.41385161876678467,0.1927335560321808,0.02715921774506569,0.5539178848266602,0.4400792717933655,-0.2788116931915283,0.9883573055267334,0.5491446852684021,0.4414514899253845,0.1915195733308792,0.04282771423459053,0.5474132299423218,0.43889787793159485,-0.26292264461517334,0.9869781136512756,0.5471141934394836,0.438953697681427,0.16147343814373016,0.045019153505563736,0.5478070378303528,0.43132859468460083,-0.23634572327136993,0.9737669229507446,0.5483973026275635,0.43186017870903015,0.17577728629112244,0.04776163026690483,0.5645614266395569,0.4884010851383209,-0.11419306695461273,0.9997294545173645,0.559131383895874,0.4873048961162567,0.11411845684051514,0.9985557794570923,0.5822974443435669,0.6777014136314392,-0.1309167593717575,0.9880428910255432,0.5760484933853149,0.6714432835578918,0.1177268773317337,0.8029316663742065,0.6379222869873047,0.8685649633407593,-0.11823274940252304,0.9935817122459412,0.6259347200393677,0.8416936993598938,0.1337435394525528,0.8793141841888428,0.6580321192741394,0.8981397747993469,-0.11966562271118164,0.9824209213256836,0.6477264165878296,0.8662850856781006,0.13179761171340942,0.8903705477714539,0.5901750326156616,0.9177916049957275,-0.20692789554595947,0.9926873445510864,0.5878146886825562,0.8937070965766907,0.09071025997400284,0.9198650121688843
186,0.508148193359375,0.17142699658870697,0.03218177333474159,0.9995641112327576,0.5151093006134033,0.15243856608867645,0.012574156746268272,0.9995520114898682,0.5168622136116028,0.15207181870937347,0.012503718957304955,0.9996238350868225,0.5187132358551025,0.15157467126846313,0.012475615367293358,0.9997153282165527,0.5139487385749817,0.15185442566871643,0.04663804918527603,0.9994185566902161,0.5148820877075195,0.1510756015777588,0.046660203486680984,0.999243438243866,0.5159433484077454,0.15013980865478516,0.04663864150643349,0.9992085099220276,0.5318127274513245,0.15768320858478546,-0.039400599896907806,0.9998190999031067,0.5284693241119385,0.15591923892498016,0.11322294175624847,0.9983469247817993,0.51506507396698,0.1876617819070816,0.016184942796826363,0.9995962381362915,0.5130807757377625,0.18756118416786194,0.060168422758579254,0.9987476468086243,0.5518546104431152,0.23027297854423523,-0.15894944965839386,0.9999961256980896,0.5432621240615845,0.24785301089286804,0.21936734020709991,0.9977596402168274,0.5862574577331543,0.30585578083992004,-0.25155216455459595,0.9984351992607117,0.5630694031715393,0.34150829911231995,0.2522336542606354,0.011460636742413044,0.5557544231414795,0.4095447063446045,-0.24691033363342285,0.9948233366012573,0.5500782132148743,0.4195827841758728,0.18387135863304138,0.02747327834367752,0.5531173944473267,0.43858298659324646,-0.27979111671447754,0.9885593056678772,0.5473316311836243,0.44734305143356323,0.18168112635612488,0.04343520849943161,0.5465026497840881,0.4376422166824341,-0.26560813188552856,0.9871999621391296,0.5451415181159973,0.44541189074516296,0.1526584029197693,0.04574303328990936,0.5467782616615295,0.4299114942550659,-0.238387793302536,0.9743929505348206,0.5464104413986206,0.4368128776550293,0.16725490987300873,0.04834805428981781,0.5646517276763916,0.48666131496429443,-0.11618784815073013,0.9997072815895081,0.5616326928138733,0.48789066076278687,0.11608091741800308,0.9984887838363647,0.565242350101471,0.6780895590782166,-0.13694120943546295,0.98695969581604,0.5747891664505005,0.6688817739486694,0.0950775220990181,0.7783119082450867,0.631165623664856,0.8617768883705139,-0.1378706991672516,0.9928466081619263,0.6232231259346008,0.8404392004013062,0.1007683277130127,0.8638071417808533,0.6502901911735535,0.8798109889030457,-0.1406627595424652,0.9808043837547302,0.643119752407074,0.8613060116767883,0.0972125381231308,0.8807865381240845,0.5914269089698792,0.9181801676750183,-0.21578221023082733,0.9920319318771362,0.5908302068710327,0.8965978622436523,0.05244027450680733,0.9116251468658447
187,0.5070234537124634,0.1719721406698227,0.03454478830099106,0.9995570778846741,0.5138699412345886,0.153659850358963,0.015766534954309464,0.9995355606079102,0.5156115293502808,0.1533491015434265,0.015735872089862823,0.9996114373207092,0.5174512267112732,0.15289022028446198,0.015717990696430206,0.9997069239616394,0.5127378106117249,0.15305885672569275,0.048358626663684845,0.9993982315063477,0.5136704444885254,0.15233668684959412,0.048392899334430695,0.9992159605026245,0.51472008228302,0.15147341787815094,0.04834195226430893,0.9991987347602844,0.5306244492530823,0.1594053953886032,-0.03293784707784653,0.9998140931129456,0.5272188782691956,0.15778321027755737,0.11379295587539673,0.9983751177787781,0.5140820741653442,0.18820911645889282,0.01947932131588459,0.9995810389518738,0.5121035575866699,0.18819960951805115,0.06167404726147652,0.9987413287162781,0.5513874888420105,0.23003455996513367,-0.15043088793754578,0.9999960660934448,0.542009711265564,0.2495766133069992,0.21795432269573212,0.9979084730148315,0.5850733518600464,0.3058437407016754,-0.25149238109588623,0.9984857439994812,0.5621546506881714,0.34451907873153687,0.26942241191864014,0.011657603085041046,0.5551460981369019,0.4102480113506317,-0.26152461767196655,0.9949384927749634,0.5490003824234009,0.42373886704444885,0.21920685470104218,0.028361696749925613,0.5526326298713684,0.44064849615097046,-0.29495498538017273,0.9888655543327332,0.546225905418396,0.4505750834941864,0.22005406022071838,0.044785767793655396,0.5461177825927734,0.440414696931839,-0.28185126185417175,0.9875215888023376,0.5440380573272705,0.44926032423973083,0.18709956109523773,0.047183915972709656,0.5462967753410339,0.43240880966186523,-0.25438955426216125,0.9752151370048523,0.545299768447876,0.4408397376537323,0.2024594247341156,0.049697019159793854,0.5641388297080994,0.48681601881980896,-0.11613200604915619,0.9997132420539856,0.5612822771072388,0.4892297387123108,0.11602884531021118,0.9985851049423218,0.5417295694351196,0.679115355014801,-0.15091142058372498,0.9879536628723145,0.5765228271484375,0.6677041053771973,0.09732437133789062,0.770973801612854,0.6147857308387756,0.8393722772598267,-0.13704247772693634,0.9928799867630005,0.6222901940345764,0.836525022983551,0.10595152527093887,0.8661649823188782,0.6347400546073914,0.8477239608764648,-0.1363571435213089,0.9808297753334045,0.6413314342498779,0.8533331751823425,0.10192613303661346,0.8827409744262695,0.5913577079772949,0.9172079563140869,-0.1809394806623459,0.9919667840003967,0.5978521108627319,0.9038004279136658,0.060159146785736084,0.9128222465515137
188,0.5049399733543396,0.17300599813461304,0.03284904733300209,0.999566912651062,0.5121768712997437,0.15486297011375427,0.014679798856377602,0.9995443820953369,0.5142208337783813,0.15458765625953674,0.0146478908136487,0.9996181130409241,0.5163862109184265,0.15412944555282593,0.014632090926170349,0.999714195728302,0.51081383228302,0.15433494746685028,0.046783339232206345,0.9994130730628967,0.5118499994277954,0.15365968644618988,0.046822670847177505,0.9992288947105408,0.5131085515022278,0.15281158685684204,0.04680214449763298,0.9992268681526184,0.5301993489265442,0.16082046926021576,-0.032488953322172165,0.9998181462287903,0.5265947580337524,0.1592065691947937,0.11212170124053955,0.9984549283981323,0.5117594003677368,0.18934445083141327,0.01837846450507641,0.9995871782302856,0.509626030921936,0.1894354224205017,0.06008094549179077,0.9987819790840149,0.549740731716156,0.23107700049877167,-0.14315596222877502,0.9999960660934448,0.5413070917129517,0.2489089071750641,0.21497270464897156,0.9980598092079163,0.584199070930481,0.3063429594039917,-0.2497251331806183,0.9985018968582153,0.56210857629776,0.34485679864883423,0.27303630113601685,0.01179812103509903,0.5550931096076965,0.41073450446128845,-0.2706314027309418,0.9949391484260559,0.5483351349830627,0.4309349060058594,0.23172453045845032,0.028839951381087303,0.5522406697273254,0.44140923023223877,-0.3030453026294708,0.9889763593673706,0.5455743074417114,0.45430898666381836,0.23303361237049103,0.04556933790445328,0.5456163883209229,0.44130513072013855,-0.28983360528945923,0.9876205921173096,0.5433868169784546,0.4568060636520386,0.20053979754447937,0.048002757132053375,0.5458637475967407,0.4328369200229645,-0.26347997784614563,0.9755607843399048,0.5446377992630005,0.45089060068130493,0.21556541323661804,0.05045788362622261,0.5620310306549072,0.48941975831985474,-0.1127099022269249,0.9997205138206482,0.5616167783737183,0.4924568235874176,0.11265133321285248,0.998674213886261,0.520534098148346,0.6743590831756592,-0.15101361274719238,0.9884198307991028,0.5757101774215698,0.6665440797805786,0.08406215161085129,0.7636995315551758,0.5954256057739258,0.829860508441925,-0.13476894795894623,0.9926251173019409,0.6183830499649048,0.8367353677749634,0.07693395018577576,0.8661394715309143,0.6167073845863342,0.8472082614898682,-0.13262204825878143,0.9800190925598145,0.6403874158859253,0.8645908832550049,0.07198823988437653,0.8813222050666809,0.5769705176353455,0.9158949255943298,-0.16754622757434845,0.9915736317634583,0.5889104604721069,0.9075861573219299,0.034528471529483795,0.9111624956130981
189,0.5030640363693237,0.17408663034439087,0.031431131064891815,0.999565601348877,0.5106070637702942,0.15619507431983948,0.014073243364691734,0.999538004398346,0.5128199458122253,0.15597227215766907,0.014060067012906075,0.9996103644371033,0.5151445865631104,0.15556836128234863,0.014033319428563118,0.9997106790542603,0.5090685486793518,0.15563255548477173,0.04642575979232788,0.9994198083877563,0.5101252794265747,0.1549888253211975,0.04647556692361832,0.9992319345474243,0.5114041566848755,0.15416717529296875,0.04644203558564186,0.999253511428833,0.5288163423538208,0.16234934329986572,-0.02786579728126526,0.9998152852058411,0.5246931910514832,0.1606600433588028,0.11678037792444229,0.9985380172729492,0.5096181035041809,0.19074609875679016,0.018631596118211746,0.9995811581611633,0.5074812173843384,0.19073982536792755,0.06037314981222153,0.9988284111022949,0.547562301158905,0.23212413489818573,-0.1440371870994568,0.9999960064888,0.5400303602218628,0.24978913366794586,0.22821588814258575,0.9982263445854187,0.5838479995727539,0.307312548160553,-0.2501104474067688,0.9985858201980591,0.5619258880615234,0.3519677519798279,0.28995823860168457,0.012245009653270245,0.5522452592849731,0.4090579152107239,-0.2710728347301483,0.9951463341712952,0.5482756495475769,0.4329770803451538,0.2451300323009491,0.030632607638835907,0.5495704412460327,0.4402220845222473,-0.3027912974357605,0.9893500804901123,0.54552161693573,0.4633919298648834,0.24722695350646973,0.047295670956373215,0.543619692325592,0.4397246539592743,-0.29033297300338745,0.9880041480064392,0.5431675910949707,0.46487700939178467,0.21773095428943634,0.0497426837682724,0.5436475872993469,0.4313598573207855,-0.2639393210411072,0.9763482213020325,0.544287919998169,0.4546316862106323,0.2306782752275467,0.051932867616415024,0.5566828846931458,0.4899653196334839,-0.11165165901184082,0.9997218251228333,0.5620433688163757,0.49361881613731384,0.11164599657058716,0.9987820386886597,0.5043777823448181,0.6677846908569336,-0.15091773867607117,0.9893321394920349,0.5716443657875061,0.6671270132064819,0.02497491054236889,0.7616762518882751,0.5667992830276489,0.8237538933753967,-0.1333787888288498,0.9921539425849915,0.6182479858398438,0.8479980230331421,-0.006455248687416315,0.8697142601013184,0.5850072503089905,0.8434237241744995,-0.13052426278591156,0.9793660640716553,0.6377832293510437,0.8841781616210938,-0.01469154842197895,0.8833760619163513,0.5421693325042725,0.9124042987823486,-0.16091236472129822,0.9906838536262512,0.5742805600166321,0.9072494506835938,-0.06324313580989838,0.9112827777862549
190,0.49897322058677673,0.17515510320663452,0.027184858918190002,0.9995555281639099,0.5067517161369324,0.1571447104215622,0.008965075947344303,0.9995253682136536,0.5088843107223511,0.15690352022647858,0.008948288857936859,0.9995974898338318,0.5112022161483765,0.15647917985916138,0.008917638100683689,0.9997038841247559,0.5055080056190491,0.15654392540454865,0.04221322387456894,0.9994156956672668,0.506606936454773,0.15585413575172424,0.04226304963231087,0.9992234706878662,0.5078853368759155,0.15498310327529907,0.04223741963505745,0.9992651343345642,0.5248442888259888,0.16288688778877258,-0.03519349545240402,0.9998077750205994,0.5209484696388245,0.16140590608119965,0.11363992840051651,0.9985861778259277,0.5053861141204834,0.1918582320213318,0.013897247612476349,0.9995729327201843,0.5036216974258423,0.1918383240699768,0.05680033564567566,0.9988564252853394,0.5436317920684814,0.23381975293159485,-0.14860080182552338,0.9999958276748657,0.5346787571907043,0.2509289085865021,0.22601071000099182,0.9983538389205933,0.5808602571487427,0.30903035402297974,-0.25183916091918945,0.9986404776573181,0.5582456588745117,0.3585631549358368,0.28448987007141113,0.012683412991464138,0.5484386682510376,0.408984512090683,-0.2815253436565399,0.9952529668807983,0.5460151433944702,0.43316248059272766,0.23727843165397644,0.03208252415060997,0.5459650158882141,0.4399048388004303,-0.3178841471672058,0.9895733594894409,0.5449281930923462,0.46306079626083374,0.23855555057525635,0.049106307327747345,0.5400015115737915,0.4388737082481384,-0.3034081757068634,0.988237202167511,0.5419455170631409,0.46482014656066895,0.20863798260688782,0.05158083885908127,0.5400637984275818,0.43054723739624023,-0.27393895387649536,0.9768381714820862,0.5416682362556458,0.45410245656967163,0.22250692546367645,0.053437575697898865,0.5524024367332458,0.4922279715538025,-0.11231513321399689,0.9997187852859497,0.560626745223999,0.49493852257728577,0.11235340684652328,0.9988428354263306,0.4896668493747711,0.6624079346656799,-0.15155000984668732,0.9900100231170654,0.5674216747283936,0.6695535182952881,0.058594513684511185,0.7530499696731567,0.5337479114532471,0.8250513076782227,-0.13332825899124146,0.9922753572463989,0.6194259524345398,0.8539832830429077,0.04748687148094177,0.8720448017120361,0.5497817397117615,0.8536786437034607,-0.13057944178581238,0.9801557660102844,0.6394035816192627,0.8870998024940491,0.04195961356163025,0.885894775390625,0.49153560400009155,0.9127211570739746,-0.16382351517677307,0.9904568195343018,0.580989420413971,0.906880259513855,0.00023921260435599834,0.9095024466514587
191,0.4932325482368469,0.1770102083683014,0.024387957528233528,0.9995109438896179,0.5002981424331665,0.15955208241939545,0.005726412869989872,0.9994704127311707,0.5022209882736206,0.15926136076450348,0.0057038613595068455,0.9995510578155518,0.5043023824691772,0.1588379442691803,0.005678889807313681,0.9996777176856995,0.499563068151474,0.15951965749263763,0.038848623633384705,0.9993621110916138,0.5008452534675598,0.15912531316280365,0.03889571502804756,0.9991450309753418,0.5022541284561157,0.1585794985294342,0.038873303681612015,0.999218225479126,0.5182795524597168,0.1652858853340149,-0.039943959563970566,0.9997851848602295,0.5151522755622864,0.16428963840007782,0.11025258153676987,0.9984655976295471,0.49942833185195923,0.19328291714191437,0.01036992110311985,0.9995317459106445,0.49831777811050415,0.1936083883047104,0.05335373431444168,0.9987688660621643,0.5376254320144653,0.23498861491680145,-0.15322642028331757,0.9999955892562866,0.5300699472427368,0.2517092525959015,0.22156432271003723,0.9983789324760437,0.5743969082832336,0.31024789810180664,-0.2519708275794983,0.9986391067504883,0.5513082146644592,0.35453757643699646,0.2805107831954956,0.012522771954536438,0.5418545007705688,0.4097024202346802,-0.2743094861507416,0.9951289296150208,0.5420407056808472,0.4334532916545868,0.2067227065563202,0.03142332285642624,0.539959728717804,0.44024837017059326,-0.31355902552604675,0.9892915487289429,0.5415490865707397,0.4630781412124634,0.20431944727897644,0.04810735955834389,0.5340880155563354,0.43885132670402527,-0.29795214533805847,0.9878708124160767,0.5379832983016968,0.46503520011901855,0.1716788113117218,0.050552673637866974,0.5341857671737671,0.4306163787841797,-0.2652861475944519,0.9761510491371155,0.5372089147567749,0.45413482189178467,0.18993660807609558,0.052408233284950256,0.5466753840446472,0.49239417910575867,-0.1132766604423523,0.9996795654296875,0.5559067726135254,0.4971735179424286,0.11334389448165894,0.9987531304359436,0.48144760727882385,0.6629769802093506,-0.14166955649852753,0.9894058704376221,0.5575783252716064,0.6746534705162048,0.0685790628194809,0.7394924759864807,0.49894675612449646,0.8487870693206787,-0.12412134557962418,0.9923261404037476,0.6161959767341614,0.8545803427696228,0.05693437531590462,0.8716803789138794,0.5131639242172241,0.8836945295333862,-0.12380093336105347,0.9802789092063904,0.6374731063842773,0.885654091835022,0.05173379182815552,0.886236846446991,0.4524548649787903,0.9114211201667786,-0.17272815108299255,0.9901455640792847,0.5796234011650085,0.91002357006073,0.009034614078700542,0.9067169427871704
192,0.48876649141311646,0.18527132272720337,0.02321350760757923,0.9994836449623108,0.4950002133846283,0.167696014046669,0.0038072254974395037,0.9994300603866577,0.49685603380203247,0.16714617609977722,0.0037749502807855606,0.9995178580284119,0.49880918860435486,0.16657215356826782,0.0037485253997147083,0.9996614456176758,0.49444618821144104,0.1680118590593338,0.03832400217652321,0.9993278980255127,0.49578770995140076,0.16757911443710327,0.03837236016988754,0.9990946650505066,0.4972562789916992,0.16701754927635193,0.03834814578294754,0.9991908669471741,0.5123863220214844,0.17237438261508942,-0.04271894320845604,0.9997649192810059,0.5096747279167175,0.171908900141716,0.11055634170770645,0.998387336730957,0.4951222836971283,0.2011410892009735,0.008334885351359844,0.9995070099830627,0.494075208902359,0.20134234428405762,0.05318064242601395,0.9986948370933533,0.5331518650054932,0.2389409989118576,-0.15708507597446442,0.9999953508377075,0.5275004506111145,0.2569601833820343,0.22223122417926788,0.9983710646629333,0.5647470355033875,0.31413188576698303,-0.26917004585266113,0.9985137581825256,0.5462186932563782,0.35946375131607056,0.27706366777420044,0.012317205779254436,0.5357296466827393,0.41146066784858704,-0.2988499104976654,0.9944919347763062,0.5397884249687195,0.44813206791877747,0.1983603835105896,0.0305451862514019,0.5344336032867432,0.4415443539619446,-0.3390466868877411,0.9881998300552368,0.539964497089386,0.4841327965259552,0.196480393409729,0.04683950915932655,0.5292837619781494,0.44025692343711853,-0.32348304986953735,0.9865259528160095,0.5357116460800171,0.4932631254196167,0.16450044512748718,0.04923243820667267,0.5292431116104126,0.4327777326107025,-0.2912041246891022,0.9737681150436401,0.5348402857780457,0.4726020395755768,0.1815219223499298,0.05120866373181343,0.5408147573471069,0.5002585053443909,-0.11687296628952026,0.9996463656425476,0.5485160946846008,0.5084487199783325,0.11696125566959381,0.9985700845718384,0.4735315442085266,0.6644742488861084,-0.14217591285705566,0.9882006049156189,0.5444804430007935,0.6854724287986755,0.11255006492137909,0.7294268608093262,0.4601101875305176,0.8667293190956116,-0.14671877026557922,0.9924889802932739,0.6135576367378235,0.8552195429801941,0.12038545310497284,0.8700504899024963,0.4697786867618561,0.9095168113708496,-0.15071460604667664,0.9807318449020386,0.6360130310058594,0.8842877149581909,0.11830727756023407,0.8874187469482422,0.4080847203731537,0.8992767930030823,-0.22164349257946014,0.9899869561195374,0.576783299446106,0.9139541387557983,0.0830640122294426,0.9022259712219238
193,0.4851817190647125,0.19657030701637268,0.02367313578724861,0.9995128512382507,0.491347074508667,0.17937132716178894,0.0032574194483458996,0.9994574189186096,0.4932889938354492,0.17867156863212585,0.003213073592633009,0.9995424747467041,0.4953337609767914,0.17783485352993011,0.0031846477650105953,0.9996803998947144,0.49063485860824585,0.17941299080848694,0.03916596248745918,0.9993639588356018,0.49191826581954956,0.1787322610616684,0.039211206138134,0.9991416931152344,0.49338656663894653,0.17785580456256866,0.03918802738189697,0.9992342591285706,0.5088537931442261,0.18251219391822815,-0.043791987001895905,0.9997745752334595,0.5062645673751831,0.18213850259780884,0.11221893876791,0.9984651803970337,0.4919881820678711,0.21256788074970245,0.007811965886503458,0.9995325803756714,0.4906352162361145,0.2122112214565277,0.0544302761554718,0.9987481832504272,0.5302215218544006,0.25140249729156494,-0.159171000123024,0.999995231628418,0.5223019123077393,0.26783621311187744,0.226571723818779,0.9983960390090942,0.5565782785415649,0.3291509747505188,-0.26970234513282776,0.9984336495399475,0.5398092269897461,0.37412190437316895,0.27371031045913696,0.01248231902718544,0.5300390124320984,0.4257194995880127,-0.29224249720573425,0.994155764579773,0.5339872241020203,0.45735281705856323,0.20236575603485107,0.030889859423041344,0.5285772681236267,0.4530255198478699,-0.33017924427986145,0.9876132607460022,0.5325637459754944,0.48452436923980713,0.2015378773212433,0.04731378331780434,0.5243618488311768,0.4510878622531891,-0.31592488288879395,0.9858018755912781,0.5282160639762878,0.4888433814048767,0.1707887053489685,0.04979819431900978,0.524683952331543,0.4439876973628998,-0.28482547402381897,0.9725939035415649,0.529574453830719,0.4782315492630005,0.18606343865394592,0.0519341416656971,0.535110354423523,0.512471079826355,-0.12150745093822479,0.9996191263198853,0.5384658575057983,0.5215945839881897,0.12159843742847443,0.9984837174415588,0.46278873085975647,0.6697848439216614,-0.1424560397863388,0.9867457151412964,0.5343929529190063,0.7018831968307495,0.10564722120761871,0.7322525382041931,0.4259585440158844,0.8750367164611816,-0.149521142244339,0.9928500652313232,0.6121814250946045,0.8549296259880066,0.11381012201309204,0.87353515625,0.4312344193458557,0.9180755019187927,-0.15396635234355927,0.9816089868545532,0.6360222101211548,0.8798800706863403,0.11188819259405136,0.8917409777641296,0.37084484100341797,0.8765972852706909,-0.22831876575946808,0.9902207255363464,0.5769534707069397,0.9167969822883606,0.07781445235013962,0.9019514918327332
194,0.4805756211280823,0.2141270786523819,0.02550223097205162,0.9995148181915283,0.48692283034324646,0.19531987607479095,0.004508521873503923,0.9994586706161499,0.48872604966163635,0.19460156559944153,0.004454987123608589,0.9995487332344055,0.49070224165916443,0.1938779205083847,0.004428303800523281,0.9996875524520874,0.4862007200717926,0.19494153559207916,0.04082934558391571,0.9993688464164734,0.4873325824737549,0.19405993819236755,0.04087311029434204,0.9991455078125,0.4886597692966461,0.19324493408203125,0.04084356874227524,0.9992356300354004,0.5043835639953613,0.1991530805826187,-0.04531519487500191,0.9997730851173401,0.5020273327827454,0.19838885962963104,0.1121295914053917,0.9984387159347534,0.4862172603607178,0.23087412118911743,0.008940277621150017,0.9995360970497131,0.48506808280944824,0.22951242327690125,0.05594906955957413,0.9987215399742126,0.5247599482536316,0.2674151360988617,-0.1593126505613327,0.9999950528144836,0.5167399644851685,0.2849726676940918,0.22958199679851532,0.998293936252594,0.5488352179527283,0.34810230135917664,-0.2758917212486267,0.9982908368110657,0.5346499681472778,0.38686272501945496,0.279466837644577,0.012213055975735188,0.5243375301361084,0.4480975568294525,-0.30719083547592163,0.9937048554420471,0.5277028679847717,0.46919429302215576,0.2191760540008545,0.030433475971221924,0.5222355127334595,0.474550724029541,-0.3458523154258728,0.9869019389152527,0.5244764685630798,0.49546322226524353,0.22250230610370636,0.04696591943502426,0.5178607106208801,0.4731924831867218,-0.32932066917419434,0.9849198460578918,0.5191928148269653,0.49400219321250916,0.19327497482299805,0.04945674166083336,0.5183855295181274,0.4655924141407013,-0.29892697930336,0.9711244702339172,0.5218325853347778,0.4886966645717621,0.20388761162757874,0.051679037511348724,0.5273497104644775,0.5275850296020508,-0.12435313314199448,0.9995830655097961,0.5307888984680176,0.5361065864562988,0.12443041801452637,0.9982195496559143,0.45093363523483276,0.6774171590805054,-0.14675292372703552,0.9857844114303589,0.5258566737174988,0.7145094275474548,0.14045923948287964,0.7332606315612793,0.4016179144382477,0.8751370906829834,-0.17458173632621765,0.9933146834373474,0.6112009286880493,0.8543992042541504,0.15540054440498352,0.8773347735404968,0.40683895349502563,0.920159637928009,-0.18102534115314484,0.9828183650970459,0.6352119445800781,0.8728027939796448,0.15500591695308685,0.8959921002388,0.34842389822006226,0.8615030646324158,-0.2570514678955078,0.9906646609306335,0.5764466524124146,0.9152958393096924,0.1274869590997696,0.9022242426872253
195,0.47561484575271606,0.23499739170074463,0.024622097611427307,0.9995306730270386,0.4816180169582367,0.21568839251995087,0.004017123486846685,0.999474287033081,0.48332133889198303,0.2152164727449417,0.00396730424836278,0.9995650053024292,0.4851996898651123,0.2147202342748642,0.003939525689929724,0.9997000098228455,0.48073679208755493,0.21502789855003357,0.03981976956129074,0.9993870258331299,0.4817140996456146,0.2141343206167221,0.03986390680074692,0.9991692304611206,0.4828672409057617,0.2131347805261612,0.03983677178621292,0.9992551207542419,0.4988533556461334,0.21928411722183228,-0.048102300614118576,0.9997774958610535,0.4963584542274475,0.21753732860088348,0.11094536632299423,0.9984689354896545,0.48127323389053345,0.2529844641685486,0.008607232943177223,0.999550998210907,0.4802200198173523,0.25201475620269775,0.054828446358442307,0.9987378716468811,0.5200432538986206,0.2919900417327881,-0.1598169207572937,0.9999949336051941,0.5098648071289062,0.3048763871192932,0.22633185982704163,0.9983000755310059,0.5396088361740112,0.3731304109096527,-0.2766261100769043,0.9980314373970032,0.5260079503059387,0.40527012944221497,0.27887195348739624,0.012163086794316769,0.519162654876709,0.47113290429115295,-0.31174546480178833,0.992792546749115,0.5189968347549438,0.4938661754131317,0.21284373104572296,0.03041558340191841,0.5171478986740112,0.4973528981208801,-0.35004526376724243,0.9854533672332764,0.5153278112411499,0.520874559879303,0.21611014008522034,0.04715879261493683,0.5125304460525513,0.49646830558776855,-0.3343058228492737,0.9831987619400024,0.511462926864624,0.5210484862327576,0.18671980500221252,0.04965922236442566,0.5130214095115662,0.48890385031700134,-0.30420151352882385,0.9683364629745483,0.5124836564064026,0.5118606686592102,0.19730401039123535,0.052036043256521225,0.5214060544967651,0.5473558902740479,-0.12451276928186417,0.9995681047439575,0.5199069380760193,0.5553309321403503,0.12458699941635132,0.9981486797332764,0.43415218591690063,0.6782410740852356,-0.15138843655586243,0.9851632714271545,0.517410159111023,0.7325991988182068,0.13789016008377075,0.7409033179283142,0.3891185224056244,0.8767282962799072,-0.17410944402217865,0.9937534332275391,0.6088696718215942,0.8541750311851501,0.1557360291481018,0.8834788799285889,0.3946130573749542,0.9189845323562622,-0.179869145154953,0.9838854074478149,0.6336933374404907,0.8700982928276062,0.15563061833381653,0.9017572402954102,0.3350958526134491,0.8650012612342834,-0.25531262159347534,0.9910885691642761,0.5767728686332703,0.9167153239250183,0.1271766871213913,0.9050940275192261
196,0.46897849440574646,0.24909833073616028,0.019949328154325485,0.9995623230934143,0.47510236501693726,0.23195664584636688,-0.00021335799829103053,0.9995163679122925,0.4767829477787018,0.2317112386226654,-0.00023025416885502636,0.999600887298584,0.47846564650535583,0.23150688409805298,-0.00024083591415546834,0.9997248649597168,0.4743684232234955,0.23105376958847046,0.035685427486896515,0.9994314312934875,0.4753938317298889,0.2301705926656723,0.03570852056145668,0.9992288947105408,0.4765513837337494,0.22938808798789978,0.03571449592709541,0.9993079304695129,0.4924282431602478,0.2378651350736618,-0.05255094915628433,0.9997949600219727,0.4905177056789398,0.23641526699066162,0.10618428140878677,0.9985786080360413,0.4750322699546814,0.2670658826828003,0.00357678160071373,0.9995843768119812,0.47414764761924744,0.26631176471710205,0.04979864880442619,0.998816192150116,0.5129533410072327,0.3131115138530731,-0.1586773544549942,0.9999950528144836,0.5059745907783508,0.3261862099170685,0.22034743428230286,0.9982909560203552,0.5338112115859985,0.3996705710887909,-0.2777694761753082,0.997758150100708,0.5167275667190552,0.4243607819080353,0.29395413398742676,0.0119684599339962,0.5138686895370483,0.48859161138534546,-0.32213321328163147,0.992159903049469,0.5025726556777954,0.491746187210083,0.2888824939727783,0.03044719621539116,0.5109785199165344,0.5152469873428345,-0.35889551043510437,0.9846726655960083,0.49641361832618713,0.5098028779029846,0.2977306842803955,0.04792794957756996,0.505949079990387,0.5144197940826416,-0.34519773721694946,0.9823002815246582,0.4927094578742981,0.5093419551849365,0.2711077034473419,0.05062341317534447,0.5067460536956787,0.5063542127609253,-0.31542545557022095,0.9669110178947449,0.49410781264305115,0.5006988644599915,0.27583569288253784,0.0531998872756958,0.5062750577926636,0.5716593265533447,-0.12402479350566864,0.9995872378349304,0.5056272745132446,0.5760812759399414,0.12410619109869003,0.9981648325920105,0.41413363814353943,0.6801856756210327,-0.16482992470264435,0.9856935739517212,0.5073374509811401,0.7529950737953186,0.1561523973941803,0.7541771531105042,0.3799375593662262,0.8773869872093201,-0.19133153557777405,0.9942576885223389,0.608200192451477,0.8503558039665222,0.17728015780448914,0.892285168170929,0.38966041803359985,0.9189866185188293,-0.19686517119407654,0.9851654767990112,0.6331716775894165,0.855306088924408,0.17833538353443146,0.9093628525733948,0.3273376524448395,0.8687012791633606,-0.26414328813552856,0.9917075634002686,0.5758443474769592,0.9157297015190125,0.15708264708518982,0.9114251136779785
197,0.4616842269897461,0.2695922553539276,0.02708931639790535,0.9995860457420349,0.4680265784263611,0.25411340594291687,0.007066287100315094,0.999552845954895,0.4696246087551117,0.25407227873802185,0.007067480124533176,0.9996312856674194,0.4713391363620758,0.2540183663368225,0.007074321620166302,0.999745786190033,0.467751681804657,0.25324440002441406,0.04238143563270569,0.9994671940803528,0.4689995348453522,0.2526101768016815,0.042395830154418945,0.999275803565979,0.4703623652458191,0.2520178556442261,0.0423886701464653,0.9993535876274109,0.4847395420074463,0.26111260056495667,-0.04486498981714249,0.9998089671134949,0.48376673460006714,0.25960448384284973,0.11143609136343002,0.9986771941184998,0.4686548113822937,0.28775808215141296,0.011254006065428257,0.9996044635772705,0.46798625588417053,0.28738903999328613,0.056614674627780914,0.9988483190536499,0.5049713850021362,0.33926820755004883,-0.14375603199005127,0.9999948740005493,0.5017719268798828,0.34895753860473633,0.22012820839881897,0.9983101487159729,0.5232565999031067,0.4243413805961609,-0.26565852761268616,0.9968485832214355,0.5128505825996399,0.43960490822792053,0.287153959274292,0.01153623778373003,0.5029740929603577,0.5118857622146606,-0.31181126832962036,0.9898087978363037,0.4989806115627289,0.5131204128265381,0.26832252740859985,0.029216179624199867,0.49821171164512634,0.5370206832885742,-0.3550320863723755,0.9815788269042969,0.49238085746765137,0.5256162285804749,0.27311694622039795,0.046549998223781586,0.4942777156829834,0.5355074405670166,-0.34364020824432373,0.9787139296531677,0.48956364393234253,0.5247687101364136,0.24826236069202423,0.04921738803386688,0.49559950828552246,0.5280992984771729,-0.3046228289604187,0.9616875052452087,0.4906797409057617,0.515839159488678,0.2552739977836609,0.051736120134592056,0.4923896789550781,0.5910582542419434,-0.12322600185871124,0.9996005296707153,0.49820438027381897,0.5946301817893982,0.12323621660470963,0.9982521533966064,0.3964499533176422,0.681970477104187,-0.15479254722595215,0.98574298620224,0.49818602204322815,0.7755966782569885,0.09385769069194794,0.7740151286125183,0.37339267134666443,0.8781262040138245,-0.15168419480323792,0.9946250319480896,0.6039898991584778,0.8461464047431946,0.08449852466583252,0.9014750719070435,0.3886740803718567,0.9180225729942322,-0.15371912717819214,0.9859545826911926,0.6314215660095215,0.8422861695289612,0.08365819603204727,0.9172936081886292,0.3241801857948303,0.8899961709976196,-0.21069136261940002,0.992110013961792,0.5761491060256958,0.9153929948806763,0.06563561409711838,0.9180539846420288
198,0.45519861578941345,0.28591442108154297,0.026368465274572372,0.9996147751808167,0.4625827372074127,0.27156582474708557,0.005941544659435749,0.9995922446250916,0.46403080224990845,0.2715742886066437,0.0059969122521579266,0.9996638298034668,0.46565285325050354,0.27161306142807007,0.006030299700796604,0.9997679591178894,0.4624069333076477,0.27079901099205017,0.04164836183190346,0.9995097517967224,0.46363967657089233,0.2702826261520386,0.0416342057287693,0.9993333220481873,0.46499401330947876,0.26971668004989624,0.04163825884461403,0.999407172203064,0.47835230827331543,0.281085342168808,-0.048550285398960114,0.9998252987861633,0.4781598150730133,0.27945926785469055,0.10918818414211273,0.9987918734550476,0.4616803228855133,0.30506256222724915,0.009543446823954582,0.9996341466903687,0.46091097593307495,0.3042999804019928,0.055163126438856125,0.9989240765571594,0.4983312487602234,0.3697172701358795,-0.1483006477355957,0.9999947547912598,0.49619293212890625,0.37258538603782654,0.21404831111431122,0.9983794689178467,0.5146339535713196,0.45392337441444397,-0.2761343717575073,0.9961276054382324,0.506041407585144,0.460549920797348,0.2863168716430664,0.011126548051834106,0.49358806014060974,0.5351690649986267,-0.3282414376735687,0.9879518151283264,0.4902153015136719,0.5300288796424866,0.28373244404792786,0.027959389612078667,0.4881212115287781,0.5607735514640808,-0.3607168197631836,0.9792736768722534,0.485856831073761,0.541948676109314,0.2909913659095764,0.045041631907224655,0.4837641716003418,0.5591888427734375,-0.34715765714645386,0.9761260151863098,0.47932296991348267,0.5300600528717041,0.26949405670166016,0.04762721434235573,0.4857656955718994,0.5506460666656494,-0.3212180733680725,0.9580368399620056,0.48300471901893616,0.5302489995956421,0.27255779504776,0.05013968050479889,0.48295480012893677,0.6129258275032043,-0.12289732694625854,0.9996223449707031,0.48685798048973083,0.6155135035514832,0.12293972074985504,0.9983648657798767,0.38203901052474976,0.6822420358657837,-0.14228512346744537,0.9861657023429871,0.49325186014175415,0.8065940737724304,0.09789548069238663,0.7917733788490295,0.37241506576538086,0.8791825175285339,-0.12598629295825958,0.9949193596839905,0.6018173098564148,0.8425635695457458,0.10016389191150665,0.910058319568634,0.3869825601577759,0.9173909425735474,-0.1257186233997345,0.9865196347236633,0.6282707452774048,0.8331886529922485,0.09742270410060883,0.9246225357055664,0.31960219144821167,0.9060923457145691,-0.16865137219429016,0.9923888444900513,0.5789223909378052,0.9147770404815674,0.08534218370914459,0.9243658185005188
199,0.4490325450897217,0.30363646149635315,0.03398196026682854,0.999650776386261,0.45665234327316284,0.29085254669189453,0.012766493484377861,0.9996321201324463,0.458089679479599,0.2906937301158905,0.012812050059437752,0.9996966123580933,0.45969682931900024,0.29043737053871155,0.012823748402297497,0.9997904896736145,0.45633983612060547,0.2904893457889557,0.04948491230607033,0.9995568990707397,0.45751363039016724,0.2900688052177429,0.049480266869068146,0.9993973970413208,0.4588285982608795,0.2894707918167114,0.04947984963655472,0.999464750289917,0.4715908467769623,0.29977935552597046,-0.04442477226257324,0.9998422265052795,0.47106966376304626,0.2986220121383667,0.11758992820978165,0.9989088177680969,0.4550110697746277,0.32329243421554565,0.01620979979634285,0.9996680021286011,0.4541199207305908,0.3229059875011444,0.06301666796207428,0.9990217089653015,0.489978551864624,0.39142265915870667,-0.1466483771800995,0.9999949932098389,0.4897700846195221,0.39496612548828125,0.22485733032226562,0.9985058903694153,0.5069178342819214,0.4823687970638275,-0.2147282361984253,0.9958574771881104,0.5012062788009644,0.4889785647392273,0.26347360014915466,0.011650239117443562,0.4820886254310608,0.5581100583076477,-0.1725374311208725,0.9866456389427185,0.4855685830116272,0.5592713356018066,0.19793005287647247,0.027500005438923836,0.47631263732910156,0.5822868943214417,-0.19338825345039368,0.9770752191543579,0.48083385825157166,0.574800968170166,0.19712390005588531,0.044271741062402725,0.4717070460319519,0.5786846280097961,-0.1806509643793106,0.9737796783447266,0.4771648347377777,0.5677882432937622,0.17758280038833618,0.0467555858194828,0.47391587495803833,0.5722261071205139,-0.1631697118282318,0.9553423523902893,0.47891512513160706,0.5663810968399048,0.18554836511611938,0.049437642097473145,0.4776293635368347,0.6381048560142517,-0.1233459934592247,0.9996471405029297,0.4812059998512268,0.6408083438873291,0.12329131364822388,0.9984982013702393,0.3703690767288208,0.6820758581161499,-0.12159297615289688,0.9870661497116089,0.48550230264663696,0.834153413772583,0.10351131111383438,0.8085365891456604,0.3711610436439514,0.8827006816864014,-0.07880109548568726,0.9951890110969543,0.5948907136917114,0.8418586850166321,0.10565964877605438,0.9183827042579651,0.38615676760673523,0.9181711077690125,-0.07566140592098236,0.9870965480804443,0.6169278025627136,0.8277513980865479,0.10429022461175919,0.9316765666007996,0.32227468490600586,0.9132053852081299,-0.1027878150343895,0.9927154779434204,0.5805743932723999,0.914414644241333,0.09185420721769333,0.9309790730476379
200,0.44281521439552307,0.3259614109992981,0.041353534907102585,0.9996804594993591,0.44986146688461304,0.3103823661804199,0.02029564045369625,0.9996669292449951,0.4512883126735687,0.3103853464126587,0.02032531425356865,0.9997251033782959,0.4528648853302002,0.310268372297287,0.02032180316746235,0.999809980392456,0.44954371452331543,0.30975309014320374,0.057259850203990936,0.9995964169502258,0.45067065954208374,0.30927348136901855,0.057258374989032745,0.9994510412216187,0.4519467353820801,0.3086394965648651,0.05722610279917717,0.9995141625404358,0.4649258553981781,0.31859660148620605,-0.037905219942331314,0.9998567700386047,0.4641999304294586,0.31675174832344055,0.1253000795841217,0.9990079402923584,0.4483916163444519,0.3428162932395935,0.023353999480605125,0.9996936321258545,0.4475135803222656,0.34317225217819214,0.07047212868928909,0.9990922212600708,0.482884019613266,0.41129857301712036,-0.1431354582309723,0.9999949932098389,0.48205333948135376,0.4079116880893707,0.23199915885925293,0.998593807220459,0.5014007091522217,0.5063849687576294,-0.20416764914989471,0.9956278800964355,0.49418506026268005,0.51167893409729,0.26116782426834106,0.011898623779416084,0.47164255380630493,0.5856847763061523,-0.16524462401866913,0.9858133792877197,0.4755711555480957,0.5856122970581055,0.18676814436912537,0.027066923677921295,0.4654902517795563,0.6076160073280334,-0.1875227391719818,0.9755935668945312,0.4700790047645569,0.6096218824386597,0.1848951280117035,0.04322865232825279,0.4606700539588928,0.6043112874031067,-0.17437361180782318,0.9723398089408875,0.4679605960845947,0.6015198826789856,0.1631994992494583,0.04559503495693207,0.46300920844078064,0.5986901521682739,-0.15555670857429504,0.9539538621902466,0.47032076120376587,0.5948218703269958,0.17345492541790009,0.04858790710568428,0.47228679060935974,0.6561906337738037,-0.12308675050735474,0.9996687769889832,0.47652116417884827,0.6596937775611877,0.12303383648395538,0.9986203908920288,0.36184507608413696,0.6822936534881592,-0.10926797240972519,0.987682044506073,0.4789109230041504,0.8542971014976501,0.11727292835712433,0.8211982250213623,0.3707745671272278,0.883415162563324,-0.042528390884399414,0.9951626658439636,0.5861071944236755,0.8410245180130005,0.12895236909389496,0.9256019592285156,0.3859194815158844,0.9170010685920715,-0.03675925359129906,0.9871985912322998,0.6087808609008789,0.8190955519676208,0.13145431876182556,0.9379857778549194,0.3227052390575409,0.9175653457641602,-0.04919940233230591,0.9925536513328552,0.5809423327445984,0.9112109541893005,0.1251346915960312,0.9365247488021851
201,0.43691006302833557,0.3413216471672058,0.03940144553780556,0.9997052550315857,0.4440017640590668,0.325894296169281,0.01798764429986477,0.9996976852416992,0.4454221725463867,0.32616695761680603,0.018002163618803024,0.9997503757476807,0.4469676613807678,0.3263152837753296,0.017993878573179245,0.9998270273208618,0.44379758834838867,0.32502955198287964,0.054558366537094116,0.9996306300163269,0.44495025277137756,0.32462891936302185,0.054552383720874786,0.999498188495636,0.44622501730918884,0.3240993618965149,0.0545128658413887,0.9995573163032532,0.45908528566360474,0.3353845775127411,-0.03990499675273895,0.999869704246521,0.45788782835006714,0.33225417137145996,0.12172522395849228,0.999096155166626,0.4417439103126526,0.35780394077301025,0.021594975143671036,0.9997149109840393,0.44081300497055054,0.35783684253692627,0.06822164356708527,0.9991520047187805,0.4775542616844177,0.42234092950820923,-0.14372020959854126,0.9999949932098389,0.47581347823143005,0.4201344847679138,0.229171484708786,0.9986684918403625,0.49694642424583435,0.5167418718338013,-0.21305012702941895,0.9955702424049377,0.4867934286594391,0.5219781994819641,0.26369228959083557,0.011961606331169605,0.4683533310890198,0.6029222011566162,-0.1870797574520111,0.9853528141975403,0.4691093862056732,0.5910894870758057,0.20567257702350616,0.026662269607186317,0.46243816614151,0.6246162056922913,-0.21062946319580078,0.974692165851593,0.4635380804538727,0.6107679605484009,0.2063738852739334,0.0424950085580349,0.45695939660072327,0.6200711727142334,-0.19752022624015808,0.9714665412902832,0.45781856775283813,0.6038476824760437,0.18300095200538635,0.044807616621255875,0.45847249031066895,0.6156892776489258,-0.17758052051067352,0.9532397389411926,0.4625120759010315,0.6028665900230408,0.19233742356300354,0.048095181584358215,0.4642561972141266,0.6723784804344177,-0.1225745677947998,0.9996896386146545,0.4708981513977051,0.6765701174736023,0.12248840183019638,0.9987338185310364,0.355193555355072,0.6822858452796936,-0.10378547757863998,0.9883878231048584,0.4745500981807709,0.8676692247390747,0.12083002179861069,0.8347715735435486,0.3683778941631317,0.8825181722640991,-0.026187386363744736,0.9949824810028076,0.5823146104812622,0.8413551449775696,0.12674452364444733,0.9324161410331726,0.38572269678115845,0.9164612889289856,-0.018843067809939384,0.987288773059845,0.6014560461044312,0.8179157972335815,0.12855499982833862,0.9438124895095825,0.3222942650318146,0.918361246585846,-0.02060570754110813,0.9921792149543762,0.5815685987472534,0.9085795879364014,0.12022425979375839,0.9419379830360413
202,0.4307832717895508,0.35267966985702515,0.03999321907758713,0.9997315406799316,0.4378696084022522,0.33726736903190613,0.019850272685289383,0.9997267127037048,0.4392933249473572,0.3376040458679199,0.019864056259393692,0.9997742772102356,0.4408995509147644,0.3378530442714691,0.019853537902235985,0.9998434782028198,0.4377537667751312,0.33690083026885986,0.055752020329236984,0.9996647238731384,0.43897509574890137,0.33680376410484314,0.055737901479005814,0.9995444416999817,0.4404049813747406,0.3365260362625122,0.05569808557629585,0.9995989203453064,0.45321473479270935,0.34880131483078003,-0.03465395048260689,0.9998820424079895,0.4523824155330658,0.3462444841861725,0.12347559630870819,0.9991803765296936,0.4352636933326721,0.3712337613105774,0.023335207253694534,0.9997387528419495,0.43459564447402954,0.37156426906585693,0.06905613839626312,0.9992167353630066,0.471127450466156,0.4340951144695282,-0.13953247666358948,0.999995231628418,0.4707969129085541,0.4363079071044922,0.23021285235881805,0.9987075924873352,0.4916994571685791,0.5268900990486145,-0.1939757913351059,0.9956892132759094,0.4818609654903412,0.5377213954925537,0.2579802870750427,0.012286917306482792,0.46544939279556274,0.6161402463912964,-0.15223902463912964,0.9857916235923767,0.46453148126602173,0.6134507656097412,0.18696041405200958,0.0266120545566082,0.4594385027885437,0.6376858949661255,-0.17330044507980347,0.975216805934906,0.45652493834495544,0.6298334002494812,0.18398717045783997,0.041997089982032776,0.452929824590683,0.6336353421211243,-0.16246719658374786,0.9721547365188599,0.45300278067588806,0.6282364130020142,0.16287793219089508,0.04428718611598015,0.4545517563819885,0.6278201341629028,-0.142734557390213,0.9546999931335449,0.4558188319206238,0.6212858557701111,0.17376582324504852,0.04797764867544174,0.46131888031959534,0.6803365349769592,-0.12250623852014542,0.9997090697288513,0.467953622341156,0.6852935552597046,0.12241444736719131,0.9988340735435486,0.3531932234764099,0.6822613477706909,-0.1130802184343338,0.9888975024223328,0.4714231491088867,0.8791171312332153,0.10747184604406357,0.8467719554901123,0.36903420090675354,0.8838388919830322,-0.03196160867810249,0.994909942150116,0.5788589119911194,0.8415079116821289,0.145719513297081,0.9382787942886353,0.38388651609420776,0.9163600206375122,-0.024210255593061447,0.9874809980392456,0.5966269373893738,0.8185149431228638,0.15282019972801208,0.9490319490432739,0.32156509160995483,0.9178014397621155,-0.029638046398758888,0.9920196533203125,0.5812562108039856,0.9082857966423035,0.15740038454532623,0.9464523792266846
203,0.4279637336730957,0.36459678411483765,0.0500444658100605,0.9997541308403015,0.4342167377471924,0.3483447730541229,0.030417418107390404,0.9997526407241821,0.4356076717376709,0.3485231101512909,0.030437389388680458,0.9997955560684204,0.4371398389339447,0.3485581874847412,0.030425110831856728,0.9998581409454346,0.43402647972106934,0.3479297161102295,0.06612678617238998,0.9996947050094604,0.43518519401550293,0.3476996123790741,0.06610715389251709,0.9995848536491394,0.4365162253379822,0.3472270965576172,0.0660589411854744,0.9996355175971985,0.4493802487850189,0.35717201232910156,-0.02428870089352131,0.999893069267273,0.4487185478210449,0.3549656569957733,0.13286161422729492,0.9992543458938599,0.431914746761322,0.38147231936454773,0.03322692960500717,0.9997586011886597,0.4311928153038025,0.3818679749965668,0.07864362001419067,0.9992644786834717,0.4681164622306824,0.44299525022506714,-0.13278250396251678,0.9999952912330627,0.4676079750061035,0.4454747438430786,0.23747816681861877,0.9986677765846252,0.4910363554954529,0.5339717864990234,-0.18746887147426605,0.9957721829414368,0.4809754490852356,0.5439971685409546,0.2607347071170807,0.012467386201024055,0.4627269208431244,0.6287634372711182,-0.14902475476264954,0.9861119985580444,0.46173566579818726,0.6198893785476685,0.19565396010875702,0.026053057983517647,0.4557957053184509,0.649126410484314,-0.16990414261817932,0.9755221605300903,0.452509343624115,0.6394205689430237,0.1937711536884308,0.04064888507127762,0.44935745000839233,0.644213855266571,-0.15845933556556702,0.9726066589355469,0.4495337903499603,0.6332281231880188,0.17207717895507812,0.042840294539928436,0.4513000547885895,0.6391360759735107,-0.13927298784255981,0.9558396935462952,0.45224469900131226,0.6316420435905457,0.18239060044288635,0.04678676277399063,0.4580675959587097,0.6895738244056702,-0.1224231943488121,0.9997286200523376,0.4648680090904236,0.6936807632446289,0.12232907116413116,0.9989275932312012,0.35121551156044006,0.6815586686134338,-0.11829725652933121,0.9891172647476196,0.4687190055847168,0.8898158669471741,0.0929950401186943,0.8578273057937622,0.367840439081192,0.8831151127815247,-0.032963331788778305,0.9944601655006409,0.5741898417472839,0.8417277932167053,0.15669849514961243,0.9431526064872742,0.3832782208919525,0.9159297347068787,-0.02406923472881317,0.9872074723243713,0.592024564743042,0.8096730709075928,0.16680575907230377,0.9536524415016174,0.32103627920150757,0.9174798727035522,-0.022938188165426254,0.991445004940033,0.5810678601264954,0.9060279130935669,0.17890921235084534,0.9500454068183899
204,0.4250970482826233,0.36902591586112976,0.04842846095561981,0.9997766017913818,0.43034690618515015,0.3521994948387146,0.02896713837981224,0.9997767210006714,0.43175753951072693,0.3523204028606415,0.028993990272283554,0.9998154044151306,0.43328970670700073,0.35230112075805664,0.02898714505136013,0.9998718500137329,0.4299412667751312,0.35173192620277405,0.0636744350194931,0.9997237920761108,0.43097934126853943,0.35142701864242554,0.06366000324487686,0.9996242523193359,0.43220382928848267,0.3508845567703247,0.06363184750080109,0.9996705651283264,0.44636765122413635,0.35997822880744934,-0.02564149722456932,0.9999033808708191,0.44536295533180237,0.3578488528728485,0.1284346878528595,0.9993259310722351,0.42996424436569214,0.3871959149837494,0.03152940049767494,0.9997795820236206,0.42907533049583435,0.38729336857795715,0.07583072781562805,0.9993237257003784,0.4683443605899811,0.44439324736595154,-0.1276768147945404,0.9999954700469971,0.4679044783115387,0.44744399189949036,0.23108705878257751,0.9986802339553833,0.493556410074234,0.5368989109992981,-0.15577682852745056,0.9959466457366943,0.48265624046325684,0.542500376701355,0.26160213351249695,0.01361556351184845,0.4641967713832855,0.6231844425201416,-0.08239006996154785,0.9865993857383728,0.46493250131607056,0.614384651184082,0.21781006455421448,0.025952640920877457,0.4580421447753906,0.646433413028717,-0.09715811163187027,0.9759586453437805,0.4601432681083679,0.6347348690032959,0.21708142757415771,0.03957030177116394,0.45179110765457153,0.6400668025016785,-0.08773691952228546,0.9731740951538086,0.45592427253723145,0.6299949288368225,0.19764885306358337,0.04167745262384415,0.453277587890625,0.6343161463737488,-0.07252001762390137,0.9572521448135376,0.45773085951805115,0.626204788684845,0.2061069756746292,0.046041522175073624,0.45918184518814087,0.6910799741744995,-0.11874537169933319,0.9997437000274658,0.4641572833061218,0.6901434659957886,0.11859200894832611,0.9990046620368958,0.35266977548599243,0.6813616156578064,-0.10511206090450287,0.9890468120574951,0.46916285157203674,0.8891525864601135,0.08694438636302948,0.8672658801078796,0.36799219250679016,0.8827903866767883,-0.040282487869262695,0.9936436414718628,0.5719800591468811,0.8418777585029602,0.1519148051738739,0.9467731714248657,0.38394176959991455,0.915844738483429,-0.034091755747795105,0.9862074255943298,0.5920236110687256,0.8044493794441223,0.1618422120809555,0.9575897455215454,0.32127469778060913,0.91856849193573,-0.034464310854673386,0.9904133081436157,0.5805312991142273,0.9058855772018433,0.17800426483154297,0.9524576663970947
205,0.42562174797058105,0.3617164194583893,0.04542206972837448,0.9997968673706055,0.4310702383518219,0.3466093838214874,0.02546747401356697,0.9997984766960144,0.43239060044288635,0.3466944396495819,0.025482628494501114,0.999833345413208,0.4339221119880676,0.34669116139411926,0.02547391690313816,0.9998842477798462,0.43051379919052124,0.3461298942565918,0.06066771224141121,0.9997503161430359,0.4313507676124573,0.34574222564697266,0.060666076838970184,0.9996601939201355,0.432406485080719,0.3451569676399231,0.06063758581876755,0.9997024536132812,0.44745129346847534,0.35518690943717957,-0.028983887284994125,0.999912679195404,0.4461021423339844,0.35343965888023376,0.12680533528327942,0.9993909597396851,0.42981457710266113,0.380099356174469,0.028420496731996536,0.999798595905304,0.42879223823547363,0.3803442120552063,0.07349181920289993,0.9993780851364136,0.4701918661594391,0.44488856196403503,-0.12624292075634003,0.999995231628418,0.46930307149887085,0.447089821100235,0.2245292216539383,0.9986898303031921,0.49653464555740356,0.535821259021759,-0.15077926218509674,0.995962917804718,0.48074421286582947,0.5416584610939026,0.24556908011436462,0.014257964678108692,0.4660688042640686,0.6153745055198669,-0.0712180882692337,0.9861811995506287,0.4635220468044281,0.6111864447593689,0.18444089591503143,0.025234078988432884,0.45997366309165955,0.6388417482376099,-0.08326376229524612,0.9747735857963562,0.4591560363769531,0.6306725144386292,0.181105375289917,0.03795038163661957,0.4532933831214905,0.6319769620895386,-0.07419411092996597,0.9719914197921753,0.4556717872619629,0.6227923631668091,0.16246315836906433,0.03995728865265846,0.45528215169906616,0.6261882185935974,-0.06119430810213089,0.9563561677932739,0.4573915898799896,0.6200820207595825,0.17237883806228638,0.0444791205227375,0.45917344093322754,0.6870720982551575,-0.1175350695848465,0.9997537136077881,0.4664391875267029,0.6871883869171143,0.11737755686044693,0.9990710020065308,0.35519546270370483,0.6812666058540344,-0.10214515775442123,0.989240288734436,0.47081437706947327,0.8839823603630066,0.08633565902709961,0.8765050768852234,0.3680843710899353,0.8824776411056519,-0.052786968648433685,0.9932512640953064,0.5734323859214783,0.8425651788711548,0.15133270621299744,0.9496418833732605,0.38353151082992554,0.9156538844108582,-0.048251889646053314,0.9855098724365234,0.593058705329895,0.8066774010658264,0.16146694123744965,0.960961103439331,0.32160553336143494,0.917750895023346,-0.05330583453178406,0.9897791147232056,0.5801960825920105,0.9056640863418579,0.18194998800754547,0.9538382887840271
206,0.4273180365562439,0.3522835075855255,0.043656159192323685,0.9998134970664978,0.43340545892715454,0.33678850531578064,0.02370433881878853,0.999817430973053,0.43482309579849243,0.3366847038269043,0.02371962182223797,0.9998489022254944,0.4364033639431,0.33645734190940857,0.023709658533334732,0.9998950362205505,0.43302375078201294,0.33649909496307373,0.058968134224414825,0.9997729063034058,0.43411675095558167,0.3360729515552521,0.0589665062725544,0.999690592288971,0.4354380667209625,0.3353775143623352,0.058938413858413696,0.9997298717498779,0.44984978437423706,0.3461973965167999,-0.030527403578162193,0.9999208450317383,0.4490051865577698,0.34470999240875244,0.1256924271583557,0.9994468688964844,0.43135982751846313,0.3705047070980072,0.02683056890964508,0.9998141527175903,0.43046045303344727,0.3706413805484772,0.07193644344806671,0.9994193315505981,0.4726186692714691,0.4373902976512909,-0.12775009870529175,0.9999951124191284,0.4696502685546875,0.4341883361339569,0.22441419959068298,0.9986674785614014,0.49973297119140625,0.5287842750549316,-0.16055379807949066,0.9959096312522888,0.4821140170097351,0.5292540788650513,0.25159257650375366,0.014259343966841698,0.4701593816280365,0.6042293906211853,-0.08489319682121277,0.9852470755577087,0.4664926528930664,0.5970079898834229,0.189693421125412,0.024074740707874298,0.464214563369751,0.6255835890769958,-0.09623852372169495,0.9727465510368347,0.4615310728549957,0.6168270111083984,0.18703006207942963,0.036016568541526794,0.4582035541534424,0.6197397112846375,-0.0861920565366745,0.9698495864868164,0.4582507014274597,0.6103575229644775,0.1833989918231964,0.03788754716515541,0.46031832695007324,0.6140925884246826,-0.07464437186717987,0.9541062116622925,0.4605291783809662,0.6065378189086914,0.1847856342792511,0.04238618537783623,0.46322908997535706,0.6786003708839417,-0.11732298135757446,0.9997627139091492,0.4676417410373688,0.6764084696769714,0.11718326807022095,0.9991233944892883,0.359244167804718,0.6811943650245667,-0.10797685384750366,0.9893940687179565,0.474017471075058,0.8725048303604126,0.10531260073184967,0.8834992051124573,0.36926934123039246,0.8820527791976929,-0.05472797155380249,0.9931685328483582,0.5754796862602234,0.8416186571121216,0.15746447443962097,0.9531030058860779,0.384553998708725,0.9154613018035889,-0.04889917001128197,0.9851894974708557,0.5963257551193237,0.8097865581512451,0.16538932919502258,0.9641504883766174,0.32189255952835083,0.9180148839950562,-0.06477440893650055,0.9896195530891418,0.579953670501709,0.9057007431983948,0.17413005232810974,0.9562591314315796
207,0.42957648634910583,0.34409475326538086,0.043021999299526215,0.9998291730880737,0.4359111785888672,0.3285246193408966,0.022749295458197594,0.9998345375061035,0.4373953938484192,0.3284299671649933,0.02276243269443512,0.9998629689216614,0.4390082359313965,0.3282323479652405,0.02275269478559494,0.9999048113822937,0.43555575609207153,0.32807159423828125,0.05841916799545288,0.9997932314872742,0.4367288649082184,0.3275843858718872,0.058416951447725296,0.9997179508209229,0.4380713403224945,0.3269030749797821,0.05837439373135567,0.9997544884681702,0.4524011015892029,0.3373772203922272,-0.031070858240127563,0.9999282360076904,0.4513012766838074,0.335629403591156,0.12490715086460114,0.9994969964027405,0.4339292049407959,0.36237022280693054,0.025969889014959335,0.9998296499252319,0.43298953771591187,0.36230435967445374,0.07186204195022583,0.999462366104126,0.4753437042236328,0.42592158913612366,-0.12999816238880157,0.9999952912330627,0.46992525458335876,0.426061749458313,0.22439754009246826,0.9986648559570312,0.4999266266822815,0.5176424980163574,-0.17355558276176453,0.996052622795105,0.4852236211299896,0.5222914218902588,0.25858378410339355,0.014144903048872948,0.4718364179134369,0.5966385006904602,-0.11720764636993408,0.9853485226631165,0.4695815145969391,0.5906402468681335,0.21834643185138702,0.02312524989247322,0.4650503993034363,0.618931770324707,-0.14092156291007996,0.972650945186615,0.4627665579319,0.6162469983100891,0.21953734755516052,0.0345698818564415,0.45993003249168396,0.6135692000389099,-0.13245472311973572,0.9697247743606567,0.4603669047355652,0.6045480966567993,0.20645025372505188,0.036360569298267365,0.4619189202785492,0.6074742674827576,-0.11078492552042007,0.954174816608429,0.46174177527427673,0.6043906807899475,0.20961184799671173,0.040825847536325455,0.4663466811180115,0.6705455780029297,-0.11739245802164078,0.9997754096984863,0.4680277407169342,0.6695662140846252,0.11725883185863495,0.9991739392280579,0.3632557988166809,0.6812130808830261,-0.12073644250631332,0.989714503288269,0.47635704278945923,0.8635141253471375,0.11612696945667267,0.8902785181999207,0.36921268701553345,0.8814290165901184,-0.07106778025627136,0.9933936595916748,0.5796063542366028,0.8408969640731812,0.1532745063304901,0.9568709135055542,0.3845195770263672,0.9149172306060791,-0.06562506407499313,0.9855255484580994,0.6033135652542114,0.8118006587028503,0.1595778465270996,0.9672194123268127,0.3215826749801636,0.9192655086517334,-0.08968876302242279,0.9899126291275024,0.5800251364707947,0.905919075012207,0.16218127310276031,0.9593116044998169
208,0.4316632151603699,0.33138367533683777,0.029079487547278404,0.9998423457145691,0.43803873658180237,0.3155823051929474,0.009142646566033363,0.9998497366905212,0.4395131468772888,0.3158641755580902,0.009162397123873234,0.999875545501709,0.4411260485649109,0.31592491269111633,0.00915161706507206,0.9999135136604309,0.43767619132995605,0.31489595770835876,0.04288237914443016,0.9998111128807068,0.4388282299041748,0.31471526622772217,0.04286504536867142,0.9997422695159912,0.44014817476272583,0.31431642174720764,0.04286324232816696,0.9997760653495789,0.45431846380233765,0.32274773716926575,-0.0440998300909996,0.9999348521232605,0.45327430963516235,0.32161715626716614,0.1046697348356247,0.9995423555374146,0.43543878197669983,0.34991517663002014,0.012693437747657299,0.9998438358306885,0.4346216320991516,0.35019123554229736,0.05587521940469742,0.9995014071464539,0.47903600335121155,0.4187822639942169,-0.13833342492580414,0.9999954700469971,0.47206854820251465,0.4224695861339569,0.21295860409736633,0.9986631870269775,0.5046263337135315,0.5100860595703125,-0.20727193355560303,0.9961631894111633,0.4870152473449707,0.508158266544342,0.2831505239009857,0.014018727466464043,0.47561484575271606,0.5853644609451294,-0.17671625316143036,0.9857096672058105,0.47116971015930176,0.5531079173088074,0.297149121761322,0.022570963948965073,0.4705166816711426,0.6044154763221741,-0.19392231106758118,0.9732095003128052,0.4652174115180969,0.5677810311317444,0.3066839873790741,0.03384777158498764,0.46587133407592773,0.601023256778717,-0.18278390169143677,0.9703072309494019,0.46139058470726013,0.5674276351928711,0.2924391031265259,0.0355510450899601,0.4676189422607422,0.5955141186714172,-0.16737613081932068,0.9549850225448608,0.46388205885887146,0.55366450548172,0.28912603855133057,0.03998926281929016,0.47038617730140686,0.6638514399528503,-0.11675240844488144,0.999785304069519,0.4704315662384033,0.6593858003616333,0.11667661368846893,0.999207615852356,0.36607763171195984,0.6811761856079102,-0.12156045436859131,0.9898812770843506,0.4780324399471283,0.8481748700141907,0.13155028223991394,0.8957210183143616,0.369534432888031,0.88135826587677,-0.09392856061458588,0.9936288595199585,0.5873083472251892,0.8397148847579956,0.1518947035074234,0.9600493311882019,0.3843235373497009,0.9148872494697571,-0.09191253781318665,0.9858468174934387,0.6117841601371765,0.8139335513114929,0.15672726929187775,0.969760537147522,0.3215360641479492,0.9194255471229553,-0.12440413236618042,0.9902130961418152,0.5804427266120911,0.9057043194770813,0.15672236680984497,0.9617611765861511
209,0.4327901303768158,0.3055967688560486,0.027470100671052933,0.999845027923584,0.44025859236717224,0.28947657346725464,0.008227822370827198,0.999859631061554,0.4419603943824768,0.2894229590892792,0.008240533992648125,0.9998832941055298,0.44394221901893616,0.289328396320343,0.008233210071921349,0.999919056892395,0.43925851583480835,0.28919750452041626,0.04199034348130226,0.9998210668563843,0.4401991367340088,0.2888711392879486,0.04198048263788223,0.9997545480728149,0.44135910272598267,0.2883901298046112,0.0419803149998188,0.9997887015342712,0.4581690728664398,0.2974601686000824,-0.04406626522541046,0.99993896484375,0.4557785093784332,0.29646027088165283,0.10563011467456818,0.9995697736740112,0.4403999447822571,0.3267415463924408,0.011223459616303444,0.9998508095741272,0.4386600852012634,0.32713350653648376,0.05456085875630379,0.9995105266571045,0.48763760924339294,0.38752779364585876,-0.13729272782802582,0.9999953508377075,0.47754549980163574,0.3987268805503845,0.20829948782920837,0.998609721660614,0.5131038427352905,0.47226473689079285,-0.2128884494304657,0.995997428894043,0.48953843116760254,0.48359188437461853,0.25111082196235657,0.013744301162660122,0.4906128942966461,0.5522434711456299,-0.21183165907859802,0.9847062230110168,0.4793614447116852,0.541714608669281,0.20387160778045654,0.021743236109614372,0.48528510332107544,0.579479992389679,-0.2374565154314041,0.9717342257499695,0.4742364287376404,0.5594590902328491,0.20295707881450653,0.032852329313755035,0.4797711968421936,0.578051745891571,-0.2251116782426834,0.968596875667572,0.47151055932044983,0.5510591864585876,0.1838461458683014,0.03449980169534683,0.48115548491477966,0.5703375339508057,-0.2035864144563675,0.9525678753852844,0.4728897213935852,0.5455167889595032,0.19226427376270294,0.03883291780948639,0.4829934537410736,0.6330612897872925,-0.11580608785152435,0.9997884631156921,0.4782792627811432,0.6319848299026489,0.11577000468969345,0.9991775751113892,0.3766980767250061,0.6818150281906128,-0.15293285250663757,0.9901381134986877,0.48807159066200256,0.8133004903793335,0.16098998486995697,0.8968278169631958,0.3701503872871399,0.8811811804771423,-0.16545401513576508,0.9938998222351074,0.5949404239654541,0.8383641839027405,0.18019932508468628,0.961714506149292,0.38465720415115356,0.9145506024360657,-0.1683737337589264,0.9860761761665344,0.6193526983261108,0.8234224319458008,0.1832733303308487,0.97127765417099,0.3201434016227722,0.9190710186958313,-0.21542099118232727,0.9904072880744934,0.5802655220031738,0.9058684706687927,0.17075741291046143,0.9626189470291138
210,0.44252118468284607,0.28603461384773254,0.015456156805157661,0.9998215436935425,0.4491817355155945,0.27060988545417786,-0.004071241244673729,0.9998549818992615,0.4508543908596039,0.27031663060188293,-0.0040848348289728165,0.9998774528503418,0.45248597860336304,0.2699164152145386,-0.004091358743607998,0.9999163746833801,0.4482547640800476,0.2700611650943756,0.029213741421699524,0.999810516834259,0.4493865370750427,0.26942193508148193,0.02922382950782776,0.9997339844703674,0.450568288564682,0.26868483424186707,0.029213648289442062,0.9997775554656982,0.46680110692977905,0.27657291293144226,-0.05559913441538811,0.9999352693557739,0.464587539434433,0.2751997411251068,0.0922195091843605,0.9995448589324951,0.4508982300758362,0.304768830537796,-0.00021416472736746073,0.9998396635055542,0.44965189695358276,0.30431032180786133,0.04271181672811508,0.9994518160820007,0.4951394498348236,0.35618582367897034,-0.14168952405452728,0.9999948740005493,0.48878899216651917,0.36494773626327515,0.1924934983253479,0.9984361529350281,0.5240474343299866,0.4417218863964081,-0.2211885154247284,0.9957099556922913,0.5075300335884094,0.45566025376319885,0.22698502242565155,0.013161550275981426,0.5019731521606445,0.528570830821991,-0.21881568431854248,0.9832163453102112,0.4961199164390564,0.5290672779083252,0.17391367256641388,0.020364461466670036,0.49596261978149414,0.5571533441543579,-0.2457534819841385,0.9694136381149292,0.49270135164260864,0.5499540567398071,0.17337141931056976,0.03095332160592079,0.49105483293533325,0.5550099611282349,-0.23190192878246307,0.9658607244491577,0.49010294675827026,0.5473127365112305,0.15235450863838196,0.03250720724463463,0.49246978759765625,0.5470794439315796,-0.2103603631258011,0.9485132694244385,0.49038857221603394,0.539249062538147,0.161643847823143,0.036637306213378906,0.4903334677219391,0.6062920093536377,-0.11167796701192856,0.9997684955596924,0.49071985483169556,0.6064764857292175,0.11166869103908539,0.9990350604057312,0.3920869529247284,0.6926320195198059,-0.14272144436836243,0.9898020625114441,0.4952383041381836,0.7858279943466187,0.1430603563785553,0.8971859216690063,0.3708667457103729,0.8831583857536316,-0.15205326676368713,0.9941543340682983,0.5992740988731384,0.8381295204162598,0.14518117904663086,0.9622856378555298,0.38490134477615356,0.9147360920906067,-0.15573209524154663,0.9863284826278687,0.6234142780303955,0.8357686996459961,0.14366717636585236,0.9718529582023621,0.3195370137691498,0.9132278561592102,-0.21009603142738342,0.9906156659126282,0.5791720151901245,0.905877411365509,0.12176880985498428,0.9620616436004639
211,0.4517379403114319,0.2680933177471161,0.002070026006549597,0.9998043775558472,0.45789870619773865,0.2510946989059448,-0.017531804740428925,0.9998485445976257,0.4594647288322449,0.2504834234714508,-0.017545217648148537,0.9998713731765747,0.460972398519516,0.24978648126125336,-0.01754748821258545,0.9999128580093384,0.45713678002357483,0.25054308772087097,0.015460711903870106,0.9997993111610413,0.45828717947006226,0.24959619343280792,0.015473944135010242,0.9997155666351318,0.45944005250930786,0.24859896302223206,0.015460917726159096,0.9997639060020447,0.47497645020484924,0.25498485565185547,-0.0686449259519577,0.9999306797981262,0.4726012349128723,0.25364652276039124,0.07756692916154861,0.9995253086090088,0.4593331813812256,0.28443607687950134,-0.013518720865249634,0.9998327493667603,0.4582730829715729,0.28411751985549927,0.02906307578086853,0.999420702457428,0.5020902752876282,0.33261802792549133,-0.15009766817092896,0.9999945759773254,0.4945197105407715,0.3413196802139282,0.17706701159477234,0.998337984085083,0.5348996520042419,0.41069796681404114,-0.23170509934425354,0.9955245852470398,0.5086547136306763,0.43437084555625916,0.2227679193019867,0.012671555392444134,0.5127602815628052,0.4984438121318817,-0.23869141936302185,0.9820464253425598,0.5009216070175171,0.4971866309642792,0.1862564980983734,0.019325273111462593,0.5067660808563232,0.5271338820457458,-0.2688719928264618,0.9677922129631042,0.49534398317337036,0.5158286094665527,0.18778307735919952,0.029719442129135132,0.5018632411956787,0.5243273973464966,-0.2558909058570862,0.9639222025871277,0.49273601174354553,0.5090492963790894,0.1660446673631668,0.031243477016687393,0.5032837986946106,0.5162732601165771,-0.23134145140647888,0.9453927278518677,0.4942513108253479,0.5060968399047852,0.17418310046195984,0.03529195114970207,0.49858927726745605,0.5829966068267822,-0.10739488899707794,0.9997442960739136,0.4994776248931885,0.5834652781486511,0.10740043222904205,0.998889684677124,0.4085402488708496,0.6947060227394104,-0.13243135809898376,0.9888058304786682,0.5049079060554504,0.7619500756263733,0.13566257059574127,0.8929827809333801,0.3737744688987732,0.8827070593833923,-0.1416626274585724,0.99436354637146,0.602128267288208,0.8412049412727356,0.13268235325813293,0.9615105390548706,0.3860223889350891,0.9152857661247253,-0.14576663076877594,0.9867211580276489,0.6276442408561707,0.8453222513198853,0.13166818022727966,0.9713476896286011,0.3214058578014374,0.8904963135719299,-0.19814814627170563,0.9907335638999939,0.5788818597793579,0.9054499268531799,0.11282732337713242,0.9599522948265076
212,0.45951318740844727,0.24597324430942535,0.00857370812445879,0.9997951984405518,0.4648093283176422,0.23023852705955505,-0.010738260112702847,0.999845564365387,0.4662443995475769,0.2296134978532791,-0.010752822272479534,0.9998677968978882,0.4677796959877014,0.22894538938999176,-0.010753721930086613,0.999911367893219,0.46387553215026855,0.22996845841407776,0.022172290831804276,0.9997982382774353,0.4647505283355713,0.22911302745342255,0.022180166095495224,0.9997115731239319,0.4656921327114105,0.22814856469631195,0.022150831297039986,0.9997613430023193,0.48166704177856445,0.23264843225479126,-0.061376750469207764,0.9999268651008606,0.47877559065818787,0.23182056844234467,0.08451706171035767,0.9995266795158386,0.4666401743888855,0.2607443034648895,-0.006798096001148224,0.9998308420181274,0.4653352200984955,0.2605285048484802,0.035665113478899,0.9994122385978699,0.5103768110275269,0.30413591861724854,-0.14828115701675415,0.9999939799308777,0.49993935227394104,0.31776145100593567,0.18400391936302185,0.9982773661613464,0.5428563356399536,0.3853020668029785,-0.24085664749145508,0.995180606842041,0.5159284472465515,0.41622021794319153,0.2339322566986084,0.01240961067378521,0.5218519568443298,0.4751570522785187,-0.27410265803337097,0.9808700084686279,0.506470263004303,0.48191994428634644,0.19271737337112427,0.018788913264870644,0.5168052911758423,0.5057570934295654,-0.3080708682537079,0.9663599729537964,0.5007421970367432,0.501221776008606,0.1994335949420929,0.029197148978710175,0.5116914510726929,0.5032878518104553,-0.2955385148525238,0.9621678590774536,0.4991515576839447,0.49626049399375916,0.16708561778068542,0.030760129913687706,0.5125285387039185,0.4952056109905243,-0.2679068446159363,0.9423101544380188,0.5010791420936584,0.49376967549324036,0.17884446680545807,0.03481218218803406,0.5140714645385742,0.5542939901351929,-0.1070866733789444,0.9997029304504395,0.5119577646255493,0.5593027472496033,0.10709436982870102,0.9987147450447083,0.4301683008670807,0.6938464045524597,-0.1353740692138672,0.9869239330291748,0.5148487091064453,0.7410904169082642,0.13491404056549072,0.8866429924964905,0.383988618850708,0.8812487125396729,-0.1697094738483429,0.9943657517433167,0.6036779880523682,0.8428362607955933,0.11772920191287994,0.9572455883026123,0.38951581716537476,0.915063738822937,-0.17635278403759003,0.9865311980247498,0.6274376511573792,0.8579137921333313,0.11553697288036346,0.9672342538833618,0.3288387656211853,0.8704582452774048,-0.2414150983095169,0.9906616806983948,0.5786347985267639,0.9061367511749268,0.08770837634801865,0.9537938833236694
213,0.46576347947120667,0.23384210467338562,0.013095085509121418,0.9997993111610413,0.47092533111572266,0.21572957932949066,-0.006643445696681738,0.9998494386672974,0.4725261628627777,0.21532632410526276,-0.006665433291345835,0.9998700022697449,0.47431817650794983,0.21483491361141205,-0.006680783815681934,0.9999138712882996,0.46996062994003296,0.2151685357093811,0.026527147740125656,0.9998062252998352,0.4707879424095154,0.21435587108135223,0.026537414640188217,0.9997209310531616,0.47175922989845276,0.21332713961601257,0.026516348123550415,0.9997692704200745,0.4882868230342865,0.21596340835094452,-0.058202099055051804,0.9999281764030457,0.4852876663208008,0.21506579220294952,0.0885792076587677,0.9995461106300354,0.4731033444404602,0.24874481558799744,-0.002601474057883024,0.9998374581336975,0.4716055989265442,0.24853529036045074,0.04022448509931564,0.9994376301765442,0.5167029500007629,0.2907339632511139,-0.1468009054660797,0.999993622303009,0.5062088370323181,0.3016248345375061,0.1908043622970581,0.9983024597167969,0.5509555339813232,0.3593541085720062,-0.2299250066280365,0.9952065944671631,0.5269481539726257,0.39554688334465027,0.2601849436759949,0.012179563753306866,0.5292978882789612,0.45141884684562683,-0.2323589324951172,0.9807534217834473,0.5170859098434448,0.4604080617427826,0.2543785870075226,0.018670078366994858,0.5253103971481323,0.48138418793678284,-0.25909534096717834,0.9659347534179688,0.5136362314224243,0.4795641303062439,0.2628173828125,0.02928534895181656,0.5203207731246948,0.4800896644592285,-0.24681313335895538,0.9615058898925781,0.5124934911727905,0.47905486822128296,0.23613080382347107,0.030929317697882652,0.5207967162132263,0.4727637767791748,-0.22423811256885529,0.9407970309257507,0.5136053562164307,0.4718415141105652,0.241776704788208,0.03510039672255516,0.5239437222480774,0.5384102463722229,-0.10687702894210815,0.9996567964553833,0.5208691358566284,0.5418230891227722,0.10692103952169418,0.9986003637313843,0.44690370559692383,0.6927745342254639,-0.1309482753276825,0.9844833016395569,0.5264111757278442,0.7194554805755615,0.11489585787057877,0.8710746169090271,0.4018140733242035,0.8754569292068481,-0.1506318747997284,0.9941826462745667,0.6074148416519165,0.8456394672393799,0.09903563559055328,0.9481403231620789,0.4060194492340088,0.912839412689209,-0.15517215430736542,0.9863957762718201,0.6302298307418823,0.8663135766983032,0.09612645208835602,0.958189070224762,0.3486848473548889,0.8667987585067749,-0.21398107707500458,0.9902822375297546,0.5790297389030457,0.9061200618743896,0.06459947675466537,0.9422077536582947
214,0.4708244204521179,0.21168886125087738,0.015003301203250885,0.9998042583465576,0.4764476418495178,0.19442695379257202,-0.004384761210530996,0.9998505115509033,0.47805148363113403,0.19421721994876862,-0.004398622550070286,0.9998697638511658,0.47983139753341675,0.1938147395849228,-0.004411638714373112,0.999914824962616,0.4755195677280426,0.19358427822589874,0.02870013937354088,0.9998103976249695,0.476337194442749,0.19284671545028687,0.02869422361254692,0.9997243285179138,0.47726544737815857,0.19194462895393372,0.028669830411672592,0.9997734427452087,0.4933057725429535,0.19669422507286072,-0.05639991909265518,0.9999286532402039,0.48989337682724,0.19533668458461761,0.09220514446496964,0.9995520710945129,0.47773805260658264,0.22764109075069427,-0.0006096592405810952,0.9998428821563721,0.4759139120578766,0.22751733660697937,0.04090408235788345,0.9994632005691528,0.5246748328208923,0.2716238796710968,-0.1534634381532669,0.9999935626983643,0.5109829306602478,0.28291282057762146,0.20238728821277618,0.9983853697776794,0.5549598336219788,0.34101602435112,-0.2567242980003357,0.9953919053077698,0.5387857556343079,0.3808259665966034,0.26934814453125,0.012264182791113853,0.5347875356674194,0.4383573830127716,-0.2680526077747345,0.9812873005867004,0.5280141234397888,0.4598935544490814,0.2450602799654007,0.01872250996530056,0.5329004526138306,0.4662519693374634,-0.3006270229816437,0.9666652679443359,0.527104377746582,0.4792426526546478,0.25074511766433716,0.029288921505212784,0.526755690574646,0.4655930697917938,-0.28672319650650024,0.9621496200561523,0.5261083841323853,0.479303777217865,0.2237972915172577,0.030991138890385628,0.5273265838623047,0.4595057964324951,-0.26056548953056335,0.9409363865852356,0.5273045301437378,0.47459548711776733,0.2314969301223755,0.03520563989877701,0.5330706834793091,0.5236371755599976,-0.10922543704509735,0.9996359348297119,0.5279418230056763,0.5263522863388062,0.10932707786560059,0.9985987544059753,0.4633715748786926,0.6782960891723633,-0.13086290657520294,0.9833800196647644,0.5377230644226074,0.7098488807678223,0.07350615411996841,0.8622822761535645,0.4269378185272217,0.8696181178092957,-0.14264509081840515,0.9942061305046082,0.6113328337669373,0.84987473487854,0.04726172238588333,0.9455621838569641,0.43416517972946167,0.9059819579124451,-0.14609846472740173,0.9863437414169312,0.6334659457206726,0.8742185235023499,0.04219954088330269,0.9547461271286011,0.370380163192749,0.871372401714325,-0.2070128172636032,0.9903905391693115,0.5790985226631165,0.9078353047370911,-8.24683957034722e-05,0.9398952126502991
215,0.47506970167160034,0.1994946300983429,0.014417944476008415,0.9997997283935547,0.48050785064697266,0.1813954859972,-0.005549852270632982,0.9998414516448975,0.48210519552230835,0.18055030703544617,-0.00558291282504797,0.999860405921936,0.48386040329933167,0.179595947265625,-0.005614881403744221,0.9999107122421265,0.47952669858932495,0.18167248368263245,0.028878694400191307,0.9998040795326233,0.48038846254348755,0.18100573122501373,0.028896328061819077,0.9997118711471558,0.48139458894729614,0.18016542494297028,0.028888165950775146,0.9997658729553223,0.4974892735481262,0.1820712834596634,-0.056980572640895844,0.9999263286590576,0.49379491806030273,0.18237222731113434,0.09291504323482513,0.9995325803756714,0.482889324426651,0.21276986598968506,-0.001209367997944355,0.9998403787612915,0.48121482133865356,0.21333523094654083,0.04248989745974541,0.9994640946388245,0.5286594033241272,0.25520601868629456,-0.1557741016149521,0.999993622303009,0.5140968561172485,0.27159959077835083,0.20582862198352814,0.9984188079833984,0.5603218674659729,0.3262333273887634,-0.24275395274162292,0.9957103729248047,0.5340710878372192,0.3562071621417999,0.2658298909664154,0.012094508856534958,0.5368980765342712,0.4318223297595978,-0.24744732677936554,0.9823764562606812,0.5300841331481934,0.44112616777420044,0.19650699198246002,0.01881225034594536,0.5345565676689148,0.4567262828350067,-0.27037981152534485,0.9680976867675781,0.528408944606781,0.4597959816455841,0.19415977597236633,0.02925712615251541,0.5284126400947571,0.4572897255420685,-0.2567440867424011,0.9636832475662231,0.5264552235603333,0.4626990854740143,0.16568927466869354,0.031011443585157394,0.5295102596282959,0.4505648612976074,-0.23813584446907043,0.9426465630531311,0.5281515717506409,0.4553224444389343,0.18072830140590668,0.035228680819272995,0.5380479693412781,0.5095447897911072,-0.10964657366275787,0.9996032118797302,0.5343478918075562,0.5123014450073242,0.10972654819488525,0.9985832571983337,0.4735892415046692,0.6652080416679382,-0.13024123013019562,0.9817168116569519,0.5448595285415649,0.6920189261436462,0.03101848065853119,0.8474537134170532,0.4558001458644867,0.8669766783714294,-0.13702154159545898,0.9937477707862854,0.6136506795883179,0.850311815738678,-0.0002846776624210179,0.9400225877761841,0.465143620967865,0.9040636420249939,-0.1394554078578949,0.9843862652778625,0.6338684558868408,0.8742334842681885,-0.006649278104305267,0.9482446908950806,0.40414243936538696,0.8775122761726379,-0.20348043739795685,0.989949643611908,0.5790793299674988,0.9080890417098999,-0.056713372468948364,0.9364222288131714
216,0.4809342920780182,0.185354545712471,0.015495708212256432,0.9997696280479431,0.48665937781333923,0.1694803088903427,-0.004557858686894178,0.9997983574867249,0.4883149266242981,0.16875720024108887,-0.004577117972075939,0.9998220205307007,0.4902278780937195,0.1679278314113617,-0.004598711617290974,0.999888002872467,0.485677570104599,0.16977019608020782,0.029977694153785706,0.9997607469558716,0.4865061342716217,0.16921189427375793,0.029989007860422134,0.9996417760848999,0.48749232292175293,0.16847270727157593,0.029978642240166664,0.9997100830078125,0.5042191743850708,0.1725778728723526,-0.0537131130695343,0.9999105930328369,0.5002316832542419,0.1724850833415985,0.0942414179444313,0.9994040727615356,0.4889429211616516,0.20098993182182312,-0.0006838865811005235,0.9998087286949158,0.48724979162216187,0.20115043222904205,0.04285433515906334,0.999387264251709,0.5324767827987671,0.24101504683494568,-0.1539880931377411,0.9999936819076538,0.5181248188018799,0.2576693594455719,0.20678579807281494,0.9984144568443298,0.5633920431137085,0.317229300737381,-0.2376214563846588,0.9960085153579712,0.540776789188385,0.3528258800506592,0.26236191391944885,0.011784439906477928,0.5400444269180298,0.42123672366142273,-0.23773685097694397,0.9835368394851685,0.5323253870010376,0.4341720938682556,0.1919354498386383,0.01913265511393547,0.5373509526252747,0.44670939445495605,-0.2666610777378082,0.969841480255127,0.530587375164032,0.4571607708930969,0.18850760161876678,0.029673120006918907,0.5315143465995789,0.4465786814689636,-0.256500780582428,0.9655988216400146,0.5283752679824829,0.4588474631309509,0.160440593957901,0.03151796758174896,0.532383918762207,0.4395933449268341,-0.23059764504432678,0.9451371431350708,0.5292057394981384,0.45055681467056274,0.1764843761920929,0.03561707213521004,0.5423294305801392,0.5022457838058472,-0.1079489216208458,0.9995900392532349,0.5395685434341431,0.5049731731414795,0.10801848024129868,0.9986059665679932,0.4853902757167816,0.6591597199440002,-0.11854904890060425,0.9811440706253052,0.5488461852073669,0.6848256587982178,0.03308857977390289,0.8305602669715881,0.4909926950931549,0.8670479655265808,-0.11169593036174774,0.9932024478912354,0.6146963238716125,0.8516677618026733,0.0014547157334163785,0.9362181425094604,0.503760039806366,0.9014478921890259,-0.11410945653915405,0.9814649820327759,0.634630560874939,0.8785201907157898,-0.005815261509269476,0.9427948594093323,0.44292163848876953,0.8857194781303406,-0.18889141082763672,0.989391565322876,0.5790929198265076,0.9097205996513367,-0.059399835765361786,0.9345535039901733
217,0.48622769117355347,0.1855057328939438,0.031720858067274094,0.999750554561615,0.49106740951538086,0.1673060953617096,0.011541555635631084,0.9997818470001221,0.4927828311920166,0.16670538485050201,0.011504078283905983,0.9998084902763367,0.4946762025356293,0.16600124537944794,0.01147424429655075,0.9998785257339478,0.48994046449661255,0.16735999286174774,0.046265505254268646,0.9997379183769226,0.4907607138156891,0.166771799325943,0.04630645364522934,0.9996033906936646,0.4917167127132416,0.16601155698299408,0.046297360211610794,0.9996811151504517,0.5091938972473145,0.1693102866411209,-0.03957917168736458,0.9999070763587952,0.5050517320632935,0.16914933919906616,0.1152958869934082,0.9993619918823242,0.4950641095638275,0.20188312232494354,0.015976499766111374,0.9997899532318115,0.49327269196510315,0.20189988613128662,0.0609077513217926,0.9993545413017273,0.5382068753242493,0.23824381828308105,-0.15081095695495605,0.9999939203262329,0.5219465494155884,0.25334593653678894,0.22202014923095703,0.998488187789917,0.5660354495048523,0.3081873655319214,-0.2562083601951599,0.9963086843490601,0.5447714924812317,0.356152206659317,0.2822517156600952,0.011773149482905865,0.5421151518821716,0.4125370383262634,-0.28739801049232483,0.9847404956817627,0.5337247252464294,0.43598055839538574,0.2328353226184845,0.019884854555130005,0.5406097173690796,0.43912267684936523,-0.3205706477165222,0.9718928933143616,0.5333771109580994,0.4563360810279846,0.231540709733963,0.030485983937978745,0.5343793630599976,0.4377571940422058,-0.31007739901542664,0.967903733253479,0.5309484004974365,0.462576299905777,0.20056334137916565,0.03241473436355591,0.5345941185951233,0.43097013235092163,-0.28099095821380615,0.9483409523963928,0.53191739320755,0.45256778597831726,0.21692857146263123,0.03638126328587532,0.5442716479301453,0.4974368214607239,-0.10801055282354355,0.9996112585067749,0.5442661046981812,0.49995923042297363,0.10811261832714081,0.9986999034881592,0.4961932301521301,0.6601181626319885,-0.1340988576412201,0.9818152189254761,0.5509635210037231,0.6716601848602295,0.025419676676392555,0.8122774958610535,0.5210850834846497,0.8618828058242798,-0.11807521432638168,0.9926827549934387,0.6148581504821777,0.8523207902908325,-0.006058522500097752,0.9310352206230164,0.5343508720397949,0.8906222581863403,-0.11833062022924423,0.9799251556396484,0.6340042352676392,0.8781903386116028,-0.013205167837440968,0.9377237558364868,0.47859278321266174,0.9000413417816162,-0.1855173259973526,0.9889076352119446,0.5781570672988892,0.907976508140564,-0.06622720509767532,0.931987464427948
218,0.489962637424469,0.17643216252326965,0.03741351515054703,0.9997206926345825,0.49561184644699097,0.15751589834690094,0.0170008335262537,0.9997624158859253,0.4973534643650055,0.15698951482772827,0.016976002603769302,0.9997919797897339,0.499258428812027,0.15642964839935303,0.01694585010409355,0.9998670816421509,0.4946543276309967,0.15755543112754822,0.05113713815808296,0.9997111558914185,0.4956211447715759,0.157072052359581,0.051177483052015305,0.9995582699775696,0.4967081546783447,0.15645921230316162,0.05115709453821182,0.9996499419212341,0.5138376951217651,0.16149933636188507,-0.03538622707128525,0.9999027848243713,0.509954571723938,0.16096903383731842,0.1180211752653122,0.9993349313735962,0.4983399510383606,0.19433294236660004,0.021519459784030914,0.9997636675834656,0.49694472551345825,0.19467046856880188,0.06581476330757141,0.9993120431900024,0.5383251309394836,0.2304244339466095,-0.14991171658039093,0.999994158744812,0.5265825986862183,0.24335604906082153,0.2235409915447235,0.9985698461532593,0.5679831504821777,0.30199727416038513,-0.26385849714279175,0.9965731501579285,0.5487455725669861,0.33871448040008545,0.301813006401062,0.011383255943655968,0.5445179343223572,0.4081403911113739,-0.2989331781864166,0.9858444333076477,0.5371357202529907,0.42930924892425537,0.2892773449420929,0.019849371165037155,0.5433181524276733,0.4364340603351593,-0.3322007656097412,0.9738293886184692,0.5378116965293884,0.45157885551452637,0.2946224808692932,0.03044418804347515,0.5370446443557739,0.43568381667137146,-0.32077354192733765,0.9700932502746582,0.5325913429260254,0.45406630635261536,0.2644016444683075,0.032427217811346054,0.5372722744941711,0.4278729259967804,-0.29241910576820374,0.951409101486206,0.5339717268943787,0.44898512959480286,0.27481910586357117,0.036244142800569534,0.5484880208969116,0.48691803216934204,-0.10866669565439224,0.9996312856674194,0.5513359308242798,0.4909869432449341,0.1087844967842102,0.9987954497337341,0.5078405141830444,0.6580139994621277,-0.1424316167831421,0.9829478859901428,0.5544003248214722,0.6581018567085266,0.024658020585775375,0.7958673238754272,0.5600880980491638,0.8365749716758728,-0.12280917167663574,0.9922081232070923,0.6124553084373474,0.851904034614563,-0.0035746966022998095,0.9254643321037292,0.5865532159805298,0.8736849427223206,-0.12103448063135147,0.9781613349914551,0.6318970918655396,0.8805656433105469,-0.0109622273594141,0.9314852952957153,0.5228071808815002,0.904664933681488,-0.18148507177829742,0.9885697960853577,0.5773773193359375,0.909857451915741,-0.06470994651317596,0.9291689395904541
219,0.49193692207336426,0.1728455126285553,0.03736594319343567,0.9997203350067139,0.49809083342552185,0.15391427278518677,0.017737653106451035,0.9997554421424866,0.49977993965148926,0.1533491462469101,0.017727484926581383,0.9997862577438354,0.5015751123428345,0.15268485248088837,0.017702359706163406,0.9998620748519897,0.4969403147697449,0.15396495163440704,0.0505375936627388,0.9997062087059021,0.49783578515052795,0.15341506898403168,0.05059194564819336,0.9995516538619995,0.4987943172454834,0.15272516012191772,0.050544627010822296,0.9996435642242432,0.5151451230049133,0.15773318707942963,-0.03065788373351097,0.9999013543128967,0.5111671686172485,0.15729767084121704,0.11611168086528778,0.9993482828140259,0.4995667040348053,0.18992745876312256,0.022670183330774307,0.9997583627700806,0.497933954000473,0.19023798406124115,0.06505002081394196,0.9993207454681396,0.5368617177009583,0.22177335619926453,-0.14818112552165985,0.9999943971633911,0.5306879281997681,0.24075447022914886,0.22112345695495605,0.9986646175384521,0.5675707459449768,0.29779574275016785,-0.2605128586292267,0.9968401789665222,0.5513434410095215,0.34008947014808655,0.2877149283885956,0.011272127740085125,0.5457546710968018,0.4057427644729614,-0.3008935749530792,0.9869739413261414,0.5406872630119324,0.4353630840778351,0.2578274607658386,0.02069399133324623,0.544926643371582,0.4358137249946594,-0.3350905776023865,0.9758231043815613,0.5423299074172974,0.46368396282196045,0.2611214518547058,0.03169494867324829,0.5384140610694885,0.43454188108444214,-0.3236193060874939,0.9723528027534485,0.5376808643341064,0.4651099443435669,0.23259493708610535,0.033754684031009674,0.5385023355484009,0.4260238707065582,-0.2946719527244568,0.9548717737197876,0.5376430749893188,0.45438727736473083,0.24353575706481934,0.03738700598478317,0.553411602973938,0.4807150065898895,-0.10897022485733032,0.9996403455734253,0.5564818382263184,0.48518532514572144,0.10907037556171417,0.9988603591918945,0.518298864364624,0.6596063375473022,-0.1536223590373993,0.9843779802322388,0.5672293901443481,0.6567675471305847,0.03778373450040817,0.7809002995491028,0.5875215530395508,0.8348502516746521,-0.14742062985897064,0.9917601943016052,0.6143645644187927,0.8514696955680847,0.042977459728717804,0.9185231328010559,0.6061745882034302,0.8623746037483215,-0.14714206755161285,0.9782328009605408,0.6314390897750854,0.87764573097229,0.033323973417282104,0.9278392791748047,0.5525221824645996,0.9044917821884155,-0.19292864203453064,0.9880173802375793,0.5758612155914307,0.9057437181472778,-0.06338487565517426,0.9241948127746582
220,0.4935428202152252,0.16838082671165466,0.03581870347261429,0.9997003674507141,0.5000036954879761,0.15006224811077118,0.016398277133703232,0.9997348785400391,0.5015307068824768,0.14960011839866638,0.01637912355363369,0.9997700452804565,0.5031107664108276,0.14906391501426697,0.016357438638806343,0.9998498558998108,0.4994426667690277,0.14990940690040588,0.04931226000189781,0.9996822476387024,0.50055992603302,0.14925990998744965,0.04935602843761444,0.9995216727256775,0.5017072558403015,0.14842887222766876,0.04931239038705826,0.9996181726455688,0.5165187120437622,0.15391895174980164,-0.03316931053996086,0.9998950362205505,0.5138526558876038,0.1529039442539215,0.11457306146621704,0.999322235584259,0.5009148120880127,0.18576030433177948,0.02066827192902565,0.9997403025627136,0.4999564290046692,0.18631599843502045,0.06331197917461395,0.9992956519126892,0.5377039313316345,0.2242048680782318,-0.1489468514919281,0.9999945759773254,0.5352990627288818,0.24095238745212555,0.21913544833660126,0.9987236261367798,0.5680379867553711,0.2968461513519287,-0.2679470181465149,0.9970807433128357,0.5625263452529907,0.3512784242630005,0.2815171182155609,0.011695876717567444,0.5456479787826538,0.4072891175746918,-0.3168700337409973,0.9880030751228333,0.5465119481086731,0.43799182772636414,0.2399623692035675,0.02240929938852787,0.5441949367523193,0.43502599000930786,-0.3524464964866638,0.9776586890220642,0.551147997379303,0.47134801745414734,0.24075400829315186,0.03414830565452576,0.5386519432067871,0.4331139922142029,-0.34031811356544495,0.9744359850883484,0.5523110628128052,0.47200727462768555,0.20633740723133087,0.03629614785313606,0.5390576124191284,0.4256442189216614,-0.3106045722961426,0.9580329060554504,0.5438103079795837,0.45867058634757996,0.2230282574892044,0.039617642760276794,0.554969072341919,0.4788965880870819,-0.10940958559513092,0.9996492862701416,0.5583817362785339,0.4799698293209076,0.10947199165821075,0.9988852739334106,0.5358568429946899,0.6613597273826599,-0.15244950354099274,0.9853559732437134,0.5702731013298035,0.6560685634613037,0.046351879835128784,0.759874165058136,0.6048606634140015,0.838501513004303,-0.15022845566272736,0.9912542700767517,0.6163046956062317,0.8471660017967224,0.067327581346035,0.9004313349723816,0.6249441504478455,0.8625161647796631,-0.1513405591249466,0.9776318073272705,0.6351569890975952,0.87548828125,0.06128399819135666,0.9149155616760254,0.5739493370056152,0.9091790914535522,-0.2082977592945099,0.987644374370575,0.583058774471283,0.902305006980896,-0.02755816839635372,0.9149278998374939
221,0.4953857958316803,0.16919581592082977,0.03424990922212601,0.9996699690818787,0.5020078420639038,0.14963161945343018,0.01452324353158474,0.9997020959854126,0.5036365985870361,0.14904700219631195,0.014453118667006493,0.9997460842132568,0.5052667856216431,0.148421511054039,0.014429675415158272,0.9998306035995483,0.5012363195419312,0.14970168471336365,0.04828071966767311,0.9996320009231567,0.5023146867752075,0.14906328916549683,0.048324551433324814,0.9994586110115051,0.5034307837486267,0.14827555418014526,0.0482967384159565,0.9995527267456055,0.5188798308372498,0.15359435975551605,-0.03871229663491249,0.9998842477798462,0.5155657529830933,0.15259218215942383,0.11383189260959625,0.9992022514343262,0.503093421459198,0.1862480193376541,0.017593268305063248,0.9997038245201111,0.5017848014831543,0.18673644959926605,0.06151610612869263,0.9991912245750427,0.5385637283325195,0.22458499670028687,-0.15958397090435028,0.999994695186615,0.5371171236038208,0.2428969442844391,0.21806493401527405,0.9986523985862732,0.5686665177345276,0.30052807927131653,-0.2610253691673279,0.9972897171974182,0.560383141040802,0.3519277572631836,0.2720218896865845,0.01223253645002842,0.5455833673477173,0.4121928811073303,-0.2888355851173401,0.9888899922370911,0.5452458262443542,0.43735140562057495,0.21578621864318848,0.02371802181005478,0.5439324975013733,0.4430660307407379,-0.3205435872077942,0.9791571497917175,0.5458441376686096,0.46693098545074463,0.2163034975528717,0.03602776303887367,0.538237452507019,0.44095271825790405,-0.3085618317127228,0.9761596918106079,0.5429872870445251,0.4664919078350067,0.18303243815898895,0.03828883171081543,0.5384294390678406,0.43334999680519104,-0.2817479372024536,0.9606324434280396,0.5423528552055359,0.45786985754966736,0.1984521895647049,0.04142319783568382,0.5586274862289429,0.4826792776584625,-0.11194173246622086,0.9996203780174255,0.5573883056640625,0.4843348264694214,0.11191917955875397,0.9987369775772095,0.5517582893371582,0.6654878258705139,-0.14703020453453064,0.9842204451560974,0.5687959790229797,0.6622992157936096,0.08888624608516693,0.7334003448486328,0.6195591688156128,0.842728316783905,-0.1335432231426239,0.989778459072113,0.6183372735977173,0.8410764932632446,0.103612020611763,0.873500406742096,0.6417833566665649,0.8649787306785583,-0.1348218470811844,0.9754428267478943,0.6391446590423584,0.8702297806739807,0.10010696947574615,0.8950154781341553,0.5868235230445862,0.9122573733329773,-0.19936566054821014,0.9864545464515686,0.5863246321678162,0.9004561305046082,0.04556781426072121,0.8992363810539246
222,0.4965950846672058,0.16950097680091858,0.039536524564027786,0.9996500015258789,0.5033012628555298,0.15010155737400055,0.02017320692539215,0.9996826648712158,0.5050290822982788,0.1494635045528412,0.020097054541110992,0.999732494354248,0.5067449808120728,0.14877553284168243,0.020071828737854958,0.999819815158844,0.5025385618209839,0.1501089632511139,0.05434878543019295,0.9995964169502258,0.5036867260932922,0.1493864357471466,0.0543830506503582,0.999414324760437,0.5048883557319641,0.14849957823753357,0.054366208612918854,0.9995068907737732,0.5205962657928467,0.15408195555210114,-0.03367585316300392,0.9998772144317627,0.5176326036453247,0.15338009595870972,0.11977596580982208,0.9990965127944946,0.5041173100471497,0.18580833077430725,0.022585490718483925,0.9996755123138428,0.5029621124267578,0.18621237576007843,0.06683274358510971,0.9990936517715454,0.5389565229415894,0.22489219903945923,-0.15702715516090393,0.9999948740005493,0.5401976108551025,0.24591802060604095,0.22586730122566223,0.9984816312789917,0.569238543510437,0.30056795477867126,-0.257915198802948,0.997490406036377,0.5599308013916016,0.343093603849411,0.2751203179359436,0.012321592308580875,0.5459096431732178,0.414110004901886,-0.28332191705703735,0.9897618889808655,0.5470995903015137,0.433167427778244,0.2182210385799408,0.02414725348353386,0.5446872115135193,0.44483503699302673,-0.31642916798591614,0.9806602597236633,0.547362208366394,0.46276816725730896,0.2190639078617096,0.036795612424612045,0.5389986634254456,0.4435514807701111,-0.30450236797332764,0.9778800010681152,0.5430583953857422,0.4616687297821045,0.18938171863555908,0.03907754272222519,0.5389001965522766,0.43568387627601624,-0.2764854431152344,0.9632607102394104,0.5442801713943481,0.453815758228302,0.20294705033302307,0.04204434156417847,0.5572956800460815,0.4826245903968811,-0.11461026966571808,0.999597430229187,0.557120144367218,0.4837714731693268,0.11452839523553848,0.9985179305076599,0.5633109211921692,0.6678081154823303,-0.14475981891155243,0.9824290871620178,0.5664528608322144,0.6633605360984802,0.0887262299656868,0.7062203884124756,0.6276397705078125,0.8507641553878784,-0.13969065248966217,0.9882994294166565,0.6183521151542664,0.8361744284629822,0.09804968535900116,0.8422226905822754,0.6502563953399658,0.8687487840652466,-0.14265716075897217,0.9737172722816467,0.640253484249115,0.870155394077301,0.0947875902056694,0.8737744092941284,0.5886468291282654,0.9157857298851013,-0.22298522293567657,0.9854338765144348,0.5865260362625122,0.8992664813995361,0.04356374219059944,0.8821833729743958
223,0.4973583221435547,0.1715000569820404,0.03754952549934387,0.999630868434906,0.5038177371025085,0.1527450829744339,0.018148085102438927,0.9996713399887085,0.5055876970291138,0.1520884782075882,0.018091222271323204,0.9997266530990601,0.5074688196182251,0.15124106407165527,0.018064312636852264,0.9998139142990112,0.5028524398803711,0.1526772528886795,0.052128635346889496,0.999567449092865,0.5039228200912476,0.15195149183273315,0.052161771804094315,0.999387264251709,0.5051232576370239,0.1509714424610138,0.05214177444577217,0.9994760751724243,0.5215152502059937,0.15601558983325958,-0.034670766443014145,0.9998701214790344,0.518301248550415,0.1556515097618103,0.11767929792404175,0.9990131258964539,0.5050469636917114,0.1874704509973526,0.02097582072019577,0.9996542930603027,0.5037489533424377,0.1877807229757309,0.06508754938840866,0.9990149736404419,0.538925290107727,0.22513112425804138,-0.1581912338733673,0.9999951720237732,0.541317880153656,0.24826106429100037,0.22427205741405487,0.9983412027359009,0.5690869688987732,0.3015119135379791,-0.25785359740257263,0.9976117610931396,0.55982506275177,0.3453608751296997,0.2711501717567444,0.012854211963713169,0.5463951230049133,0.4135889708995819,-0.2836872935295105,0.9903594851493835,0.5492361783981323,0.43500256538391113,0.21589192748069763,0.024788061156868935,0.5457519888877869,0.44381335377693176,-0.31644341349601746,0.9816902279853821,0.5501137971878052,0.466352254152298,0.21696870028972626,0.03802131116390228,0.5400453209877014,0.4430481791496277,-0.3042849004268646,0.9790586233139038,0.5463057160377502,0.4657985270023346,0.18658892810344696,0.040414754301309586,0.53974449634552,0.4353199303150177,-0.2767021059989929,0.9649719595909119,0.5462455153465271,0.4555233418941498,0.19983413815498352,0.04302307218313217,0.5569544434547424,0.48727166652679443,-0.11825329065322876,0.9995877146720886,0.5586651563644409,0.489150732755661,0.11811596155166626,0.9980778694152832,0.5706722140312195,0.6764345169067383,-0.1426403969526291,0.9804170727729797,0.572202205657959,0.6690312027931213,0.12005027383565903,0.6883414387702942,0.6317068934440613,0.8611598610877991,-0.14476579427719116,0.9878413677215576,0.621103823184967,0.8303568363189697,0.13929061591625214,0.8157963752746582,0.652459979057312,0.8866271376609802,-0.14972326159477234,0.9728758335113525,0.6450844407081604,0.8354681134223938,0.13824200630187988,0.8574283719062805,0.5860500335693359,0.9167099595069885,-0.23780500888824463,0.985119640827179,0.5924632549285889,0.8863410353660583,0.10001952946186066,0.8699724674224854
224,0.49813312292099,0.17208155989646912,0.03825206309556961,0.9996268153190613,0.5048413872718811,0.1536588817834854,0.01859539933502674,0.999660849571228,0.506646990776062,0.15312936902046204,0.018531523644924164,0.9997221827507019,0.5085471868515015,0.15244823694229126,0.0185068491846323,0.9998080730438232,0.5038671493530273,0.15347319841384888,0.052480150014162064,0.9995500445365906,0.5049504041671753,0.15277376770973206,0.05251825600862503,0.999372124671936,0.50614994764328,0.15184180438518524,0.05249816179275513,0.9994519352912903,0.5223214626312256,0.15804871916770935,-0.03438853845000267,0.9998677372932434,0.5189036130905151,0.15726420283317566,0.11737595498561859,0.9989612102508545,0.5056671500205994,0.18844078481197357,0.021928394213318825,0.9996426105499268,0.5042762160301208,0.18860329687595367,0.06573913991451263,0.9989719390869141,0.5393484234809875,0.2272527515888214,-0.15810759365558624,0.9999954104423523,0.5407170057296753,0.2489209771156311,0.22530770301818848,0.998246967792511,0.5694738626480103,0.30544739961624146,-0.256883442401886,0.9977596402168274,0.5629115104675293,0.35113221406936646,0.27054673433303833,0.013358663767576218,0.5470277667045593,0.4170876443386078,-0.2811583876609802,0.9910357594490051,0.5485652685165405,0.43707704544067383,0.2170214205980301,0.0254567451775074,0.5465196371078491,0.44680583477020264,-0.31263214349746704,0.9828770160675049,0.5500891804695129,0.46852362155914307,0.2182539403438568,0.03898420184850693,0.5404382944107056,0.4463234841823578,-0.30001676082611084,0.9804204702377319,0.5464902520179749,0.46816274523735046,0.1878030151128769,0.04146522656083107,0.5399883985519409,0.4384840130805969,-0.2731674611568451,0.9670544862747192,0.5459140539169312,0.45766910910606384,0.20079627633094788,0.04395482689142227,0.5596343278884888,0.4894854724407196,-0.11923949420452118,0.9995647072792053,0.5571600198745728,0.49302223324775696,0.11910857260227203,0.9978168606758118,0.5793665051460266,0.6862911581993103,-0.14194276928901672,0.9799397587776184,0.5695953369140625,0.6702026128768921,0.11366983503103256,0.674056887626648,0.6334068775177002,0.8697319030761719,-0.14585183560848236,0.9873886108398438,0.622350811958313,0.8343666195869446,0.11930886656045914,0.7966573238372803,0.6511868238449097,0.8982543349266052,-0.15065152943134308,0.9715502262115479,0.643548846244812,0.8675079941749573,0.11597609519958496,0.8438591361045837,0.5862178206443787,0.917479932308197,-0.2384757250547409,0.984844446182251,0.5904511213302612,0.8875840902328491,0.07217899709939957,0.8608365058898926
225,0.49836331605911255,0.17386718094348907,0.026531776413321495,0.9996144771575928,0.5050145983695984,0.1552911400794983,0.007444519549608231,0.9996326565742493,0.506860613822937,0.15470688045024872,0.007367074489593506,0.999704897403717,0.5087836384773254,0.15396177768707275,0.007345652673393488,0.9997934103012085,0.5039474368095398,0.15523043274879456,0.040599413216114044,0.9995114207267761,0.5050327181816101,0.15457628667354584,0.040640946477651596,0.9993227124214172,0.506239652633667,0.15367935597896576,0.04061230644583702,0.9993957281112671,0.5224789381027222,0.15915071964263916,-0.04293392226099968,0.999861478805542,0.5189002752304077,0.1586049646139145,0.10618974268436432,0.9988534450531006,0.5059444308280945,0.18996870517730713,0.01114638801664114,0.9996235966682434,0.5045626759529114,0.1902829110622406,0.05413108319044113,0.9988934397697449,0.5396589040756226,0.22802895307540894,-0.16145092248916626,0.9999955296516418,0.5401166677474976,0.2497783601284027,0.21058475971221924,0.9981335997581482,0.5690003037452698,0.3082478940486908,-0.25578823685646057,0.9979166984558105,0.563117504119873,0.35425132513046265,0.25223225355148315,0.013677378185093403,0.547675371170044,0.4198647737503052,-0.2789321839809418,0.9917439818382263,0.5488297343254089,0.43917906284332275,0.1974145472049713,0.026579027995467186,0.5468858480453491,0.44927576184272766,-0.31057414412498474,0.9841237664222717,0.5502958297729492,0.4692128896713257,0.19477489590644836,0.040336981415748596,0.5408973097801208,0.4485492408275604,-0.29793065786361694,0.9818429946899414,0.5471495985984802,0.4686097800731659,0.16461868584156036,0.04291689395904541,0.5405402779579163,0.44082722067832947,-0.2721341848373413,0.9692828059196472,0.5465259552001953,0.45920610427856445,0.18061229586601257,0.04533970728516579,0.5624717473983765,0.489541620016098,-0.11445067077875137,0.9995204210281372,0.5546472072601318,0.49562281370162964,0.11433879286050797,0.9977047443389893,0.5843629240989685,0.684553861618042,-0.13877499103546143,0.9804357290267944,0.5582665801048279,0.6746391654014587,0.0692128986120224,0.6845004558563232,0.6282992959022522,0.8668325543403625,-0.13484711945056915,0.9873415231704712,0.6210078001022339,0.8414760828018188,0.08734019845724106,0.7996419668197632,0.6447917222976685,0.8938941955566406,-0.1398303210735321,0.9693185687065125,0.6420414447784424,0.8748852014541626,0.08375909924507141,0.84274822473526,0.5875779390335083,0.9170507788658142,-0.22755679488182068,0.9849134087562561,0.5893518328666687,0.896492063999176,0.026825865730643272,0.8633676171302795
226,0.49759069085121155,0.17509473860263824,0.011919342912733555,0.9996387958526611,0.504289984703064,0.15657027065753937,-0.006419762037694454,0.9996480345726013,0.5062950849533081,0.1559487134218216,-0.006496736314147711,0.9997190833091736,0.508338451385498,0.1551702618598938,-0.006517388857901096,0.9998029470443726,0.5030430555343628,0.15664875507354736,0.026138555258512497,0.9995310306549072,0.504128634929657,0.1560617983341217,0.026189904659986496,0.9993536472320557,0.5053539872169495,0.15524618327617645,0.02617942914366722,0.9994202256202698,0.5220610499382019,0.1605641096830368,-0.05270940810441971,0.9998692274093628,0.5180521607398987,0.16020148992538452,0.09416145086288452,0.9989140033721924,0.5057204961776733,0.1912059187889099,-0.0024625833611935377,0.9996479153633118,0.5042228102684021,0.19157946109771729,0.03987126797437668,0.9989564418792725,0.5399357676506042,0.22932995855808258,-0.16554762423038483,0.9999958872795105,0.5379916429519653,0.25154611468315125,0.19986550509929657,0.9982191324234009,0.5691536664962769,0.31087732315063477,-0.2555362284183502,0.9980713725090027,0.561139702796936,0.3559602200984955,0.23687568306922913,0.014808770269155502,0.5486572980880737,0.4211081266403198,-0.2638818025588989,0.9923868179321289,0.5477522611618042,0.4395183026790619,0.17029693722724915,0.0295012965798378,0.5475311279296875,0.450178861618042,-0.29449519515037537,0.9852390289306641,0.5479447245597839,0.47326576709747314,0.16359245777130127,0.04370734095573425,0.5415540337562561,0.4515589773654938,-0.28859785199165344,0.9831075072288513,0.5452620387077332,0.473998099565506,0.13495992124080658,0.04631844162940979,0.5412945747375488,0.4429711699485779,-0.2592819631099701,0.9712580442428589,0.5453305840492249,0.4655582308769226,0.15363699197769165,0.04865045100450516,0.5634669065475464,0.49186134338378906,-0.11190402507781982,0.9995490908622742,0.5531591773033142,0.4970281422138214,0.11181606352329254,0.9978556036949158,0.5846174955368042,0.6840119957923889,-0.1525277942419052,0.9818341732025146,0.532069742679596,0.6721383333206177,0.029506048187613487,0.7077518701553345,0.6341833472251892,0.8681305646896362,-0.15755325555801392,0.9881988167762756,0.6045533418655396,0.8291153907775879,0.05703164264559746,0.8104447722434998,0.6525689363479614,0.8967724442481995,-0.16344669461250305,0.9688035249710083,0.6249642968177795,0.8595762252807617,0.05461684986948967,0.846979022026062,0.5875823497772217,0.9175370335578918,-0.2654246389865875,0.9858759641647339,0.5746177434921265,0.8959296941757202,0.003911224193871021,0.8711956739425659
227,0.49660927057266235,0.17585955560207367,-0.00532789621502161,0.9996593594551086,0.5032457709312439,0.157676562666893,-0.02526060864329338,0.9996576905250549,0.5052333474159241,0.15710172057151794,-0.02534056082367897,0.9997291564941406,0.5072985887527466,0.15634721517562866,-0.02536321058869362,0.9998091459274292,0.5021042227745056,0.1576033979654312,0.008242357522249222,0.9995477795600891,0.5032238364219666,0.1569584161043167,0.00829437468200922,0.9993813037872314,0.5045150518417358,0.15608930587768555,0.008263425901532173,0.9994391202926636,0.5211197137832642,0.16182996332645416,-0.07309015095233917,0.9998738765716553,0.5172784924507141,0.1612216681241989,0.07785351574420929,0.9989667534828186,0.5048922896385193,0.1923292577266693,-0.02030187100172043,0.9996650218963623,0.5034431219100952,0.1924876570701599,0.023281695321202278,0.9989995956420898,0.5400151014328003,0.23124510049819946,-0.17929618060588837,0.9999961256980896,0.5368810892105103,0.25204601883888245,0.1863107830286026,0.9982691407203674,0.5684100985527039,0.31143924593925476,-0.2563078701496124,0.9981264472007751,0.5596438646316528,0.35697296261787415,0.22653034329414368,0.015607819892466068,0.5479009747505188,0.4257686734199524,-0.2565474808216095,0.9926314353942871,0.5463360548019409,0.44149741530418396,0.16451767086982727,0.03183354437351227,0.5464059114456177,0.4537307620048523,-0.28625383973121643,0.9855472445487976,0.5473806858062744,0.47460344433784485,0.1594754010438919,0.04623233899474144,0.540668785572052,0.45498043298721313,-0.2832241654396057,0.9834555387496948,0.5450239181518555,0.4744078814983368,0.13144055008888245,0.048803526908159256,0.5405461192131042,0.4460381269454956,-0.2529805600643158,0.971546471118927,0.5437622666358948,0.4658772051334381,0.14827948808670044,0.05084545910358429,0.563441276550293,0.4964250922203064,-0.11098704487085342,0.9995806217193604,0.5513579249382019,0.5015114545822144,0.11090930551290512,0.9980098605155945,0.58845055103302,0.6877254843711853,-0.16041794419288635,0.9834156036376953,0.5130813121795654,0.6630561947822571,0.03005455993115902,0.7334128618240356,0.6346112489700317,0.8717898726463318,-0.16862305998802185,0.9892312288284302,0.5784260034561157,0.8190548419952393,0.14646555483341217,0.8249054551124573,0.6524404287338257,0.9031044840812683,-0.1749388575553894,0.9702980518341064,0.5976529717445374,0.8411041498184204,0.1496565341949463,0.8548547625541687,0.5903456807136536,0.9220156073570251,-0.2802790701389313,0.9870483875274658,0.5448082685470581,0.8901662826538086,0.11413057148456573,0.8806819915771484
228,0.49580270051956177,0.17614473402500153,-0.004990418907254934,0.9996839165687561,0.5024519562721252,0.15813055634498596,-0.02529040537774563,0.9996768236160278,0.5044201016426086,0.15759322047233582,-0.025372251868247986,0.9997453689575195,0.5064734816551208,0.15686596930027008,-0.02539888583123684,0.9998205900192261,0.5013976693153381,0.1579432636499405,0.008881052024662495,0.9995759129524231,0.5025549530982971,0.15725146234035492,0.008934566751122475,0.9994217157363892,0.5038931369781494,0.15633313357830048,0.00890672393143177,0.9994726777076721,0.5203449130058289,0.16263607144355774,-0.0753062516450882,0.9998814463615417,0.5167948603630066,0.16183915734291077,0.07818284630775452,0.9990330934524536,0.5039662718772888,0.19284693896770477,-0.02104724757373333,0.9996864199638367,0.5025416016578674,0.19293218851089478,0.02331441454589367,0.9990564584732056,0.5399393439292908,0.23257014155387878,-0.1860586702823639,0.9999963641166687,0.5361714959144592,0.25298798084259033,0.18847347795963287,0.9982858300209045,0.5680394768714905,0.31237930059432983,-0.2623099088668823,0.9982454776763916,0.5591288208961487,0.3601255714893341,0.2303495705127716,0.015944145619869232,0.5474164485931396,0.4301083981990814,-0.25806158781051636,0.9931257963180542,0.5459003448486328,0.4466415345668793,0.1686449646949768,0.033446069806814194,0.5458059906959534,0.458903044462204,-0.2884953022003174,0.9863528609275818,0.5457394123077393,0.4763104021549225,0.16443446278572083,0.047725610435009,0.5404326915740967,0.4592139720916748,-0.28501051664352417,0.9843716621398926,0.5422274470329285,0.4756176471710205,0.13594523072242737,0.05021331459283829,0.5403647422790527,0.4502488076686859,-0.2532805800437927,0.9728311896324158,0.5436924695968628,0.46888023614883423,0.15228042006492615,0.05210651829838753,0.5613886117935181,0.49654820561408997,-0.11101625859737396,0.9996126890182495,0.5481660962104797,0.500764787197113,0.11094795167446136,0.9981683492660522,0.5831667184829712,0.6876554489135742,-0.1733519285917282,0.9848600029945374,0.49619731307029724,0.6563554406166077,0.04487794265151024,0.7566619515419006,0.6352109313011169,0.876042366027832,-0.18742230534553528,0.9901828169822693,0.5522500872612,0.8192927241325378,0.12098851054906845,0.8388235569000244,0.6535580158233643,0.9047409296035767,-0.19364102184772491,0.9720222353935242,0.5671221017837524,0.8445532321929932,0.1220831423997879,0.8634822964668274,0.5950484275817871,0.9230028986930847,-0.29680827260017395,0.9881404042243958,0.5137912034988403,0.8865049481391907,0.08376346528530121,0.8892664909362793
229,0.4946402907371521,0.17635229229927063,-0.01075779926031828,0.9997058510780334,0.5017818212509155,0.15835008025169373,-0.03163573518395424,0.9996956586837769,0.5038207769393921,0.15785878896713257,-0.031707048416137695,0.9997602701187134,0.5059725046157837,0.15718519687652588,-0.03172437846660614,0.9998310208320618,0.5007300972938538,0.15803851187229156,0.003497268306091428,0.9996032118797302,0.5019657015800476,0.15730765461921692,0.003545621410012245,0.9994606375694275,0.5033327341079712,0.15635010600090027,0.0035342485643923283,0.9995064735412598,0.5200713276863098,0.16301855444908142,-0.08352520316839218,0.9998885989189148,0.5167180299758911,0.16217085719108582,0.07469059526920319,0.9990949630737305,0.5030634999275208,0.1933617889881134,-0.027491092681884766,0.9997054934501648,0.5016102194786072,0.19352954626083374,0.01822584494948387,0.9991138577461243,0.5395573377609253,0.23462843894958496,-0.19700740277767181,0.9999964237213135,0.5357670187950134,0.25395119190216064,0.18961726129055023,0.9983214139938354,0.5648489594459534,0.3169167637825012,-0.27089187502861023,0.9983521699905396,0.5587521195411682,0.36404740810394287,0.23322434723377228,0.016608411446213722,0.5420740842819214,0.4324050545692444,-0.2578599750995636,0.9935149550437927,0.5453078746795654,0.45075398683547974,0.16934771835803986,0.03545885905623436,0.5398250818252563,0.460604190826416,-0.2889285683631897,0.9869422912597656,0.545357346534729,0.479114830493927,0.1657739132642746,0.0496978722512722,0.5349568724632263,0.46118050813674927,-0.2831854224205017,0.9850491285324097,0.5417619943618774,0.4774288237094879,0.13490362465381622,0.0521758608520031,0.5355138182640076,0.45276594161987305,-0.2526019215583801,0.9737293124198914,0.5429620146751404,0.4713219106197357,0.15226349234580994,0.054007433354854584,0.558745265007019,0.49880993366241455,-0.11389350891113281,0.9996355772018433,0.5432284474372864,0.5028204321861267,0.11383236944675446,0.9982959032058716,0.5754544138908386,0.6901909112930298,-0.16789668798446655,0.9861802458763123,0.488384872674942,0.6530712842941284,0.0499940887093544,0.7770787477493286,0.6336261034011841,0.875581681728363,-0.17205163836479187,0.9910327792167664,0.5198279619216919,0.8224236965179443,0.10745451599359512,0.8517909646034241,0.6527830362319946,0.9035161137580872,-0.17713822424411774,0.973608136177063,0.5362091064453125,0.8618307113647461,0.10927478969097137,0.8722327947616577,0.594149112701416,0.925826370716095,-0.2690771222114563,0.9890822172164917,0.4791509211063385,0.8852342963218689,0.07088875770568848,0.8972920775413513
230,0.4923856854438782,0.17671643197536469,-0.027575617656111717,0.9997237324714661,0.4992929995059967,0.15869054198265076,-0.049288924783468246,0.9997138977050781,0.5014106631278992,0.15811677277088165,-0.04935639351606369,0.9997739791870117,0.5036503076553345,0.15736085176467896,-0.04937025159597397,0.9998404383659363,0.4986228942871094,0.1584651917219162,-0.01364753395318985,0.9996289610862732,0.5001199245452881,0.15773756802082062,-0.013609913177788258,0.9994969964027405,0.5017411708831787,0.15678896009922028,-0.0136193186044693,0.9995375275611877,0.518811821937561,0.16330569982528687,-0.10375641286373138,0.9998948574066162,0.5162495374679565,0.16257762908935547,0.05634719133377075,0.9991494417190552,0.5007938146591187,0.1934608817100525,-0.04517944157123566,0.9997208118438721,0.49958282709121704,0.19387602806091309,0.0011537984246388078,0.9991621971130371,0.5346149206161499,0.23484335839748383,-0.21734288334846497,0.9999964237213135,0.536577045917511,0.25567352771759033,0.17802077531814575,0.9983301758766174,0.5573467016220093,0.3199564814567566,-0.2761799097061157,0.9984264969825745,0.5584104657173157,0.35885199904441833,0.22640249133110046,0.01721338927745819,0.5336424112319946,0.4360675811767578,-0.23797571659088135,0.9936453104019165,0.5453523993492126,0.44944703578948975,0.16959421336650848,0.035903897136449814,0.5310015678405762,0.464443176984787,-0.2680765986442566,0.9869041442871094,0.5446323156356812,0.4781130850315094,0.16991955041885376,0.04977700859308243,0.5271265506744385,0.4650823473930359,-0.25795963406562805,0.9850662350654602,0.5416336059570312,0.4770495891571045,0.13767704367637634,0.05222644284367561,0.5280417799949646,0.4569030702114105,-0.2308373749256134,0.9733433723449707,0.5423904657363892,0.4702698290348053,0.15236727893352509,0.05391031131148338,0.551432728767395,0.5029078722000122,-0.1195075735449791,0.9996588826179504,0.5388553142547607,0.5061902403831482,0.11942167580127716,0.9984028339385986,0.5718592405319214,0.6935930848121643,-0.15770286321640015,0.9873489737510681,0.4785127639770508,0.6533520221710205,0.10880760103464127,0.7940605282783508,0.6306987404823303,0.8745790123939514,-0.12980638444423676,0.9918198585510254,0.48661723732948303,0.8359130620956421,0.17938901484012604,0.863565981388092,0.6512845158576965,0.9010176062583923,-0.13100971281528473,0.9755150675773621,0.4963802397251129,0.8782042860984802,0.18210247159004211,0.8799751996994019,0.594245195388794,0.9265490174293518,-0.21442624926567078,0.989962637424469,0.4393429756164551,0.8746084570884705,0.14669997990131378,0.904133141040802
231,0.48888230323791504,0.17712542414665222,-0.02004939690232277,0.9997166395187378,0.4950098991394043,0.15894998610019684,-0.04260700196027756,0.9997072219848633,0.4969352185726166,0.15833553671836853,-0.04267243295907974,0.9997673630714417,0.4991060197353363,0.1575251966714859,-0.04267813637852669,0.9998353123664856,0.49469494819641113,0.15868134796619415,-0.005929163657128811,0.9996193647384644,0.4962388873100281,0.15791146457195282,-0.0058901747688651085,0.9994871616363525,0.49801135063171387,0.1569417417049408,-0.0059094601310789585,0.9995236992835999,0.5145491361618042,0.1634422093629837,-0.10130950063467026,0.9998916983604431,0.5133029222488403,0.16284289956092834,0.0644843652844429,0.9990912079811096,0.49682527780532837,0.19381724298000336,-0.03871651738882065,0.9997132420539856,0.4956115186214447,0.19452355802059174,0.009084086865186691,0.999146580696106,0.5288061499595642,0.23525269329547882,-0.21956618130207062,0.9999964833259583,0.5364618301391602,0.2561757266521454,0.18443025648593903,0.9983206391334534,0.5476539731025696,0.32570886611938477,-0.28660398721694946,0.9984674453735352,0.5580486059188843,0.3576953411102295,0.23985803127288818,0.017088888213038445,0.5268980264663696,0.4404793679714203,-0.2458491325378418,0.9935984015464783,0.5440768003463745,0.4492165148258209,0.18883630633354187,0.03498072922229767,0.5252162218093872,0.4679500460624695,-0.27647462487220764,0.9865580201148987,0.5423521995544434,0.47794291377067566,0.19709520041942596,0.04846058413386345,0.5217201113700867,0.46814456582069397,-0.2657656967639923,0.9847214221954346,0.5364053249359131,0.4766480326652527,0.16197559237480164,0.05084332451224327,0.5223450660705566,0.45990434288978577,-0.23900361359119415,0.9721659421920776,0.5385951995849609,0.46911633014678955,0.17098142206668854,0.052401039749383926,0.5420114398002625,0.5103006958961487,-0.124566949903965,0.9996786713600159,0.5304884314537048,0.5117732882499695,0.12441802024841309,0.9984921216964722,0.5591620802879333,0.7028429508209229,-0.14064143598079681,0.988457441329956,0.47138530015945435,0.6563272476196289,0.12814685702323914,0.8096843361854553,0.6302160024642944,0.8731053471565247,-0.1107075959444046,0.9925700426101685,0.45692315697669983,0.8462763428688049,0.17971237003803253,0.8751011490821838,0.6521158218383789,0.8926373720169067,-0.11122804880142212,0.977328360080719,0.4633130133152008,0.8873467445373535,0.1807253658771515,0.8870176076889038,0.594668984413147,0.9279937148094177,-0.1945313662290573,0.9908264875411987,0.4067167341709137,0.8628174066543579,0.13682115077972412,0.9114420413970947
232,0.48392772674560547,0.18138116598129272,-0.012959584593772888,0.9996902942657471,0.4900856018066406,0.16352586448192596,-0.035967640578746796,0.9996864795684814,0.49187391996383667,0.16329139471054077,-0.03602682054042816,0.9997467398643494,0.4938231110572815,0.16292689740657806,-0.03602010756731033,0.999819278717041,0.48981374502182007,0.1631750464439392,0.0009829665068536997,0.9995896816253662,0.49125853180885315,0.16269680857658386,0.0010175795760005713,0.999454915523529,0.4928804337978363,0.16201277077198029,0.0009931959211826324,0.9994925856590271,0.5090391039848328,0.16994298994541168,-0.09775494784116745,0.9998774528503418,0.5078256130218506,0.1681661754846573,0.07093372941017151,0.9989768862724304,0.49093085527420044,0.19845208525657654,-0.032002583146095276,0.9996913075447083,0.48989787697792053,0.19854159653186798,0.016043592244386673,0.9991138577461243,0.5246332287788391,0.24525563418865204,-0.21645450592041016,0.9999962449073792,0.5345547199249268,0.26106712222099304,0.19154761731624603,0.9983569979667664,0.5376567244529724,0.3338716924190521,-0.30626577138900757,0.9983648061752319,0.5543153285980225,0.3581084907054901,0.2634701132774353,0.017246609553694725,0.5194843411445618,0.4431750774383545,-0.29479822516441345,0.9931809902191162,0.537990927696228,0.4496743381023407,0.2314881831407547,0.034966375678777695,0.5185660719871521,0.46997442841529846,-0.32642024755477905,0.9857527613639832,0.5365175604820251,0.4788031280040741,0.24270424246788025,0.04847929999232292,0.5164127349853516,0.46949058771133423,-0.3109220564365387,0.9838861227035522,0.5314851403236389,0.4772990345954895,0.20873740315437317,0.05088376626372337,0.5168679356575012,0.46120455861091614,-0.28614136576652527,0.9699957370758057,0.5319095849990845,0.4692211151123047,0.21524879336357117,0.052184395492076874,0.5348249673843384,0.5206387639045715,-0.1254827082157135,0.9996932744979858,0.5199707746505737,0.5195237994194031,0.12530118227005005,0.9985736012458801,0.5435723066329956,0.7141717672348022,-0.12240395694971085,0.9893898963928223,0.46526893973350525,0.6576156616210938,0.13874171674251556,0.8236709833145142,0.6271489858627319,0.8658142685890198,-0.08725645393133163,0.9932171702384949,0.42965641617774963,0.8474432826042175,0.18047812581062317,0.8855165243148804,0.6503893733024597,0.8766956925392151,-0.08658609539270401,0.9787431359291077,0.43319171667099,0.8881049156188965,0.18098215758800507,0.8926142454147339,0.5942307710647583,0.9311256408691406,-0.16591772437095642,0.9915639162063599,0.3790021538734436,0.8458324670791626,0.13286834955215454,0.918146550655365
233,0.4779297709465027,0.19105036556720734,-0.010649340227246284,0.9996752738952637,0.4836006164550781,0.17312505841255188,-0.03418374061584473,0.9996784925460815,0.48532453179359436,0.17278361320495605,-0.03423835709691048,0.9997350573539734,0.4872734546661377,0.17230817675590515,-0.034227192401885986,0.9998101592063904,0.48326897621154785,0.1726604700088501,0.0035464446991682053,0.9995774030685425,0.484591543674469,0.17202594876289368,0.003576525952666998,0.9994437098503113,0.48619842529296875,0.1711844503879547,0.003550807712599635,0.9994832873344421,0.5019444227218628,0.17866341769695282,-0.0987740233540535,0.9998683929443359,0.5008164048194885,0.17686164379119873,0.07360498607158661,0.9989203214645386,0.48437684774398804,0.20765353739261627,-0.031006738543510437,0.9996827244758606,0.4833446145057678,0.20698687434196472,0.018319331109523773,0.9991137981414795,0.5173667073249817,0.2553008496761322,-0.21860070526599884,0.9999961256980896,0.5302493572235107,0.2678644061088562,0.19606512784957886,0.9984230995178223,0.5283383727073669,0.3474132716655731,-0.3029167354106903,0.9982608556747437,0.5487331748008728,0.36414846777915955,0.2701292634010315,0.01721327193081379,0.5110985040664673,0.45426511764526367,-0.2854894697666168,0.9926499724388123,0.5302349925041199,0.4523446261882782,0.24157485365867615,0.0347793810069561,0.5093767642974854,0.4780355989933014,-0.3169735074043274,0.9846774339675903,0.5280519723892212,0.4793206453323364,0.2535589337348938,0.048324063420295715,0.5076340436935425,0.47684064507484436,-0.3020753860473633,0.982765257358551,0.5224241614341736,0.47734421491622925,0.2195163518190384,0.05072096735239029,0.5083191394805908,0.46935632824897766,-0.27684256434440613,0.967282772064209,0.5227453112602234,0.47053447365760803,0.22550657391548157,0.05185161903500557,0.523086667060852,0.5276291966438293,-0.12674586474895477,0.9997096657752991,0.5120517611503601,0.5261496305465698,0.1265348494052887,0.9986612796783447,0.5284144282341003,0.7244862914085388,-0.12095322459936142,0.9901575446128845,0.45559796690940857,0.6633970737457275,0.15512438118457794,0.8326700925827026,0.6268641352653503,0.8611623048782349,-0.081939697265625,0.9937605261802673,0.40716075897216797,0.8476102948188782,0.20054741203784943,0.8936352729797363,0.6467775106430054,0.8641608953475952,-0.0802750363945961,0.9798781275749207,0.40979743003845215,0.8895365595817566,0.2017131745815277,0.8960008025169373,0.591384768486023,0.934091329574585,-0.15385591983795166,0.9921437501907349,0.35851114988327026,0.8390334844589233,0.15527638792991638,0.9228249192237854
234,0.4714636206626892,0.20802044868469238,0.017346182838082314,0.9996889233589172,0.47663015127182007,0.18984362483024597,-0.0072397394105792046,0.9996941685676575,0.47805672883987427,0.18965227901935577,-0.007261920720338821,0.999744713306427,0.4796832501888275,0.1894492655992508,-0.007210994604974985,0.9998167157173157,0.4767112731933594,0.18873117864131927,0.03158702701330185,0.9995993375778198,0.478049099445343,0.18780727684497833,0.031586289405822754,0.9994714260101318,0.47965288162231445,0.1868836134672165,0.03155504912137985,0.9995114207267761,0.4943522810935974,0.19564567506313324,-0.08141233772039413,0.9998704791069031,0.49426907300949097,0.19289268553256989,0.09659182280302048,0.9989688992500305,0.47752681374549866,0.22550858557224274,-0.006938344333320856,0.9996904134750366,0.4770044684410095,0.2242068201303482,0.04383159428834915,0.999155580997467,0.5095776319503784,0.27449190616607666,-0.2145020216703415,0.9999960064888,0.5233539342880249,0.28224319219589233,0.21390119194984436,0.9985263347625732,0.5214557647705078,0.36297154426574707,-0.31212887167930603,0.9980809092521667,0.5449195504188538,0.37992700934410095,0.3245488703250885,0.017139600589871407,0.5054577589035034,0.462799996137619,-0.3233503997325897,0.9923469424247742,0.5272331833839417,0.46464037895202637,0.378357857465744,0.03464622423052788,0.5040393471717834,0.48651885986328125,-0.3546994924545288,0.9842898845672607,0.5224659442901611,0.47940593957901,0.4045502543449402,0.04851888120174408,0.5014566779136658,0.4849774241447449,-0.3352045714855194,0.9823539853096008,0.5173037648200989,0.47908422350883484,0.3733949661254883,0.05091015622019768,0.501774787902832,0.4771793484687805,-0.3137208819389343,0.9658518433570862,0.5174260139465332,0.47397661209106445,0.3660742938518524,0.05210728943347931,0.512201189994812,0.5419995784759521,-0.12784606218338013,0.9997299313545227,0.5047485828399658,0.5388041138648987,0.12761563062667847,0.9987755417823792,0.5116868019104004,0.7365587949752808,-0.13326546549797058,0.9908164143562317,0.44102391600608826,0.6644574999809265,0.1302473396062851,0.8396015167236328,0.6152535676956177,0.852762758731842,-0.09598959237337112,0.9942144751548767,0.39368635416030884,0.8493605852127075,0.16956576704978943,0.9012424945831299,0.6440110206604004,0.8479864597320557,-0.10219059139490128,0.9812023043632507,0.3966166377067566,0.892116129398346,0.16852326691150665,0.9002962112426758,0.5929349064826965,0.9348406195640564,-0.16527356207370758,0.9926717281341553,0.3447759449481964,0.8421403765678406,0.1158159002661705,0.9271603226661682
235,0.4672508239746094,0.23135145008563995,0.012596966698765755,0.9996994733810425,0.4719998836517334,0.2125457525253296,-0.010682239197194576,0.9997066855430603,0.4733103811740875,0.21250008046627045,-0.010730127803981304,0.999750018119812,0.47475704550743103,0.21240946650505066,-0.010715347714722157,0.9998204112052917,0.4718645215034485,0.21133632957935333,0.02677871845662594,0.9996157288551331,0.4729638993740082,0.2105468362569809,0.026789899915456772,0.9994893670082092,0.4742911756038666,0.20965982973575592,0.026762675493955612,0.9995315670967102,0.4885292053222656,0.21699808537960052,-0.08782888203859329,0.9998701214790344,0.48945194482803345,0.21476776897907257,0.09366893768310547,0.9989860653877258,0.47257500886917114,0.24946387112140656,-0.007471769116818905,0.9996957778930664,0.47201839089393616,0.2487819492816925,0.03995800018310547,0.9991858005523682,0.5026222467422485,0.2927444577217102,-0.21419736742973328,0.9999958276748657,0.517870306968689,0.3065986931324005,0.21082940697669983,0.9986258149147034,0.5130878686904907,0.37768203020095825,-0.3224436342716217,0.997912585735321,0.5400781631469727,0.39881637692451477,0.32264527678489685,0.017241496592760086,0.4942135214805603,0.48449447751045227,-0.32489436864852905,0.9921478629112244,0.5170289874076843,0.4767630696296692,0.3778979480266571,0.0358070433139801,0.4900458753108978,0.5122380256652832,-0.35651668906211853,0.9840419888496399,0.5104354619979858,0.4926898181438446,0.4049801826477051,0.05061258748173714,0.4868606626987457,0.5101498365402222,-0.33634501695632935,0.9821192622184753,0.5028108358383179,0.49351078271865845,0.37131258845329285,0.05310177803039551,0.48811548948287964,0.5021483898162842,-0.31481003761291504,0.9647390842437744,0.5036381483078003,0.4888386130332947,0.36479395627975464,0.0544738732278347,0.5022720098495483,0.5655229091644287,-0.1305074691772461,0.9997521638870239,0.49484682083129883,0.559664785861969,0.1302860677242279,0.9988871812820435,0.5007134675979614,0.7593010663986206,-0.15309759974479675,0.9915220737457275,0.42302900552749634,0.6676757335662842,0.1519187092781067,0.845947265625,0.6063669919967651,0.8522583842277527,-0.1038682609796524,0.9946913123130798,0.38890209794044495,0.8539720177650452,0.2125093638896942,0.9085123538970947,0.6350532174110413,0.8459767699241638,-0.11015228927135468,0.9826560616493225,0.3950965106487274,0.8955541849136353,0.21525156497955322,0.9052045941352844,0.5920678377151489,0.9367768168449402,-0.15969862043857574,0.9932600855827332,0.3400416374206543,0.8443872928619385,0.17792847752571106,0.9315394163131714
236,0.45958709716796875,0.2451382726430893,0.007933802902698517,0.9997028708457947,0.4648776054382324,0.2285650074481964,-0.01698225364089012,0.9997082948684692,0.4660291075706482,0.22841453552246094,-0.01697656139731407,0.9997450113296509,0.4672625958919525,0.22815734148025513,-0.016907010227441788,0.9998148083686829,0.46517348289489746,0.22821632027626038,0.018234431743621826,0.999627411365509,0.46644100546836853,0.22777627408504486,0.018213532865047455,0.9995015859603882,0.46786388754844666,0.22710348665714264,0.018169211223721504,0.9995425343513489,0.4797750413417816,0.23448292911052704,-0.09257740527391434,0.9998611211776733,0.4817419946193695,0.2335866540670395,0.07268314063549042,0.9989792108535767,0.46474117040634155,0.262312114238739,-0.0158733781427145,0.9996830224990845,0.4648570418357849,0.26226821541786194,0.02998407743871212,0.9991788864135742,0.49210038781166077,0.30944955348968506,-0.20994949340820312,0.9999947547912598,0.5110885500907898,0.32772642374038696,0.18437246978282928,0.9987041354179382,0.5050544738769531,0.40551358461380005,-0.3155803084373474,0.9970396161079407,0.5350827574729919,0.4195629060268402,0.30843421816825867,0.018397783860564232,0.4828066825866699,0.5074985027313232,-0.3198999762535095,0.9910707473754883,0.5153358578681946,0.49336886405944824,0.39230260252952576,0.0397760234773159,0.4780798554420471,0.5321720838546753,-0.3493116497993469,0.9826024174690247,0.5049548149108887,0.5024275183677673,0.42132091522216797,0.05640381947159767,0.4760057032108307,0.5316352248191833,-0.3324839472770691,0.9805375933647156,0.4975314736366272,0.5032539963722229,0.391903817653656,0.058927152305841446,0.4773716330528259,0.5243828892707825,-0.31124645471572876,0.9613080620765686,0.49896126985549927,0.503075361251831,0.3819827437400818,0.06027832254767418,0.4918309152126312,0.5848509669303894,-0.13082070648670197,0.9997721910476685,0.4835229516029358,0.5773237943649292,0.13055630028247833,0.9989901781082153,0.48913154006004333,0.7861743569374084,-0.17604251205921173,0.992255449295044,0.4038005769252777,0.6682654023170471,0.1756511777639389,0.8512652516365051,0.5971077680587769,0.8505904078483582,-0.1256967931985855,0.995137095451355,0.384579598903656,0.8574336767196655,0.2595135271549225,0.9159021377563477,0.6244540214538574,0.8422225713729858,-0.11890833079814911,0.9840327501296997,0.39514583349227905,0.898608922958374,0.26445505023002625,0.9111118912696838,0.59103924036026,0.9357859492301941,-0.15922479331493378,0.9938052892684937,0.3361510634422302,0.8644657731056213,0.23496630787849426,0.9360715746879578
237,0.45029354095458984,0.26848652958869934,0.02630382403731346,0.9997037053108215,0.456289678812027,0.25134482979774475,0.0015129370149224997,0.9997027516365051,0.45732736587524414,0.2509850263595581,0.0015248276758939028,0.9997314214706421,0.4584971070289612,0.2505415976047516,0.0015892749652266502,0.9998037219047546,0.45685505867004395,0.2512572407722473,0.036423616111278534,0.9996345043182373,0.4582452178001404,0.2508013844490051,0.03640791028738022,0.9995056390762329,0.45984259247779846,0.25011396408081055,0.03635302186012268,0.9995489716529846,0.4700228273868561,0.2564983069896698,-0.07535527646541595,0.999847412109375,0.4732264578342438,0.25622043013572693,0.0855071097612381,0.9989749193191528,0.4556947350502014,0.28449422121047974,0.0009754756465554237,0.9996662139892578,0.45617085695266724,0.2849619388580322,0.04699333384633064,0.9991651773452759,0.48153263330459595,0.33360016345977783,-0.18964378535747528,0.9999933242797852,0.50169837474823,0.34696635603904724,0.18839463591575623,0.9987966418266296,0.4913148283958435,0.4329935610294342,-0.3014835715293884,0.9953208565711975,0.5266352295875549,0.4436189830303192,0.32254451513290405,0.019951511174440384,0.47171449661254883,0.5350481867790222,-0.3091694712638855,0.9889833927154541,0.5027374029159546,0.5164126753807068,0.4181599020957947,0.04444156959652901,0.4674889147281647,0.5561737418174744,-0.33154934644699097,0.9799115657806396,0.4970875680446625,0.5341622829437256,0.4484868049621582,0.06275954097509384,0.4664823114871979,0.5568428635597229,-0.3162856101989746,0.9775066375732422,0.49032503366470337,0.5338649153709412,0.4198020100593567,0.06531872600317001,0.46790075302124023,0.5518031716346741,-0.302837610244751,0.9554356932640076,0.49240636825561523,0.5280226469039917,0.4082069396972656,0.06716807186603546,0.48142117261886597,0.6080342531204224,-0.1298338770866394,0.9997895359992981,0.47466492652893066,0.6020746827125549,0.12958753108978271,0.9990851283073425,0.483234703540802,0.810737669467926,-0.19355207681655884,0.9928955435752869,0.3873029351234436,0.6689220070838928,0.16897526383399963,0.858320415019989,0.5942067503929138,0.8513840436935425,-0.14741751551628113,0.9954639077186584,0.38096800446510315,0.8605965375900269,0.25605908036231995,0.9222046732902527,0.6211269497871399,0.8421305418014526,-0.1387282758951187,0.9849230647087097,0.3925408720970154,0.9005496501922607,0.2616752088069916,0.9157044887542725,0.5912303924560547,0.935221791267395,-0.16965383291244507,0.994179904460907,0.333626925945282,0.8803897500038147,0.23508115112781525,0.9391840100288391
238,0.4414510726928711,0.285823792219162,0.03592207282781601,0.9997128248214722,0.4472420811653137,0.2699821889400482,0.011254411190748215,0.9997071027755737,0.44819504022598267,0.2697884142398834,0.011265992186963558,0.9997302293777466,0.44933900237083435,0.2695448696613312,0.011321392841637135,0.999800443649292,0.44793957471847534,0.2696017920970917,0.04528915882110596,0.9996492862701416,0.44934648275375366,0.2691473066806793,0.04527123272418976,0.9995235204696655,0.45102518796920776,0.26865294575691223,0.04520692676305771,0.9995647668838501,0.46084603667259216,0.27698343992233276,-0.06659828126430511,0.9998422861099243,0.46388596296310425,0.27632448077201843,0.0899164155125618,0.9990144968032837,0.44622284173965454,0.30407220125198364,0.009567642584443092,0.9996585249900818,0.44666439294815063,0.30429306626319885,0.054549433290958405,0.9991615414619446,0.4726594090461731,0.35786309838294983,-0.1764383614063263,0.9999913573265076,0.49393925070762634,0.3723655343055725,0.1879516988992691,0.9988787770271301,0.47992879152297974,0.454825758934021,-0.26316559314727783,0.9917007684707642,0.5213972330093384,0.4635069668292999,0.32261598110198975,0.022145221009850502,0.462972491979599,0.5574217438697815,-0.23356083035469055,0.9851919412612915,0.49877482652664185,0.5321616530418396,0.43936091661453247,0.04942707344889641,0.45931100845336914,0.5816189050674438,-0.25283488631248474,0.9749668836593628,0.4913395047187805,0.5535902380943298,0.4728105664253235,0.06931746006011963,0.4571053087711334,0.5827525854110718,-0.24242988228797913,0.9719443321228027,0.48686227202415466,0.554539680480957,0.44683361053466797,0.07178407907485962,0.45806246995925903,0.5772042870521545,-0.22728987038135529,0.94615638256073,0.48865002393722534,0.5471714735031128,0.43081212043762207,0.0745605006814003,0.4729937016963959,0.6307112574577332,-0.12747058272361755,0.9998044371604919,0.46144169569015503,0.6234260201454163,0.12720033526420593,0.9991714358329773,0.47612637281417847,0.8302541375160217,-0.1965312659740448,0.9934594035148621,0.375171035528183,0.6730106472969055,0.17859329283237457,0.8672623634338379,0.5915331840515137,0.8516163229942322,-0.1566198766231537,0.9957312345504761,0.37968429923057556,0.8622055649757385,0.2760930359363556,0.9281452894210815,0.617613673210144,0.8353837132453918,-0.14901064336299896,0.9858331680297852,0.3909035325050354,0.8999772667884827,0.2828364968299866,0.920657753944397,0.5955297946929932,0.935094952583313,-0.17438645660877228,0.9944887161254883,0.3297519385814667,0.8869110345840454,0.2663241922855377,0.9423386454582214
239,0.43157902359962463,0.3018378019332886,0.027242064476013184,0.9997202754020691,0.4381294846534729,0.286939799785614,0.0031687866430729628,0.9997134804725647,0.43917837738990784,0.28666257858276367,0.0031464758794754744,0.9997350573539734,0.4402775168418884,0.2863045036792755,0.0031781308352947235,0.9998006224632263,0.43894344568252563,0.28655561804771423,0.04150726646184921,0.9996631741523743,0.44042617082595825,0.28601446747779846,0.041537269949913025,0.9995422959327698,0.44204050302505493,0.28538236021995544,0.04152946174144745,0.9995779991149902,0.451171338558197,0.29518285393714905,-0.06694478541612625,0.9998409748077393,0.4538381099700928,0.29440754652023315,0.07633233815431595,0.9990577101707458,0.4364311099052429,0.3217773139476776,0.004312899895012379,0.9996573328971863,0.4368833601474762,0.32200193405151367,0.04976711422204971,0.9991521835327148,0.4648136496543884,0.3817671537399292,-0.1816178262233734,0.999989926815033,0.4847329556941986,0.38788601756095886,0.1789587289094925,0.9989234805107117,0.47119665145874023,0.4760930836200714,-0.284845232963562,0.9896106719970703,0.519534707069397,0.4602988064289093,0.34735921025276184,0.02290881611406803,0.45449167490005493,0.5768794417381287,-0.2719363570213318,0.9838881492614746,0.4985726773738861,0.52922123670578,0.5239859819412231,0.0531906895339489,0.451254665851593,0.6019917130470276,-0.27374154329299927,0.9732534289360046,0.4955778121948242,0.5287178158760071,0.56777024269104,0.07546079903841019,0.4478551745414734,0.6023476719856262,-0.27946925163269043,0.9700357913970947,0.4927981495857239,0.5231093764305115,0.549773097038269,0.0777590423822403,0.4484942555427551,0.5964736342430115,-0.2685179114341736,0.942585825920105,0.49258512258529663,0.5234187841415405,0.5207623839378357,0.08054395765066147,0.4686955511569977,0.6498613953590393,-0.1268957555294037,0.9998202323913574,0.4567365050315857,0.6399990320205688,0.1266082376241684,0.9992511868476868,0.4735828936100006,0.8478963375091553,-0.20015902817249298,0.994042694568634,0.36777037382125854,0.6781213879585266,0.21461057662963867,0.8767848610877991,0.5849860310554504,0.8516740798950195,-0.1535254865884781,0.996030867099762,0.37765398621559143,0.8630366921424866,0.3320358395576477,0.9342034459114075,0.6114668250083923,0.8330515623092651,-0.14546912908554077,0.9868840575218201,0.3912498354911804,0.9000527858734131,0.34035438299179077,0.92666095495224,0.5943862199783325,0.9317833185195923,-0.17019277811050415,0.9948686361312866,0.3330816924571991,0.893182635307312,0.33257147669792175,0.9463639259338379
240,0.4233829081058502,0.32392618060112,0.025273019447922707,0.9997363090515137,0.42917609214782715,0.30875054001808167,0.0008581420406699181,0.9997299313545227,0.43015870451927185,0.3082473874092102,0.0008601794834248722,0.999747633934021,0.4311806559562683,0.3076501190662384,0.0009010618668980896,0.9998093247413635,0.4299655854701996,0.30860912799835205,0.036633677780628204,0.9996855854988098,0.43138593435287476,0.3079744875431061,0.03664209693670273,0.9995728135108948,0.4329449534416199,0.30716672539711,0.036611102521419525,0.9996058344841003,0.4418109059333801,0.31530287861824036,-0.06994810700416565,0.9998462796211243,0.4446834623813629,0.314897358417511,0.07760423421859741,0.9991168975830078,0.4281961917877197,0.34046459197998047,0.0010715663665905595,0.9996690154075623,0.4285305142402649,0.3410089612007141,0.0463644340634346,0.9991886019706726,0.45588818192481995,0.4016170799732208,-0.1813184916973114,0.9999881982803345,0.47774872183799744,0.4082190990447998,0.1808813363313675,0.998988151550293,0.4638058543205261,0.5011540651321411,-0.23668348789215088,0.9866450428962708,0.5042804479598999,0.4949500262737274,0.32884225249290466,0.02426317147910595,0.4480985105037689,0.5983656048774719,-0.16976401209831238,0.9814434051513672,0.4879136085510254,0.555980920791626,0.4152899384498596,0.05594657361507416,0.44539856910705566,0.6217065453529358,-0.18666157126426697,0.9700070023536682,0.4820430278778076,0.5727360248565674,0.44413071870803833,0.0793740302324295,0.4429172873497009,0.6212643384933472,-0.1783921718597412,0.9665756821632385,0.4783097207546234,0.5714600086212158,0.4182373583316803,0.08155463635921478,0.443834125995636,0.6147684454917908,-0.1632460057735443,0.9370834827423096,0.4790932536125183,0.5654076337814331,0.40594029426574707,0.08498278260231018,0.4624527394771576,0.6660981774330139,-0.12527230381965637,0.9998341202735901,0.4576025903224945,0.6559346914291382,0.12503936886787415,0.9993222951889038,0.4709773063659668,0.8618481755256653,-0.19482645392417908,0.9945633411407471,0.3611910045146942,0.6786995530128479,0.22065261006355286,0.8825450539588928,0.5809592008590698,0.8514741063117981,-0.13830481469631195,0.9962974786758423,0.3753541111946106,0.8664394021034241,0.3112715780735016,0.9391845464706421,0.6061123609542847,0.8280378580093384,-0.1258721649646759,0.987866997718811,0.38900500535964966,0.9006618857383728,0.31748002767562866,0.931232213973999,0.5942792296409607,0.9299986362457275,-0.13098254799842834,0.9952036738395691,0.3316958546638489,0.8934990763664246,0.31692200899124146,0.9496566653251648
241,0.41697511076927185,0.3394739329814911,0.022781861945986748,0.9997484683990479,0.42301708459854126,0.32335007190704346,-0.0012851038482040167,0.9997450709342957,0.4239957332611084,0.3231070637702942,-0.001293198554776609,0.9997590184211731,0.4250362813472748,0.3227553069591522,-0.0012530424864962697,0.9998170733451843,0.4235207438468933,0.32276400923728943,0.03640633076429367,0.9997060894966125,0.4247497022151947,0.32205668091773987,0.036424171179533005,0.9996001720428467,0.42616742849349976,0.32110151648521423,0.036375511437654495,0.9996290802955627,0.43578943610191345,0.3306272625923157,-0.07285094261169434,0.9998520612716675,0.43800821900367737,0.32870376110076904,0.0718998983502388,0.999173104763031,0.42169681191444397,0.3549540638923645,-0.0008412101306021214,0.9996806979179382,0.42165714502334595,0.35531845688819885,0.044868290424346924,0.9992227554321289,0.45069774985313416,0.4165116548538208,-0.1813342571258545,0.9999870657920837,0.4698287546634674,0.42113372683525085,0.17216745018959045,0.9990476369857788,0.4606248736381531,0.515694797039032,-0.23092465102672577,0.9835907220840454,0.5082299113273621,0.49878188967704773,0.3196423053741455,0.02497575618326664,0.44545626640319824,0.6125272512435913,-0.16454581916332245,0.9796115756034851,0.48700928688049316,0.5410966873168945,0.4251340329647064,0.05929620563983917,0.44244036078453064,0.6360780596733093,-0.18053816258907318,0.9676420092582703,0.48206639289855957,0.5561268925666809,0.4583192467689514,0.08544296771287918,0.43942880630493164,0.6336621046066284,-0.17386166751384735,0.9640591144561768,0.47796979546546936,0.5564756393432617,0.4347268044948578,0.08752045780420303,0.4405190348625183,0.6263951063156128,-0.15847910940647125,0.9336323738098145,0.4782610833644867,0.5509655475616455,0.4178556799888611,0.09136229008436203,0.4553988575935364,0.6794866919517517,-0.12219606339931488,0.999848484992981,0.4546474814414978,0.6696135401725769,0.12197856605052948,0.9993875026702881,0.4693688750267029,0.8790943622589111,-0.19998681545257568,0.9950170516967773,0.3569558262825012,0.6813297271728516,0.2328105866909027,0.886604905128479,0.5805457830429077,0.851442277431488,-0.1440751850605011,0.9964404702186584,0.3749709725379944,0.8648343682289124,0.3169565796852112,0.9428821206092834,0.6021027565002441,0.8264416456222534,-0.13215911388397217,0.9887061715126038,0.3898037374019623,0.8996120095252991,0.32272666692733765,0.9349918961524963,0.5970773100852966,0.9294477105140686,-0.1413346827030182,0.9953829050064087,0.33228617906570435,0.8933966755867004,0.3290431797504425,0.9517756700515747
242,0.41063442826271057,0.3483254015445709,0.03179818391799927,0.9997659921646118,0.4161798059940338,0.3325405418872833,0.006234419532120228,0.9997636079788208,0.4170970320701599,0.3328653872013092,0.006258463021367788,0.9997752904891968,0.41807326674461365,0.3331403434276581,0.00630230363458395,0.9998288750648499,0.4170254170894623,0.331699401140213,0.039177246391773224,0.9997296929359436,0.4185025691986084,0.33134743571281433,0.03918463736772537,0.9996325969696045,0.42020612955093384,0.3308357000350952,0.03915576636791229,0.9996578097343445,0.4294200837612152,0.3436966836452484,-0.06842681020498276,0.9998614192008972,0.43297022581100464,0.3402365744113922,0.07371178269386292,0.9992423057556152,0.4155502915382385,0.3661956787109375,0.00710719171911478,0.9997004270553589,0.41574758291244507,0.3662121593952179,0.04930621013045311,0.9992748498916626,0.4452473521232605,0.4303320050239563,-0.1710144430398941,0.9999868869781494,0.4634397625923157,0.4280238151550293,0.17381829023361206,0.9991174340248108,0.45968008041381836,0.52591872215271,-0.22639603912830353,0.9807101488113403,0.4975402355194092,0.49969834089279175,0.3253432810306549,0.027352889999747276,0.44613704085350037,0.6209359765052795,-0.17658010125160217,0.978050708770752,0.48987632989883423,0.5278736352920532,0.4675981402397156,0.06477577239274979,0.44298529624938965,0.6437839269638062,-0.19361141324043274,0.9658082723617554,0.4805108606815338,0.5503321886062622,0.5035813450813293,0.09388502687215805,0.4393020570278168,0.6397270560264587,-0.18817433714866638,0.9620676636695862,0.48248785734176636,0.5448346734046936,0.48209723830223083,0.09601942449808121,0.4403079152107239,0.6324966549873352,-0.17156633734703064,0.9310046434402466,0.4820365011692047,0.5390076041221619,0.4619460999965668,0.10025934875011444,0.4550402760505676,0.6905432939529419,-0.12203357368707657,0.9998624920845032,0.4493526816368103,0.6775428056716919,0.121811643242836,0.9994476437568665,0.47037380933761597,0.8886061906814575,-0.20166173577308655,0.995460569858551,0.35307884216308594,0.681905210018158,0.21579059958457947,0.8943535685539246,0.5782957673072815,0.8530505895614624,-0.1435864269733429,0.996584951877594,0.37422290444374084,0.8642768263816833,0.2921214997768402,0.9471538066864014,0.6000146865844727,0.8290212154388428,-0.1288941353559494,0.989425539970398,0.3906511962413788,0.899016261100769,0.2975339889526367,0.9392555952072144,0.5962028503417969,0.9294317364692688,-0.13202045857906342,0.9955788850784302,0.33208271861076355,0.8941740393638611,0.30329629778862,0.9547756910324097
243,0.4068092405796051,0.3608061373233795,-0.0053882719948887825,0.9997636675834656,0.4118446409702301,0.34462299942970276,-0.030479568988084793,0.999763548374176,0.4128185212612152,0.34480854868888855,-0.03047236241400242,0.9997707009315491,0.41386547684669495,0.3449084758758545,-0.030438605695962906,0.9998236298561096,0.41260161995887756,0.343997985124588,0.003146231174468994,0.9997363090515137,0.4140622615814209,0.3435819745063782,0.0031808491330593824,0.9996417164802551,0.4157571792602539,0.34299567341804504,0.003165067406371236,0.9996600151062012,0.42549532651901245,0.353418231010437,-0.09993363916873932,0.9998608827590942,0.4284617006778717,0.35057127475738525,0.05219964310526848,0.9992473125457764,0.41175881028175354,0.3779079020023346,-0.028645943850278854,0.9997002482414246,0.4119170308113098,0.37834274768829346,0.015468214638531208,0.9992838501930237,0.4423738420009613,0.43697890639305115,-0.20065781474113464,0.9999871253967285,0.4599931240081787,0.43586859107017517,0.1621459424495697,0.9991543292999268,0.4596784710884094,0.5373858213424683,-0.23503859341144562,0.9807717204093933,0.4960072934627533,0.5168963074684143,0.2413325011730194,0.02660208009183407,0.4441377520561218,0.6356973052024841,-0.1468842625617981,0.9781054258346558,0.4726370871067047,0.5661218166351318,0.2573588192462921,0.0635487288236618,0.4412217140197754,0.6592324376106262,-0.16607317328453064,0.9653347134590149,0.4649375379085541,0.5864578485488892,0.2750127911567688,0.09302221238613129,0.4367617964744568,0.654208779335022,-0.1597907543182373,0.9615886807441711,0.4636855721473694,0.5848639011383057,0.24931716918945312,0.09490735083818436,0.43725889921188354,0.6474881768226624,-0.14054879546165466,0.9306496381759644,0.46499204635620117,0.5781554579734802,0.2461014986038208,0.09948769211769104,0.45545274019241333,0.6967502236366272,-0.1220305785536766,0.9998746514320374,0.44752249121665955,0.6848524808883667,0.12181224673986435,0.9995008707046509,0.47091808915138245,0.8963794112205505,-0.2035660743713379,0.9958633780479431,0.3532332479953766,0.681462824344635,0.24307194352149963,0.8983772397041321,0.5764907598495483,0.8545278906822205,-0.1340053230524063,0.9967239499092102,0.3732849657535553,0.8640872240066528,0.3128940761089325,0.9503970146179199,0.5972937941551208,0.8296512365341187,-0.12084656953811646,0.9900040626525879,0.38895612955093384,0.8985657691955566,0.31708264350891113,0.9428359866142273,0.5956767797470093,0.9293357133865356,-0.11901505291461945,0.9957630634307861,0.33062463998794556,0.8955369591712952,0.33222663402557373,0.957130491733551
244,0.40593940019607544,0.37144187092781067,-0.004445594269782305,0.9997701048851013,0.41076821088790894,0.353066086769104,-0.029151257127523422,0.9997733235359192,0.4117220342159271,0.3530545234680176,-0.029140839353203773,0.9997777342796326,0.4127490520477295,0.35294535756111145,-0.029100719839334488,0.9998279809951782,0.4115900993347168,0.352495938539505,0.005451002158224583,0.9997490048408508,0.41308045387268066,0.3520234227180481,0.0054709771648049355,0.9996581673622131,0.4147745668888092,0.35139578580856323,0.005444696173071861,0.9996731877326965,0.4249306619167328,0.3596366047859192,-0.0980457291007042,0.9998652935028076,0.4276788830757141,0.35686391592025757,0.05891227722167969,0.9992778301239014,0.4107350707054138,0.3865306079387665,-0.02776465192437172,0.999710738658905,0.4110948145389557,0.38702696561813354,0.01772763952612877,0.9993146657943726,0.4419379234313965,0.4415348172187805,-0.2006993591785431,0.999987781047821,0.4608532786369324,0.44160324335098267,0.16857808828353882,0.9992001056671143,0.4596162736415863,0.5373477339744568,-0.24012491106987,0.9812974333763123,0.49520641565322876,0.5259992480278015,0.2686769962310791,0.026273971423506737,0.4413563311100006,0.6415764093399048,-0.17450430989265442,0.9789338111877441,0.46880969405174255,0.5735134482383728,0.3188478648662567,0.06465582549571991,0.43910688161849976,0.6648331880569458,-0.19731557369232178,0.966253399848938,0.46146804094314575,0.5913984179496765,0.34194880723953247,0.09520924836397171,0.43475341796875,0.659503698348999,-0.18879300355911255,0.9626004695892334,0.4584144651889801,0.5903593301773071,0.3138447105884552,0.09692498296499252,0.4350821375846863,0.652725875377655,-0.16779300570487976,0.9322870969772339,0.4598357081413269,0.584545373916626,0.30778080224990845,0.1020331159234047,0.4539075791835785,0.6984310746192932,-0.1215193122625351,0.999886155128479,0.45108264684677124,0.6901658177375793,0.12131832540035248,0.9995489716529846,0.4706524908542633,0.8968527913093567,-0.2031237632036209,0.9962242841720581,0.35181358456611633,0.6810600757598877,0.2641609311103821,0.8970260620117188,0.5762734413146973,0.8570303320884705,-0.13759814202785492,0.9969025254249573,0.3746594786643982,0.8636943101882935,0.33705317974090576,0.9521830081939697,0.5989396572113037,0.8307481408119202,-0.12506133317947388,0.9907049536705017,0.38950487971305847,0.8984701633453369,0.3417116701602936,0.944821298122406,0.5954248905181885,0.9288614988327026,-0.12865103781223297,0.9959890246391296,0.3298470377922058,0.8946478962898254,0.3555014133453369,0.9583635926246643
245,0.40520820021629333,0.3665979504585266,-0.010283716954290867,0.9997788667678833,0.40935391187667847,0.3498879075050354,-0.03493715077638626,0.9997849464416504,0.41031375527381897,0.35009142756462097,-0.03492084890604019,0.999787449836731,0.41133755445480347,0.35016068816185,-0.034876711666584015,0.9998343586921692,0.4100560247898102,0.3494265377521515,-0.00043826346518471837,0.9997639060020447,0.41150426864624023,0.3492240011692047,-0.000424373138230294,0.9996785521507263,0.41312676668167114,0.34881067276000977,-0.0004424558428581804,0.9996906518936157,0.4240262508392334,0.358184814453125,-0.10242094844579697,0.9998710751533508,0.42650216817855835,0.35551026463508606,0.054579250514507294,0.9993206858634949,0.4097372889518738,0.3856182098388672,-0.03294370695948601,0.9997241497039795,0.41005706787109375,0.38568875193595886,0.012427499517798424,0.9993511438369751,0.4415166974067688,0.4437822699546814,-0.19972851872444153,0.999988317489624,0.46001219749450684,0.4416133761405945,0.16159287095069885,0.9992503523826599,0.46066465973854065,0.537250280380249,-0.23352333903312683,0.981407105922699,0.48753443360328674,0.5219084024429321,0.2653571367263794,0.026486389338970184,0.44355469942092896,0.6389583349227905,-0.16193996369838715,0.9789832234382629,0.4729306101799011,0.5644210577011108,0.3190888464450836,0.06642317771911621,0.44186991453170776,0.6617954969406128,-0.1828930526971817,0.966026782989502,0.46741682291030884,0.5818398594856262,0.34125733375549316,0.09861716628074646,0.4367144703865051,0.6576208472251892,-0.1759941726922989,0.9624001383781433,0.465371310710907,0.5805610418319702,0.31457480788230896,0.10025618225336075,0.4373325705528259,0.6506642699241638,-0.15562132000923157,0.9321135878562927,0.4659956395626068,0.5751177668571472,0.3089461028575897,0.1056312769651413,0.4548072814941406,0.6974913477897644,-0.11994662135839462,0.9998962879180908,0.4517214894294739,0.6880285143852234,0.11978188902139664,0.9995919466018677,0.47191673517227173,0.8930642604827881,-0.20439989864826202,0.9965356588363647,0.35226181149482727,0.6812255382537842,0.2720264494419098,0.8961212038993835,0.5770210027694702,0.8572566509246826,-0.15127810835838318,0.9970131516456604,0.3745308518409729,0.8635239601135254,0.35262545943260193,0.9530722498893738,0.6007739305496216,0.828004777431488,-0.14222373068332672,0.9912286996841431,0.3898300230503082,0.898327648639679,0.3579411208629608,0.9462973475456238,0.5949812531471252,0.928800642490387,-0.13812187314033508,0.9961357116699219,0.3298192024230957,0.8954886794090271,0.3740004301071167,0.9590879082679749
246,0.40594395995140076,0.36104631423950195,0.01580427959561348,0.9997987747192383,0.41019853949546814,0.34405457973480225,-0.005838592071086168,0.9998045563697815,0.4113529622554779,0.3440043032169342,-0.005822725128382444,0.9998064041137695,0.4126565456390381,0.3438895046710968,-0.005786123685538769,0.9998490214347839,0.41047364473342896,0.3440747857093811,0.029255330562591553,0.9997855424880981,0.4117637276649475,0.34389299154281616,0.029253488406538963,0.9997081160545349,0.41330036520957947,0.3435277044773102,0.0292362067848444,0.9997193813323975,0.42625507712364197,0.35136741399765015,-0.0695820227265358,0.9998824000358582,0.4274110198020935,0.34936854243278503,0.08962549269199371,0.9993827939033508,0.4112095236778259,0.38010427355766296,-0.0065793683752417564,0.9997477531433105,0.4110320210456848,0.38062918186187744,0.03943013399839401,0.9994077682495117,0.4435198903083801,0.439744234085083,-0.1668388694524765,0.9999886751174927,0.4609011113643646,0.43800070881843567,0.1850922554731369,0.9993014335632324,0.4651537537574768,0.5333786606788635,-0.19521287083625793,0.9823983907699585,0.4878719449043274,0.5294679403305054,0.25509923696517944,0.02684435434639454,0.4467330574989319,0.6328941583633423,-0.11627870798110962,0.979688823223114,0.4612348675727844,0.5868334174156189,0.2504400908946991,0.06660369783639908,0.44447430968284607,0.6557623147964478,-0.13674291968345642,0.9665399789810181,0.457526832818985,0.6010662913322449,0.26411664485931396,0.09791265428066254,0.43979567289352417,0.6515588760375977,-0.12464185804128647,0.9629305005073547,0.4535866379737854,0.5993650555610657,0.2338150441646576,0.09937630593776703,0.44026368856430054,0.644471287727356,-0.10791467130184174,0.9331818222999573,0.45452776551246643,0.5972943902015686,0.23709404468536377,0.10534688830375671,0.45401301980018616,0.6919206380844116,-0.1140495166182518,0.9999051690101624,0.4539891183376312,0.6844878792762756,0.11388691514730453,0.999630331993103,0.47313904762268066,0.8854935765266418,-0.201407790184021,0.9967987537384033,0.3537329435348511,0.6837576627731323,0.24495752155780792,0.895601749420166,0.5787590742111206,0.857312798500061,-0.15807995200157166,0.9971778392791748,0.37461864948272705,0.8633968830108643,0.2773852050304413,0.9545114040374756,0.6024079322814941,0.8287078142166138,-0.152122363448143,0.9918450713157654,0.3899436891078949,0.8980511426925659,0.27992233633995056,0.9478488564491272,0.5963269472122192,0.9286410808563232,-0.15418389439582825,0.9963234663009644,0.3306043744087219,0.8953026533126831,0.2905037999153137,0.9598255753517151
247,0.40815091133117676,0.35192927718162537,-0.032834168523550034,0.9997949600219727,0.4128371775150299,0.3354303538799286,-0.05560573935508728,0.9998030066490173,0.4141048789024353,0.33517754077911377,-0.05558748170733452,0.99980229139328,0.41547030210494995,0.3349260985851288,-0.05553025007247925,0.9998450875282288,0.4130125641822815,0.3353349566459656,-0.01945466734468937,0.9997876882553101,0.41433510184288025,0.3349005877971649,-0.0194384902715683,0.9997099041938782,0.41581058502197266,0.3343571722507477,-0.019463203847408295,0.9997177124023438,0.42934712767601013,0.34219804406166077,-0.11669625341892242,0.9998793005943298,0.4298489987850189,0.34034398198127747,0.04849201440811157,0.9993690252304077,0.4143196940422058,0.3703819215297699,-0.05405781790614128,0.9997512102127075,0.41397374868392944,0.37096303701400757,-0.006370897404849529,0.999411940574646,0.4479503631591797,0.42843785881996155,-0.2155730426311493,0.9999892711639404,0.4633345603942871,0.43130794167518616,0.16342072188854218,0.9993158578872681,0.4708399772644043,0.5219153761863708,-0.27566179633140564,0.98353111743927,0.48757973313331604,0.5174481868743896,0.2590888738632202,0.02532070316374302,0.44889289140701294,0.621580183506012,-0.24076132476329803,0.9809250235557556,0.46228066086769104,0.5877885818481445,0.2923435866832733,0.06440798193216324,0.4461934566497803,0.6473668217658997,-0.26948848366737366,0.9682236909866333,0.4591270387172699,0.6044517159461975,0.3123493790626526,0.09578356891870499,0.4421757757663727,0.6432386040687561,-0.2590729594230652,0.964775562286377,0.45511049032211304,0.6041899919509888,0.28251948952674866,0.09713626652956009,0.44295763969421387,0.6355285048484802,-0.2336018979549408,0.9360631108283997,0.45587587356567383,0.601165235042572,0.28037649393081665,0.10321278870105743,0.4579400420188904,0.6859956383705139,-0.11559586226940155,0.9999129772186279,0.45392099022865295,0.6777830123901367,0.11547396332025528,0.9996641278266907,0.4743918478488922,0.8812906742095947,-0.20764291286468506,0.996994137763977,0.3564703166484833,0.6824363470077515,0.2645105719566345,0.8933880925178528,0.5804002285003662,0.857765793800354,-0.1671171337366104,0.9971941709518433,0.3745367228984833,0.8632332682609558,0.3434649109840393,0.9539957642555237,0.6075254678726196,0.8294380307197571,-0.16079621016979218,0.9921833872795105,0.3902328610420227,0.898016095161438,0.3489769995212555,0.9484447240829468,0.5961905717849731,0.9288597702980042,-0.17419663071632385,0.9963828921318054,0.33136069774627686,0.8952888250350952,0.3615836501121521,0.959566056728363
248,0.411099374294281,0.34780484437942505,-0.019832037389278412,0.999804675579071,0.41617876291275024,0.33138787746429443,-0.049140553921461105,0.999811589717865,0.41741228103637695,0.3319188058376312,-0.04916081950068474,0.9998096227645874,0.4187389016151428,0.3325611650943756,-0.04919392988085747,0.9998503923416138,0.41650280356407166,0.3309991657733917,-0.014107463881373405,0.9997984766960144,0.4178462028503418,0.3310275673866272,-0.014055317267775536,0.9997245073318481,0.4193350672721863,0.33093133568763733,-0.014016516506671906,0.9997321367263794,0.43214836716651917,0.3415761888027191,-0.10333061218261719,0.999880850315094,0.4330974519252777,0.33799460530281067,0.060200273990631104,0.9993967413902283,0.4172258973121643,0.36723601818084717,-0.0435129776597023,0.9997565746307373,0.41700178384780884,0.36809566617012024,0.002926365239545703,0.9994277954101562,0.44920405745506287,0.42189857363700867,-0.20304632186889648,0.9999895691871643,0.46586108207702637,0.4276600778102875,0.1668390929698944,0.9993357062339783,0.47778910398483276,0.5156545639038086,-0.2678772807121277,0.9843025803565979,0.49083051085472107,0.5118604898452759,0.26481613516807556,0.024529097601771355,0.4534755349159241,0.6166726350784302,-0.2547227740287781,0.9816561341285706,0.4670982360839844,0.5824168920516968,0.30520179867744446,0.06315044313669205,0.45143216848373413,0.6439668536186218,-0.2835126519203186,0.9690735340118408,0.4636469781398773,0.5988536477088928,0.32726937532424927,0.09391409158706665,0.44714897871017456,0.641175389289856,-0.2697131633758545,0.9656697511672974,0.45900779962539673,0.5996744632720947,0.298234224319458,0.09521185606718063,0.4476941227912903,0.6327069997787476,-0.2471616566181183,0.9372193813323975,0.46083909273147583,0.5961766839027405,0.2939503788948059,0.10148293524980545,0.45925575494766235,0.682359516620636,-0.11611821502447128,0.9999195337295532,0.4554305970668793,0.6756287217140198,0.11599878966808319,0.9996941089630127,0.4768636226654053,0.8807621598243713,-0.20892706513404846,0.9971166849136353,0.36028143763542175,0.6818481087684631,0.21674594283103943,0.8884674906730652,0.5874372720718384,0.8577931523323059,-0.18444553017616272,0.9972495436668396,0.3753286898136139,0.8631480932235718,0.2851429581642151,0.9535720944404602,0.6166762113571167,0.8296305537223816,-0.17936556041240692,0.992559552192688,0.38964736461639404,0.8978628516197205,0.2898845374584198,0.9489219784736633,0.5968968272209167,0.9291434288024902,-0.1962641179561615,0.9964399337768555,0.3317743241786957,0.8949629068374634,0.29399609565734863,0.9584362506866455
249,0.4143097996711731,0.3270017206668854,-0.007007299456745386,0.9997990131378174,0.42009586095809937,0.30898526310920715,-0.026074087247252464,0.9998188018798828,0.42151936888694763,0.3091013729572296,-0.026094656437635422,0.9998185634613037,0.42299237847328186,0.30920901894569397,-0.02615773305296898,0.9998584389686584,0.41940179467201233,0.308435320854187,0.006306774914264679,0.9997983574867249,0.4203456938266754,0.30806905031204224,0.006343076471239328,0.9997233152389526,0.4214347302913666,0.3076443672180176,0.006378450896590948,0.9997377991676331,0.43579530715942383,0.31509000062942505,-0.07285366952419281,0.9998837113380432,0.43377476930618286,0.31305992603302,0.0738593339920044,0.9994137287139893,0.42137041687965393,0.34345075488090515,-0.02051578462123871,0.9997434020042419,0.42051082849502563,0.34360000491142273,0.02103542722761631,0.9993854761123657,0.45908910036087036,0.3987444043159485,-0.16421818733215332,0.9999895095825195,0.4671877324581146,0.41114386916160583,0.1811089962720871,0.999194324016571,0.48940300941467285,0.4833528697490692,-0.24437984824180603,0.9852902889251709,0.48719683289527893,0.4953368604183197,0.253007709980011,0.0231010839343071,0.46905866265296936,0.581308126449585,-0.2349759042263031,0.9819756746292114,0.4702768921852112,0.575659453868866,0.2473171502351761,0.05806039646267891,0.4675501883029938,0.6053877472877502,-0.2610166668891907,0.9691544771194458,0.46458035707473755,0.5917624235153198,0.25668469071388245,0.08654506504535675,0.4617643356323242,0.6047011017799377,-0.24691489338874817,0.9657022953033447,0.4620341658592224,0.5933376550674438,0.23528480529785156,0.08782870322465897,0.46186861395835876,0.5982081890106201,-0.22655954957008362,0.9378652572631836,0.46361351013183594,0.5905153751373291,0.23676347732543945,0.09379775077104568,0.45988255739212036,0.6590620875358582,-0.11219141632318497,0.9998855590820312,0.4715345501899719,0.6586046814918518,0.11211840063333511,0.999657928943634,0.37508276104927063,0.6856276988983154,-0.08486884087324142,0.9955543875694275,0.4821096360683441,0.8257499933242798,0.09496761858463287,0.8939814567565918,0.3794355094432831,0.8625410199165344,-0.0185672789812088,0.9964870810508728,0.5920370817184448,0.8590103387832642,0.07890769094228745,0.9562416076660156,0.3931039571762085,0.8884871602058411,-0.011763369664549828,0.9920501112937927,0.6232278347015381,0.8440465927124023,0.07909797877073288,0.9528544545173645,0.3334648609161377,0.8988475203514099,-0.024970294907689095,0.9949325919151306,0.5921496748924255,0.9207369685173035,0.07204242795705795,0.9593096375465393
250,0.42297297716140747,0.3033314347267151,-0.01297575980424881,0.9998144507408142,0.4293608069419861,0.2842581570148468,-0.031170735135674477,0.9998335838317871,0.4307674467563629,0.2843784987926483,-0.03119456209242344,0.9998335838317871,0.4322550296783447,0.284358948469162,-0.031208962202072144,0.9998706579208374,0.42852145433425903,0.28297996520996094,-0.0002751091669779271,0.9998142719268799,0.4294208884239197,0.28230908513069153,-0.00025966594694182277,0.9997448325157166,0.43041229248046875,0.2814927101135254,-0.00023057272483129054,0.9997591376304626,0.4449523091316223,0.28954440355300903,-0.07641264796257019,0.9998936057090759,0.4433339238166809,0.287136971950531,0.059844356030225754,0.9994652271270752,0.4294591546058655,0.3217167854309082,-0.027198737487196922,0.9997641444206238,0.4281674027442932,0.32136696577072144,0.012259846553206444,0.9994345903396606,0.47047513723373413,0.37751317024230957,-0.17318609356880188,0.9999902248382568,0.47100692987442017,0.38195860385894775,0.16785690188407898,0.999207079410553,0.5020039081573486,0.4580996632575989,-0.2450825721025467,0.9866028428077698,0.4913599491119385,0.4699176847934723,0.24508371949195862,0.021899016574025154,0.4775654375553131,0.5591055750846863,-0.21305152773857117,0.9829609990119934,0.4755353033542633,0.5505694150924683,0.2459845244884491,0.05458444729447365,0.47426286339759827,0.5856284499168396,-0.23415012657642365,0.9703459739685059,0.46823152899742126,0.5735136270523071,0.252233624458313,0.08166336268186569,0.4686185419559479,0.5863320231437683,-0.2225053757429123,0.9669860601425171,0.4659861922264099,0.5732170939445496,0.22844190895557404,0.08310127258300781,0.4692133367061615,0.5794892907142639,-0.20438578724861145,0.9402457475662231,0.4674533009529114,0.5688138008117676,0.2344030886888504,0.0891023576259613,0.47398099303245544,0.6392107605934143,-0.11143125593662262,0.9998883605003357,0.4745146334171295,0.6319544315338135,0.11140614748001099,0.9996771812438965,0.4221109449863434,0.75898677110672,-0.12449377775192261,0.9956194758415222,0.4857843518257141,0.7920263409614563,0.07256166636943817,0.8982706069946289,0.4930436611175537,0.8617846965789795,-0.07709569483995438,0.9965784549713135,0.5352588891983032,0.8590245842933655,0.06080479174852371,0.9576869010925293,0.5156689286231995,0.8749763369560242,-0.07171053439378738,0.9921713471412659,0.5554443597793579,0.8593571782112122,0.059266287833452225,0.9546288251876831,0.4709061086177826,0.8965753316879272,-0.08691878616809845,0.9949115514755249,0.5191318392753601,0.9138934016227722,0.05670507997274399,0.9595072865486145
251,0.43085068464279175,0.2842627763748169,-0.0023909886367619038,0.9997872710227966,0.4364193081855774,0.265479177236557,-0.022362839430570602,0.9997990727424622,0.43792375922203064,0.26514697074890137,-0.022395631298422813,0.9997941255569458,0.43945592641830444,0.2646186947822571,-0.022380094975233078,0.9998486042022705,0.4357384145259857,0.2644462287425995,0.012702038511633873,0.9997866749763489,0.43681126832962036,0.2633369565010071,0.012716053053736687,0.9997005462646484,0.43795284628868103,0.2619692087173462,0.012711348943412304,0.9997241497039795,0.45316872000694275,0.26767054200172424,-0.07699380069971085,0.9998759031295776,0.4518283009529114,0.26560327410697937,0.0810563713312149,0.9993647933006287,0.43727660179138184,0.3008701801300049,-0.020500872284173965,0.9997410178184509,0.43632277846336365,0.30002039670944214,0.025191277265548706,0.9993687868118286,0.4796110689640045,0.3548625409603119,-0.1785963773727417,0.9999905824661255,0.4749773442745209,0.35373616218566895,0.19276586174964905,0.9991603493690491,0.5100088715553284,0.43650856614112854,-0.2839319109916687,0.9878109097480774,0.49753284454345703,0.442351371049881,0.27759772539138794,0.020616965368390083,0.4909243583679199,0.5313634872436523,-0.28183412551879883,0.9841834306716919,0.4838358461856842,0.5195436477661133,0.2652471363544464,0.05080367624759674,0.487498939037323,0.5608344674110413,-0.3112040162086487,0.9721451997756958,0.47933945059776306,0.5474647879600525,0.28574714064598083,0.07600215822458267,0.48191437125205994,0.5585140585899353,-0.2955953776836395,0.9689459204673767,0.4758027493953705,0.5458502769470215,0.26215142011642456,0.07736765593290329,0.483037531375885,0.5506531000137329,-0.2728075385093689,0.9430698752403259,0.47654348611831665,0.5356646776199341,0.25816765427589417,0.08316614478826523,0.4942530691623688,0.6114076972007751,-0.11454910039901733,0.9998945593833923,0.4751143455505371,0.6020524501800537,0.11447654664516449,0.9997015595436096,0.49248480796813965,0.7848695516586304,-0.1787484884262085,0.9958707690238953,0.4236501157283783,0.7036457657814026,0.07420464605093002,0.9019567966461182,0.5998952984809875,0.8584126234054565,-0.15697970986366272,0.9966820478439331,0.38804611563682556,0.8595998287200928,0.10873588174581528,0.9590694904327393,0.6293474435806274,0.868823230266571,-0.15342864394187927,0.9918491244316101,0.39757829904556274,0.8836495876312256,0.11000865697860718,0.9551486968994141,0.5845168232917786,0.9196957349777222,-0.19571055471897125,0.9950260519981384,0.3420563042163849,0.8936781883239746,0.08471633493900299,0.9597947597503662
252,0.4380602240562439,0.2653259038925171,-0.002301223110407591,0.9997563362121582,0.4429251551628113,0.24601349234580994,-0.022431928664445877,0.999767541885376,0.44444090127944946,0.24560652673244476,-0.022465834394097328,0.9997630715370178,0.4459645748138428,0.24495750665664673,-0.022449862211942673,0.9998313188552856,0.44220471382141113,0.2452249526977539,0.012676184996962547,0.9997565746307373,0.4431895315647125,0.24426303803920746,0.012690755538642406,0.9996627569198608,0.44425472617149353,0.24296952784061432,0.012685520574450493,0.9996949434280396,0.4598100781440735,0.24645429849624634,-0.078346848487854,0.9998655319213867,0.4580481946468353,0.24480552971363068,0.07981158792972565,0.999276876449585,0.44413939118385315,0.28001636266708374,-0.020617693662643433,0.999733030796051,0.44314107298851013,0.2797755300998688,0.0251053087413311,0.9993452429771423,0.4864780306816101,0.3257234990596771,-0.1855653077363968,0.9999911785125732,0.48150554299354553,0.32924532890319824,0.19435150921344757,0.9990946054458618,0.5206115245819092,0.4095553159713745,-0.29248160123825073,0.9889323115348816,0.5066321492195129,0.42293107509613037,0.28584760427474976,0.019223527982831,0.5016838908195496,0.5038197636604309,-0.2947443127632141,0.9852898716926575,0.49401870369911194,0.5030392408370972,0.3006381392478943,0.04664650559425354,0.4978605806827545,0.5320630073547363,-0.32436519861221313,0.9738285541534424,0.49028849601745605,0.5242729187011719,0.318620890378952,0.06983058154582977,0.4935331344604492,0.5300107598304749,-0.30736401677131653,0.9707700610160828,0.48780202865600586,0.5216602683067322,0.29170578718185425,0.0711371973156929,0.49420446157455444,0.5222241282463074,-0.2853506803512573,0.9455575942993164,0.48856598138809204,0.5161639451980591,0.2893551290035248,0.07659833133220673,0.5076664686203003,0.5778608322143555,-0.11459982395172119,0.9998922944068909,0.4880935549736023,0.5721404552459717,0.11455371230840683,0.9996979832649231,0.5088506937026978,0.7659980654716492,-0.17498348653316498,0.9961177110671997,0.41815176606178284,0.6920210123062134,0.06184612959623337,0.9023283123970032,0.6103267669677734,0.8584359288215637,-0.15685978531837463,0.9968516826629639,0.38329339027404785,0.8596181869506836,0.06313755363225937,0.9600874781608582,0.6385583281517029,0.864460825920105,-0.1553688496351242,0.9908064603805542,0.39117011427879333,0.8894818425178528,0.060577839612960815,0.9537137150764465,0.5870521664619446,0.9283004999160767,-0.21316194534301758,0.9952013492584229,0.3383306860923767,0.8697704076766968,0.016102071851491928,0.9602358937263489
253,0.4451037347316742,0.23873287439346313,-0.010665427893400192,0.9997291564941406,0.44996076822280884,0.22007514536380768,-0.03182915225625038,0.9997509717941284,0.451460599899292,0.2197439819574356,-0.03186948224902153,0.9997464418411255,0.453012079000473,0.2191469669342041,-0.031869251281023026,0.9998227953910828,0.4491725564002991,0.21891151368618011,0.00387050723657012,0.9997385144233704,0.45007380843162537,0.21786819398403168,0.00385892647318542,0.9996455907821655,0.4510674476623535,0.21652857959270477,0.0038389309775084257,0.999683141708374,0.4672275483608246,0.22099393606185913,-0.0898447185754776,0.9998619556427002,0.4652794897556305,0.21927548944950104,0.07326771318912506,0.9992507100105286,0.4513859152793884,0.2566351890563965,-0.02972707524895668,0.9997369050979614,0.450439453125,0.25570768117904663,0.016993585973978043,0.9993543028831482,0.49345913529396057,0.3023632764816284,-0.19590598344802856,0.9999917149543762,0.49016571044921875,0.3059156835079193,0.1905246526002884,0.9990341663360596,0.5306482911109924,0.38611695170402527,-0.300321489572525,0.9899373650550842,0.5200764536857605,0.39419326186180115,0.2941674292087555,0.01806173287332058,0.5112233757972717,0.48204389214515686,-0.31073859333992004,0.9862955808639526,0.5047603845596313,0.47426894307136536,0.334601491689682,0.04316534101963043,0.5067030191421509,0.5089307427406311,-0.34178805351257324,0.9754348397254944,0.5000778436660767,0.49456024169921875,0.3554013669490814,0.06473167985677719,0.5016655921936035,0.5086614489555359,-0.32315465807914734,0.9725270867347717,0.4981324076652527,0.49495387077331543,0.32788532972335815,0.06602955609560013,0.5027506351470947,0.5018610954284668,-0.30065643787384033,0.9479312300682068,0.4990657866001129,0.49032700061798096,0.32344597578048706,0.0711754634976387,0.5136160254478455,0.5543400049209595,-0.1149650365114212,0.9998886585235596,0.5007073879241943,0.5469684600830078,0.11489607393741608,0.9996562004089355,0.5184187889099121,0.7490938901901245,-0.1517103910446167,0.996238112449646,0.4292812943458557,0.6968082189559937,0.09398133307695389,0.8983308672904968,0.6146806478500366,0.8585358262062073,-0.14725527167320251,0.9970223903656006,0.3924277722835541,0.8538519740104675,0.10003922879695892,0.9593948721885681,0.644097626209259,0.86900794506073,-0.1445731222629547,0.9903693199157715,0.39505577087402344,0.8903894424438477,0.09802138805389404,0.9491904377937317,0.5909913778305054,0.9290212988853455,-0.20567867159843445,0.9953759908676147,0.3469865620136261,0.8436140418052673,0.05423501878976822,0.9590005874633789
254,0.45019832253456116,0.21152500808238983,-0.009487190283834934,0.9997066855430603,0.4551360607147217,0.1939544826745987,-0.029805097728967667,0.9997344613075256,0.4565335810184479,0.1939544677734375,-0.029873067513108253,0.9997316002845764,0.4580390453338623,0.19377924501895905,-0.02991495095193386,0.9998161196708679,0.4545052945613861,0.19261491298675537,0.006358777638524771,0.9997164607048035,0.45543116331100464,0.1917967051267624,0.0063530816696584225,0.9996222257614136,0.4565045237541199,0.1907399743795395,0.006337284110486507,0.9996631145477295,0.47211283445358276,0.19776855409145355,-0.08618611097335815,0.9998589158058167,0.469976007938385,0.19541342556476593,0.07585250586271286,0.9991762042045593,0.45667868852615356,0.23072665929794312,-0.027781587094068527,0.9997345805168152,0.45573607087135315,0.2297595739364624,0.019244592636823654,0.9993386268615723,0.5003811120986938,0.2838289141654968,-0.19472767412662506,0.9999921917915344,0.49274706840515137,0.2873481512069702,0.19395661354064941,0.9988760948181152,0.5397197604179382,0.3641723096370697,-0.2799444794654846,0.9908291697502136,0.520790696144104,0.3736155331134796,0.28882306814193726,0.016924114897847176,0.5215350389480591,0.46129244565963745,-0.24612820148468018,0.9870730042457581,0.5108906030654907,0.4544336497783661,0.31811898946762085,0.03959272429347038,0.5183407068252563,0.48680198192596436,-0.26964396238327026,0.9765775799751282,0.5082994103431702,0.475228488445282,0.3353421092033386,0.05945867672562599,0.5127106308937073,0.4872557818889618,-0.2540145218372345,0.9737629294395447,0.5050768852233887,0.4746195375919342,0.3084542155265808,0.06070496886968613,0.51331627368927,0.48042288422584534,-0.2353241890668869,0.9495272040367126,0.5071661472320557,0.47025468945503235,0.3056561052799225,0.06550059467554092,0.5235210061073303,0.5321320295333862,-0.11381281912326813,0.9998866319656372,0.5145488977432251,0.5258554220199585,0.11366653442382812,0.9996113777160645,0.5315994024276733,0.7298568487167358,-0.15458440780639648,0.9961698651313782,0.4471011757850647,0.6857629418373108,0.08093567192554474,0.8872918486595154,0.6208451986312866,0.8588659763336182,-0.164119154214859,0.9970986843109131,0.40321192145347595,0.845967710018158,0.07057089358568192,0.9570125341415405,0.647720217704773,0.8766641616821289,-0.1660824865102768,0.9894689321517944,0.40824955701828003,0.8893035650253296,0.0667194202542305,0.9429459571838379,0.5939480066299438,0.9303338527679443,-0.2339337319135666,0.9954120516777039,0.35865336656570435,0.8351094722747803,0.025970255956053734,0.957009494304657
255,0.45468029379844666,0.19929784536361694,-0.028172990307211876,0.9996728897094727,0.4590076506137848,0.18076173961162567,-0.04952191561460495,0.9997013807296753,0.4605836272239685,0.18051593005657196,-0.049565743654966354,0.999703049659729,0.4622175693511963,0.18006744980812073,-0.04958988353610039,0.9997970461845398,0.4582441747188568,0.18017883598804474,-0.014624081552028656,0.9996784329414368,0.4592161774635315,0.17950433492660522,-0.014616522006690502,0.9995850324630737,0.46029382944107056,0.17854700982570648,-0.01463279128074646,0.9996249079704285,0.4764844477176666,0.18320007622241974,-0.10473205894231796,0.999850332736969,0.4732202887535095,0.18155284225940704,0.05272293835878372,0.9990819692611694,0.46189022064208984,0.21531763672828674,-0.04582550376653671,0.999724805355072,0.460688978433609,0.21545852720737457,-0.0003868908970616758,0.9993038773536682,0.5079668760299683,0.26176580786705017,-0.20538437366485596,0.9999925494194031,0.49704790115356445,0.26941001415252686,0.17389841377735138,0.9987471103668213,0.5479899644851685,0.3411819338798523,-0.2605094015598297,0.9916430711746216,0.5253437757492065,0.36052295565605164,0.2451726645231247,0.01655562035739422,0.5276370644569397,0.44602885842323303,-0.20425328612327576,0.9877464771270752,0.5197598338127136,0.4413922131061554,0.2224641740322113,0.03728685528039932,0.5239371657371521,0.47260022163391113,-0.22815266251564026,0.9774160385131836,0.5178524255752563,0.46038034558296204,0.23068830370903015,0.05591050907969475,0.5179389119148254,0.47121375799179077,-0.21601805090904236,0.974708080291748,0.5161962509155273,0.45995089411735535,0.20237796008586884,0.057166937738657,0.5185977220535278,0.46329259872436523,-0.19503530859947205,0.9509516954421997,0.5174335241317749,0.4560016095638275,0.20874199271202087,0.06167950853705406,0.5363206267356873,0.5161241888999939,-0.11373738199472427,0.9998823404312134,0.5181618928909302,0.5136775374412537,0.11357267946004868,0.9995477795600891,0.5483788251876831,0.7144671678543091,-0.14037124812602997,0.9962671399116516,0.4689937233924866,0.6650822758674622,0.10261563211679459,0.8795213103294373,0.6265395879745483,0.8593567609786987,-0.1392124593257904,0.997238278388977,0.42870980501174927,0.8454728126525879,0.11342302709817886,0.9554363489151001,0.6504107713699341,0.8774162530899048,-0.1453104317188263,0.988983690738678,0.4344436526298523,0.8891944289207458,0.11165007203817368,0.937850832939148,0.5938296914100647,0.9304230809211731,-0.20735302567481995,0.9955341219902039,0.37677574157714844,0.8439391851425171,0.07500621676445007,0.9560862183570862
256,0.45911628007888794,0.19082114100456238,-0.04213933274149895,0.9996916055679321,0.4634576737880707,0.17060986161231995,-0.0638977587223053,0.9997182488441467,0.4650937616825104,0.16986306011676788,-0.06395141035318375,0.9997209310531616,0.4667414128780365,0.1690392941236496,-0.06399089097976685,0.9998089075088501,0.4628015160560608,0.17043662071228027,-0.028734376654028893,0.9996974468231201,0.4638524651527405,0.1694755107164383,-0.02870870567858219,0.999610185623169,0.465008407831192,0.1683063954114914,-0.028710147365927696,0.9996447563171387,0.4806460440158844,0.17264558374881744,-0.11636821925640106,0.9998607635498047,0.4778696596622467,0.1715746819972992,0.041581183671951294,0.9991382360458374,0.4666649401187897,0.20554687082767487,-0.058631014078855515,0.9997420907020569,0.4655133783817291,0.20543596148490906,-0.012983061373233795,0.9993427991867065,0.512194812297821,0.2484956979751587,-0.21538229286670685,0.999993085861206,0.5033159255981445,0.2580980658531189,0.16365157067775726,0.9987092018127441,0.5553524494171143,0.3295605182647705,-0.2586658000946045,0.9923999905586243,0.5356077551841736,0.3494018614292145,0.22632348537445068,0.01642725244164467,0.5320618748664856,0.4296171963214874,-0.1938546597957611,0.9883291721343994,0.5288527607917786,0.43688270449638367,0.19135728478431702,0.03532455116510391,0.5284917950630188,0.4563790261745453,-0.21906831860542297,0.9780033230781555,0.52919602394104,0.4569929838180542,0.19607219099998474,0.05281874164938927,0.5216561555862427,0.45564141869544983,-0.20817694067955017,0.9753863215446472,0.5242711305618286,0.45619240403175354,0.16662965714931488,0.05405396968126297,0.5224776864051819,0.4478403627872467,-0.18503643572330475,0.9520606994628906,0.5251113772392273,0.4521162807941437,0.1766728013753891,0.058266531676054,0.5404926538467407,0.5056982040405273,-0.11456374824047089,0.9998849034309387,0.5244880318641663,0.5060461163520813,0.11443553119897842,0.9995191097259521,0.5563110113143921,0.700204074382782,-0.14484664797782898,0.9963836073875427,0.48008567094802856,0.6622291207313538,0.12438490241765976,0.8732851147651672,0.6295157670974731,0.8601540327072144,-0.1403045356273651,0.9973798394203186,0.462695837020874,0.8469194173812866,0.17496398091316223,0.9530994892120361,0.6529551148414612,0.880804181098938,-0.1446094512939453,0.9892141222953796,0.47179728746414185,0.8893219828605652,0.17596778273582458,0.9339335560798645,0.5944382548332214,0.9301728010177612,-0.22333204746246338,0.9957001209259033,0.41638222336769104,0.8527804613113403,0.13554082810878754,0.954107940196991
257,0.46196943521499634,0.17957602441310883,-0.05408231168985367,0.9997108578681946,0.46639037132263184,0.16042734682559967,-0.07568234205245972,0.9997333288192749,0.4680865406990051,0.15966744720935822,-0.07573853433132172,0.9997381567955017,0.46993690729141235,0.15881921350955963,-0.07578553259372711,0.9998199343681335,0.4656454920768738,0.15994739532470703,-0.04027349501848221,0.999714195728302,0.46666455268859863,0.1589103490114212,-0.040234170854091644,0.9996323585510254,0.4677968919277191,0.15773054957389832,-0.04023200646042824,0.9996603727340698,0.48476284742355347,0.16247135400772095,-0.12675432860851288,0.9998706579208374,0.4817269742488861,0.16158989071846008,0.03252284228801727,0.9991893768310547,0.47021979093551636,0.19641026854515076,-0.07022285461425781,0.9997581243515015,0.4688606858253479,0.19588366150856018,-0.024129964411258698,0.9993733763694763,0.5182928442955017,0.23622356355190277,-0.2232021987438202,0.9999934434890747,0.5044170618057251,0.2523742914199829,0.1528674215078354,0.9985938668251038,0.5621587038040161,0.31583139300346375,-0.25914904475212097,0.9930733442306519,0.532924473285675,0.3383333683013916,0.21362809836864471,0.016527829691767693,0.5372486114501953,0.41489508748054504,-0.19981421530246735,0.988854169845581,0.5252662301063538,0.4201197028160095,0.17390519380569458,0.03443567082285881,0.5344664454460144,0.44434309005737305,-0.22557953000068665,0.9785372018814087,0.5253275632858276,0.4436649680137634,0.17557497322559357,0.0510917492210865,0.5265700817108154,0.44324466586112976,-0.21692118048667908,0.9760240316390991,0.5209943056106567,0.44318991899490356,0.14585578441619873,0.052372146397829056,0.5269361734390259,0.43462905287742615,-0.19209018349647522,0.9532202482223511,0.5225330591201782,0.43610721826553345,0.15837137401103973,0.05639921501278877,0.5479558706283569,0.49669766426086426,-0.11486400663852692,0.9998841285705566,0.5275892615318298,0.5012961626052856,0.11480119079351425,0.9994863271713257,0.5657848119735718,0.6913924217224121,-0.14921358227729797,0.9965167045593262,0.48847031593322754,0.6628656387329102,0.13404378294944763,0.8760598301887512,0.6309226751327515,0.8605310320854187,-0.1460570991039276,0.9975398778915405,0.5020570158958435,0.847137987613678,0.21274857223033905,0.9536410570144653,0.6515735983848572,0.881020188331604,-0.15072967112064362,0.9895199537277222,0.5166147947311401,0.8891119956970215,0.21587303280830383,0.9337999820709229,0.5950703024864197,0.9305689334869385,-0.24284005165100098,0.9959276914596558,0.4575178623199463,0.8580776453018188,0.17908942699432373,0.9546129703521729
258,0.4654417932033539,0.17336826026439667,-0.06990627944469452,0.999729573726654,0.4698043763637543,0.1541116088628769,-0.09121669828891754,0.9997485280036926,0.4715729355812073,0.15345007181167603,-0.09126980602741241,0.9997559189796448,0.47359585762023926,0.1527382731437683,-0.0913257747888565,0.9998311996459961,0.46860066056251526,0.1537347286939621,-0.05636248737573624,0.9997310638427734,0.4693259298801422,0.15275359153747559,-0.056299902498722076,0.9996547102928162,0.4701712727546692,0.15170049667358398,-0.05629182606935501,0.9996758699417114,0.48866409063339233,0.15595188736915588,-0.13963958621025085,0.9998804330825806,0.4847642481327057,0.15547165274620056,0.01745220087468624,0.9992457032203674,0.4743519425392151,0.19006536900997162,-0.08500295132398605,0.9997745156288147,0.4724852442741394,0.18999938666820526,-0.03952285647392273,0.9994045495986938,0.523291826248169,0.22714173793792725,-0.22565464675426483,0.9999936819076538,0.5071676969528198,0.2518359422683716,0.1300189346075058,0.9984603524208069,0.5688132047653198,0.30562707781791687,-0.26685988903045654,0.9936715960502625,0.5332551002502441,0.33292946219444275,0.18950745463371277,0.01658054254949093,0.5407574772834778,0.4067409038543701,-0.20878294110298157,0.9892482161521912,0.5300946831703186,0.41635122895240784,0.14561550319194794,0.0341682992875576,0.5377445220947266,0.43743079900741577,-0.2418443262577057,0.9787685871124268,0.5287986993789673,0.4384128153324127,0.14290852844715118,0.05022110417485237,0.5303202271461487,0.43691474199295044,-0.23885376751422882,0.9763221740722656,0.5258376598358154,0.4393984377384186,0.11288861930370331,0.05155602842569351,0.5309381484985352,0.4281681478023529,-0.20583252608776093,0.9538252353668213,0.5269424915313721,0.43456050753593445,0.1295689046382904,0.055323727428913116,0.5530064105987549,0.4925491213798523,-0.11243419349193573,0.9998835921287537,0.5313401818275452,0.499175101518631,0.11247140169143677,0.9994555711746216,0.5712026357650757,0.6803221702575684,-0.15065929293632507,0.9966913461685181,0.5027685761451721,0.6585789918899536,0.149617537856102,0.8823633193969727,0.6309577226638794,0.8604463338851929,-0.14887775480747223,0.9976983070373535,0.5358037948608398,0.8406949639320374,0.2545519471168518,0.9549790024757385,0.650326132774353,0.8809397220611572,-0.154485285282135,0.9899373054504395,0.5493779182434082,0.8770625591278076,0.25977563858032227,0.9345105290412903,0.5952258110046387,0.9287514686584473,-0.2563910484313965,0.9961560368537903,0.4934648871421814,0.8703188300132751,0.22223365306854248,0.9561126828193665
259,0.4685649871826172,0.17092350125312805,-0.09924747049808502,0.999737024307251,0.47273698449134827,0.15102751553058624,-0.1218193992972374,0.9997518658638,0.47457289695739746,0.15024161338806152,-0.12187518179416656,0.9997648596763611,0.4766720235347748,0.14935056865215302,-0.12194015830755234,0.9998354315757751,0.47127681970596313,0.15091641247272491,-0.08614040166139603,0.999733030796051,0.4719822406768799,0.15004442632198334,-0.08607247471809387,0.9996581673622131,0.4728151857852936,0.14895550906658173,-0.08606064319610596,0.9996669888496399,0.49195829033851624,0.15138018131256104,-0.17006587982177734,0.9998876452445984,0.48743510246276855,0.15156278014183044,-0.008459174074232578,0.9992716908454895,0.47828540205955505,0.18626022338867188,-0.11342594772577286,0.9997857213020325,0.4761435091495514,0.18661144375801086,-0.0666743665933609,0.9994159936904907,0.5274028182029724,0.2203516811132431,-0.24828045070171356,0.9999940395355225,0.5101498365402222,0.2482421100139618,0.10992195457220078,0.9983826875686646,0.5742329359054565,0.2997303307056427,-0.30134278535842896,0.9942125082015991,0.5359744429588318,0.3288077116012573,0.17477643489837646,0.0162061620503664,0.543582022190094,0.4048420488834381,-0.26483896374702454,0.98971027135849,0.5351821780204773,0.4136955142021179,0.12457302957773209,0.033855050802230835,0.5406576991081238,0.4360924959182739,-0.29754573106765747,0.9792841076850891,0.5337414145469666,0.4404521584510803,0.12031640857458115,0.04972811043262482,0.533286452293396,0.43510815501213074,-0.2908266484737396,0.9768972992897034,0.5301995873451233,0.44125625491142273,0.0889136865735054,0.05109924077987671,0.5339705348014832,0.42679306864738464,-0.259080171585083,0.9548661112785339,0.530710756778717,0.4323022663593292,0.10780803859233856,0.05461679399013519,0.5564679503440857,0.49029889702796936,-0.11227927356958389,0.9998844265937805,0.533285915851593,0.49817317724227905,0.11232940107584,0.9994382262229919,0.5762733817100525,0.6748389005661011,-0.13129504024982452,0.9968351721763611,0.5164075493812561,0.6635160446166992,0.17643456161022186,0.8887913823127747,0.630613386631012,0.8599365949630737,-0.11148768663406372,0.9978417754173279,0.5652205944061279,0.8372973799705505,0.3005763292312622,0.956597089767456,0.6502789855003357,0.8816853761672974,-0.11591837555170059,0.9902635216712952,0.5817621946334839,0.8602094054222107,0.30759021639823914,0.9358558654785156,0.5956984162330627,0.927080512046814,-0.23040083050727844,0.9963851571083069,0.5247474312782288,0.8833774328231812,0.26955169439315796,0.9582990407943726
260,0.46908703446388245,0.1678212285041809,-0.07797257602214813,0.9997415542602539,0.47453421354293823,0.1472584456205368,-0.09927208721637726,0.9997493028640747,0.47651243209838867,0.14653238654136658,-0.09931604564189911,0.9997696280479431,0.47846999764442444,0.14571170508861542,-0.09936529397964478,0.999836802482605,0.47292453050613403,0.14717279374599457,-0.06428582966327667,0.9997283220291138,0.4738789200782776,0.14638496935367584,-0.06421858817338943,0.9996557235717773,0.474933385848999,0.14544159173965454,-0.06421477347612381,0.9996550679206848,0.4936864376068115,0.1481928676366806,-0.14776985347270966,0.9998925924301147,0.48913225531578064,0.14901314675807953,0.010901975445449352,0.9992815852165222,0.4796299934387207,0.18333837389945984,-0.09253975003957748,0.9997918009757996,0.4774647355079651,0.18419986963272095,-0.046712882816791534,0.999410092830658,0.5313335061073303,0.219086691737175,-0.23237621784210205,0.9999942779541016,0.511910617351532,0.24621158838272095,0.1241753101348877,0.9982556104660034,0.5768523812294006,0.2961166501045227,-0.28907206654548645,0.9946966171264648,0.5360187292098999,0.3326636850833893,0.1773427426815033,0.01600489392876625,0.5462085008621216,0.4025210440158844,-0.25608325004577637,0.9901983141899109,0.5348061323165894,0.41750919818878174,0.11599680036306381,0.03366532549262047,0.5439472794532776,0.43265634775161743,-0.2869833707809448,0.9799368381500244,0.5342516303062439,0.44215765595436096,0.10942032188177109,0.04922498017549515,0.536230206489563,0.4311722218990326,-0.2800873816013336,0.9776251912117004,0.5303956270217896,0.4419053792953491,0.07944077253341675,0.05063915625214577,0.5366538763046265,0.42358437180519104,-0.25004318356513977,0.9562481641769409,0.5312591791152954,0.43581995368003845,0.09933366626501083,0.05390617996454239,0.5604681372642517,0.48361557722091675,-0.11062221229076385,0.9998599290847778,0.5369978547096252,0.49247634410858154,0.11066974699497223,0.999337911605835,0.5802522301673889,0.6695780158042908,-0.12112788110971451,0.9968933463096619,0.5334424376487732,0.6673124432563782,0.16075947880744934,0.8927765488624573,0.6303189992904663,0.8576828241348267,-0.09505634754896164,0.9978914856910706,0.5879426002502441,0.8364861607551575,0.23770949244499207,0.9570520520210266,0.6502277851104736,0.8809115886688232,-0.0989944264292717,0.9895261526107788,0.6066995859146118,0.860063910484314,0.24105556309223175,0.935651421546936,0.593538224697113,0.926977813243866,-0.22576792538166046,0.996454656124115,0.5498523116111755,0.8928909301757812,0.22186732292175293,0.9597352743148804
261,0.4721609652042389,0.16535979509353638,-0.06654374301433563,0.9997449517250061,0.4779258668422699,0.14495977759361267,-0.08857393264770508,0.9997497797012329,0.4798465371131897,0.14421461522579193,-0.08860485255718231,0.9997751712799072,0.4817372262477875,0.14338451623916626,-0.08860111236572266,0.9998391270637512,0.4762652814388275,0.14478245377540588,-0.05443904548883438,0.9997247457504272,0.4772226810455322,0.14388538897037506,-0.05446929857134819,0.9996540546417236,0.478227436542511,0.14282284677028656,-0.05451299995183945,0.9996455907821655,0.4975505471229553,0.1466984748840332,-0.1441742479801178,0.9998970627784729,0.4924435019493103,0.1466977596282959,0.018202219158411026,0.9992756843566895,0.48271623253822327,0.18172073364257812,-0.0853162631392479,0.9997985363006592,0.4804092049598694,0.1825711578130722,-0.04038631543517113,0.9994125962257385,0.5349351167678833,0.22451497614383698,-0.22602763772010803,0.9999945163726807,0.5133744478225708,0.24555864930152893,0.12934866547584534,0.9981228709220886,0.5803529024124146,0.2960195541381836,-0.2680857181549072,0.9951425194740295,0.5375752449035645,0.3302815854549408,0.19323144853115082,0.015629934147000313,0.5484524369239807,0.40439096093177795,-0.22299769520759583,0.9907003045082092,0.536683201789856,0.4118572175502777,0.12837281823158264,0.0328262522816658,0.5463764667510986,0.434465616941452,-0.25242748856544495,0.980699360370636,0.534290611743927,0.43766000866889954,0.12310806661844254,0.048248328268527985,0.5383239984512329,0.43233007192611694,-0.24745717644691467,0.9784888625144958,0.5309796929359436,0.438119113445282,0.09284717589616776,0.04973582550883293,0.5388315916061401,0.4244741201400757,-0.21693381667137146,0.9580402374267578,0.5323821306228638,0.4328117370605469,0.11157474666833878,0.05284932628273964,0.5616872310638428,0.4836967885494232,-0.11067680269479752,0.9998223781585693,0.5411250591278076,0.4901973009109497,0.11071871221065521,0.9991063475608826,0.5794714093208313,0.672269880771637,-0.11052073538303375,0.9965011477470398,0.5531412363052368,0.669441282749176,0.15271858870983124,0.8791742324829102,0.6300520300865173,0.8575305342674255,-0.09112031012773514,0.9976441860198975,0.6051232814788818,0.8371361494064331,0.23528531193733215,0.9490568041801453,0.6494576930999756,0.8821342587471008,-0.09514309465885162,0.9880542159080505,0.6235246658325195,0.8624699711799622,0.2307804524898529,0.9273843765258789,0.5919183492660522,0.9232370853424072,-0.20432694256305695,0.9961346983909607,0.5637084245681763,0.896030604839325,0.1695064753293991,0.9565443396568298
262,0.4730653762817383,0.16616107523441315,-0.06087915971875191,0.9996872544288635,0.4791703224182129,0.14610974490642548,-0.08335375040769577,0.9996984601020813,0.4811646044254303,0.14532436430454254,-0.08337642252445221,0.9997438788414001,0.4830656051635742,0.14441627264022827,-0.08337318152189255,0.9998118877410889,0.47786250710487366,0.14580315351486206,-0.050496090203523636,0.9996436238288879,0.47904014587402344,0.14482218027114868,-0.05052105709910393,0.999568521976471,0.48028355836868286,0.14358358085155487,-0.05054812505841255,0.999547004699707,0.4988330900669098,0.14710219204425812,-0.14264236390590668,0.9998849630355835,0.4942099452018738,0.14647804200649261,0.024431344121694565,0.9991037845611572,0.48334240913391113,0.1826830357313156,-0.08067561686038971,0.9997670650482178,0.4813392162322998,0.18346568942070007,-0.03726688772439957,0.9992790818214417,0.5355650782585144,0.22790266573429108,-0.22311630845069885,0.9999945759773254,0.5174207091331482,0.24239233136177063,0.13084593415260315,0.9978054761886597,0.5817338228225708,0.2991384267807007,-0.2702014148235321,0.9955306053161621,0.5400339961051941,0.33480405807495117,0.20000770688056946,0.015358693897724152,0.5483804941177368,0.40883588790893555,-0.23885472118854523,0.9911962747573853,0.5406414270401001,0.4170544147491455,0.14048554003238678,0.03177209198474884,0.546183705329895,0.43861550092697144,-0.27095484733581543,0.9814988970756531,0.5372544527053833,0.4449802339076996,0.1367301046848297,0.04678889736533165,0.5380439162254333,0.4356604814529419,-0.26317545771598816,0.9793729782104492,0.5338753461837769,0.4449188709259033,0.10536042600870132,0.04830937832593918,0.5385885238647461,0.4280373454093933,-0.2322217971086502,0.9598308205604553,0.535434365272522,0.43881088495254517,0.12367750704288483,0.05127831920981407,0.5615850687026978,0.48402804136276245,-0.11113148927688599,0.9997243285179138,0.5469763875007629,0.4877801239490509,0.11118488013744354,0.9983593821525574,0.5764616131782532,0.6743688583374023,-0.10050517320632935,0.9935470819473267,0.5646868944168091,0.6691112518310547,0.1465986669063568,0.8406009674072266,0.6287747621536255,0.8597745895385742,-0.07327018678188324,0.9962130188941956,0.6159842610359192,0.8356168270111084,0.1896342933177948,0.921817421913147,0.6493967771530151,0.8866139054298401,-0.0761965736746788,0.9840505123138428,0.6373355388641357,0.8634920716285706,0.18747326731681824,0.9082673788070679,0.5911375284194946,0.9203546047210693,-0.17619441449642181,0.9945898056030273,0.5769343376159668,0.8934326171875,0.13250817358493805,0.9432945251464844
263,0.47467464208602905,0.17140325903892517,-0.01712687872350216,0.9996427893638611,0.47987985610961914,0.15173032879829407,-0.0382499061524868,0.9996799826622009,0.4819561541080475,0.1506716012954712,-0.038311101496219635,0.9997326135635376,0.4840920567512512,0.1493924856185913,-0.03834427148103714,0.9998030662536621,0.47843319177627563,0.15186066925525665,-0.0024045282043516636,0.9995970726013184,0.4794052541255951,0.15102116763591766,-0.0023789934348315,0.9995142221450806,0.4805935025215149,0.1498556137084961,-0.0023774763103574514,0.9994895458221436,0.4992837905883789,0.14946796000003815,-0.0912240594625473,0.9998804330825806,0.4947974681854248,0.15031912922859192,0.07073156535625458,0.9989849328994751,0.48519784212112427,0.18651451170444489,-0.03330960124731064,0.99974524974823,0.483257532119751,0.18728406727313995,0.012840229086577892,0.9991641044616699,0.5356537103652954,0.22804567217826843,-0.19403484463691711,0.9999948143959045,0.5200798511505127,0.2435050755739212,0.1795440912246704,0.9974839091300964,0.5816634297370911,0.30058541893959045,-0.25280606746673584,0.9958699345588684,0.5446544289588928,0.3364344537258148,0.20650243759155273,0.014907893724739552,0.548747181892395,0.4083825349807739,-0.21287217736244202,0.9917051196098328,0.5408875942230225,0.4107625186443329,0.13960431516170502,0.030589476227760315,0.546897292137146,0.4392152428627014,-0.24080999195575714,0.9824564456939697,0.5397114753723145,0.4449267089366913,0.13433781266212463,0.04551030322909355,0.5388127565383911,0.436476469039917,-0.23185589909553528,0.9804387092590332,0.5365433096885681,0.4431800842285156,0.1053222045302391,0.04712541401386261,0.5389290452003479,0.4287257194519043,-0.20496246218681335,0.9619840979576111,0.5373788475990295,0.43166884779930115,0.1228034496307373,0.04992968961596489,0.5612186193466187,0.4787083566188812,-0.11232303082942963,0.9996833205223083,0.5507645010948181,0.4794795513153076,0.1123596653342247,0.9977520704269409,0.5719702839851379,0.6716880202293396,-0.11004021018743515,0.9868519306182861,0.5718413591384888,0.6606511473655701,0.13112281262874603,0.7974189519882202,0.6268454790115356,0.8604910373687744,-0.09125450998544693,0.993441641330719,0.6205282211303711,0.8250578045845032,0.16117362678050995,0.8853358626365662,0.6484333276748657,0.8888407945632935,-0.09394746273756027,0.9786503314971924,0.6454029083251953,0.8241274356842041,0.16080908477306366,0.8874309659004211,0.5863808989524841,0.9197990298271179,-0.1836584061384201,0.9917792677879333,0.5895445942878723,0.8917903304100037,0.12087657302618027,0.9216969609260559
264,0.4761134088039398,0.17389024794101715,0.0017002016538754106,0.9995976090431213,0.4812379777431488,0.15372641384601593,-0.018527396023273468,0.999647319316864,0.48321565985679626,0.1527738869190216,-0.018597500398755074,0.9997082352638245,0.4853215217590332,0.1515296846628189,-0.018633725121617317,0.999784529209137,0.48012250661849976,0.15375560522079468,0.01700627990067005,0.9995403289794922,0.48119550943374634,0.15291784703731537,0.01703687757253647,0.999446451663971,0.4824933409690857,0.1517222821712494,0.017023026943206787,0.9994277358055115,0.5008656978607178,0.1522570252418518,-0.07045094668865204,0.9998673796653748,0.4969136714935303,0.15275311470031738,0.08837975561618805,0.9988608360290527,0.4859539866447449,0.18848177790641785,-0.0142576415091753,0.9997102618217468,0.484454482793808,0.18914353847503662,0.03154592961072922,0.999024510383606,0.5366265177726746,0.2291196584701538,-0.17595477402210236,0.9999948740005493,0.5217257738113403,0.24517735838890076,0.19107842445373535,0.997367262840271,0.5815402865409851,0.3002511262893677,-0.2551955580711365,0.9961323738098145,0.550001859664917,0.33671286702156067,0.21598076820373535,0.014686976559460163,0.5488740801811218,0.4066874086856842,-0.2520841062068939,0.9920039772987366,0.5442479848861694,0.41587498784065247,0.14443182945251465,0.02949937991797924,0.5472621321678162,0.43730592727661133,-0.2847558259963989,0.983009934425354,0.5433343648910522,0.4489748179912567,0.1386784017086029,0.04408884420990944,0.540031373500824,0.43547680974006653,-0.2752658724784851,0.9810389280319214,0.5404655933380127,0.4478958249092102,0.1096276193857193,0.04570145159959793,0.5400925278663635,0.4277448058128357,-0.24556565284729004,0.9632577300071716,0.5409552454948425,0.43555381894111633,0.12776875495910645,0.04836079850792885,0.5620521306991577,0.4753953218460083,-0.11243132501840591,0.9996516108512878,0.5519927144050598,0.47676435112953186,0.11245975643396378,0.9974902868270874,0.5704610347747803,0.672105610370636,-0.11632245779037476,0.9822448492050171,0.569952130317688,0.6616886854171753,0.11022637039422989,0.7625097036361694,0.6258736848831177,0.8607615828514099,-0.11014141142368317,0.9910663366317749,0.6177651882171631,0.8264607787132263,0.1308288872241974,0.8558440208435059,0.6473119258880615,0.8874709010124207,-0.11490114778280258,0.9744428992271423,0.6422246694564819,0.8379119634628296,0.1291370838880539,0.8696221113204956,0.5862793922424316,0.9195170998573303,-0.20738163590431213,0.9894154667854309,0.5816556215286255,0.8925202488899231,0.08318111300468445,0.9042130708694458
265,0.47662076354026794,0.17571626603603363,0.023672956973314285,0.9996026158332825,0.48188677430152893,0.15598616003990173,0.003750500036403537,0.9996418356895447,0.4839593768119812,0.1549833118915558,0.003699183464050293,0.9997025728225708,0.4862266480922699,0.15370990335941315,0.003652754006907344,0.9997797012329102,0.48062658309936523,0.15599901974201202,0.03765661641955376,0.999542772769928,0.4816194474697113,0.15510369837284088,0.03769378736615181,0.9994468688964844,0.4828117787837982,0.1538761705160141,0.03764387592673302,0.9994335770606995,0.5015029907226562,0.1555008441209793,-0.04668297618627548,0.9998654127120972,0.49676379561424255,0.15595471858978271,0.1042126789689064,0.9989034533500671,0.48666810989379883,0.19062122702598572,0.008001343347132206,0.999705970287323,0.4847736954689026,0.1910725235939026,0.05159049108624458,0.9990423321723938,0.5350024700164795,0.22912120819091797,-0.15896549820899963,0.9999949336051941,0.5209284424781799,0.24734094738960266,0.20793426036834717,0.9975278377532959,0.5797367691993713,0.29902151226997375,-0.24929490685462952,0.9964139461517334,0.5508633255958557,0.33928993344306946,0.24385535717010498,0.014991395175457,0.5490971803665161,0.4057460427284241,-0.26545435190200806,0.992307722568512,0.5444424748420715,0.4195190370082855,0.17541274428367615,0.02887936867773533,0.547976016998291,0.43655115365982056,-0.30150720477104187,0.9835861921310425,0.5457310676574707,0.45084571838378906,0.17437075078487396,0.043100856244564056,0.5412658452987671,0.43544888496398926,-0.2893863320350647,0.9816643595695496,0.5424233675003052,0.4501936733722687,0.1435641646385193,0.04466133937239647,0.5409337282180786,0.42758968472480774,-0.2588164210319519,0.9646017551422119,0.5425249338150024,0.43846383690834045,0.1592007279396057,0.047281596809625626,0.5629435777664185,0.47380247712135315,-0.11250942945480347,0.9996333718299866,0.556448221206665,0.4749208688735962,0.1125333309173584,0.9975523352622986,0.5621167421340942,0.6703790426254272,-0.13530758023262024,0.9827561974525452,0.5795690417289734,0.6607685089111328,0.10320238769054413,0.7269150614738464,0.6210366487503052,0.855100691318512,-0.13045772910118103,0.9893393516540527,0.6176882386207581,0.8342500329017639,0.11233776807785034,0.8280565142631531,0.6412643194198608,0.8769041299819946,-0.131735160946846,0.9735338687896729,0.6382925510406494,0.8490877151489258,0.1087224930524826,0.8520745635032654,0.585900604724884,0.9192268252372742,-0.20167306065559387,0.9872050881385803,0.5856428742408752,0.9040231704711914,0.061468351632356644,0.8816336393356323
266,0.476893812417984,0.1778290867805481,0.011513679288327694,0.9996266961097717,0.4826301038265228,0.15825343132019043,-0.009194787591695786,0.9996539354324341,0.48479732871055603,0.1572435200214386,-0.009185129776597023,0.9997125267982483,0.4871367812156677,0.15599432587623596,-0.009211262688040733,0.9997842907905579,0.48124465346336365,0.15821626782417297,0.0236208476126194,0.9995673298835754,0.48226118087768555,0.15729296207427979,0.023668022826313972,0.9994779229164124,0.4834764897823334,0.1560686230659485,0.023580927401781082,0.9994663596153259,0.5018888115882874,0.1581822782754898,-0.05678335949778557,0.9998692870140076,0.4971024990081787,0.15845194458961487,0.08911632001399994,0.9989946484565735,0.4872983992099762,0.19302915036678314,-0.002965036081150174,0.9997196793556213,0.485175222158432,0.19340626895427704,0.039001334458589554,0.9991123080253601,0.5337116718292236,0.23116186261177063,-0.16252875328063965,0.9999946355819702,0.5225784778594971,0.24895079433918,0.19368314743041992,0.9977453947067261,0.5775694847106934,0.29863011837005615,-0.2546626329421997,0.9966822862625122,0.5530810356140137,0.34041619300842285,0.2484132945537567,0.015331881120800972,0.5492461919784546,0.4052715301513672,-0.29634636640548706,0.9925903677940369,0.5458737015724182,0.42019882798194885,0.2044183760881424,0.02914614789187908,0.5484383702278137,0.436555951833725,-0.3332746624946594,0.9841933250427246,0.5491812825202942,0.4547383189201355,0.20759877562522888,0.04341171309351921,0.5423475503921509,0.4355394244194031,-0.3218168318271637,0.9822994470596313,0.5440748929977417,0.4587559103965759,0.17611843347549438,0.04502186179161072,0.5419222712516785,0.42779281735420227,-0.29084014892578125,0.9661224484443665,0.5439776182174683,0.44308364391326904,0.18957526981830597,0.04751918837428093,0.5606775879859924,0.4813247621059418,-0.11052966117858887,0.9996246099472046,0.5618836283683777,0.48153063654899597,0.11064211279153824,0.9977208375930786,0.5426307916641235,0.6752290725708008,-0.13709458708763123,0.9843912720680237,0.5836162567138672,0.6614611148834229,0.10812880098819733,0.7293629050254822,0.6126960515975952,0.8429603576660156,-0.1262015551328659,0.9895807504653931,0.6188074946403503,0.839754581451416,0.13001976907253265,0.8343255519866943,0.6309369206428528,0.8577369451522827,-0.12814262509346008,0.9752201437950134,0.6352090239524841,0.8530436158180237,0.1266946643590927,0.8580964207649231,0.5857612490653992,0.9173120856285095,-0.1682041734457016,0.9870059490203857,0.5885504484176636,0.9082130193710327,0.08337299525737762,0.8832679390907288
267,0.4765990674495697,0.17922697961330414,0.030958358198404312,0.9996464848518372,0.48256564140319824,0.15952321887016296,0.010226057842373848,0.9996675848960876,0.48463836312294006,0.15855920314788818,0.01024345401674509,0.9997237324714661,0.48688092827796936,0.1573888212442398,0.010232492350041866,0.9997919201850891,0.48142075538635254,0.15952259302139282,0.04371850937604904,0.9995899796485901,0.4825586676597595,0.15862543880939484,0.043753352016210556,0.9995043277740479,0.48384442925453186,0.15743595361709595,0.04365912824869156,0.9994981288909912,0.5016640424728394,0.15951626002788544,-0.04126535356044769,0.9998741149902344,0.49757495522499084,0.15983322262763977,0.10822844505310059,0.9990769624710083,0.48681750893592834,0.1945747584104538,0.014910764992237091,0.9997297525405884,0.48502326011657715,0.1949528306722641,0.0579877570271492,0.9991713166236877,0.5325533151626587,0.23169536888599396,-0.1512812376022339,0.9999946355819702,0.5247975587844849,0.2498721480369568,0.2090582400560379,0.997951090335846,0.5758763551712036,0.2989934980869293,-0.26113182306289673,0.9969107508659363,0.5543137788772583,0.34136635065078735,0.27613985538482666,0.015623725950717926,0.5493196249008179,0.40646523237228394,-0.31377124786376953,0.9928368926048279,0.5472590327262878,0.42982912063598633,0.24114075303077698,0.029988091439008713,0.5491336584091187,0.4380120635032654,-0.35007214546203613,0.9847992658615112,0.5492175817489624,0.46098607778549194,0.2444392442703247,0.0445118248462677,0.5433881878852844,0.4376680254936218,-0.33859366178512573,0.9829257726669312,0.5451647043228149,0.46449393033981323,0.2128480225801468,0.04616953805088997,0.5427801012992859,0.43010279536247253,-0.3080936372280121,0.9674642086029053,0.5454410314559937,0.45365631580352783,0.226308673620224,0.048497095704078674,0.5586434602737427,0.48258429765701294,-0.10977667570114136,0.999638557434082,0.5638951063156128,0.48357459902763367,0.10991267114877701,0.9979121685028076,0.5234551429748535,0.6720548272132874,-0.1533161699771881,0.9858167767524719,0.5799255967140198,0.6610720157623291,0.07331977784633636,0.7335907816886902,0.5997300744056702,0.8300405740737915,-0.14306417107582092,0.9897285103797913,0.6165265440940857,0.8402788639068604,0.08006693422794342,0.8400936126708984,0.6173130869865417,0.8423303365707397,-0.14221051335334778,0.9765216708183289,0.6341873407363892,0.8598772883415222,0.07555808871984482,0.8623344898223877,0.5826600790023804,0.914029598236084,-0.17611613869667053,0.9869335889816284,0.586948037147522,0.9080203771591187,0.03171755373477936,0.8854974508285522
268,0.4759025573730469,0.18011926114559174,0.032016076147556305,0.99965900182724,0.481886088848114,0.16091088950634003,0.01119399257004261,0.9996709227561951,0.4839402139186859,0.15986041724681854,0.011225573718547821,0.9997246861457825,0.48613208532333374,0.15860432386398315,0.011206673458218575,0.9997921586036682,0.4807301163673401,0.16078943014144897,0.044091541320085526,0.9996051788330078,0.48187342286109924,0.15974929928779602,0.04413153603672981,0.9995216131210327,0.48315319418907166,0.15851576626300812,0.044027309864759445,0.999522864818573,0.5008732080459595,0.16065922379493713,-0.038237519562244415,0.9998741745948792,0.4969196319580078,0.16094058752059937,0.10856141149997711,0.9991486668586731,0.4857849180698395,0.19479258358478546,0.016757749021053314,0.9997345209121704,0.484016090631485,0.19530411064624786,0.059059806168079376,0.9992212057113647,0.5319308042526245,0.23262199759483337,-0.14821302890777588,0.9999943971633911,0.5245391726493835,0.25090259313583374,0.2117292881011963,0.9981403350830078,0.5748579502105713,0.300616592168808,-0.26279333233833313,0.997118353843689,0.554627537727356,0.34296295046806335,0.28375327587127686,0.015962354838848114,0.5483734607696533,0.40587517619132996,-0.3170924782752991,0.9930054545402527,0.5474143624305725,0.4381691515445709,0.25195688009262085,0.03127778321504593,0.5478154420852661,0.4373650848865509,-0.35309696197509766,0.985247015953064,0.5492681860923767,0.46392714977264404,0.2564825117588043,0.04606778919696808,0.5420141816139221,0.43672069907188416,-0.3410605788230896,0.983371913433075,0.5454232692718506,0.4666081368923187,0.22569191455841064,0.04772961139678955,0.5414623022079468,0.4287533164024353,-0.3112839460372925,0.9685084819793701,0.5451052188873291,0.4547824561595917,0.23783037066459656,0.04986492916941643,0.5576832294464111,0.4829719662666321,-0.10952155292034149,0.9996504187583923,0.5633227229118347,0.4850955605506897,0.10967862606048584,0.9980888962745667,0.5078646540641785,0.667137622833252,-0.15915298461914062,0.9871688485145569,0.5740014314651489,0.6614495515823364,0.07562882453203201,0.734330415725708,0.5826189517974854,0.822622537612915,-0.1503373682498932,0.9899083971977234,0.6128758192062378,0.8431292772293091,0.0844234973192215,0.8445312976837158,0.6017806529998779,0.8384283185005188,-0.14862065017223358,0.977843701839447,0.6307464838027954,0.871760368347168,0.07973648607730865,0.8663252592086792,0.5670127868652344,0.9115853309631348,-0.17698387801647186,0.9867931604385376,0.5743287801742554,0.9076942205429077,0.03648828715085983,0.8859873414039612
269,0.475313663482666,0.18299418687820435,0.028501978144049644,0.9996485114097595,0.4811539649963379,0.16338366270065308,0.007960109040141106,0.9996499419212341,0.4832031726837158,0.16219571232795715,0.007975844666361809,0.9997025728225708,0.4853808879852295,0.1607980877161026,0.007944054901599884,0.9997770190238953,0.4799802303314209,0.16320130228996277,0.04197609797120094,0.9995960593223572,0.48110049962997437,0.16201460361480713,0.04202573373913765,0.999505877494812,0.4823654294013977,0.16067767143249512,0.041942499577999115,0.9995240569114685,0.5001850724220276,0.16215156018733978,-0.040484994649887085,0.9998628497123718,0.496210515499115,0.16253289580345154,0.11185833066701889,0.9991812109947205,0.48502349853515625,0.19676139950752258,0.013668149709701538,0.999718189239502,0.4832538068294525,0.19743412733078003,0.05759250000119209,0.9992326498031616,0.531358540058136,0.23315750062465668,-0.15141832828521729,0.9999940991401672,0.5236022472381592,0.25169849395751953,0.2203109711408615,0.9983014464378357,0.5743230581283569,0.30187344551086426,-0.2628912031650543,0.9973074197769165,0.5526567697525024,0.3461098074913025,0.2832644283771515,0.016301749274134636,0.5479519367218018,0.40754929184913635,-0.3044711947441101,0.9931476712226868,0.5462254285812378,0.44436344504356384,0.23398509621620178,0.03265931457281113,0.5468977093696594,0.4386524558067322,-0.3411967158317566,0.985547661781311,0.5484586358070374,0.46628111600875854,0.2355579137802124,0.047527652233839035,0.5407405495643616,0.43776991963386536,-0.32765963673591614,0.9836555123329163,0.5437184572219849,0.4684378206729889,0.2047276496887207,0.0490957610309124,0.5403642058372498,0.4297896921634674,-0.2977106273174286,0.9691064357757568,0.5440981388092041,0.46050766110420227,0.21921654045581818,0.051087334752082825,0.557441771030426,0.48213714361190796,-0.11165903508663177,0.999661922454834,0.5606909394264221,0.4860210120677948,0.11184235662221909,0.9982433915138245,0.4946114420890808,0.6595571041107178,-0.1716253161430359,0.988340437412262,0.5664089322090149,0.6603015661239624,0.072725810110569,0.7300504446029663,0.5575258731842041,0.826184093952179,-0.16196194291114807,0.9900765419006348,0.6127701997756958,0.8537936806678772,0.0746416226029396,0.8484705090522766,0.576386034488678,0.8429840803146362,-0.16004492342472076,0.9786775708198547,0.6288469433784485,0.8867581486701965,0.06979355216026306,0.8694974780082703,0.5288911461830139,0.9121105670928955,-0.17951196432113647,0.9866780042648315,0.5740965008735657,0.9103037714958191,0.024595607072114944,0.8862972855567932
270,0.47492700815200806,0.18584918975830078,0.026305511593818665,0.9996452927589417,0.4807562232017517,0.16597947478294373,0.006954954471439123,0.9996392726898193,0.4827764928340912,0.1646721065044403,0.006953972391784191,0.9996899366378784,0.48490414023399353,0.16318351030349731,0.006923879496753216,0.9997693300247192,0.47962912917137146,0.1657802313566208,0.04127601906657219,0.9995944499969482,0.4807734489440918,0.16451413929462433,0.04132343828678131,0.9994974732398987,0.4820811152458191,0.16310712695121765,0.04127522185444832,0.9995285868644714,0.4997195303440094,0.16404660046100616,-0.03823799267411232,0.9998546242713928,0.4958551824092865,0.16429704427719116,0.11539991199970245,0.9991931915283203,0.48481693863868713,0.1986234039068222,0.012686987407505512,0.9997020363807678,0.48294371366500854,0.19944016635417938,0.05706365779042244,0.9992372393608093,0.5312434434890747,0.2336779683828354,-0.14767703413963318,0.9999937415122986,0.5226234793663025,0.25221365690231323,0.22448968887329102,0.998428225517273,0.5720542669296265,0.3026353716850281,-0.25520041584968567,0.9974839687347412,0.5493746399879456,0.3485201895236969,0.2773132920265198,0.017040474340319633,0.5444329977035522,0.4086649715900421,-0.2975989282131195,0.9933149814605713,0.5452135801315308,0.4465523660182953,0.22256186604499817,0.03445826470851898,0.5439592599868774,0.4395271837711334,-0.32891762256622314,0.9857966303825378,0.5469683408737183,0.46776899695396423,0.2251613885164261,0.0494203045964241,0.5384377241134644,0.43873074650764465,-0.3218691051006317,0.9839120507240295,0.5423814058303833,0.4699367582798004,0.1956578940153122,0.05107051134109497,0.5380233526229858,0.4307454526424408,-0.2941638231277466,0.9695929288864136,0.5428003072738647,0.46348273754119873,0.2076658457517624,0.052862390875816345,0.5559009909629822,0.482976496219635,-0.11313289403915405,0.9996584057807922,0.5581673383712769,0.4867376983165741,0.11330263316631317,0.9983598589897156,0.4856242537498474,0.6527693867683411,-0.1621336042881012,0.9891483783721924,0.563874363899231,0.6642234921455383,0.06783051788806915,0.7281927466392517,0.5302929878234863,0.8283129334449768,-0.13722631335258484,0.990077793598175,0.6145713925361633,0.8589131832122803,0.057879239320755005,0.8540024161338806,0.5476783514022827,0.8485310673713684,-0.1326393485069275,0.9787658452987671,0.6302027702331543,0.8915491700172424,0.05240757390856743,0.8726997971534729,0.49125194549560547,0.9123712182044983,-0.1568741649389267,0.9864153861999512,0.5757172107696533,0.9089273810386658,0.004369822330772877,0.8871250748634338
271,0.4747791290283203,0.19092749059200287,0.020731966942548752,0.9996026754379272,0.48012495040893555,0.17072920501232147,0.0007872575079090893,0.9995856285095215,0.48219233751296997,0.16928046941757202,0.0007682083523832262,0.9996434450149536,0.484424889087677,0.16759495437145233,0.0007372673135250807,0.9997405409812927,0.47892269492149353,0.17059451341629028,0.03578963503241539,0.9995492100715637,0.47998547554016113,0.16919608414173126,0.035836998373270035,0.9994289875030518,0.4812110960483551,0.16761957108974457,0.0358109250664711,0.9994818568229675,0.4990883469581604,0.1671871691942215,-0.046696737408638,0.999829888343811,0.49505215883255005,0.16722372174263,0.11070559173822403,0.9990721344947815,0.483877032995224,0.2034938782453537,0.006522341165691614,0.9996538758277893,0.4819513261318207,0.20451751351356506,0.05198065564036369,0.999141275882721,0.5285927057266235,0.2344677448272705,-0.15300238132476807,0.9999933838844299,0.5183130502700806,0.2528972327709198,0.22198498249053955,0.9984660744667053,0.5676336884498596,0.3022562563419342,-0.25632208585739136,0.9975823163986206,0.5436878204345703,0.3519938290119171,0.27050527930259705,0.017041796818375587,0.5391438007354736,0.4082326591014862,-0.29191386699676514,0.9930855631828308,0.5439780354499817,0.4479176104068756,0.2113679200410843,0.034366101026535034,0.5394646525382996,0.43902456760406494,-0.3250456750392914,0.985223650932312,0.5468289256095886,0.4678402841091156,0.20898155868053436,0.04921664670109749,0.5339639186859131,0.43844324350357056,-0.3161010444164276,0.9831956624984741,0.5422787666320801,0.46982473134994507,0.1781304031610489,0.050958361476659775,0.5333751440048218,0.43056580424308777,-0.2848784327507019,0.9682609438896179,0.5424066781997681,0.4629177451133728,0.19523397088050842,0.05266953632235527,0.5513750910758972,0.48805850744247437,-0.11409397423267365,0.9996321201324463,0.5573728680610657,0.49522721767425537,0.11423830687999725,0.9983646869659424,0.48010340332984924,0.6566522121429443,-0.14846867322921753,0.9890929460525513,0.5637429356575012,0.6739039421081543,0.06741466373205185,0.7267904877662659,0.49755215644836426,0.8493859767913818,-0.12445791810750961,0.990404486656189,0.6131066083908081,0.8607052564620972,0.051414668560028076,0.8587582111358643,0.5119960904121399,0.8757907152175903,-0.1233946681022644,0.9790348410606384,0.6300099492073059,0.8923158645629883,0.04581238329410553,0.8754988312721252,0.4532535970211029,0.9106284976005554,-0.16696831583976746,0.9865866899490356,0.571765661239624,0.9083813428878784,-0.003018635790795088,0.8884831666946411
272,0.47380557656288147,0.1939249187707901,0.017853256314992905,0.9995457530021667,0.47840309143066406,0.17326949536800385,-0.004119108431041241,0.9995104670524597,0.4803219437599182,0.1719692498445511,-0.004197484813630581,0.9995794892311096,0.4824967384338379,0.17048363387584686,-0.004245184361934662,0.9997029900550842,0.4773569107055664,0.17330482602119446,0.03495984524488449,0.9994803667068481,0.47837600111961365,0.17215345799922943,0.035020653158426285,0.9993279576301575,0.4795665740966797,0.17084181308746338,0.03505105525255203,0.9994019269943237,0.49694448709487915,0.17058855295181274,-0.05883467197418213,0.999800443649292,0.4933299124240875,0.17038394510746002,0.10585083067417145,0.9988377690315247,0.4818366467952728,0.20682957768440247,0.001162296044640243,0.9996070861816406,0.48014459013938904,0.20773273706436157,0.05110275745391846,0.998982846736908,0.5239467620849609,0.23592910170555115,-0.1619984209537506,0.9999929070472717,0.5165988802909851,0.25496363639831543,0.21545279026031494,0.9983507990837097,0.5614601373672485,0.30259761214256287,-0.2541775107383728,0.997665524482727,0.5405675768852234,0.35290271043777466,0.2595013976097107,0.016417941078543663,0.531822144985199,0.40833544731140137,-0.24915583431720734,0.9927836656570435,0.5369521379470825,0.4470456540584564,0.18162962794303894,0.033142589032649994,0.5308657884597778,0.43953585624694824,-0.28483909368515015,0.9843626618385315,0.5365704298019409,0.46641379594802856,0.17775078117847443,0.04751055687665939,0.5256376266479492,0.43892428278923035,-0.2718033790588379,0.9821126461029053,0.5334558486938477,0.4692813754081726,0.14562895894050598,0.04923141747713089,0.5256709456443787,0.4310280382633209,-0.24146747589111328,0.9664350152015686,0.5338717699050903,0.46257278323173523,0.16432508826255798,0.05109357833862305,0.5447018146514893,0.49022623896598816,-0.11480712890625,0.9995959401130676,0.5503799319267273,0.499509334564209,0.1149514764547348,0.9982648491859436,0.47477418184280396,0.6593420505523682,-0.14658495783805847,0.98818039894104,0.5548285841941833,0.6776648759841919,0.08699017763137817,0.7201114892959595,0.4698243737220764,0.8633875250816345,-0.14421169459819794,0.9905953407287598,0.6112355589866638,0.8601234555244446,0.07602320611476898,0.8613871335983276,0.47987523674964905,0.8983404636383057,-0.1481989473104477,0.9788431525230408,0.6299557685852051,0.8910681009292603,0.07226605713367462,0.8775273561477661,0.4171566367149353,0.9034668207168579,-0.22160813212394714,0.9866265058517456,0.5692449808120728,0.909145176410675,0.027254438027739525,0.8887941837310791
273,0.4714330732822418,0.1998414397239685,0.02594275400042534,0.9995506405830383,0.4756266474723816,0.1792847365140915,0.0031553874723613262,0.9995090365409851,0.4774284362792969,0.1780879944562912,0.0030844297725707293,0.9995788931846619,0.47937458753585815,0.17683540284633636,0.003045563353225589,0.9997057914733887,0.47458896040916443,0.17947086691856384,0.041540879756212234,0.999485433101654,0.47552186250686646,0.17844049632549286,0.041586875915527344,0.9993250966072083,0.4766080975532532,0.1773010939359665,0.04157092422246933,0.9994015097618103,0.49343013763427734,0.17702896893024445,-0.05414740368723869,0.9997979402542114,0.48967790603637695,0.1768697053194046,0.11516302824020386,0.9988095760345459,0.47889551520347595,0.21364231407642365,0.008589149452745914,0.9996086359024048,0.4773293137550354,0.21438182890415192,0.05823727697134018,0.998974621295929,0.5190171003341675,0.24137894809246063,-0.1619313806295395,0.9999927878379822,0.5127705931663513,0.2600446939468384,0.2304704636335373,0.9983551502227783,0.5512604713439941,0.31004369258880615,-0.25646650791168213,0.9977201223373413,0.5363396406173706,0.36248278617858887,0.2732613682746887,0.016224602237343788,0.5251880884170532,0.4151918292045593,-0.2571794390678406,0.9926227331161499,0.5327075123786926,0.4524342715740204,0.1923113465309143,0.03317679464817047,0.5240432024002075,0.4447246193885803,-0.2993745505809784,0.9839862585067749,0.5334612131118774,0.4833396077156067,0.18768619000911713,0.047500770539045334,0.5191336870193481,0.44426804780960083,-0.28404849767684937,0.9816107749938965,0.5300945043563843,0.4918888211250305,0.15341036021709442,0.04926184192299843,0.519600510597229,0.4372016191482544,-0.24822339415550232,0.9656542539596558,0.5307504534721375,0.4811386466026306,0.17356307804584503,0.05137326940894127,0.5379180312156677,0.4977615773677826,-0.12014347314834595,0.999576210975647,0.5418078899383545,0.5098616480827332,0.12029782682657242,0.9982571005821228,0.4672085642814636,0.6652536392211914,-0.1474715769290924,0.9874716401100159,0.5438958406448364,0.6902137398719788,0.1056399792432785,0.7201249599456787,0.43908804655075073,0.8707268834114075,-0.163491353392601,0.9910609722137451,0.6098271608352661,0.8604832291603088,0.10576289892196655,0.8654354214668274,0.44537824392318726,0.9136701226234436,-0.1685895472764969,0.9799038767814636,0.6301330327987671,0.8899816870689392,0.10322757810354233,0.8812501430511475,0.383918821811676,0.8802014589309692,-0.24460308253765106,0.987108588218689,0.5688009858131409,0.911015510559082,0.05626951903104782,0.889309287071228
274,0.4683084487915039,0.20658308267593384,0.034783750772476196,0.9995486736297607,0.4727746546268463,0.1861717700958252,0.011746423318982124,0.999505877494812,0.474600225687027,0.18504369258880615,0.011681260541081429,0.999577522277832,0.47649049758911133,0.18384581804275513,0.011657094582915306,0.9997069835662842,0.47156086564064026,0.1861206740140915,0.0497760996222496,0.9994872808456421,0.47241902351379395,0.18499596416950226,0.04981183260679245,0.9993186593055725,0.47345829010009766,0.1836692839860916,0.04976845532655716,0.9993988275527954,0.49056902527809143,0.1846528947353363,-0.04714903235435486,0.9997915625572205,0.48635491728782654,0.18389204144477844,0.12235461175441742,0.9988024830818176,0.4756632447242737,0.22137175500392914,0.01690647378563881,0.9996029138565063,0.47375351190567017,0.22132733464241028,0.06622959673404694,0.9989560842514038,0.5160692930221558,0.2514532208442688,-0.15996816754341125,0.999992311000824,0.5088123083114624,0.2682008147239685,0.23699581623077393,0.9983989596366882,0.5412071943283081,0.32743924856185913,-0.2814009189605713,0.9975966811180115,0.5265859961509705,0.3768618404865265,0.28197768330574036,0.01663859561085701,0.5198133587837219,0.42560678720474243,-0.33316105604171753,0.9920941591262817,0.5256894826889038,0.46578118205070496,0.21069398522377014,0.03468641638755798,0.5188229084014893,0.4537545442581177,-0.37442490458488464,0.9832878112792969,0.5268758535385132,0.5079296827316284,0.20979420840740204,0.04927092418074608,0.5148299932479858,0.4536278247833252,-0.35990700125694275,0.9807571768760681,0.5247083902359009,0.5078146457672119,0.17907820641994476,0.051151275634765625,0.5151994824409485,0.44708773493766785,-0.3262481689453125,0.9642946720123291,0.5253216624259949,0.49587246775627136,0.19421344995498657,0.053479503840208054,0.5304778218269348,0.5133643746376038,-0.12385445833206177,0.9995536804199219,0.532530665397644,0.5250015258789062,0.12397672981023788,0.9982789158821106,0.45582813024520874,0.6722251176834106,-0.14980021119117737,0.9863179326057434,0.5355253219604492,0.7053701877593994,0.10493634641170502,0.7249433398246765,0.41260799765586853,0.8706566691398621,-0.16695211827754974,0.9914640188217163,0.608830451965332,0.8611452579498291,0.10572218894958496,0.8686661720275879,0.4194491505622864,0.9109799861907959,-0.1717841923236847,0.9808921217918396,0.6288676261901855,0.8887574672698975,0.10259898751974106,0.8847832679748535,0.35822737216949463,0.8668931126594543,-0.24611015617847443,0.9874746203422546,0.5682505965232849,0.9131941795349121,0.056177325546741486,0.8889439702033997
275,0.46490103006362915,0.21583928167819977,0.03443070128560066,0.9995096325874329,0.46929866075515747,0.1949012726545334,0.011269589886069298,0.9994831681251526,0.4710513949394226,0.19387605786323547,0.011210295371711254,0.9995625615119934,0.4729107916355133,0.192710280418396,0.01119137741625309,0.9996998310089111,0.4681675434112549,0.19479840993881226,0.049559883773326874,0.9994610548019409,0.46900859475135803,0.1936938762664795,0.04959259554743767,0.9992743134498596,0.47003036737442017,0.19234034419059753,0.04954666644334793,0.9993672370910645,0.4861070513725281,0.19456596672534943,-0.04863245412707329,0.9997769594192505,0.48233160376548767,0.19334937632083893,0.12185156345367432,0.9987194538116455,0.47227591276168823,0.2318969964981079,0.0160189401358366,0.9995800256729126,0.4703107476234436,0.23139703273773193,0.06570830196142197,0.9988803267478943,0.5107293128967285,0.2632090747356415,-0.160991370677948,0.9999919533729553,0.5045304298400879,0.2803589999675751,0.23873230814933777,0.9984244704246521,0.5310227870941162,0.34306666254997253,-0.2993864119052887,0.9973912239074707,0.5207089781761169,0.38563528656959534,0.29362982511520386,0.016622867435216904,0.5147497653961182,0.4409666657447815,-0.36359286308288574,0.9915809631347656,0.5168431997299194,0.4720344841480255,0.23619571328163147,0.03579828515648842,0.5140812397003174,0.4656636416912079,-0.40576499700546265,0.9827792644500732,0.5187665224075317,0.5066409111022949,0.23961272835731506,0.05090364068746567,0.510591983795166,0.4677799344062805,-0.38967180252075195,0.9800963997840881,0.5166622400283813,0.5127226114273071,0.20907604694366455,0.05291379988193512,0.510766327381134,0.4610110819339752,-0.35633859038352966,0.9631277918815613,0.5129897594451904,0.49466362595558167,0.2206665724515915,0.05539500340819359,0.5223031044006348,0.5242639183998108,-0.1274121254682541,0.9995354413986206,0.5240480303764343,0.5363220572471619,0.12751956284046173,0.9982228875160217,0.442701518535614,0.6724159121513367,-0.16167476773262024,0.9846120476722717,0.524002194404602,0.712541937828064,0.1116526871919632,0.7201216816902161,0.3946598470211029,0.8714959621429443,-0.19175904989242554,0.9918655157089233,0.6084945201873779,0.8607438206672668,0.11365355551242828,0.8688347935676575,0.40032848715782166,0.9125699400901794,-0.19824428856372833,0.981885552406311,0.6283514499664307,0.888317883014679,0.11140869557857513,0.886646568775177,0.3412855267524719,0.8630325198173523,-0.27462857961654663,0.9879255890846252,0.5674752593040466,0.9156757593154907,0.06935247033834457,0.8878598809242249
276,0.4605228304862976,0.22828809916973114,0.029963698238134384,0.999477744102478,0.4650115370750427,0.20707975327968597,0.007590285502374172,0.999472975730896,0.4666685163974762,0.20611141622066498,0.007539520971477032,0.9995564818382263,0.4684389531612396,0.2051582783460617,0.007512364536523819,0.9996955990791321,0.4641863703727722,0.20670248568058014,0.04486612230539322,0.9994494318962097,0.4651530683040619,0.20543284714221954,0.044900719076395035,0.9992545247077942,0.46627965569496155,0.2040688842535019,0.04485652223229408,0.9993569254875183,0.4818214774131775,0.20733585953712463,-0.05272269994020462,0.9997650980949402,0.4790104031562805,0.20554587244987488,0.11727144569158554,0.9987020492553711,0.467214971780777,0.24396912753582,0.012536851689219475,0.9995562434196472,0.4656859338283539,0.2430291473865509,0.061083387583494186,0.9988231658935547,0.5065227746963501,0.28386572003364563,-0.16133254766464233,0.9999906420707703,0.5023700594902039,0.2961369752883911,0.23145070672035217,0.9984852075576782,0.5204137563705444,0.363943487405777,-0.3073273301124573,0.9963871836662292,0.5127955675125122,0.4007311463356018,0.2949487268924713,0.01667623035609722,0.5088559985160828,0.45662206411361694,-0.38663506507873535,0.9892315864562988,0.5032535791397095,0.4835289418697357,0.2591892182826996,0.03687187284231186,0.5083180665969849,0.4803563356399536,-0.42840680480003357,0.9803115129470825,0.5047134160995483,0.514265775680542,0.26510393619537354,0.0526285283267498,0.5049070119857788,0.48074087500572205,-0.414246141910553,0.9772279262542725,0.4999110698699951,0.5107773542404175,0.23616108298301697,0.05485168844461441,0.5048931837081909,0.47444432973861694,-0.380996972322464,0.9582394957542419,0.49980679154396057,0.502067506313324,0.244930237531662,0.05748586356639862,0.5110284090042114,0.5444011092185974,-0.12725088000297546,0.9995267391204834,0.5127373933792114,0.5526638627052307,0.12735065817832947,0.9982178807258606,0.4252457022666931,0.6725759506225586,-0.1723078191280365,0.9837468266487122,0.5140703916549683,0.7280040979385376,0.12344970554113388,0.7236095070838928,0.3817324638366699,0.8739776611328125,-0.20481297373771667,0.9923660159111023,0.6040441393852234,0.8611821532249451,0.13255658745765686,0.8725566267967224,0.3877146244049072,0.916050136089325,-0.21128353476524353,0.9829047322273254,0.6270118951797485,0.8851577043533325,0.13105249404907227,0.8899523019790649,0.32690808176994324,0.8625110983848572,-0.28661662340164185,0.9885488748550415,0.5670884847640991,0.9183701276779175,0.09288762509822845,0.8899370431900024
277,0.454345166683197,0.24660511314868927,0.027524152770638466,0.9994415044784546,0.45936107635498047,0.22490613162517548,0.0035533327609300613,0.9994694590568542,0.46100854873657227,0.2240665853023529,0.0035161920823156834,0.999554455280304,0.46276363730430603,0.22319112718105316,0.0035189955960959196,0.9996921420097351,0.458657830953598,0.22420118749141693,0.04102618619799614,0.9994322061538696,0.45971688628196716,0.22284270823001862,0.04103808104991913,0.9992274045944214,0.4609456956386566,0.2214413583278656,0.040984682738780975,0.9993398189544678,0.47710609436035156,0.2260059416294098,-0.05833704397082329,0.9997493624687195,0.47524356842041016,0.22398477792739868,0.10954868793487549,0.9986929893493652,0.46106967329978943,0.26216748356819153,0.009348020888864994,0.9995121955871582,0.459860622882843,0.261821985244751,0.05813430994749069,0.9987201690673828,0.5002684593200684,0.3045310080051422,-0.15937389433383942,0.9999880790710449,0.5008255243301392,0.31311941146850586,0.2157568484544754,0.9985141754150391,0.507594645023346,0.383591890335083,-0.3039318323135376,0.9937166571617126,0.5044984221458435,0.4122364819049835,0.28869062662124634,0.016411444172263145,0.4984358847141266,0.47427400946617126,-0.38743963837623596,0.9834768176078796,0.49067822098731995,0.48550552129745483,0.27490195631980896,0.0370931401848793,0.49806490540504456,0.4982578754425049,-0.4265662729740143,0.9744117856025696,0.4921649396419525,0.5124698877334595,0.2845930755138397,0.05370454862713814,0.49494290351867676,0.4982062578201294,-0.41274595260620117,0.9706096053123474,0.4854675829410553,0.5058411359786987,0.2572954297065735,0.05617665871977806,0.49479612708091736,0.48943307995796204,-0.38209637999534607,0.9481399655342102,0.4877079129219055,0.5003102421760559,0.2621001601219177,0.058896519243717194,0.49772167205810547,0.5650186538696289,-0.12557485699653625,0.9994920492172241,0.5012482404708862,0.5705773234367371,0.12558206915855408,0.9981440305709839,0.4063987135887146,0.6778827905654907,-0.1493704468011856,0.9818326234817505,0.5041946172714233,0.7461854815483093,0.13530685007572174,0.7319517135620117,0.3753749132156372,0.8782433271408081,-0.16074809432029724,0.9926405549049377,0.6009315252304077,0.8604459762573242,0.13988617062568665,0.8784115314483643,0.3845527768135071,0.9220370054244995,-0.1650373488664627,0.9836098551750183,0.626440167427063,0.8797119855880737,0.13882353901863098,0.8956393003463745,0.3203045725822449,0.8693466782569885,-0.22252380847930908,0.988684892654419,0.56672602891922,0.917368471622467,0.11066295206546783,0.8924018740653992
278,0.4482269883155823,0.2659594416618347,0.009126932360231876,0.9994637966156006,0.45365580916404724,0.2471737265586853,-0.012641631066799164,0.999500572681427,0.455456018447876,0.2465577870607376,-0.012662624940276146,0.9995808005332947,0.4572286009788513,0.2459619790315628,-0.012662554159760475,0.9997089505195618,0.45309290289878845,0.24649660289287567,0.023334357887506485,0.9994577765464783,0.454342782497406,0.2453395277261734,0.023347320035099983,0.9992642402648926,0.4557303488254547,0.24417239427566528,0.02331468090415001,0.9993762373924255,0.4714953899383545,0.24956080317497253,-0.06838495284318924,0.9997571110725403,0.4706176817417145,0.2479049414396286,0.09234841912984848,0.9987719058990479,0.4548242688179016,0.281748503446579,-0.0073194787837564945,0.9995187520980835,0.45400214195251465,0.2816571891307831,0.039255090057849884,0.9987455010414124,0.49213480949401855,0.3307202458381653,-0.15983790159225464,0.9999862313270569,0.4958786964416504,0.3381001651287079,0.19578254222869873,0.9985952377319336,0.49634629487991333,0.41345107555389404,-0.2656733989715576,0.9913145899772644,0.4977415204048157,0.4382860064506531,0.23962494730949402,0.016246944665908813,0.48363542556762695,0.5028473138809204,-0.28458210825920105,0.9736242890357971,0.48560112714767456,0.5117700695991516,0.19307976961135864,0.03590847924351692,0.4814416766166687,0.5241625905036926,-0.3141970932483673,0.9627466201782227,0.4844904839992523,0.53911292552948,0.19320139288902283,0.052349865436553955,0.4789627194404602,0.5240084528923035,-0.3044845759868622,0.9578588604927063,0.4811061918735504,0.536742091178894,0.16847003996372223,0.054856184870004654,0.4803203046321869,0.5167407989501953,-0.2794877290725708,0.9311831593513489,0.4813235402107239,0.5263808369636536,0.17949073016643524,0.05750136449933052,0.486171156167984,0.5871092677116394,-0.12109919637441635,0.9994153380393982,0.4895068109035492,0.5931817889213562,0.12103487551212311,0.998134195804596,0.39024490118026733,0.6801882982254028,-0.11646629869937897,0.981323778629303,0.4958034157752991,0.7638811469078064,0.11496691405773163,0.7527081966400146,0.3698429763317108,0.8769465088844299,-0.07798682153224945,0.9929344058036804,0.5977352261543274,0.8559129238128662,0.11591973155736923,0.8883280158042908,0.38305315375328064,0.9170307517051697,-0.07752277702093124,0.983697235584259,0.6243229508399963,0.8652329444885254,0.11640854179859161,0.9043335318565369,0.3201858699321747,0.8916617631912231,-0.12832629680633545,0.9889525771141052,0.5664295554161072,0.9161036014556885,0.09356839954853058,0.9000620245933533
279,0.441680371761322,0.2847971022129059,0.010555852204561234,0.9994932413101196,0.4471043646335602,0.2680906653404236,-0.012338658794760704,0.99953693151474,0.44867515563964844,0.2676912844181061,-0.012409662827849388,0.9996109008789062,0.4505546987056732,0.26723578572273254,-0.01243295706808567,0.9997290372848511,0.4464585781097412,0.267381489276886,0.025100212544202805,0.9994902610778809,0.44744449853897095,0.2665822207927704,0.025122275575995445,0.9993086457252502,0.4486854672431946,0.26570969820022583,0.02507917955517769,0.9994193315505981,0.4642585813999176,0.2723446190357208,-0.06415385752916336,0.9997707009315491,0.46300047636032104,0.27072873711586,0.09547983109951019,0.9988591074943542,0.44811373949050903,0.3018357753753662,-0.006552460603415966,0.9995371103286743,0.446986585855484,0.30107951164245605,0.04107949137687683,0.9988006353378296,0.4857617914676666,0.35779350996017456,-0.15104690194129944,0.9999854564666748,0.4869004786014557,0.36274218559265137,0.2007368505001068,0.9986916780471802,0.48689261078834534,0.44095900654792786,-0.2600972354412079,0.9888492226600647,0.48874330520629883,0.4636988043785095,0.24384920299053192,0.016109485179185867,0.472869336605072,0.5276950001716614,-0.2923612892627716,0.963208019733429,0.4774135649204254,0.5391167998313904,0.1962105929851532,0.03442778438329697,0.4697279930114746,0.5522518754005432,-0.3218967020511627,0.9510723948478699,0.47761112451553345,0.5611134767532349,0.19602341949939728,0.05045274272561073,0.4673464894294739,0.5491183996200562,-0.30980509519577026,0.9449556469917297,0.4756087362766266,0.5565350651741028,0.17254838347434998,0.05290686711668968,0.4684825539588928,0.5431941747665405,-0.2863248884677887,0.9146931767463684,0.47572261095046997,0.5473445653915405,0.18320436775684357,0.05550990626215935,0.4730411171913147,0.6100552082061768,-0.11881385743618011,0.999405026435852,0.47733059525489807,0.6141535043716431,0.11866561323404312,0.9982167482376099,0.37397056818008423,0.680770993232727,-0.09683497250080109,0.9821242690086365,0.48866337537765503,0.7987083196640015,0.10718826204538345,0.7736654877662659,0.36633312702178955,0.8793318867683411,-0.048846203833818436,0.9932654500007629,0.5951516032218933,0.8470376133918762,0.10496552288532257,0.8982460498809814,0.38018977642059326,0.9164579510688782,-0.04636138677597046,0.9837571382522583,0.6222443580627441,0.845302164554596,0.10545738786458969,0.9128068089485168,0.3153464198112488,0.9085590839385986,-0.08922536671161652,0.9892715811729431,0.5690944194793701,0.9158036112785339,0.0921865776181221,0.9081501960754395
280,0.4346980154514313,0.3037221133708954,0.026098310947418213,0.9995118379592896,0.44046029448509216,0.28725019097328186,0.004146442748606205,0.9995712637901306,0.4419461786746979,0.2866998314857483,0.004153605084866285,0.9996382594108582,0.4435180127620697,0.28609922528266907,0.004168001003563404,0.999747097492218,0.4400164484977722,0.2870359420776367,0.040026646107435226,0.9995188117027283,0.44114571809768677,0.2863345444202423,0.040045928210020065,0.9993468523025513,0.4424359202384949,0.2854742407798767,0.040001142770051956,0.9994585514068604,0.4560609757900238,0.29234176874160767,-0.0543806329369545,0.9997822642326355,0.4554878771305084,0.291519433259964,0.10341962426900864,0.9989345073699951,0.4406922459602356,0.3221653401851654,0.007656704634428024,0.9995473623275757,0.43985113501548767,0.32182154059410095,0.05373767018318176,0.9988372325897217,0.4762342572212219,0.3785758912563324,-0.1477598249912262,0.9999850392341614,0.4823291301727295,0.3850650489330292,0.203280970454216,0.998788058757782,0.4760831892490387,0.46384549140930176,-0.25994598865509033,0.9857097864151001,0.4843381345272064,0.4865837097167969,0.24770037829875946,0.01670270971953869,0.4586053788661957,0.5536725521087646,-0.2940116226673126,0.9522694945335388,0.47081559896469116,0.5675044059753418,0.20343752205371857,0.03325970098376274,0.4544912874698639,0.5789238214492798,-0.3224535286426544,0.9387850165367126,0.4692428708076477,0.6005384922027588,0.20572617650032043,0.048749685287475586,0.4534680247306824,0.5750738382339478,-0.30753839015960693,0.9315163493156433,0.4660274088382721,0.5951242446899414,0.17934152483940125,0.05108490213751793,0.4544944167137146,0.5699542760848999,-0.28672370314598083,0.8976753950119019,0.4654023051261902,0.583142876625061,0.19063439965248108,0.053701937198638916,0.46532565355300903,0.6297752261161804,-0.11868779361248016,0.9994297623634338,0.47190147638320923,0.6352958083152771,0.11850317567586899,0.9983354806900024,0.36124807596206665,0.6814554333686829,-0.09819325804710388,0.9830947518348694,0.47875189781188965,0.8204367160797119,0.11392061412334442,0.7913038730621338,0.3639313578605652,0.882733941078186,-0.047110073268413544,0.9934341311454773,0.586318850517273,0.8442550897598267,0.10598878562450409,0.9071794152259827,0.3785519599914551,0.9160284996032715,-0.042993854731321335,0.9840846657752991,0.6126471757888794,0.8357114791870117,0.10635866224765778,0.920495331287384,0.31454381346702576,0.9182621240615845,-0.06896771490573883,0.9893068075180054,0.5698784589767456,0.9154080748558044,0.09083480387926102,0.9152979254722595
281,0.4271887242794037,0.3237687647342682,0.043778251856565475,0.9995436668395996,0.4326859414577484,0.3077906668186188,0.021060602739453316,0.9996083378791809,0.43420472741127014,0.3070319592952728,0.021105024963617325,0.9996688365936279,0.4357297420501709,0.3061784505844116,0.021135039627552032,0.9997677206993103,0.4323550760746002,0.3077680170536041,0.0581146664917469,0.9995545148849487,0.43357357382774353,0.30695343017578125,0.058122165501117706,0.9993956089019775,0.4349401593208313,0.30595672130584717,0.058070193976163864,0.9995033740997314,0.44747433066368103,0.31075969338417053,-0.04204844683408737,0.9997988343238831,0.4471971094608307,0.3102577328681946,0.12273876368999481,0.9990203976631165,0.4337804913520813,0.3403981924057007,0.02422255650162697,0.9995691776275635,0.4329496920108795,0.3409876525402069,0.07189629971981049,0.9988914132118225,0.4690014719963074,0.40030136704444885,-0.14184008538722992,0.9999845623970032,0.4743197560310364,0.40389564633369446,0.2214532345533371,0.9988719820976257,0.4698401093482971,0.48721450567245483,-0.23455461859703064,0.9817098379135132,0.4756932854652405,0.5054813623428345,0.2619875967502594,0.016735682263970375,0.45343318581581116,0.5749164819717407,-0.23342308402061462,0.9364539384841919,0.4638722538948059,0.5841296911239624,0.23037758469581604,0.031770750880241394,0.45022693276405334,0.5955865383148193,-0.2545755207538605,0.9222496151924133,0.46232399344444275,0.6119880080223083,0.23587648570537567,0.04654907435178757,0.44711846113204956,0.5941044092178345,-0.24177443981170654,0.9139961004257202,0.4603356719017029,0.6016451120376587,0.21521547436714172,0.04880440607666969,0.4497988820075989,0.5890910029411316,-0.2255556285381317,0.8779653906822205,0.4604288935661316,0.5983008146286011,0.21927376091480255,0.05157763883471489,0.45807188749313354,0.6505671739578247,-0.12125156819820404,0.9994601011276245,0.4640108048915863,0.6553293466567993,0.12099330127239227,0.9984617233276367,0.34924158453941345,0.6827871203422546,-0.10741003602743149,0.983572781085968,0.47048816084861755,0.8448888063430786,0.11304634809494019,0.8071635961532593,0.36188459396362305,0.883847713470459,-0.05194242671132088,0.9935012459754944,0.57694011926651,0.8438578248023987,0.10634217411279678,0.9155797958374023,0.3776741027832031,0.9163196086883545,-0.047801945358514786,0.9838317036628723,0.6029006838798523,0.8279051780700684,0.10844433307647705,0.9278895258903503,0.31278756260871887,0.9179176092147827,-0.07368816435337067,0.9893913865089417,0.572417140007019,0.9109792113304138,0.09711922705173492,0.9224823713302612
282,0.4214931130409241,0.3405900001525879,0.041571635752916336,0.9995796084403992,0.4268413484096527,0.3245088756084442,0.01916067861020565,0.9996442794799805,0.42838340997695923,0.32387006282806396,0.019194835796952248,0.9996991157531738,0.4300447106361389,0.32306745648384094,0.019218016415834427,0.999788224697113,0.4260435998439789,0.3243405222892761,0.05519261956214905,0.9995918869972229,0.42697015404701233,0.3235279619693756,0.055188022553920746,0.9994473457336426,0.42814165353775024,0.3224562406539917,0.05513695999979973,0.9995474815368652,0.4421714246273041,0.32768261432647705,-0.041167788207530975,0.9998162984848022,0.44072842597961426,0.3268124759197235,0.11927863210439682,0.9991081357002258,0.42772752046585083,0.3552018105983734,0.023250829428434372,0.9995986819267273,0.4263063967227936,0.35560810565948486,0.06944605708122253,0.9989672899246216,0.46502572298049927,0.418619841337204,-0.1372893750667572,0.9999848008155823,0.4642102122306824,0.4200553894042969,0.22021889686584473,0.9989593625068665,0.4659044146537781,0.5066686868667603,-0.2303500920534134,0.9812996983528137,0.4658684730529785,0.5190680027008057,0.26202821731567383,0.01741069182753563,0.4466736912727356,0.5923067927360535,-0.2392595112323761,0.9340929985046387,0.4548886716365814,0.5955368280410767,0.23298223316669464,0.031659722328186035,0.4432130753993988,0.6132992506027222,-0.2627188563346863,0.9192964434623718,0.45441049337387085,0.6198133230209351,0.23692989349365234,0.04632977768778801,0.43862515687942505,0.6102381944656372,-0.2509254217147827,0.9109750986099243,0.45198971033096313,0.610298216342926,0.21603548526763916,0.04861358925700188,0.4407268464565277,0.6041033267974854,-0.23171189427375793,0.8748634457588196,0.45216792821884155,0.6082079410552979,0.22199003398418427,0.05159685015678406,0.45284876227378845,0.6683543920516968,-0.11992645263671875,0.9994958639144897,0.45757049322128296,0.6721360683441162,0.11966123431921005,0.9985885620117188,0.34323278069496155,0.684549868106842,-0.1013435497879982,0.9842149019241333,0.46674853563308716,0.857434093952179,0.11344772577285767,0.8217554092407227,0.359563410282135,0.8827534914016724,-0.03793463483452797,0.9932498335838318,0.5712146162986755,0.8436458110809326,0.10149409621953964,0.9231395125389099,0.3763931095600128,0.9157995581626892,-0.032292451709508896,0.9836632609367371,0.5957702994346619,0.823944628238678,0.10247272253036499,0.9345724582672119,0.3136298358440399,0.9188340306282043,-0.042893655598163605,0.9890919327735901,0.5729860067367554,0.9073030352592468,0.09177972376346588,0.9289916753768921
283,0.41683429479599,0.3522745668888092,0.0573822483420372,0.9996013641357422,0.4223998188972473,0.33527034521102905,0.03359093517065048,0.9996743202209473,0.423833429813385,0.3351481556892395,0.033639468252658844,0.999724805355072,0.42539820075035095,0.33487117290496826,0.033680595457553864,0.999804675579071,0.4220755100250244,0.3348953425884247,0.06982070207595825,0.9996198415756226,0.42321744561195374,0.33437299728393555,0.06981556862592697,0.9994874596595764,0.42459502816200256,0.3335666358470917,0.0697580873966217,0.9995815753936768,0.4377601742744446,0.34155723452568054,-0.035371482372283936,0.9998310208320618,0.438265860080719,0.3399764895439148,0.12591516971588135,0.999182403087616,0.422559916973114,0.36859840154647827,0.03583618998527527,0.999612033367157,0.4216623306274414,0.3688005805015564,0.08234857022762299,0.9990034103393555,0.4581735134124756,0.4293769896030426,-0.1361459642648697,0.9999856948852539,0.4632803499698639,0.4296523630619049,0.2205699384212494,0.9990289807319641,0.4629186689853668,0.518524706363678,-0.2539979815483093,0.9814208745956421,0.46464258432388306,0.5292443037033081,0.301321804523468,0.017662733793258667,0.44449180364608765,0.607005774974823,-0.3302890360355377,0.9365342855453491,0.4556500017642975,0.6138115525245667,0.33354315161705017,0.03203688934445381,0.4416654706001282,0.6282440423965454,-0.35956668853759766,0.9220632910728455,0.45647940039634705,0.6316043734550476,0.34780019521713257,0.04653538390994072,0.4370653033256531,0.6238513588905334,-0.3455888628959656,0.9139490723609924,0.44881290197372437,0.6290121078491211,0.32768380641937256,0.0487964041531086,0.4377305507659912,0.6196630001068115,-0.3231860101222992,0.8782730102539062,0.44915109872817993,0.627045750617981,0.32488805055618286,0.05224741995334625,0.44270914793014526,0.6799571514129639,-0.11917003244161606,0.9995373487472534,0.4558989405632019,0.6871534585952759,0.1188640221953392,0.9987131357192993,0.3356193006038666,0.6842872500419617,-0.09950272738933563,0.9846457839012146,0.4636445939540863,0.8719733357429504,0.11712702363729477,0.8352952003479004,0.36032554507255554,0.8830341696739197,-0.03739393129944801,0.991774320602417,0.5688144564628601,0.8439374566078186,0.10322940349578857,0.9298467636108398,0.37479037046432495,0.914994478225708,-0.03114672377705574,0.9821340441703796,0.5913169980049133,0.8251006007194519,0.10261310636997223,0.9405389428138733,0.3134901821613312,0.9170512557029724,-0.029719937592744827,0.9869402647018433,0.5726994872093201,0.9065019488334656,0.09839329868555069,0.9346355199813843
284,0.4131898283958435,0.36585474014282227,0.06256909668445587,0.9996290802955627,0.41885432600975037,0.3475249111652374,0.040079571306705475,0.9997032284736633,0.42024245858192444,0.3473960757255554,0.040133439004421234,0.9997491240501404,0.4217410981655121,0.3470780849456787,0.04016644507646561,0.9998210668563843,0.4184202253818512,0.34710976481437683,0.07661894708871841,0.9996485710144043,0.41947317123413086,0.3465787172317505,0.076610267162323,0.9995272755622864,0.42075973749160767,0.34574365615844727,0.07655669748783112,0.9996157884597778,0.433989942073822,0.3537675738334656,-0.02280055172741413,0.9998451471328735,0.4343823790550232,0.3523525595664978,0.13966140151023865,0.9992491006851196,0.41874393820762634,0.3821355998516083,0.043478675186634064,0.9996288418769836,0.4175756871700287,0.38241082429885864,0.09026651829481125,0.9990337491035461,0.4562903046607971,0.44184252619743347,-0.12267927825450897,0.9999860525131226,0.4597679078578949,0.44238996505737305,0.23293249309062958,0.9990534782409668,0.4621984362602234,0.529288649559021,-0.22822996973991394,0.9815661311149597,0.46084561944007874,0.5467868447303772,0.2897222936153412,0.017563043162226677,0.443189799785614,0.6180015206336975,-0.2658156156539917,0.9370348453521729,0.44826167821884155,0.6215570569038391,0.27853113412857056,0.030989984050393105,0.4394722580909729,0.6375024914741516,-0.2910238206386566,0.9220450520515442,0.44949227571487427,0.6417413949966431,0.2849664092063904,0.044785209000110626,0.4356559216976166,0.6354873180389404,-0.27842792868614197,0.9140778183937073,0.44166699051856995,0.6335533857345581,0.2623829245567322,0.04700237140059471,0.43631798028945923,0.6307580471038818,-0.2581983208656311,0.8790891170501709,0.4420812129974365,0.631171464920044,0.26728349924087524,0.05069366469979286,0.4414209723472595,0.6881016492843628,-0.11919053643941879,0.9995700120925903,0.4521680474281311,0.695524275302887,0.11888321489095688,0.9988176822662354,0.33391422033309937,0.6841720938682556,-0.1051543727517128,0.9851256012916565,0.46191754937171936,0.8866803646087646,0.09987595677375793,0.8480845093727112,0.3579673171043396,0.8822539448738098,-0.036260176450014114,0.9906996488571167,0.5643845796585083,0.8444414734840393,0.10430154949426651,0.9360321760177612,0.37460654973983765,0.9147844910621643,-0.028653938323259354,0.980745255947113,0.5863972306251526,0.8175589442253113,0.10594096034765244,0.9460585713386536,0.3141961693763733,0.9176192283630371,-0.025683116167783737,0.9856430292129517,0.5726553797721863,0.9065938591957092,0.10676423460245132,0.9400166273117065
285,0.4109629988670349,0.37123560905456543,0.07790465652942657,0.9996567964553833,0.4165458083152771,0.3527730107307434,0.05615323781967163,0.99973064661026,0.417860209941864,0.3529099225997925,0.05621904134750366,0.9997721910476685,0.41927966475486755,0.35291072726249695,0.05625630542635918,0.9998369216918945,0.41616159677505493,0.3519574999809265,0.09258947521448135,0.9996777772903442,0.41716742515563965,0.35146114230155945,0.09257055073976517,0.9995670914649963,0.4183918833732605,0.3508053719997406,0.0925244465470314,0.9996492266654968,0.43175816535949707,0.3598427176475525,-0.005307996179908514,0.9998590350151062,0.43173637986183167,0.35768401622772217,0.1562195122241974,0.9993150234222412,0.41648930311203003,0.3884945809841156,0.05914505198597908,0.9996494650840759,0.4153688848018646,0.3885214924812317,0.1056964248418808,0.9990779757499695,0.4556953012943268,0.4469357430934906,-0.10726951062679291,0.9999866485595703,0.45657676458358765,0.44886669516563416,0.2478456199169159,0.9990782737731934,0.4629036784172058,0.5319958329200745,-0.21345743536949158,0.9819986820220947,0.4586166441440582,0.5459925532341003,0.29619139432907104,0.017884312197566032,0.44169774651527405,0.6205941438674927,-0.24897897243499756,0.9390341639518738,0.44467490911483765,0.6231436133384705,0.2814794182777405,0.03022327646613121,0.43970388174057007,0.6439117193222046,-0.27661341428756714,0.9238506555557251,0.4459221363067627,0.6516493558883667,0.28639963269233704,0.043239228427410126,0.43489670753479004,0.6412963271141052,-0.26311320066452026,0.9161493182182312,0.44278866052627563,0.6412846446037292,0.2643957734107971,0.045349616557359695,0.43560051918029785,0.63349848985672,-0.24121971428394318,0.8822467923164368,0.43943291902542114,0.6369518041610718,0.27021974325180054,0.0493166446685791,0.4396926462650299,0.6951707005500793,-0.11920839548110962,0.9996048212051392,0.45185184478759766,0.7018880844116211,0.11890522390604019,0.9989195466041565,0.33056703209877014,0.6839696764945984,-0.120142862200737,0.9859213829040527,0.4617120623588562,0.892230749130249,0.09195301681756973,0.8608791828155518,0.3590269088745117,0.8819378614425659,-0.05073106288909912,0.989208996295929,0.5623775720596313,0.8444436192512512,0.10468535125255585,0.9415640234947205,0.37640631198883057,0.9144335985183716,-0.04350510612130165,0.9791784286499023,0.5845832824707031,0.8112266659736633,0.10611885786056519,0.9510161876678467,0.3137895464897156,0.9179145693778992,-0.032015785574913025,0.9836581349372864,0.5720751881599426,0.9060803651809692,0.11390767991542816,0.9447091817855835
286,0.4107682704925537,0.3706810772418976,0.06797144562005997,0.9996843934059143,0.4161559045314789,0.35270774364471436,0.046103280037641525,0.9997560381889343,0.4176033139228821,0.3527185022830963,0.04616055265069008,0.9997934103012085,0.4191218316555023,0.3526920676231384,0.04618942365050316,0.9998517632484436,0.415365070104599,0.3523009121417999,0.08197908103466034,0.9997067451477051,0.41622620820999146,0.35192278027534485,0.08196186274290085,0.999606192111969,0.417286217212677,0.35140639543533325,0.08191539347171783,0.9996817708015442,0.4321080148220062,0.35985928773880005,-0.01344734150916338,0.9998716115951538,0.4314183294773102,0.3577596843242645,0.14544561505317688,0.9993773102760315,0.4161761403083801,0.38862958550453186,0.04991472512483597,0.9996703863143921,0.4148558974266052,0.38889580965042114,0.09572024643421173,0.9991275668144226,0.4561634957790375,0.44776633381843567,-0.1079040914773941,0.9999853372573853,0.4557510316371918,0.45157390832901,0.23853249847888947,0.9991047978401184,0.4632503092288971,0.5340191125869751,-0.18111570179462433,0.980848491191864,0.458751380443573,0.5530206561088562,0.27435463666915894,0.01838679425418377,0.44148755073547363,0.6137173175811768,-0.16799625754356384,0.9347653985023499,0.44681257009506226,0.6281804442405701,0.24650874733924866,0.029054924845695496,0.4382708966732025,0.6356688737869263,-0.18372659385204315,0.9185351133346558,0.4494750499725342,0.652510941028595,0.24765673279762268,0.04124729335308075,0.4329991936683655,0.6327325701713562,-0.17368531227111816,0.9107124209403992,0.44238966703414917,0.6465672254562378,0.22875764966011047,0.043273232877254486,0.435232013463974,0.6227284073829651,-0.15969887375831604,0.8776113390922546,0.4419217109680176,0.6364771723747253,0.2359166443347931,0.047386545687913895,0.43968454003334045,0.6960548162460327,-0.11648251861333847,0.9996267557144165,0.4522223472595215,0.7019178867340088,0.11617313325405121,0.9989966750144958,0.3326951861381531,0.6802526712417603,-0.11537192016839981,0.9862026572227478,0.4624936580657959,0.8911805152893066,0.08653828501701355,0.8707334995269775,0.35889607667922974,0.8816141486167908,-0.05743731930851936,0.9874228835105896,0.561819851398468,0.843341052532196,0.10197218507528305,0.9457685947418213,0.3758179545402527,0.9142265915870667,-0.051699064671993256,0.9772480130195618,0.5837993621826172,0.81050044298172,0.10564758628606796,0.9551789164543152,0.3148912787437439,0.9179446697235107,-0.04281787574291229,0.981715202331543,0.571718156337738,0.906173050403595,0.11493931710720062,0.9479379653930664
287,0.4115157127380371,0.36793771386146545,0.06217915937304497,0.999708354473114,0.4163625240325928,0.3498203456401825,0.040289506316185,0.9997783899307251,0.417860746383667,0.34968456625938416,0.040339868515729904,0.9998120665550232,0.4193863868713379,0.34948083758354187,0.040362484753131866,0.9998648166656494,0.41551685333251953,0.3498445749282837,0.07627738267183304,0.9997318387031555,0.41639232635498047,0.34965988993644714,0.07626358419656754,0.9996399879455566,0.41745495796203613,0.3493208885192871,0.0762205645442009,0.9997102618217468,0.4327368140220642,0.35624220967292786,-0.019722439348697662,0.9998825788497925,0.4321691393852234,0.3547939658164978,0.13989979028701782,0.9994319081306458,0.41711026430130005,0.3867374360561371,0.0439768061041832,0.9996888637542725,0.41589611768722534,0.38754963874816895,0.09001436084508896,0.9991703033447266,0.4575965404510498,0.4415800869464874,-0.11494719982147217,0.9999849796295166,0.45704731345176697,0.4459846019744873,0.23471632599830627,0.9991273880004883,0.46643346548080444,0.5283581018447876,-0.18467490375041962,0.9807634353637695,0.4613145887851715,0.5456646680831909,0.26758939027786255,0.019026847556233406,0.44348567724227905,0.6123433709144592,-0.16822978854179382,0.9335360527038574,0.4479092061519623,0.6197128891944885,0.23620247840881348,0.028051383793354034,0.4400695860385895,0.6329171061515808,-0.18611420691013336,0.9161641001701355,0.4500415325164795,0.6427293419837952,0.2380613386631012,0.03945248946547508,0.4354395270347595,0.6290350556373596,-0.17509904503822327,0.9084024429321289,0.44625264406204224,0.6384940147399902,0.2189149558544159,0.041396912187337875,0.43699997663497925,0.6206773519515991,-0.15969964861869812,0.8759551048278809,0.4458630084991455,0.6283125877380371,0.22548317909240723,0.045673053711652756,0.44160428643226624,0.6927721500396729,-0.1165960431098938,0.9996439218521118,0.45391544699668884,0.6970600485801697,0.11631087958812714,0.9990626573562622,0.33497530221939087,0.6798665523529053,-0.10519132763147354,0.9861665964126587,0.46382588148117065,0.8865886926651001,0.09095505625009537,0.8786796927452087,0.3602239191532135,0.8817658424377441,-0.045731425285339355,0.9857954382896423,0.5632561445236206,0.8428500890731812,0.11468537896871567,0.949169933795929,0.37540203332901,0.9142556190490723,-0.03940702602267265,0.9753239154815674,0.5860782861709595,0.8134317994117737,0.12140343338251114,0.9588615298271179,0.3140818774700165,0.917877197265625,-0.03082450106739998,0.9796752333641052,0.571836531162262,0.906219482421875,0.1346709430217743,0.9503759741783142
288,0.4138474464416504,0.3584781289100647,0.05954728275537491,0.9997309446334839,0.4187924861907959,0.3406846225261688,0.03754682466387749,0.9997987151145935,0.42014604806900024,0.3403885066509247,0.03758316859602928,0.9998292922973633,0.4216128885746002,0.3400520980358124,0.03759968280792236,0.9998769164085388,0.4181162714958191,0.34095656871795654,0.07394367456436157,0.9997546076774597,0.4189615249633789,0.34076979756355286,0.07393976300954819,0.999670684337616,0.4200129508972168,0.3404124081134796,0.0738859474658966,0.9997356534004211,0.43449345231056213,0.3472975194454193,-0.022864459082484245,0.9998929500579834,0.43362149596214294,0.3463437855243683,0.1393827646970749,0.9994820356369019,0.41915565729141235,0.37674304842948914,0.04100262373685837,0.9997095465660095,0.41801318526268005,0.37705814838409424,0.08759111911058426,0.9992198944091797,0.4587962031364441,0.43218955397605896,-0.11946499347686768,0.9999858736991882,0.45912304520606995,0.4360274076461792,0.23264697194099426,0.9991715550422668,0.4680383801460266,0.521582841873169,-0.20101957023143768,0.9815386533737183,0.4649791121482849,0.5361430644989014,0.28063127398490906,0.019972771406173706,0.4466609060764313,0.6018675565719604,-0.1901988834142685,0.9366677403450012,0.45267921686172485,0.6118003129959106,0.2703806757926941,0.02807891182601452,0.4421350061893463,0.6218146681785583,-0.19465510547161102,0.9197177886962891,0.4545448422431946,0.6412391066551208,0.27615949511528015,0.03917679563164711,0.43783268332481384,0.6194260716438293,-0.19199135899543762,0.9122583866119385,0.4496658742427826,0.6302261352539062,0.25789743661880493,0.041125137358903885,0.43977683782577515,0.6121832728385925,-0.17890258133411407,0.880791187286377,0.4495677053928375,0.6245332360267639,0.26081961393356323,0.045554183423519135,0.4443814158439636,0.6861177682876587,-0.11667005717754364,0.9996654987335205,0.45613154768943787,0.6890233159065247,0.11639700084924698,0.999126136302948,0.3394624888896942,0.6794015169143677,-0.10556362569332123,0.986390233039856,0.4661911427974701,0.8781794905662537,0.10262586176395416,0.8854879140853882,0.3610406219959259,0.8822231888771057,-0.05270659178495407,0.9853507876396179,0.5659343004226685,0.8430268168449402,0.11505882441997528,0.9525983333587646,0.3755010962486267,0.9147366881370544,-0.047320656478405,0.9750085473060608,0.5888109803199768,0.8159468173980713,0.12005951255559921,0.9622582197189331,0.31407418847084045,0.9177201390266418,-0.048598285764455795,0.9790395498275757,0.5717689394950867,0.906251072883606,0.12553180754184723,0.9531227946281433
289,0.4159705638885498,0.3516058325767517,0.04596734791994095,0.9997534155845642,0.42101460695266724,0.33363279700279236,0.023941436782479286,0.9998173117637634,0.4224093556404114,0.33344656229019165,0.0239750724285841,0.9998450875282288,0.4239070415496826,0.3332769274711609,0.023995429277420044,0.9998881220817566,0.4203786253929138,0.33360326290130615,0.05968523770570755,0.9997757077217102,0.42128705978393555,0.333260178565979,0.05966630578041077,0.9996989965438843,0.4223916530609131,0.33274930715560913,0.05964421480894089,0.9997588396072388,0.4368736743927002,0.3407456576824188,-0.034566257148981094,0.9999027252197266,0.43598684668540955,0.33869630098342896,0.12416322529315948,0.9995289444923401,0.42150625586509705,0.3706178367137909,0.028641652315855026,0.9997333288192749,0.4203881621360779,0.37023061513900757,0.0743800550699234,0.9992796182632446,0.46087878942489624,0.42434418201446533,-0.13237059116363525,0.9999869465827942,0.4613185524940491,0.4288542866706848,0.2276146411895752,0.9992203116416931,0.4699246287345886,0.5120158195495605,-0.23212583363056183,0.9826411008834839,0.4669552743434906,0.5318701863288879,0.29469001293182373,0.020668184384703636,0.44916462898254395,0.5953634977340698,-0.2523774206638336,0.9408634305000305,0.45326000452041626,0.6106977462768555,0.3028241991996765,0.02876751497387886,0.444480836391449,0.6158948540687561,-0.2741461396217346,0.9246649742126465,0.45178189873695374,0.6376142501831055,0.31036198139190674,0.04007013142108917,0.43983572721481323,0.6140372157096863,-0.2667904794216156,0.9176397323608398,0.4486576020717621,0.62675940990448,0.2907373011112213,0.04213154688477516,0.44181403517723083,0.6063079237937927,-0.24476337432861328,0.8876672983169556,0.44940781593322754,0.6231451034545898,0.29290276765823364,0.04688410833477974,0.44750991463661194,0.6779719591140747,-0.11762399971485138,0.9996861219406128,0.45767074823379517,0.6811666488647461,0.11742271482944489,0.9991831183433533,0.3434622883796692,0.679395318031311,-0.10108847916126251,0.9863051772117615,0.4682641625404358,0.8691494464874268,0.105996273458004,0.891295313835144,0.3620685338973999,0.883090615272522,-0.036391906440258026,0.9854640364646912,0.5702911615371704,0.8431647419929504,0.12108029425144196,0.9556817412376404,0.37633079290390015,0.9162278175354004,-0.030120626091957092,0.9750574231147766,0.595199465751648,0.8180484175682068,0.1255151927471161,0.9652794599533081,0.31440240144729614,0.9179967045783997,-0.04117878898978233,0.9789010286331177,0.571625828742981,0.9064196944236755,0.12485682964324951,0.9556077122688293
290,0.4179607927799225,0.33685028553009033,0.04091427102684975,0.9997702240943909,0.4228178858757019,0.3185829222202301,0.01989680342376232,0.9998326897621155,0.4244139790534973,0.3183639943599701,0.019919494166970253,0.9998580813407898,0.42612224817276,0.3180953860282898,0.019933532923460007,0.9998974204063416,0.42246198654174805,0.31847795844078064,0.05418404936790466,0.9997920393943787,0.42369693517684937,0.3180609941482544,0.05417598411440849,0.9997206330299377,0.42513999342918396,0.3175089955329895,0.054161470383405685,0.9997772574424744,0.44017672538757324,0.3218546509742737,-0.03661222383379936,0.9999105930328369,0.43947166204452515,0.3208054304122925,0.11542830616235733,0.999566912651062,0.4249429702758789,0.35395142436027527,0.02415059134364128,0.9997503161430359,0.4242626130580902,0.3541354835033417,0.0680215060710907,0.9993190765380859,0.46449846029281616,0.40857556462287903,-0.13255266845226288,0.9999878406524658,0.46292752027511597,0.42010214924812317,0.2183113992214203,0.9992405772209167,0.47486281394958496,0.4913765788078308,-0.2258579432964325,0.9836312532424927,0.47032633423805237,0.5111745595932007,0.2820151746273041,0.020632535219192505,0.45382529497146606,0.5753833055496216,-0.2373623549938202,0.9443025588989258,0.4557052254676819,0.5832154154777527,0.29091182351112366,0.02840280905365944,0.45067304372787476,0.5977136492729187,-0.261178195476532,0.9283416867256165,0.452157199382782,0.6012780666351318,0.2937625050544739,0.03973657637834549,0.4470553398132324,0.5969391465187073,-0.2515884041786194,0.9215543866157532,0.45238375663757324,0.5975205898284912,0.2796780467033386,0.04183102771639824,0.44837087392807007,0.590941309928894,-0.2301163226366043,0.8925260901451111,0.45361050963401794,0.5891091227531433,0.2820959687232971,0.04660157486796379,0.4497374892234802,0.6653356552124023,-0.11656276881694794,0.9996991157531738,0.4584549069404602,0.6650617122650146,0.11640437692403793,0.9992130994796753,0.34446343779563904,0.6800002455711365,-0.10379263013601303,0.9864275455474854,0.4703327715396881,0.8464815616607666,0.111818827688694,0.8956272006034851,0.36278992891311646,0.8829700946807861,-0.05095551535487175,0.9860376119613647,0.5770136117935181,0.8432996869087219,0.11702825874090195,0.9583498239517212,0.37733161449432373,0.9166087508201599,-0.047071509063243866,0.9756171703338623,0.602301836013794,0.8240677118301392,0.11899787187576294,0.9677250385284424,0.31494346261024475,0.9176619648933411,-0.07076483964920044,0.9794941544532776,0.5703414678573608,0.9099746942520142,0.11209722608327866,0.957560658454895
291,0.42452508211135864,0.31576573848724365,0.03264623507857323,0.9997802972793579,0.42981576919555664,0.2969664931297302,0.011819703504443169,0.9998449683189392,0.43150749802589417,0.2966057360172272,0.011830152943730354,0.9998684525489807,0.4332672953605652,0.29608869552612305,0.011848820373415947,0.9999046921730042,0.4291159212589264,0.29669666290283203,0.04504620283842087,0.9998044967651367,0.4302569031715393,0.29613441228866577,0.04505111277103424,0.999737024307251,0.4315500855445862,0.29536235332489014,0.04503779485821724,0.9997916221618652,0.44715601205825806,0.29849332571029663,-0.04528329148888588,0.9999165534973145,0.44575753808021545,0.29740163683891296,0.10199467092752457,0.9995995163917542,0.4329361319541931,0.33288973569869995,0.015405118465423584,0.9997627139091492,0.4316977560520172,0.33283305168151855,0.0580427423119545,0.9993500113487244,0.4734567701816559,0.38060227036476135,-0.13602647185325623,0.9999886751174927,0.47862616181373596,0.3919866383075714,0.20008568465709686,0.9992685914039612,0.48147639632225037,0.46697378158569336,-0.23222585022449493,0.984428882598877,0.4853411316871643,0.4858478009700775,0.27037113904953003,0.020525803789496422,0.46281927824020386,0.5477919578552246,-0.25776922702789307,0.9468058347702026,0.4738460183143616,0.5572773218154907,0.2801468074321747,0.0273789893835783,0.45940351486206055,0.5739282369613647,-0.28457802534103394,0.9309341311454773,0.4718922972679138,0.5758563280105591,0.2865487337112427,0.03854333981871605,0.4551607668399811,0.5727296471595764,-0.2732485234737396,0.9242357611656189,0.4697243571281433,0.5725181698799133,0.26884469389915466,0.04060353338718414,0.4560003876686096,0.5661105513572693,-0.25091975927352905,0.8953142166137695,0.4700590968132019,0.5613580346107483,0.2708468437194824,0.04524879530072212,0.46020084619522095,0.6367629766464233,-0.11440328508615494,0.9997097849845886,0.46918782591819763,0.6370839476585388,0.11426955461502075,0.9992351531982422,0.35766658186912537,0.6802215576171875,-0.10493004322052002,0.9867830872535706,0.47659748792648315,0.8182463049888611,0.10475770384073257,0.8988484144210815,0.36343127489089966,0.882794201374054,-0.07038792967796326,0.9868219494819641,0.58477383852005,0.8435412645339966,0.08525536954402924,0.9602580070495605,0.37807315587997437,0.9166938066482544,-0.06745769083499908,0.9767583608627319,0.6110944747924805,0.8347940444946289,0.08464362472295761,0.9695453643798828,0.315420925617218,0.9175158143043518,-0.09446868300437927,0.9804683923721313,0.570056676864624,0.9129204750061035,0.07052109390497208,0.9586276412010193
292,0.43200913071632385,0.29062512516975403,0.028325697407126427,0.9997517466545105,0.43775349855422974,0.27267858386039734,0.008186960592865944,0.9998409748077393,0.43953394889831543,0.27228325605392456,0.008188645355403423,0.9998651146888733,0.4414052963256836,0.27176186442375183,0.008193743415176868,0.9999033212661743,0.4367605745792389,0.2725735008716583,0.04197048768401146,0.9997872114181519,0.4377622604370117,0.2720886766910553,0.04198365658521652,0.9997063875198364,0.4389382302761078,0.2713170647621155,0.04198208823800087,0.9997711181640625,0.45598381757736206,0.2758723795413971,-0.046671062707901,0.999916136264801,0.453494131565094,0.2749122083187103,0.10362613201141357,0.9995730519294739,0.4407365322113037,0.30860427021980286,0.011726773343980312,0.9997577667236328,0.43899425864219666,0.30887481570243835,0.0552663616836071,0.9993022084236145,0.48398357629776,0.3529526889324188,-0.14103369414806366,0.9999895095825195,0.4829980432987213,0.3666950762271881,0.20605173707008362,0.9991703033447266,0.496532678604126,0.4381292164325714,-0.25552740693092346,0.9853596687316895,0.49166733026504517,0.45801764726638794,0.2727833390235901,0.019309211522340775,0.4747820794582367,0.5276030898094177,-0.3023603558540344,0.9500753283500671,0.48083439469337463,0.5370851755142212,0.27563926577568054,0.025669503957033157,0.46887096762657166,0.5557929277420044,-0.33595362305641174,0.9346638917922974,0.4802178740501404,0.5568323135375977,0.28195875883102417,0.03652994707226753,0.46431511640548706,0.5550693273544312,-0.3205541968345642,0.9281317591667175,0.4771026074886322,0.5558323264122009,0.2618986964225769,0.038486842066049576,0.46617984771728516,0.5467978119850159,-0.2944141626358032,0.8995811939239502,0.4774099886417389,0.5440590977668762,0.2653690278530121,0.04293317347764969,0.47107601165771484,0.611538290977478,-0.114632248878479,0.999724805355072,0.47776931524276733,0.6129576563835144,0.11448238790035248,0.9992104172706604,0.3728758692741394,0.6830840110778809,-0.14117293059825897,0.9872497320175171,0.48542508482933044,0.7914742231369019,0.12819913029670715,0.8985769152641296,0.36363881826400757,0.8836572170257568,-0.14643260836601257,0.9877892136573792,0.5881093740463257,0.8437026739120483,0.11446646600961685,0.9610472917556763,0.377820760011673,0.9171483516693115,-0.14844968914985657,0.9780691862106323,0.6159219145774841,0.8410049676895142,0.11304368823766708,0.9704362154006958,0.31400078535079956,0.9163886904716492,-0.19770851731300354,0.9817022681236267,0.5700443983078003,0.9126649498939514,0.08724727481603622,0.9588548541069031
293,0.44062814116477966,0.2704941928386688,0.019331376999616623,0.9997262358665466,0.4461734890937805,0.2514853775501251,-0.0007734237588010728,0.999830961227417,0.4479275345802307,0.25094085931777954,-0.0007919517229311168,0.9998557567596436,0.4497604966163635,0.2502627670764923,-0.0007969558355398476,0.9998984336853027,0.44540682435035706,0.25115156173706055,0.03274551033973694,0.9997684359550476,0.44657570123672485,0.2503148019313812,0.03277043253183365,0.9996734857559204,0.44792890548706055,0.24922555685043335,0.0327567458152771,0.9997488856315613,0.4636942446231842,0.2531229555606842,-0.05579211562871933,0.9999099969863892,0.461948961019516,0.25224101543426514,0.09302730858325958,0.99953693151474,0.44908443093299866,0.2873225808143616,0.0026540146209299564,0.9997472167015076,0.4476533830165863,0.28755736351013184,0.04589008167386055,0.9992567300796509,0.4913777709007263,0.3284657299518585,-0.14677880704402924,0.9999900460243225,0.4881582260131836,0.3411451280117035,0.1933978945016861,0.9991143345832825,0.508985161781311,0.41851675510406494,-0.256018728017807,0.9861963987350464,0.5017427206039429,0.43393653631210327,0.25028756260871887,0.01846405677497387,0.4856952130794525,0.507300615310669,-0.29645684361457825,0.9527503848075867,0.4916824400424957,0.5147015452384949,0.23524582386016846,0.024312155321240425,0.48006653785705566,0.5319668054580688,-0.3289981484413147,0.9376359581947327,0.4914337992668152,0.5403602719306946,0.24175652861595154,0.035012923181056976,0.47556671500205994,0.5313543677330017,-0.31362420320510864,0.9311950206756592,0.48951253294944763,0.5397655963897705,0.2203816920518875,0.03687276318669319,0.47798651456832886,0.5238606333732605,-0.2885531783103943,0.9026322960853577,0.48894327878952026,0.5289420485496521,0.22435235977172852,0.041112009435892105,0.4840696454048157,0.5852423906326294,-0.11144217103719711,0.9997210502624512,0.48750847578048706,0.5875335931777954,0.11139847338199615,0.9991264343261719,0.38925546407699585,0.6866852045059204,-0.1313837319612503,0.9872254729270935,0.4941263198852539,0.7648559808731079,0.12164143472909927,0.8947723507881165,0.3649090826511383,0.8835372924804688,-0.1219593733549118,0.9886174201965332,0.5898576974868774,0.8452990055084229,0.11011247336864471,0.960296630859375,0.37796691060066223,0.9175571203231812,-0.12363656610250473,0.9792088866233826,0.6175118684768677,0.8537858128547668,0.10721231997013092,0.9698899984359741,0.3146270513534546,0.9048668146133423,-0.17135879397392273,0.9827058911323547,0.5672051310539246,0.9105523228645325,0.08350042998790741,0.956861138343811
294,0.45016494393348694,0.2446639984846115,0.016649004071950912,0.9997124075889587,0.45562219619750977,0.22642141580581665,-0.004183231387287378,0.9998239278793335,0.4573587477207184,0.22584207355976105,-0.004205157980322838,0.9998475909233093,0.4590197503566742,0.2251826971769333,-0.004208192694932222,0.999894917011261,0.45454829931259155,0.22605404257774353,0.030008187517523766,0.9997573494911194,0.4555089473724365,0.22521963715553284,0.030034160241484642,0.9996495842933655,0.4565869867801666,0.22417476773262024,0.030005108565092087,0.9997313022613525,0.4724881052970886,0.22882139682769775,-0.060661472380161285,0.9999049305915833,0.46979451179504395,0.22730259597301483,0.09128561615943909,0.9995034337043762,0.4578329622745514,0.26176437735557556,-0.0005060274852439761,0.9997453689575195,0.45617374777793884,0.2616181969642639,0.04372751712799072,0.9992421269416809,0.5009318590164185,0.30328407883644104,-0.15175731480121613,0.9999903440475464,0.4947222173213959,0.3159690499305725,0.19421741366386414,0.9990399479866028,0.5177911520004272,0.3960478603839874,-0.2602490782737732,0.986703634262085,0.5070420503616333,0.41060778498649597,0.24937689304351807,0.01722703129053116,0.49550095200538635,0.48576387763023376,-0.2992483377456665,0.9544960856437683,0.4953656792640686,0.4844725430011749,0.2280799150466919,0.02267143875360489,0.4918188452720642,0.5113091468811035,-0.33360418677330017,0.9395914673805237,0.4937630593776703,0.5057267546653748,0.23414750397205353,0.03299347311258316,0.4867704510688782,0.509897768497467,-0.318660169839859,0.9332044720649719,0.49023717641830444,0.5058136582374573,0.21186642348766327,0.03475336730480194,0.48787593841552734,0.5030419826507568,-0.2918030321598053,0.9041232466697693,0.49094486236572266,0.49769943952560425,0.21644560992717743,0.03882155567407608,0.4944380223751068,0.5646642446517944,-0.11070849001407623,0.9997236132621765,0.49677425622940063,0.5662828087806702,0.11067195981740952,0.9990698099136353,0.4071105122566223,0.6920995712280273,-0.13500836491584778,0.9866428971290588,0.5052485466003418,0.7432714700698853,0.1478697806596756,0.8846718668937683,0.3712887167930603,0.883105456829071,-0.14969652891159058,0.9892598986625671,0.5950144529342651,0.8470383286476135,0.15987029671669006,0.9563456177711487,0.3794325888156891,0.9177220463752747,-0.153282031416893,0.9798967838287354,0.6204498410224915,0.8625184893608093,0.16050055623054504,0.9665072560310364,0.3178487718105316,0.8856789469718933,-0.2049543559551239,0.9834135174751282,0.5668503046035767,0.9088185429573059,0.14254561066627502,0.9510676860809326
295,0.45701590180397034,0.22451309859752655,0.002752848668023944,0.9997325539588928,0.4624794125556946,0.20701219141483307,-0.01784895919263363,0.9998359680175781,0.46432390809059143,0.20664359629154205,-0.01788281463086605,0.9998581409454346,0.46614140272140503,0.2060694396495819,-0.017890989780426025,0.9999022483825684,0.46091437339782715,0.2067960798740387,0.015628421679139137,0.9997748136520386,0.46168237924575806,0.20632624626159668,0.015645496547222137,0.9996747374534607,0.4625512957572937,0.20559173822402954,0.015635652467608452,0.9997493028640747,0.4797181487083435,0.2083273082971573,-0.06932999938726425,0.9999114871025085,0.47560152411460876,0.20804660022258759,0.07898785918951035,0.9995405673980713,0.46452587842941284,0.24048449099063873,-0.012438176199793816,0.9997650384902954,0.46249985694885254,0.24030613899230957,0.030775699764490128,0.9992997050285339,0.5088142156600952,0.287992000579834,-0.1547602117061615,0.9999908208847046,0.49624913930892944,0.3015955686569214,0.1887357532978058,0.9990633726119995,0.5275142192840576,0.37359851598739624,-0.26320546865463257,0.9875288605690002,0.5073587894439697,0.39191174507141113,0.2840738892555237,0.016770513728260994,0.5057131052017212,0.4601251780986786,-0.3053012490272522,0.9573624730110168,0.4937209188938141,0.4588499665260315,0.31519490480422974,0.023337597027420998,0.5010735392570496,0.4874921143054962,-0.33918458223342896,0.9430227279663086,0.4883030951023102,0.4712802767753601,0.3295105993747711,0.0349389873445034,0.4956526756286621,0.48552101850509644,-0.32756751775741577,0.9368879199028015,0.4860585331916809,0.4709388315677643,0.3059270977973938,0.03699978440999985,0.4972405433654785,0.47888094186782837,-0.2991333603858948,0.9083336591720581,0.4875775873661041,0.4643614590167999,0.30495303869247437,0.041286539286375046,0.5017878413200378,0.5462992191314697,-0.11062745004892349,0.9997164011001587,0.5017685890197754,0.5484839081764221,0.11063186079263687,0.9990305304527283,0.4251973628997803,0.6916541457176208,-0.13330218195915222,0.9849937558174133,0.5178505182266235,0.7214348912239075,0.13483449816703796,0.8723084330558777,0.38272470235824585,0.8806180953979492,-0.1499408334493637,0.9898742437362671,0.5967181324958801,0.8493377566337585,0.13827335834503174,0.9521744251251221,0.38781148195266724,0.917850136756897,-0.15416543185710907,0.9809671640396118,0.6210750341415405,0.8738692402839661,0.13958905637264252,0.9626615643501282,0.3273162245750427,0.8698371648788452,-0.20907485485076904,0.9842164516448975,0.5671063661575317,0.9084650874137878,0.1245914101600647,0.945443332195282
296,0.46158820390701294,0.20525401830673218,0.011739293113350868,0.9997440576553345,0.46733036637306213,0.1877351552248001,-0.00885778572410345,0.9998385906219482,0.4690413475036621,0.18724581599235535,-0.008890201337635517,0.9998593926429749,0.4707212448120117,0.18661107122898102,-0.008906109258532524,0.999904215335846,0.4661003053188324,0.18754957616329193,0.025309458374977112,0.999782145023346,0.46695834398269653,0.18706205487251282,0.02532963454723358,0.9996835589408875,0.4678998589515686,0.18629559874534607,0.0253129992634058,0.999756395816803,0.4843527376651764,0.18814031779766083,-0.06194641441106796,0.9999125003814697,0.4805690348148346,0.18807826936244965,0.08929291367530823,0.9995472431182861,0.468402624130249,0.22125913202762604,-0.004084412939846516,0.9997744560241699,0.4667414724826813,0.22131863236427307,0.03996282443404198,0.999330997467041,0.5149726271629333,0.26790300011634827,-0.15209254622459412,0.9999907612800598,0.5007190704345703,0.28094014525413513,0.19485566020011902,0.9990645051002502,0.5344781279563904,0.35513240098953247,-0.23345772922039032,0.9882888793945312,0.5162776708602905,0.37413981556892395,0.2563886344432831,0.016468491405248642,0.5078200101852417,0.4427931606769562,-0.21916799247264862,0.9596180319786072,0.5051754713058472,0.4504757821559906,0.21186895668506622,0.02330935001373291,0.5039806365966797,0.47023943066596985,-0.24919025599956512,0.9451188445091248,0.5024868249893188,0.4722622334957123,0.21297673881053925,0.035116422921419144,0.4989899694919586,0.4686623513698578,-0.23891496658325195,0.9390274882316589,0.49934858083724976,0.4731115698814392,0.18617850542068481,0.03729164972901344,0.500116765499115,0.4622017741203308,-0.2126481831073761,0.9106007218360901,0.5016984939575195,0.4657415747642517,0.19746176898479462,0.041704755276441574,0.5133883357048035,0.5200517773628235,-0.11020491272211075,0.9996510148048401,0.510631799697876,0.5239146947860718,0.11022736877202988,0.9989068508148193,0.44636455178260803,0.6761462092399597,-0.12878546118736267,0.9826317429542542,0.5282418727874756,0.7029581069946289,0.09368366003036499,0.8541128635406494,0.4064321517944336,0.8738048076629639,-0.130255788564682,0.9901770949363708,0.6009805202484131,0.8501977920532227,0.07712440192699432,0.946051836013794,0.41288670897483826,0.9141131639480591,-0.13325850665569305,0.9810271859169006,0.6241625547409058,0.8743559718132019,0.07336229830980301,0.9574353098869324,0.35210683941841125,0.8716121912002563,-0.19308188557624817,0.9846246242523193,0.5688471794128418,0.9087644815444946,0.03602639213204384,0.9390617609024048
297,0.46727991104125977,0.18783904612064362,0.012059831991791725,0.9997592568397522,0.47313761711120605,0.17013077437877655,-0.00843319483101368,0.9998441934585571,0.4748542904853821,0.16945143043994904,-0.008474000729620457,0.9998638033866882,0.4766174256801605,0.16875746846199036,-0.008508898317813873,0.9999079704284668,0.4718153476715088,0.1704738736152649,0.02599584124982357,0.999792218208313,0.47261184453964233,0.17000094056129456,0.0260341577231884,0.9996967911720276,0.47354012727737427,0.1692909151315689,0.026038657873868942,0.9997661113739014,0.4902001917362213,0.1719391644001007,-0.05912240594625473,0.9999165534973145,0.4857965409755707,0.17248138785362244,0.09330888092517853,0.9995607733726501,0.4744938313961029,0.2016565054655075,-0.00264365179464221,0.9997879266738892,0.47263914346694946,0.20229068398475647,0.04177755117416382,0.9993712306022644,0.5207465887069702,0.24577608704566956,-0.15144309401512146,0.9999912977218628,0.5043700337409973,0.2628078758716583,0.1966322511434555,0.9990970492362976,0.5421470403671265,0.33507564663887024,-0.23051099479198456,0.9892644882202148,0.5206835269927979,0.35460686683654785,0.24747252464294434,0.01657021977007389,0.515418529510498,0.428315132856369,-0.2176552712917328,0.9626532196998596,0.5101050734519958,0.442618727684021,0.1803635060787201,0.024030938744544983,0.512365460395813,0.45477187633514404,-0.2482159435749054,0.948441207408905,0.5075255632400513,0.46310845017433167,0.1770634949207306,0.036003679037094116,0.5060035586357117,0.4557912051677704,-0.23867595195770264,0.9426026940345764,0.5055422186851501,0.4656250774860382,0.15007591247558594,0.038309358060359955,0.5069279670715332,0.4486595094203949,-0.21119578182697296,0.9150457382202148,0.5063319206237793,0.4561414420604706,0.1652386486530304,0.042725808918476105,0.5199216604232788,0.5057734847068787,-0.11002317816019058,0.9996386170387268,0.5167015790939331,0.5094133019447327,0.110063336789608,0.9988948106765747,0.45729121565818787,0.6622396111488342,-0.12754788994789124,0.9812720417976379,0.5383005738258362,0.6903330683708191,0.07703075557947159,0.838090181350708,0.4353489279747009,0.8698070049285889,-0.1262720227241516,0.9902604818344116,0.6023043394088745,0.8524788022041321,0.04882518947124481,0.9408995509147644,0.44423335790634155,0.9079553484916687,-0.1291312873363495,0.9802160263061523,0.6220787763595581,0.878907322883606,0.043051429092884064,0.9518718123435974,0.385820209980011,0.8779107928276062,-0.19239765405654907,0.9848885536193848,0.5688822269439697,0.9106265306472778,0.0005614994443021715,0.9349578619003296
298,0.4728166162967682,0.1763644516468048,0.013257140293717384,0.9997679591178894,0.47827810049057007,0.16021132469177246,-0.0074502816423773766,0.9998436570167542,0.4799884855747223,0.1594429612159729,-0.007499220781028271,0.9998634457588196,0.4818395674228668,0.15868346393108368,-0.007539304904639721,0.9999081492424011,0.4769937992095947,0.16066321730613708,0.027273893356323242,0.9997936487197876,0.4778265357017517,0.16012422740459442,0.02731941267848015,0.9996971487998962,0.4787202477455139,0.1594008505344391,0.027336010709404945,0.9997650980949402,0.4957686960697174,0.16285201907157898,-0.05780765414237976,0.9999188780784607,0.4909406304359436,0.16279684007167816,0.09506212174892426,0.9995555281639099,0.4810922145843506,0.19198407232761383,-0.0012535143177956343,0.9997953176498413,0.4790511727333069,0.19220978021621704,0.04357422888278961,0.9993954300880432,0.5242242813110352,0.23670777678489685,-0.15302494168281555,0.9999918341636658,0.5083261132240295,0.2496868520975113,0.20116057991981506,0.999131441116333,0.5467026233673096,0.3230202794075012,-0.24537864327430725,0.9901570081710815,0.5267736911773682,0.3500378727912903,0.2517915368080139,0.016149479895830154,0.520766019821167,0.41640791296958923,-0.23098449409008026,0.9655178189277649,0.513367772102356,0.4295027554035187,0.1893831193447113,0.024259427562355995,0.5186012983322144,0.4424416720867157,-0.255966454744339,0.9518155455589294,0.5124549865722656,0.45589566230773926,0.18645401298999786,0.03639872744679451,0.5127784609794617,0.4431467652320862,-0.24409730732440948,0.9462540745735168,0.5102218389511108,0.45131903886795044,0.15893976390361786,0.03879907354712486,0.5130787491798401,0.43593424558639526,-0.22193999588489532,0.9196353554725647,0.5106112360954285,0.4468546211719513,0.17407521605491638,0.043154582381248474,0.5252829194068909,0.496512234210968,-0.1102767139673233,0.9996515512466431,0.5212613344192505,0.49997830390930176,0.11031053960323334,0.9989513158798218,0.4678511619567871,0.6529406905174255,-0.1266949474811554,0.9807207584381104,0.5443692803382874,0.6761634349822998,0.04361607879400253,0.8258046507835388,0.468402624130249,0.8629507422447205,-0.12105367332696915,0.990463376045227,0.604032039642334,0.8522694110870361,0.007049153558909893,0.9394336938858032,0.4796466827392578,0.8989149332046509,-0.12304588407278061,0.9795041084289551,0.6219590902328491,0.8756284117698669,-0.00023201720614451915,0.9494504332542419,0.4191877245903015,0.8797009587287903,-0.18703576922416687,0.9853847026824951,0.5681977868080139,0.9102392196655273,-0.04996649548411369,0.9357444047927856
299,0.4762484133243561,0.16590124368667603,0.015430537052452564,0.9997186660766602,0.48237520456314087,0.14921259880065918,-0.005478157661855221,0.9997937679290771,0.48406147956848145,0.1488722413778305,-0.005511771887540817,0.9998186230659485,0.4858894348144531,0.14851665496826172,-0.005540003534406424,0.9998787641525269,0.4812842309474945,0.148824080824852,0.029228294268250465,0.9997316002845764,0.48227840662002563,0.14817500114440918,0.029261356219649315,0.9995987415313721,0.4833030104637146,0.14746376872062683,0.0292684193700552,0.999692976474762,0.5010597109794617,0.15431545674800873,-0.057290978729724884,0.999900758266449,0.49647989869117737,0.1523217260837555,0.09550005197525024,0.9994140267372131,0.48548173904418945,0.18370097875595093,0.00033535328111611307,0.9997431635856628,0.4838482439517975,0.18310381472110748,0.04503405839204788,0.9993055462837219,0.5277388095855713,0.22694401443004608,-0.15169833600521088,0.9999918937683105,0.5156170129776001,0.2366308569908142,0.20185112953186035,0.9990943074226379,0.5504131317138672,0.31115007400512695,-0.24798087775707245,0.9908944964408875,0.5312038660049438,0.33311864733695984,0.25201934576034546,0.015322395600378513,0.523792564868927,0.41360223293304443,-0.2504608631134033,0.9679956436157227,0.5232094526290894,0.42565760016441345,0.20274154841899872,0.02345232665538788,0.5214715600013733,0.4398421049118042,-0.2848926782608032,0.9547159671783447,0.5224426984786987,0.4529370069503784,0.20155882835388184,0.0352599173784256,0.5169178247451782,0.4401765465736389,-0.2715361714363098,0.9493982195854187,0.5255513191223145,0.447012722492218,0.17313861846923828,0.037585049867630005,0.5175907611846924,0.4323531687259674,-0.24283330142498016,0.9233008623123169,0.5196868181228638,0.44347041845321655,0.18792656064033508,0.041712548583745956,0.5284866690635681,0.48803961277008057,-0.10751674324274063,0.9996436238288879,0.5320083498954773,0.4882828891277313,0.10757068544626236,0.9989582300186157,0.4809461236000061,0.6540616154670715,-0.12209133803844452,0.9795584678649902,0.548953652381897,0.6542345881462097,0.03615332022309303,0.8014909625053406,0.5008816719055176,0.8571054935455322,-0.09711319953203201,0.9899718761444092,0.6052466630935669,0.8521193861961365,0.01635524071753025,0.9311566948890686,0.5142542123794556,0.8867261409759521,-0.0972209945321083,0.9773663878440857,0.6216379404067993,0.8769993185997009,0.010641630738973618,0.9413654208183289,0.4584487974643707,0.8911862969398499,-0.16500553488731384,0.9849963784217834,0.5659489631652832,0.9046398401260376,-0.04028112813830376,0.931022584438324
300,0.48296284675598145,0.1642192304134369,0.02599751017987728,0.9997203946113586,0.48856887221336365,0.1452292948961258,0.005482188425958157,0.9997902512550354,0.4903556704521179,0.1448274552822113,0.005474772769957781,0.9998152852058411,0.49228301644325256,0.14439940452575684,0.005450005643069744,0.9998758435249329,0.487344354391098,0.14502094686031342,0.038880713284015656,0.9997290372848511,0.48825088143348694,0.14443323016166687,0.0389392152428627,0.9995923042297363,0.4891951084136963,0.1437138170003891,0.03891436383128166,0.9996874332427979,0.5073296427726746,0.1501045674085617,-0.04510871320962906,0.9999011754989624,0.5027253031730652,0.14873749017715454,0.10390541702508926,0.9994231462478638,0.4919789433479309,0.18114100396633148,0.011217992752790451,0.999740719795227,0.49020737409591675,0.18102537095546722,0.0543593093752861,0.9993213415145874,0.530600368976593,0.2194664031267166,-0.15068106353282928,0.999992311000824,0.5222115516662598,0.23213230073451996,0.20801091194152832,0.9991359114646912,0.5528843402862549,0.30406326055526733,-0.2526721656322479,0.9917062520980835,0.5380784869194031,0.3295339047908783,0.2726746201515198,0.0148500707000494,0.5285029411315918,0.4062229096889496,-0.2779763340950012,0.9708245992660522,0.5277386903762817,0.41954973340034485,0.2427995651960373,0.02341211959719658,0.5259447693824768,0.43275412917137146,-0.31238844990730286,0.9584639072418213,0.5278628468513489,0.44444507360458374,0.24634285271167755,0.03521677106618881,0.5210341215133667,0.43202096223831177,-0.2994590997695923,0.9535539150238037,0.5244888663291931,0.4440561830997467,0.21583044528961182,0.03753884881734848,0.5216332077980042,0.4245060384273529,-0.2710837721824646,0.9291675686836243,0.5239096879959106,0.43957245349884033,0.22835016250610352,0.0413949079811573,0.5342699289321899,0.4827306568622589,-0.10797867923974991,0.9996562004089355,0.5373823046684265,0.48266223073005676,0.10802296549081802,0.9990240335464478,0.49124854803085327,0.6547187566757202,-0.12500543892383575,0.9811311364173889,0.5509471893310547,0.6544960737228394,0.04671577736735344,0.7924531698226929,0.5400630831718445,0.8467292785644531,-0.09945014119148254,0.9900809526443481,0.6026756167411804,0.8521242141723633,0.031844399869441986,0.9286685585975647,0.5552483201026917,0.8555532097816467,-0.09873424470424652,0.9774723052978516,0.619551956653595,0.8814163208007812,0.025950992479920387,0.9385665655136108,0.49916329979896545,0.897584855556488,-0.14849328994750977,0.9852265119552612,0.5624639391899109,0.9079557657241821,-0.023045361042022705,0.929386556148529
301,0.48664426803588867,0.16251777112483978,0.021706473082304,0.9997283816337585,0.49286985397338867,0.14326471090316772,0.0014122741995379329,0.9997873306274414,0.49450668692588806,0.14276348054409027,0.001418381230905652,0.9998137354850769,0.4962734580039978,0.14219647645950317,0.0014057939406484365,0.9998730421066284,0.49169063568115234,0.14297965168952942,0.03372585028409958,0.9997291564941406,0.492570161819458,0.14228202402591705,0.03378619626164436,0.9995949268341064,0.49348726868629456,0.14139313995838165,0.03373679146170616,0.9996863603591919,0.5100228786468506,0.14715443551540375,-0.046976618468761444,0.999901294708252,0.5060198903083801,0.14559079706668854,0.09764095395803452,0.9994419813156128,0.4948342740535736,0.17907623946666718,0.007348380051553249,0.9997445344924927,0.4929439127445221,0.1793079525232315,0.04908093810081482,0.9993506073951721,0.5334817171096802,0.22058506309986115,-0.15556025505065918,0.9999926686286926,0.5234586596488953,0.2345285564661026,0.20027443766593933,0.9991896152496338,0.5537898540496826,0.29957452416419983,-0.27275750041007996,0.9924395680427551,0.5452122688293457,0.34371230006217957,0.2655910849571228,0.014907839708030224,0.5310699343681335,0.4010734558105469,-0.31814485788345337,0.9734252691268921,0.5301989316940308,0.4220946133136749,0.22947958111763,0.024911342188715935,0.5291415452957153,0.42888328433036804,-0.35409802198410034,0.9619811177253723,0.5342252254486084,0.4588356912136078,0.23185041546821594,0.0373026542365551,0.5239725708961487,0.42798179388046265,-0.3430554270744324,0.9574594497680664,0.5284391641616821,0.45743510127067566,0.20019491016864777,0.03975614532828331,0.5243743658065796,0.42058128118515015,-0.31269600987434387,0.9348251223564148,0.5286202430725098,0.4438534080982208,0.21456274390220642,0.043367575854063034,0.5396258234977722,0.48412004113197327,-0.10810570418834686,0.999660849571228,0.5404886603355408,0.48516005277633667,0.10815063863992691,0.9990763664245605,0.5060965418815613,0.657631516456604,-0.1272834986448288,0.9827481508255005,0.557916522026062,0.6620826721191406,0.06047910451889038,0.7866432666778564,0.5695266127586365,0.838596761226654,-0.1046212911605835,0.9903358817100525,0.601363480091095,0.850010097026825,0.05130046606063843,0.9264066219329834,0.5883272290229797,0.8485648036003113,-0.1031869500875473,0.978190541267395,0.6164856553077698,0.8795509934425354,0.04347548633813858,0.936407744884491,0.5365213751792908,0.9037469625473022,-0.1531103551387787,0.9856531023979187,0.5561477541923523,0.9061309099197388,0.005204746033996344,0.929512083530426
302,0.489267498254776,0.16046515107154846,0.023650815710425377,0.9997379779815674,0.4959348738193512,0.1407260298728943,0.0038424457889050245,0.999789834022522,0.49755674600601196,0.14028896391391754,0.0038348312955349684,0.99981689453125,0.49932050704956055,0.13979516923427582,0.003828957676887512,0.9998739361763,0.49497929215431213,0.14041849970817566,0.03554466366767883,0.999733030796051,0.4959689676761627,0.13973329961299896,0.03559515252709389,0.9996036887168884,0.4969916343688965,0.1388726681470871,0.035556357353925705,0.9996911287307739,0.5132459402084351,0.14573052525520325,-0.04539143294095993,0.9999035596847534,0.5097357034683228,0.14402149617671967,0.09768613427877426,0.9994626045227051,0.4974685311317444,0.17846836149692535,0.00894883368164301,0.9997492432594299,0.4957946240901947,0.17840881645679474,0.05017129331827164,0.9993733763694763,0.5353686213493347,0.22233058512210846,-0.15380851924419403,0.9999930262565613,0.5304247140884399,0.23805147409439087,0.1996447741985321,0.9992245435714722,0.5516823530197144,0.3001024127006531,-0.2648766338825226,0.9930826425552368,0.5478412508964539,0.3479486405849457,0.258329838514328,0.015381159260869026,0.5320650339126587,0.39868974685668945,-0.2986171841621399,0.9756267666816711,0.5349768400192261,0.4245123863220215,0.2169608622789383,0.02633104845881462,0.5302599668502808,0.4256933331489563,-0.3323097825050354,0.9648904800415039,0.5373992323875427,0.4614565670490265,0.21716110408306122,0.039183180779218674,0.5254954099655151,0.4257451295852661,-0.3217467963695526,0.9606998562812805,0.5330070853233337,0.45919448137283325,0.18699927628040314,0.04168940708041191,0.5258897542953491,0.41864749789237976,-0.2931933104991913,0.9394433498382568,0.5321626663208008,0.4440556466579437,0.20206396281719208,0.0450710654258728,0.5421532392501831,0.4797590970993042,-0.10761712491512299,0.9996702671051025,0.5445128679275513,0.48278817534446716,0.10763125121593475,0.9991103410720825,0.5239142775535583,0.6590433120727539,-0.1347360610961914,0.9838218688964844,0.557877242565155,0.6606017351150513,0.06556762009859085,0.7765704393386841,0.5872563123703003,0.8370218873023987,-0.1276308000087738,0.9904309511184692,0.604543924331665,0.8474661707878113,0.060026865452528,0.9185545444488525,0.6085990071296692,0.8580207228660583,-0.1282481849193573,0.9783076643943787,0.6199923753738403,0.8772522211074829,0.05227174237370491,0.9291688203811646,0.555892288684845,0.9135995507240295,-0.18577975034713745,0.9861434102058411,0.564034640789032,0.9061976075172424,0.01407748181372881,0.9273834824562073
303,0.49384230375289917,0.16003507375717163,0.020352941006422043,0.9997134804725647,0.5002873539924622,0.1396763026714325,-0.00026436810730956495,0.9997704029083252,0.5019185543060303,0.13912726938724518,-0.00029734685085713863,0.9998010396957397,0.5035873651504517,0.13853587210178375,-0.0003054374537896365,0.9998610019683838,0.4994105398654938,0.13947716355323792,0.03210398927330971,0.9997031092643738,0.5004094243049622,0.13867013156414032,0.0321306437253952,0.9995676875114441,0.5014695525169373,0.137664794921875,0.03211791068315506,0.9996568560600281,0.5172042846679688,0.1441696733236313,-0.05326098948717117,0.9998944997787476,0.5140840411186218,0.1426510214805603,0.09329185634851456,0.9994087815284729,0.5011688470840454,0.17717432975769043,0.004624976310878992,0.9997237324714661,0.4994974136352539,0.1773184835910797,0.04675184190273285,0.9993209838867188,0.5347741842269897,0.21990631520748138,-0.15808552503585815,0.999993085861206,0.5386122465133667,0.23879596590995789,0.195705384016037,0.9991798996925354,0.5530287623405457,0.30153560638427734,-0.2554587721824646,0.9935994148254395,0.5541654825210571,0.33492517471313477,0.25370675325393677,0.01637636125087738,0.5321236848831177,0.40229493379592896,-0.2631499171257019,0.9772629737854004,0.5420765280723572,0.4190967082977295,0.217416912317276,0.028334584087133408,0.5303486585617065,0.42958390712738037,-0.2936118245124817,0.9668654203414917,0.5444983243942261,0.45015043020248413,0.21933630108833313,0.042479101568460464,0.5259523987770081,0.4288919270038605,-0.28260862827301025,0.9629302024841309,0.5385873317718506,0.4468642771244049,0.18896962702274323,0.04518863931298256,0.5263218283653259,0.42181798815727234,-0.25695037841796875,0.9424867630004883,0.5387212038040161,0.43356895446777344,0.20244725048542023,0.04802800342440605,0.5412407517433167,0.4843955934047699,-0.1096818670630455,0.9996567368507385,0.5472089648246765,0.4848622977733612,0.10961487144231796,0.9989821910858154,0.5383239984512329,0.6717966794967651,-0.12749437987804413,0.9826561212539673,0.5613110065460205,0.6686155796051025,0.10492686927318573,0.7533775568008423,0.6018884778022766,0.8409150838851929,-0.11231531202793121,0.9900153875350952,0.6062794923782349,0.8447727560997009,0.1258707344532013,0.8960297107696533,0.6207433342933655,0.8662244081497192,-0.11262085288763046,0.978305995464325,0.6227037310600281,0.8750821352005005,0.12414662539958954,0.9137353301048279,0.5721126794815063,0.9191247820854187,-0.1797238290309906,0.9861813187599182,0.5753775835037231,0.9046452641487122,0.0844344049692154,0.9165496826171875
304,0.49677810072898865,0.16317790746688843,0.012132259085774422,0.9997267127037048,0.5031346082687378,0.142547145485878,-0.009413663297891617,0.9997840523719788,0.5046937465667725,0.14192858338356018,-0.009462166577577591,0.9998130798339844,0.5062891244888306,0.1412530243396759,-0.009466174989938736,0.999869167804718,0.5025618672370911,0.14246924221515656,0.023448657244443893,0.99971604347229,0.5037197470664978,0.1416897177696228,0.02345929481089115,0.9995891451835632,0.5049117207527161,0.14072798192501068,0.023476069793105125,0.9996713995933533,0.5201183557510376,0.146223247051239,-0.0642566829919815,0.9999002814292908,0.5181127786636353,0.1450316458940506,0.08355824649333954,0.9994363784790039,0.5044059753417969,0.17986369132995605,-0.004196901340037584,0.9997409582138062,0.5033102035522461,0.18033172190189362,0.038356706500053406,0.9993574619293213,0.5358452796936035,0.2176862359046936,-0.1674230545759201,0.9999935626983643,0.5464226007461548,0.24120384454727173,0.18748551607131958,0.9991430044174194,0.5536252856254578,0.30122289061546326,-0.25343647599220276,0.9940462112426758,0.565157949924469,0.3319312334060669,0.2500024437904358,0.01807377114892006,0.5321230292320251,0.40568041801452637,-0.2436201572418213,0.9788451194763184,0.5473359823226929,0.41324588656425476,0.22449640929698944,0.03220807760953903,0.5298339128494263,0.4337071180343628,-0.2705511450767517,0.9688724279403687,0.548233151435852,0.4482698142528534,0.22845616936683655,0.04874488711357117,0.5265775918960571,0.43367335200309753,-0.25954291224479675,0.9651626348495483,0.543059229850769,0.44678443670272827,0.19612626731395721,0.05184337869286537,0.5269598364830017,0.42598727345466614,-0.23631100356578827,0.9456338286399841,0.5420041680335999,0.4334231913089752,0.20888158679008484,0.053983401507139206,0.5448310971260071,0.48061028122901917,-0.11269229650497437,0.9996672868728638,0.5495108366012573,0.47948628664016724,0.11257704347372055,0.9987173676490784,0.5512499809265137,0.6721334457397461,-0.12978260219097137,0.9815583825111389,0.5567754507064819,0.6560646891593933,0.1392764151096344,0.7313137650489807,0.61508709192276,0.8573163151741028,-0.13543729484081268,0.9901917576789856,0.6343322992324829,0.716704249382019,0.19720867276191711,0.865923285484314,0.6336036920547485,0.8835383057594299,-0.139733225107193,0.9786377549171448,0.6475716233253479,0.7646850347518921,0.2015456259250641,0.9000800848007202,0.5739451050758362,0.9174076318740845,-0.21943612396717072,0.986587643623352,0.6220574975013733,0.7790922522544861,0.18161877989768982,0.9041550755500793
305,0.49865102767944336,0.16383932530879974,0.01233362965285778,0.9997300505638123,0.5044018030166626,0.14387235045433044,-0.008191198110580444,0.9997900724411011,0.5060985684394836,0.14324326813220978,-0.008218476548790932,0.999818742275238,0.5078282952308655,0.14243485033512115,-0.008237206377089024,0.9998724460601807,0.5042299032211304,0.14393383264541626,0.025027984753251076,0.9997178912162781,0.5057463049888611,0.14325381815433502,0.025050198659300804,0.9995975494384766,0.507304310798645,0.14227645099163055,0.02505612000823021,0.9996738433837891,0.5218955278396606,0.14734292030334473,-0.06203452870249748,0.999901294708252,0.520881175994873,0.1462818682193756,0.08662082999944687,0.9994423389434814,0.5061600208282471,0.1803722232580185,-0.0024987212382256985,0.9997501969337463,0.505653977394104,0.18082182109355927,0.04045911505818367,0.9993740916252136,0.53530353307724,0.22006811201572418,-0.1675942838191986,0.9999940395355225,0.5518714189529419,0.2467905879020691,0.18976381421089172,0.9991261959075928,0.552950918674469,0.3013070523738861,-0.2558215260505676,0.9944201707839966,0.57501220703125,0.3335581123828888,0.2504577338695526,0.02042250894010067,0.531634509563446,0.40973278880119324,-0.24674224853515625,0.9802181720733643,0.5625066161155701,0.41527435183525085,0.2472657412290573,0.03655252978205681,0.5296658873558044,0.4378364682197571,-0.2805682420730591,0.9706185460090637,0.5523967742919922,0.44742271304130554,0.25457829236984253,0.055167585611343384,0.5265665054321289,0.43809017539024353,-0.26776784658432007,0.9671088457107544,0.5475177764892578,0.44776180386543274,0.22358696162700653,0.058806102722883224,0.5269492864608765,0.4309455454349518,-0.24002960324287415,0.9483187794685364,0.5464209914207458,0.43410298228263855,0.23265376687049866,0.06043563038110733,0.5459163784980774,0.4865010976791382,-0.11633938550949097,0.9996594190597534,0.553813636302948,0.4842481315135956,0.11612933874130249,0.9983544945716858,0.564712405204773,0.6826431751251221,-0.12629178166389465,0.9779589772224426,0.5646157264709473,0.664145290851593,0.1465902030467987,0.6995460391044617,0.6194218397140503,0.8760051131248474,-0.13228361308574677,0.988982081413269,0.6287474632263184,0.7752797603607178,0.1965034455060959,0.8265698552131653,0.637287974357605,0.9042288064956665,-0.13702616095542908,0.9771787524223328,0.6435823440551758,0.8002136945724487,0.19931426644325256,0.8760313391685486,0.5738118886947632,0.9192318320274353,-0.22029800713062286,0.9858181476593018,0.6006973385810852,0.8318965435028076,0.16972221434116364,0.886509358882904
306,0.5001164674758911,0.16575536131858826,0.015341809019446373,0.9997279644012451,0.5058456659317017,0.14629770815372467,-0.0071382359601557255,0.9997909069061279,0.5075274109840393,0.14577174186706543,-0.00717675918713212,0.9998196959495544,0.5092472434043884,0.14509724080562592,-0.00717268418520689,0.9998720288276672,0.5055817365646362,0.14606532454490662,0.027320822700858116,0.9997153878211975,0.5070028305053711,0.14529961347579956,0.02731967531144619,0.9996002316474915,0.5085936784744263,0.1443062424659729,0.02732355333864689,0.9996731877326965,0.5226414799690247,0.15021578967571259,-0.06157144904136658,0.9998995661735535,0.5218442678451538,0.1491088718175888,0.08812327682971954,0.9994401931762695,0.5077078342437744,0.18239976465702057,-0.002432869514450431,0.9997514486312866,0.507178544998169,0.18250900506973267,0.04201231524348259,0.9993792772293091,0.5351424217224121,0.22205574810504913,-0.17095531523227692,0.9999943375587463,0.5558607578277588,0.24782930314540863,0.19050636887550354,0.9991229772567749,0.5523646473884583,0.3047584891319275,-0.2556683123111725,0.9946978688240051,0.580091655254364,0.3358197510242462,0.2509491443634033,0.02424165979027748,0.5321723222732544,0.4140591621398926,-0.24020537734031677,0.9809591174125671,0.5683869123458862,0.41989147663116455,0.2451334297657013,0.040187809616327286,0.5304914712905884,0.44131508469581604,-0.26737162470817566,0.971317708492279,0.5547853112220764,0.44782203435897827,0.25216180086135864,0.059714969247579575,0.5280243754386902,0.4416646361351013,-0.25656500458717346,0.9678885340690613,0.5485376119613647,0.4487641751766205,0.22164881229400635,0.06369773298501968,0.5282655954360962,0.4346255362033844,-0.23314380645751953,0.9491901993751526,0.5477944612503052,0.4389517605304718,0.23053181171417236,0.06488250195980072,0.5473914742469788,0.4909747540950775,-0.12088613212108612,0.999628484249115,0.5573428273200989,0.4882966876029968,0.12064562737941742,0.9979904890060425,0.5673035979270935,0.6919851303100586,-0.11948968470096588,0.9749454855918884,0.5685098171234131,0.6703798770904541,0.14440038800239563,0.6744791865348816,0.6190539598464966,0.8814272284507751,-0.1188313215970993,0.9878791570663452,0.6221285462379456,0.8257179856300354,0.19391562044620514,0.7967978715896606,0.6363381743431091,0.9112241864204407,-0.12401904165744781,0.9761361479759216,0.6381552219390869,0.8482081294059753,0.19629612565040588,0.8562605381011963,0.5754832029342651,0.921151876449585,-0.20258335769176483,0.9851809144020081,0.5969049334526062,0.8740776777267456,0.16018787026405334,0.8736313581466675
307,0.5014358758926392,0.16327033936977386,0.012269038707017899,0.999709963798523,0.5075647830963135,0.1444838047027588,-0.010923565365374088,0.999771773815155,0.5092331767082214,0.14413762092590332,-0.01097199134528637,0.999803900718689,0.5110056400299072,0.14359594881534576,-0.010971174575388432,0.9998575448989868,0.5069853067398071,0.14414384961128235,0.02295096032321453,0.9996898174285889,0.5082157254219055,0.14349208772182465,0.022952932864427567,0.9995705485343933,0.509668231010437,0.14262333512306213,0.022944895550608635,0.9996389150619507,0.5244821310043335,0.14974838495254517,-0.06959062814712524,0.9998916387557983,0.5229445099830627,0.1483955830335617,0.08087484538555145,0.9993836283683777,0.5084798336029053,0.18040277063846588,-0.005556907504796982,0.9997283816337585,0.507584810256958,0.18040336668491364,0.038238368928432465,0.9993336796760559,0.5349295735359192,0.22240810096263885,-0.17627106606960297,0.9999939799308777,0.5564039349555969,0.24747557938098907,0.18530791997909546,0.9990618824958801,0.5507544279098511,0.3058373034000397,-0.23412366211414337,0.9949073195457458,0.5793358683586121,0.3342549502849579,0.24382147192955017,0.02670719102025032,0.5333327651023865,0.4157840609550476,-0.17627862095832825,0.9811817407608032,0.5701228976249695,0.4158540964126587,0.2390194684267044,0.041693832725286484,0.5324767827987671,0.4432384967803955,-0.19837918877601624,0.9709656834602356,0.5562688112258911,0.44245007634162903,0.24745133519172668,0.0612088106572628,0.5297597050666809,0.4438765347003937,-0.1923617720603943,0.9675585031509399,0.5498273372650146,0.4445105791091919,0.21547988057136536,0.06525419652462006,0.5297706127166748,0.4367322325706482,-0.1704360544681549,0.9486466646194458,0.5497887134552002,0.43149715662002563,0.22368311882019043,0.06628910452127457,0.5529870390892029,0.4932641386985779,-0.11967764049768448,0.999502956867218,0.5555678606033325,0.4919961392879486,0.1194859966635704,0.9976128339767456,0.5725178122520447,0.6964266300201416,-0.09564347565174103,0.9738380908966064,0.5736163854598999,0.679058849811554,0.13464556634426117,0.6633304357528687,0.6177421808242798,0.8813648819923401,-0.06046487018465996,0.9870007634162903,0.6200036406517029,0.849498987197876,0.17699798941612244,0.7876521944999695,0.6345425844192505,0.9124617576599121,-0.06051431968808174,0.9752441048622131,0.6375859975814819,0.8854609727859497,0.1775999516248703,0.8478022217750549,0.5747787356376648,0.9207131862640381,-0.13971862196922302,0.9848052263259888,0.5918410420417786,0.8948482871055603,0.1324993222951889,0.8707116842269897
308,0.5022332072257996,0.1629229485988617,0.010816415771842003,0.9997050166130066,0.5085421204566956,0.14417006075382233,-0.011799496598541737,0.9997485876083374,0.5102454423904419,0.14387483894824982,-0.011865982785820961,0.9997869729995728,0.512042760848999,0.14340266585350037,-0.011869069188833237,0.9998427033424377,0.5080081820487976,0.14387249946594238,0.020816732197999954,0.9996700286865234,0.5092677474021912,0.14328475296497345,0.020819423720240593,0.9995508193969727,0.510777473449707,0.14249634742736816,0.020782336592674255,0.9996180534362793,0.5251421928405762,0.14988061785697937,-0.07000704854726791,0.9998860359191895,0.5238057374954224,0.14854483306407928,0.07559283822774887,0.9993762373924255,0.5093189477920532,0.18035152554512024,-0.0070168874226510525,0.9997146725654602,0.5085048079490662,0.18029634654521942,0.03516151383519173,0.9993067979812622,0.5355741381645203,0.22209875285625458,-0.1739288866519928,0.999993622303009,0.557644248008728,0.24598702788352966,0.1735948771238327,0.9990677833557129,0.5503599047660828,0.30773305892944336,-0.22730544209480286,0.9951170682907104,0.5797926783561707,0.3331301212310791,0.2218950241804123,0.030316507443785667,0.5348514318466187,0.41603580117225647,-0.1806671917438507,0.9815914630889893,0.5718262791633606,0.41810014843940735,0.2004510909318924,0.04664899781346321,0.5341511368751526,0.44421273469924927,-0.20212630927562714,0.9709691405296326,0.5588540434837341,0.44308921694755554,0.20021867752075195,0.06564796715974808,0.5316444039344788,0.44581031799316406,-0.1998349130153656,0.9675440788269043,0.552099883556366,0.44606372714042664,0.17289535701274872,0.0698872059583664,0.5317550897598267,0.4383243918418884,-0.17689701914787292,0.9484662413597107,0.5514143109321594,0.43586570024490356,0.18551774322986603,0.07074850797653198,0.5597829818725586,0.4908023774623871,-0.11239878833293915,0.9994822144508362,0.552065908908844,0.49304312467575073,0.11218743026256561,0.9976978898048401,0.5837624669075012,0.6944120526313782,-0.12939268350601196,0.9753515720367432,0.5347505211830139,0.675583004951477,0.039674121886491776,0.6868526935577393,0.6218656301498413,0.8798061609268188,-0.10092604160308838,0.9876059889793396,0.6030607223510742,0.8470374345779419,0.08341433107852936,0.8001993298530579,0.6379333138465881,0.9104925990104675,-0.1040477529168129,0.9737766981124878,0.6190655827522278,0.8770119547843933,0.08257479965686798,0.8532686829566956,0.5769835710525513,0.9197796583175659,-0.20456251502037048,0.9855871200561523,0.5756034851074219,0.8980855941772461,0.033390916883945465,0.8784229159355164
309,0.5026785731315613,0.16407538950443268,0.018892617896199226,0.9997146129608154,0.5091402530670166,0.14568230509757996,-0.003694352461025119,0.9997487664222717,0.5108546018600464,0.1454368531703949,-0.0037735886871814728,0.999787449836731,0.5126678943634033,0.14499688148498535,-0.003785231616348028,0.9998440146446228,0.5085923075675964,0.1452454924583435,0.02805505134165287,0.9996746778488159,0.5098435282707214,0.14461742341518402,0.028053898364305496,0.9995571374893188,0.511357843875885,0.14378955960273743,0.028011556714773178,0.9996250867843628,0.5257128477096558,0.15142442286014557,-0.06444485485553741,0.999889612197876,0.5243823528289795,0.1500236988067627,0.07665927708148956,0.9994028210639954,0.5096197724342346,0.1814657598733902,0.00014949064643587917,0.9997215867042542,0.5087561011314392,0.18137386441230774,0.04133995994925499,0.9993205070495605,0.53528892993927,0.223460853099823,-0.17133080959320068,0.9999937415122986,0.5573517680168152,0.24573571979999542,0.17918381094932556,0.99909907579422,0.5503932237625122,0.3092826306819916,-0.2187434881925583,0.995322048664093,0.5820977091789246,0.33399689197540283,0.23061898350715637,0.033807478845119476,0.5363632440567017,0.4174244701862335,-0.16553887724876404,0.9820023775100708,0.5822394490242004,0.4121198058128357,0.22195318341255188,0.04979535564780235,0.5358085632324219,0.44446271657943726,-0.18418310582637787,0.9711581468582153,0.5789481401443481,0.4373776614665985,0.2183016836643219,0.06821291148662567,0.5327454805374146,0.44605445861816406,-0.18341906368732452,0.9676547646522522,0.5750271677970886,0.4382135570049286,0.1953551173210144,0.07251536101102829,0.5328818559646606,0.4390553832054138,-0.16200006008148193,0.9484327435493469,0.5563734769821167,0.42874547839164734,0.20750653743743896,0.07329173386096954,0.5594497919082642,0.49055102467536926,-0.11062876880168915,0.9994966387748718,0.5530778169631958,0.492443710565567,0.11044953018426895,0.9978439807891846,0.5787099599838257,0.6940284371376038,-0.1488039791584015,0.9769828915596008,0.5222150683403015,0.6680518388748169,0.010769614949822426,0.7100270986557007,0.6150315999984741,0.8722485899925232,-0.13362053036689758,0.9882631897926331,0.594247579574585,0.8415504693984985,0.04845872521400452,0.8121693134307861,0.6320374011993408,0.9060307741165161,-0.13687695562839508,0.9721642732620239,0.6121430397033691,0.8718279600143433,0.046897999942302704,0.8584911823272705,0.568972647190094,0.919664740562439,-0.23063676059246063,0.9864091277122498,0.5633234977722168,0.8978258967399597,-0.0016902319621294737,0.8856820464134216
310,0.5017232298851013,0.1645921766757965,0.017859434708952904,0.9997314810752869,0.5083512663841248,0.14653894305229187,-0.005459917243570089,0.9997577667236328,0.5099772214889526,0.14634232223033905,-0.0055374875664711,0.999795138835907,0.511733889579773,0.14597871899604797,-0.005551894661039114,0.9998500943183899,0.5081385970115662,0.14602552354335785,0.026334678754210472,0.9996901154518127,0.5094742774963379,0.14539532363414764,0.026341143995523453,0.9995798468589783,0.5110443234443665,0.14459912478923798,0.026306893676519394,0.9996445178985596,0.5248163342475891,0.15272420644760132,-0.06870035082101822,0.9998955130577087,0.5243433713912964,0.15121549367904663,0.07475254684686661,0.9994439482688904,0.5084895491600037,0.182169109582901,-0.001951077370904386,0.9997373223304749,0.5078791975975037,0.18197377026081085,0.03938830643892288,0.9993572235107422,0.5346408486366272,0.22517414391040802,-0.17257453501224518,0.9999940395355225,0.5564273595809937,0.24545663595199585,0.17375805974006653,0.9991393089294434,0.5501993298530579,0.3104115426540375,-0.21290192008018494,0.9955058693885803,0.5834432244300842,0.33458542823791504,0.2354922592639923,0.037393148988485336,0.5361635088920593,0.41842061281204224,-0.14128267765045166,0.9824391603469849,0.5827228426933289,0.41268670558929443,0.23391561210155487,0.05407816916704178,0.53593909740448,0.44525519013404846,-0.15813812613487244,0.9713929891586304,0.5795971155166626,0.4373423159122467,0.23333564400672913,0.07195920497179031,0.5325490832328796,0.4468529224395752,-0.15755607187747955,0.9678640961647034,0.5757802128791809,0.4381486177444458,0.20977678894996643,0.07633794844150543,0.5326558351516724,0.43982306122779846,-0.1375255435705185,0.9485428333282471,0.5741108655929565,0.42989519238471985,0.22013935446739197,0.0771225243806839,0.5581001043319702,0.49139463901519775,-0.10923556238412857,0.9995198845863342,0.5519478917121887,0.49311256408691406,0.10908681154251099,0.9979887008666992,0.5780576467514038,0.6911922693252563,-0.14745911955833435,0.9787514209747314,0.5013402104377747,0.6557034254074097,0.007608228363096714,0.7327160239219666,0.6172246932983398,0.87360018491745,-0.13367559015750885,0.9890768527984619,0.5658687353134155,0.8275039792060852,0.05418049171566963,0.8239163756370544,0.6336447596549988,0.9078822731971741,-0.13653859496116638,0.9716466665267944,0.5882014036178589,0.8539015650749207,0.05389750748872757,0.8637716174125671,0.5719021558761597,0.9212393760681152,-0.22563067078590393,0.9872687458992004,0.5318459868431091,0.8957272171974182,0.014487886801362038,0.8922641277313232
311,0.5003235936164856,0.16511838138103485,-0.0011588269844651222,0.9997537732124329,0.5069719552993774,0.14725469052791595,-0.025304967537522316,0.9997760653495789,0.5086495876312256,0.14704960584640503,-0.02538333833217621,0.999810516834259,0.51045823097229,0.14668704569339752,-0.02540082298219204,0.9998615384101868,0.5066683888435364,0.14670327305793762,0.008335085585713387,0.9997151494026184,0.5079888105392456,0.14604423940181732,0.008355249650776386,0.9996146559715271,0.5094705820083618,0.1452331691980362,0.008343259803950787,0.9996732473373413,0.5238235592842102,0.15351730585098267,-0.08736772835254669,0.9999037981033325,0.5229590535163879,0.15203849971294403,0.06314589828252792,0.9994911551475525,0.5071550607681274,0.18280014395713806,-0.021057287231087685,0.9997578859329224,0.5064195394515991,0.18260909616947174,0.022456783801317215,0.9994058012962341,0.5342517495155334,0.22622324526309967,-0.19196143746376038,0.9999942779541016,0.5543831586837769,0.24643540382385254,0.16956399381160736,0.999163806438446,0.5493541359901428,0.3139391541481018,-0.2200956642627716,0.9957444667816162,0.5849038362503052,0.3359944820404053,0.23132702708244324,0.041960690170526505,0.5358144044876099,0.42620083689689636,-0.13587962090969086,0.9831554889678955,0.576318621635437,0.41405197978019714,0.22225821018218994,0.06119365990161896,0.5349421501159668,0.45299094915390015,-0.15463721752166748,0.971932590007782,0.5692523717880249,0.43863797187805176,0.22324886918067932,0.078170046210289,0.5313824415206909,0.45345738530158997,-0.15266188979148865,0.9684858322143555,0.567238450050354,0.43875813484191895,0.19668817520141602,0.08270811289548874,0.5314679741859436,0.44561275839805603,-0.13116738200187683,0.9491633772850037,0.5676220059394836,0.4310908913612366,0.20749115943908691,0.08306413888931274,0.5561894774436951,0.49623727798461914,-0.11063002049922943,0.9995430707931519,0.5511260032653809,0.49521398544311523,0.11048716306686401,0.9981182217597961,0.5797661542892456,0.6931445598602295,-0.1445728838443756,0.9803733825683594,0.4849206805229187,0.6513986587524414,0.038290414959192276,0.755294144153595,0.6200886964797974,0.8843506574630737,-0.12606963515281677,0.9899293780326843,0.5363097190856934,0.8275209069252014,0.10515172779560089,0.8372040390968323,0.6353159546852112,0.9147013425827026,-0.1277095377445221,0.9725048542022705,0.5501600503921509,0.8536664247512817,0.10908447206020355,0.8714277148246765,0.5774639844894409,0.9222730994224548,-0.21366985142230988,0.9881929159164429,0.49858635663986206,0.8891683220863342,0.08068060874938965,0.8991531133651733
312,0.4993448853492737,0.1657741367816925,0.0015936298295855522,0.9997742176055908,0.5059226155281067,0.1478947401046753,-0.020161356776952744,0.9997935891151428,0.5076109766960144,0.1477009803056717,-0.02022268995642662,0.9998251795768738,0.5094310641288757,0.14733310043811798,-0.02023281157016754,0.9998723268508911,0.5055527091026306,0.14724275469779968,0.012975631281733513,0.9997387528419495,0.5068601369857788,0.14654140174388885,0.012990648858249187,0.9996470212936401,0.5083274245262146,0.14569233357906342,0.01296711154282093,0.9996999502182007,0.5229514837265015,0.1538144052028656,-0.08027943968772888,0.9999117255210876,0.5219026803970337,0.15260039269924164,0.06959117949008942,0.9995341897010803,0.5063751339912415,0.18348170816898346,-0.015851369127631187,0.9997762441635132,0.5056787133216858,0.183279886841774,0.027104830369353294,0.9994504451751709,0.5330814123153687,0.22696253657341003,-0.18751822412014008,0.9999944567680359,0.5526940822601318,0.24672482907772064,0.1709350198507309,0.9991839528083801,0.5457464456558228,0.3145708441734314,-0.21183626353740692,0.9959834814071655,0.5835168957710266,0.33652523159980774,0.24810180068016052,0.04933733120560646,0.5325652956962585,0.42620348930358887,-0.10716172307729721,0.9838272929191589,0.5771886706352234,0.40437206625938416,0.25243130326271057,0.07027174532413483,0.5310670137405396,0.45336994528770447,-0.12243219465017319,0.9725160002708435,0.568785548210144,0.4307216703891754,0.2575344443321228,0.08609592914581299,0.5293198823928833,0.45382028818130493,-0.12070174515247345,0.9691731929779053,0.5687807202339172,0.42622867226600647,0.2305508404970169,0.09097502380609512,0.5301676392555237,0.44571956992149353,-0.10159163177013397,0.9500433802604675,0.5695299506187439,0.41983145475387573,0.23834840953350067,0.09092514961957932,0.55583655834198,0.4973173439502716,-0.11451993137598038,0.9995661973953247,0.5507837533950806,0.4960987865924835,0.11436362564563751,0.9982424974441528,0.5743709802627563,0.6920183300971985,-0.14672961831092834,0.9819456934928894,0.479107141494751,0.6505146622657776,0.04402187839150429,0.7741962671279907,0.6172028183937073,0.8848223090171814,-0.1238766759634018,0.9906902313232422,0.5051923394203186,0.831298291683197,0.09853169322013855,0.8495996594429016,0.6332200169563293,0.9148777723312378,-0.12578095495700836,0.9734441041946411,0.5216320753097534,0.8650732040405273,0.10031817108392715,0.8788847327232361,0.5761054754257202,0.9242865443229675,-0.21006038784980774,0.9889786243438721,0.4651857316493988,0.8851816654205322,0.07301738858222961,0.9054625034332275
313,0.4987483620643616,0.16614723205566406,0.006649971008300781,0.9997868537902832,0.505282998085022,0.14832639694213867,-0.01860918290913105,0.9998034834861755,0.5069776773452759,0.14814522862434387,-0.01867941953241825,0.999832808971405,0.5088074207305908,0.14776267111301422,-0.018685828894376755,0.9998781085014343,0.5048849582672119,0.14762850105762482,0.01640509068965912,0.9997538924217224,0.5061860680580139,0.14692646265029907,0.01639975979924202,0.9996684193611145,0.5076424479484558,0.14609062671661377,0.01638013869524002,0.9997165203094482,0.5225046277046204,0.1541607677936554,-0.07707672566175461,0.9999162554740906,0.5211743116378784,0.15270501375198364,0.06989238411188126,0.9995572566986084,0.5061925649642944,0.18395274877548218,-0.014329616911709309,0.9997818470001221,0.5053802132606506,0.1837650090456009,0.030818572267889977,0.9994668364524841,0.530168890953064,0.22731520235538483,-0.18656423687934875,0.9999940395355225,0.5516635179519653,0.24750424921512604,0.1849135011434555,0.9991453886032104,0.5415977835655212,0.3146897554397583,-0.20875509083271027,0.9961434006690979,0.58053058385849,0.33710911870002747,0.2674582600593567,0.05292302370071411,0.5277162194252014,0.4259713888168335,-0.09825078397989273,0.9841488599777222,0.5749403238296509,0.39908427000045776,0.2812904417514801,0.07612651586532593,0.5263437032699585,0.4532345235347748,-0.11237646639347076,0.9724475741386414,0.5666477680206299,0.41737157106399536,0.2914940118789673,0.09134312719106674,0.5261099338531494,0.45292580127716064,-0.10881318897008896,0.9691931009292603,0.5662730932235718,0.41829633712768555,0.26288726925849915,0.09664822369813919,0.5272254347801208,0.4451446235179901,-0.09177576005458832,0.9498857855796814,0.5664404630661011,0.4126679003238678,0.26739948987960815,0.09627395868301392,0.5478094816207886,0.5052481889724731,-0.11818446218967438,0.999579131603241,0.5421780943870544,0.5044683218002319,0.1180240735411644,0.9983388185501099,0.5703198313713074,0.6976989507675171,-0.1448303759098053,0.9833572506904602,0.470137357711792,0.6543524861335754,0.076246477663517,0.790931224822998,0.6164525747299194,0.8859612941741943,-0.10821268707513809,0.9913792610168457,0.47206416726112366,0.8437952399253845,0.11796741187572479,0.8621248006820679,0.6331930756568909,0.9150803685188293,-0.10767412185668945,0.9745770692825317,0.4813244342803955,0.8813143372535706,0.11795370280742645,0.8865106701850891,0.5785674452781677,0.9243198037147522,-0.1786591112613678,0.9897111058235168,0.4270143508911133,0.8725547790527344,0.08490873873233795,0.9121621251106262
314,0.4976475238800049,0.16688674688339233,0.00736585259437561,0.9997959136962891,0.5041171908378601,0.14904293417930603,-0.017490915954113007,0.9998119473457336,0.5056095123291016,0.1491171270608902,-0.017573777586221695,0.9998388290405273,0.5072668194770813,0.14907795190811157,-0.017602086067199707,0.999883234500885,0.5041681528091431,0.14810943603515625,0.019456256181001663,0.9997658729553223,0.5055801868438721,0.14742888510227203,0.019438117742538452,0.999685525894165,0.5072051882743835,0.14667505025863647,0.01941489800810814,0.999731183052063,0.5205210447311401,0.15682461857795715,-0.07614656537771225,0.9999192357063293,0.5203174352645874,0.15480336546897888,0.08109401166439056,0.999566912651062,0.5037760138511658,0.185463547706604,-0.01235149148851633,0.9997860193252563,0.5032712817192078,0.18537023663520813,0.03366463631391525,0.9994841814041138,0.5267879962921143,0.23085202276706696,-0.1934034377336502,0.999993622303009,0.5474454164505005,0.25196197628974915,0.20463714003562927,0.9990895986557007,0.5373669266700745,0.31770357489585876,-0.2330431193113327,0.9962469935417175,0.5775325894355774,0.34121009707450867,0.2886055111885071,0.051795460283756256,0.5234048366546631,0.42837682366371155,-0.13006672263145447,0.9841461777687073,0.5695323348045349,0.4026544392108917,0.3034737706184387,0.07358674705028534,0.5223256349563599,0.4551500082015991,-0.1505536139011383,0.9719622731208801,0.5662586092948914,0.4225310981273651,0.31907299160957336,0.088348388671875,0.5210838317871094,0.4547871947288513,-0.15079890191555023,0.9687144160270691,0.5599550604820251,0.4235658347606659,0.2886326014995575,0.09360139071941376,0.5227026343345642,0.44665390253067017,-0.12836815416812897,0.9482104182243347,0.5616072416305542,0.41599512100219727,0.2893218994140625,0.09316659718751907,0.5377969145774841,0.5108820796012878,-0.1217634454369545,0.9995883107185364,0.5347527265548706,0.5091291069984436,0.12159407138824463,0.9983968734741211,0.5699102878570557,0.7007124423980713,-0.14099708199501038,0.9847487211227417,0.4648311734199524,0.6564964652061462,0.10660035908222198,0.8061037659645081,0.616526186466217,0.8861794471740723,-0.10744719207286835,0.9921064376831055,0.4419587254524231,0.8461008071899414,0.12971612811088562,0.8738882541656494,0.634253978729248,0.9144403338432312,-0.10722168534994125,0.9760000705718994,0.44717544317245483,0.8875101804733276,0.12798859179019928,0.8927050232887268,0.5767854452133179,0.9250503778457642,-0.18077856302261353,0.9905234575271606,0.3938826024532318,0.8492467999458313,0.08492974191904068,0.9188528656959534
315,0.49371200799942017,0.17145192623138428,0.013588441535830498,0.9998055100440979,0.4996929168701172,0.15395674109458923,-0.011251353658735752,0.9998219609260559,0.5009416937828064,0.1540599763393402,-0.01130511425435543,0.9998459815979004,0.5023508071899414,0.15410588681697845,-0.0112977409735322,0.9998887777328491,0.5004105567932129,0.15340259671211243,0.02703104540705681,0.9997791051864624,0.5020102262496948,0.1529858410358429,0.027014881372451782,0.999704897403717,0.5038059949874878,0.15242186188697815,0.026996716856956482,0.999747633934021,0.5156528949737549,0.16284282505512238,-0.0751991719007492,0.9999219179153442,0.5169993042945862,0.16127316653728485,0.08902352303266525,0.999582827091217,0.49897250533103943,0.18984152376651764,-0.009376057423651218,0.9997912645339966,0.4988667070865631,0.19004912674427032,0.0395720973610878,0.9995044469833374,0.5224194526672363,0.2402292937040329,-0.191776841878891,0.9999931454658508,0.5448793172836304,0.2611875832080841,0.2083893120288849,0.9990726709365845,0.5329777002334595,0.3315500319004059,-0.23897764086723328,0.9961272478103638,0.5771310925483704,0.3561862111091614,0.2941555380821228,0.05034549906849861,0.5166756510734558,0.4346965253353119,-0.1425175815820694,0.9834407567977905,0.5598450899124146,0.4204544425010681,0.31650373339653015,0.0710994228720665,0.5144602060317993,0.46006613969802856,-0.15208393335342407,0.9704183340072632,0.5506879091262817,0.4334632158279419,0.3348939120769501,0.08565942943096161,0.513135552406311,0.45989990234375,-0.1627396196126938,0.9671184420585632,0.5460346937179565,0.4335280954837799,0.3048931360244751,0.0908287912607193,0.5143726468086243,0.4523114562034607,-0.13057094812393188,0.9446941018104553,0.5474880337715149,0.42869821190834045,0.30292755365371704,0.09040433168411255,0.5292052030563354,0.5221146941184998,-0.12339097261428833,0.9996047616004944,0.5269377827644348,0.5185054540634155,0.12316036224365234,0.9984726905822754,0.5581602454185486,0.7094007134437561,-0.12979522347450256,0.985937237739563,0.460543155670166,0.658944308757782,0.13077294826507568,0.8180639147758484,0.6174975037574768,0.8858556151390076,-0.09554274380207062,0.9927183985710144,0.4167616367340088,0.8451700210571289,0.15535496175289154,0.8838866353034973,0.6368523240089417,0.9127967953681946,-0.09441863000392914,0.9772217273712158,0.41763776540756226,0.8857449889183044,0.1540602594614029,0.8966947793960571,0.5763641595840454,0.9270861148834229,-0.16136455535888672,0.9911633133888245,0.36753565073013306,0.8282421827316284,0.11153379827737808,0.9241108894348145
316,0.4891074299812317,0.18027038872241974,0.0242538433521986,0.9998031854629517,0.4946610927581787,0.162937194108963,-0.00024147653311956674,0.9998231530189514,0.4957617223262787,0.1628783792257309,-0.00028131960425525904,0.999844491481781,0.4969736635684967,0.16276593506336212,-0.0002550520293880254,0.9998878240585327,0.49584832787513733,0.16300098598003387,0.0372314415872097,0.9997802972793579,0.4976356625556946,0.16286775469779968,0.037221770733594894,0.9997098445892334,0.49953994154930115,0.16250409185886383,0.0371948666870594,0.9997503161430359,0.5099722146987915,0.17207884788513184,-0.07353277504444122,0.9999192953109741,0.5125514268875122,0.1710413694381714,0.09358209371566772,0.999569833278656,0.49411043524742126,0.19794900715351105,-0.0012998762540519238,0.9997831583023071,0.4942939281463623,0.19848734140396118,0.047523852437734604,0.9994944930076599,0.5169869065284729,0.24833299219608307,-0.19293087720870972,0.9999926686286926,0.5433540344238281,0.27154895663261414,0.20773787796497345,0.9990199208259583,0.524554431438446,0.3408401310443878,-0.25553861260414124,0.9959056973457336,0.5763139128684998,0.3724330961704254,0.2867230772972107,0.04998478293418884,0.5071398019790649,0.4453471601009369,-0.2005484402179718,0.9831314086914062,0.5504212379455566,0.44302117824554443,0.30435457825660706,0.07045890390872955,0.5049563050270081,0.46831539273262024,-0.2206696718931198,0.9696048498153687,0.5435051321983337,0.45854881405830383,0.3226521909236908,0.08482015132904053,0.50225430727005,0.46905308961868286,-0.20812663435935974,0.9662890434265137,0.5353482961654663,0.457283616065979,0.29330387711524963,0.08981314301490784,0.5034033060073853,0.46221351623535156,-0.19074082374572754,0.9422509074211121,0.5363631844520569,0.45221954584121704,0.29098281264305115,0.08928819745779037,0.5208193063735962,0.5332098007202148,-0.12472482770681381,0.9996178150177002,0.5194618701934814,0.527329683303833,0.1244284138083458,0.9985309839248657,0.5403207540512085,0.7215829491615295,-0.1260252445936203,0.9868689179420471,0.45342588424682617,0.66075599193573,0.13751749694347382,0.8277338147163391,0.6151512861251831,0.8855486512184143,-0.09205502271652222,0.9932084083557129,0.39742690324783325,0.8442238569259644,0.1675601303577423,0.8923483490943909,0.6378165483474731,0.9065848588943481,-0.090914785861969,0.978168249130249,0.3980216383934021,0.8844171166419983,0.1672997623682022,0.9002836346626282,0.574571430683136,0.9293978214263916,-0.15878047049045563,0.9915683269500732,0.3519345819950104,0.8205835223197937,0.12714502215385437,0.9279981255531311
317,0.48406752943992615,0.19108660519123077,0.018657905980944633,0.9998117089271545,0.4896649718284607,0.1736745983362198,-0.004583963192999363,0.9998311996459961,0.49085578322410583,0.17339937388896942,-0.004621186759322882,0.9998503923416138,0.49219220876693726,0.17306412756443024,-0.004564312286674976,0.9998923540115356,0.49048763513565063,0.17386043071746826,0.03578837215900421,0.9997900724411011,0.49215245246887207,0.17359142005443573,0.03579508885741234,0.9997232556343079,0.49401456117630005,0.17314261198043823,0.03575116768479347,0.9997615218162537,0.5044099688529968,0.18167747557163239,-0.07633227854967117,0.9999213814735413,0.5059853792190552,0.18102607131004333,0.09319465607404709,0.9995757937431335,0.4888603687286377,0.20826458930969238,-0.006855560000985861,0.9997902512550354,0.4888625741004944,0.2085471898317337,0.04409792274236679,0.9995135068893433,0.5118805170059204,0.25593048334121704,-0.20571768283843994,0.9999930262565613,0.5341382026672363,0.2807936668395996,0.21165072917938232,0.9990230202674866,0.5185976028442383,0.3469279706478119,-0.29172655940055847,0.9960864186286926,0.5665807127952576,0.3830847144126892,0.28869563341140747,0.04781479015946388,0.5014813542366028,0.455683171749115,-0.2682875990867615,0.9839268326759338,0.5399216413497925,0.45651254057884216,0.29550784826278687,0.06745685636997223,0.4990401268005371,0.47830483317375183,-0.29715412855148315,0.9706884026527405,0.5308458209037781,0.47426173090934753,0.3118663728237152,0.08159955590963364,0.4965760111808777,0.47903233766555786,-0.2813718914985657,0.9674878120422363,0.5239657163619995,0.4733027517795563,0.2807404398918152,0.08638675510883331,0.49814367294311523,0.4722191393375397,-0.2592807412147522,0.9432659149169922,0.5251104235649109,0.46621793508529663,0.2812013328075409,0.08601507544517517,0.5131003856658936,0.5356522798538208,-0.12996406853199005,0.9996412396430969,0.5078527331352234,0.5308524966239929,0.12962284684181213,0.9986270666122437,0.521804928779602,0.7265504598617554,-0.1398756057024002,0.9878259897232056,0.44202375411987305,0.6612775325775146,0.11574751138687134,0.8370028138160706,0.6134163737297058,0.8782051801681519,-0.11764641851186752,0.9937410354614258,0.3852684199810028,0.8445712327957153,0.14834468066692352,0.9002977609634399,0.6363996863365173,0.8907499313354492,-0.11750880628824234,0.9794337153434753,0.3866834044456482,0.8888817429542542,0.14799770712852478,0.9046103358268738,0.5739413499832153,0.9313511252403259,-0.19568760693073273,0.9921737313270569,0.33895954489707947,0.8225778341293335,0.12152121961116791,0.9323803782463074
318,0.47764214873313904,0.20891092717647552,0.024067111313343048,0.9998153448104858,0.4831804633140564,0.19168442487716675,-8.798342605587095e-05,0.9998352527618408,0.4844934344291687,0.19150325655937195,-0.00011652884859358892,0.9998509883880615,0.4859866499900818,0.19130221009254456,-7.498315972043201e-05,0.9998931288719177,0.48338189721107483,0.19107136130332947,0.03835844248533249,0.9997950196266174,0.4847315847873688,0.1904239058494568,0.03835573419928551,0.9997293949127197,0.48636382818222046,0.18977545201778412,0.0383349284529686,0.9997673034667969,0.4989539086818695,0.19906505942344666,-0.07611594349145889,0.9999194145202637,0.5004210472106934,0.19766461849212646,0.09473447501659393,0.9995635151863098,0.4825015664100647,0.2276056557893753,-0.0022195742931216955,0.9997861981391907,0.48213475942611694,0.22677400708198547,0.04780171066522598,0.9995115399360657,0.5062434673309326,0.2780611515045166,-0.19977286458015442,0.9999921321868896,0.527030885219574,0.2942906320095062,0.208088681101799,0.9990375638008118,0.5129736661911011,0.36886659264564514,-0.27006709575653076,0.9957268834114075,0.559878408908844,0.3926604390144348,0.3000902533531189,0.04738930985331535,0.4932275414466858,0.470702588558197,-0.224455326795578,0.9830010533332825,0.5318699479103088,0.4607509672641754,0.3370274305343628,0.06769557297229767,0.4900053143501282,0.4922833740711212,-0.24722540378570557,0.9690367579460144,0.5225638151168823,0.47307077050209045,0.3588164746761322,0.0824076235294342,0.48763877153396606,0.49156099557876587,-0.2347782552242279,0.9658586382865906,0.5169981122016907,0.4724535346031189,0.3295656144618988,0.08714714646339417,0.4893086552619934,0.48503577709198,-0.21563084423542023,0.9398167133331299,0.5177125334739685,0.4672345519065857,0.32458335161209106,0.08672413975000381,0.4999059736728668,0.555485725402832,-0.12929025292396545,0.9996663928031921,0.4959791600704193,0.5493735671043396,0.12898358702659607,0.9987376928329468,0.5066065192222595,0.7436066269874573,-0.137080118060112,0.988634467124939,0.4259282052516937,0.6698660254478455,0.1655907928943634,0.8428285121917725,0.6056505441665649,0.869674026966095,-0.09345012903213501,0.9942077398300171,0.3799286484718323,0.8487545251846313,0.23272788524627686,0.9073678851127625,0.6353832483291626,0.8740818500518799,-0.0884208157658577,0.9808224439620972,0.3837381601333618,0.8928455114364624,0.23618391156196594,0.9078112244606018,0.5739098787307739,0.9339459538459778,-0.14313405752182007,0.9927237629890442,0.3344167172908783,0.8325129151344299,0.19620507955551147,0.9356869459152222
319,0.4716467261314392,0.2298133671283722,0.02312990464270115,0.9998294711112976,0.47706538438796997,0.212675079703331,-0.0008319882908836007,0.9998477697372437,0.47842884063720703,0.21265631914138794,-0.000859143678098917,0.9998614192008972,0.47989457845687866,0.2126275599002838,-0.0008180172881111503,0.9999004602432251,0.47691279649734497,0.21171575784683228,0.0371849462389946,0.9998111724853516,0.47805848717689514,0.2109714150428772,0.03719281405210495,0.999750018119812,0.4793991148471832,0.21023061871528625,0.03717877343297005,0.9997851252555847,0.4931936264038086,0.21983672678470612,-0.07553024590015411,0.9999242424964905,0.49422305822372437,0.21783427894115448,0.08579415827989578,0.9995943903923035,0.47653499245643616,0.2486484795808792,-0.0022610053420066833,0.9998006820678711,0.4758909344673157,0.24777689576148987,0.04627978801727295,0.999546229839325,0.5006296634674072,0.29747524857521057,-0.19688384234905243,0.9999924302101135,0.5210694670677185,0.3120045065879822,0.18982073664665222,0.9991133213043213,0.5026834607124329,0.38857680559158325,-0.31508880853652954,0.9957028031349182,0.5533265471458435,0.4082377552986145,0.32514792680740356,0.04935603216290474,0.4818018078804016,0.48961687088012695,-0.34492844343185425,0.9837112426757812,0.5374813079833984,0.4685990512371063,0.4491652846336365,0.07101073116064072,0.4773655831813812,0.5169832706451416,-0.3749123215675354,0.9705094695091248,0.5274432897567749,0.4788658618927002,0.4828248918056488,0.08705189824104309,0.474484384059906,0.5152220129966736,-0.3578057885169983,0.9674929976463318,0.5248721241950989,0.4838963747024536,0.4562954306602478,0.09206787496805191,0.47700247168540955,0.5071605443954468,-0.3367393910884857,0.941956102848053,0.5249533653259277,0.47839879989624023,0.4411296844482422,0.09192364662885666,0.49223795533180237,0.5664768218994141,-0.12867453694343567,0.9996943473815918,0.48751401901245117,0.5623219609260559,0.12835635244846344,0.9988548159599304,0.495800256729126,0.76609867811203,-0.14255522191524506,0.989552915096283,0.4077858030796051,0.6718658208847046,0.14709670841693878,0.848866879940033,0.6011382341384888,0.8631234765052795,-0.0936778262257576,0.9946825504302979,0.3741501569747925,0.8560222387313843,0.22565674781799316,0.9143560528755188,0.6349032521247864,0.8689947128295898,-0.09409462660551071,0.982334554195404,0.3826572895050049,0.8992369174957275,0.22960856556892395,0.9128981828689575,0.5749002695083618,0.9353742003440857,-0.1494915783405304,0.9933190941810608,0.3248782455921173,0.8497543334960938,0.184296652674675,0.9392756223678589
320,0.46585288643836975,0.2500607967376709,0.03270125016570091,0.9998424649238586,0.4713568687438965,0.23328223824501038,0.008624697104096413,0.9998587369918823,0.4726821780204773,0.2331315129995346,0.00862514041364193,0.9998704195022583,0.47409409284591675,0.23288783431053162,0.008679921738803387,0.9999067187309265,0.47117042541503906,0.2329263687133789,0.04311210662126541,0.9998260140419006,0.4722839891910553,0.23247085511684418,0.043092016130685806,0.9997692108154297,0.4736064076423645,0.2318522334098816,0.04306761920452118,0.9998019337654114,0.48722583055496216,0.24005292356014252,-0.06820692867040634,0.9999285936355591,0.48866575956344604,0.23942647874355316,0.08711500465869904,0.9996234178543091,0.4705212116241455,0.26792824268341064,0.006725882180035114,0.9998127818107605,0.47020649909973145,0.26787251234054565,0.0518142506480217,0.99957674741745,0.4926745295524597,0.31436246633529663,-0.1812061369419098,0.9999921321868896,0.5150038003921509,0.3339713215827942,0.18775299191474915,0.999181866645813,0.49349385499954224,0.40727272629737854,-0.28438541293144226,0.9952572584152222,0.5460538268089294,0.4296775460243225,0.3105778098106384,0.053498171269893646,0.4717136025428772,0.5056062340736389,-0.2764316201210022,0.9834743738174438,0.5249683260917664,0.48899558186531067,0.40001899003982544,0.08114640414714813,0.4669964909553528,0.5303374528884888,-0.30568405985832214,0.9704108834266663,0.5145961046218872,0.4954335391521454,0.4264087677001953,0.09901220351457596,0.4641311764717102,0.5308182239532471,-0.29469627141952515,0.9673681259155273,0.512256383895874,0.5028993487358093,0.3990195691585541,0.10416888445615768,0.4665159583091736,0.5237591862678528,-0.2672846019268036,0.9413577318191528,0.5130599737167358,0.49806883931159973,0.39021262526512146,0.10404309630393982,0.4795841574668884,0.5861972570419312,-0.12816648185253143,0.9997193217277527,0.4781644344329834,0.5830263495445251,0.12787434458732605,0.99896240234375,0.4887157082557678,0.7932711839675903,-0.16361281275749207,0.9904270172119141,0.39060407876968384,0.6721413731575012,0.14665473997592926,0.855030357837677,0.5968030095100403,0.8627039790153503,-0.13366511464118958,0.9951181411743164,0.37131863832473755,0.8577684164047241,0.22245284914970398,0.9210439920425415,0.6294317245483398,0.8617218136787415,-0.12854748964309692,0.9837096333503723,0.38103121519088745,0.8986222147941589,0.22669649124145508,0.9181639552116394,0.5740507245063782,0.9363328814506531,-0.16099871695041656,0.9938564896583557,0.3235728442668915,0.8632139563560486,0.1918010115623474,0.9428943395614624
321,0.45876064896583557,0.2726637125015259,0.043210484087467194,0.9998489618301392,0.4644664227962494,0.2559756338596344,0.017889687791466713,0.9998605847358704,0.46579042077064514,0.25585511326789856,0.01788412779569626,0.9998695850372314,0.46721863746643066,0.25556910037994385,0.017909009009599686,0.999904990196228,0.4645930826663971,0.2556408643722534,0.05108823627233505,0.9998326301574707,0.46589046716690063,0.25527194142341614,0.05107904225587845,0.9997764229774475,0.4673990309238434,0.25465887784957886,0.05103690177202225,0.9998077154159546,0.4797805845737457,0.26166751980781555,-0.06271503120660782,0.9999275207519531,0.4821949899196625,0.26145780086517334,0.08913890272378922,0.9996258616447449,0.46324270963668823,0.2892560660839081,0.01612892746925354,0.9998072385787964,0.4633104205131531,0.2893472909927368,0.05984415486454964,0.9995728135108948,0.4839481711387634,0.33788058161735535,-0.1706370860338211,0.9999908208847046,0.5065236687660217,0.3576229214668274,0.1857328861951828,0.9992408752441406,0.4821906089782715,0.4354213774204254,-0.20203939080238342,0.9938896298408508,0.5357471704483032,0.45492732524871826,0.29720592498779297,0.05757288262248039,0.46011123061180115,0.5306076407432556,-0.09905171394348145,0.9800220727920532,0.5071024298667908,0.5085535049438477,0.3604482114315033,0.086509108543396,0.4557684361934662,0.5541278719902039,-0.10954464972019196,0.9652684330940247,0.5029867887496948,0.5253984928131104,0.38023096323013306,0.10497066378593445,0.45331159234046936,0.5566505193710327,-0.10247566550970078,0.9617540240287781,0.49882832169532776,0.524745762348175,0.35204556584358215,0.10991790145635605,0.4551261067390442,0.5499549508094788,-0.09188106656074524,0.9334583878517151,0.5025447010993958,0.5232576727867126,0.3484695553779602,0.11039559543132782,0.469489723443985,0.6115424036979675,-0.12537595629692078,0.9997415542602539,0.462329626083374,0.6071580052375793,0.12513452768325806,0.9990620017051697,0.47750234603881836,0.8130244612693787,-0.17835113406181335,0.9912552833557129,0.3746892809867859,0.6734910011291504,0.16371938586235046,0.8630496859550476,0.5902038216590881,0.8606447577476501,-0.13850492238998413,0.9954879879951477,0.3689754009246826,0.8637800216674805,0.24139149487018585,0.9277842044830322,0.6183499693870544,0.8510077595710754,-0.13158777356147766,0.9849132895469666,0.37860721349716187,0.902795135974884,0.24533891677856445,0.9238168001174927,0.5790418386459351,0.9358519911766052,-0.15688073635101318,0.994311511516571,0.3214151859283447,0.8819780349731445,0.2201782464981079,0.9467403292655945
322,0.44983863830566406,0.2885188162326813,0.04379396513104439,0.9998583793640137,0.45627617835998535,0.27267611026763916,0.018144141882658005,0.9998682737350464,0.4575260579586029,0.2726615071296692,0.018138792365789413,0.9998758435249329,0.4589279592037201,0.27265113592147827,0.0181514210999012,0.9999090433120728,0.4564873278141022,0.27220621705055237,0.05114198476076126,0.9998437166213989,0.4578019678592682,0.2718210220336914,0.05113103985786438,0.9997909069061279,0.45929160714149475,0.27139484882354736,0.05109032243490219,0.9998196363449097,0.47059711813926697,0.2820008397102356,-0.06252431124448776,0.999930739402771,0.47274699807167053,0.28139734268188477,0.0890476182103157,0.9996491074562073,0.45466360449790955,0.3080654442310333,0.016632508486509323,0.9998132586479187,0.4546508193016052,0.308080792427063,0.05992503836750984,0.9995887279510498,0.47488507628440857,0.36425358057022095,-0.17274004220962524,0.9999893307685852,0.49983125925064087,0.3860476613044739,0.18739880621433258,0.9992917776107788,0.4730079174041748,0.4594987630844116,-0.20960251986980438,0.9924871325492859,0.5239632725715637,0.4736660122871399,0.32555049657821655,0.0575428307056427,0.4481922686100006,0.5517551302909851,-0.10931260883808136,0.9777274131774902,0.5051645040512085,0.5018965601921082,0.44490838050842285,0.0868247002363205,0.4426090121269226,0.5726247429847717,-0.11963020265102386,0.9620384573936462,0.5009385347366333,0.5165365934371948,0.4768613278865814,0.10631188005208969,0.4410301148891449,0.574582040309906,-0.11191483587026596,0.9582375884056091,0.5002064108848572,0.5083149671554565,0.45407724380493164,0.11121337860822678,0.443291574716568,0.5680265426635742,-0.10180544853210449,0.9286340475082397,0.5004034638404846,0.504957377910614,0.4372105002403259,0.11234769970178604,0.4603038430213928,0.6326846480369568,-0.12519234418869019,0.9997625350952148,0.45374569296836853,0.6290447115898132,0.12495460361242294,0.9991533756256104,0.47332167625427246,0.8350047469139099,-0.17653445899486542,0.991948127746582,0.3618343472480774,0.6763272285461426,0.16686572134494781,0.8708672523498535,0.5853466987609863,0.8589162230491638,-0.11064676940441132,0.9957320094108582,0.36691519618034363,0.8665367364883423,0.25514575839042664,0.9339422583580017,0.6127716898918152,0.84715336561203,-0.0969337746500969,0.9859579205513,0.37916135787963867,0.9022495746612549,0.2608156204223633,0.9294636845588684,0.5806299448013306,0.9355325698852539,-0.10442043840885162,0.9946652054786682,0.3200933039188385,0.8893098831176758,0.24377858638763428,0.9503975510597229
323,0.4421652853488922,0.30200010538101196,0.04324352741241455,0.9998683333396912,0.4490024149417877,0.28928226232528687,0.017751488834619522,0.9998760223388672,0.4501088559627533,0.2893717288970947,0.017739545553922653,0.9998819828033447,0.45144519209861755,0.2894229590892792,0.017802562564611435,0.9999127984046936,0.4494574964046478,0.2891625463962555,0.04839351773262024,0.999854564666748,0.45081454515457153,0.28913676738739014,0.048397500067949295,0.9998056888580322,0.4525173306465149,0.289010614156723,0.048332832753658295,0.9998320937156677,0.4631723463535309,0.3006933927536011,-0.06317819654941559,0.9999338984489441,0.46542587876319885,0.3004080653190613,0.08550897985696793,0.9996716380119324,0.4469558596611023,0.3237016499042511,0.015933990478515625,0.9998217821121216,0.44702091813087463,0.32388386130332947,0.05681649595499039,0.9996110200881958,0.46766337752342224,0.39042630791664124,-0.17116443812847137,0.9999871850013733,0.49151116609573364,0.40688204765319824,0.17665553092956543,0.999346137046814,0.4630957543849945,0.4873189330101013,-0.1752615123987198,0.9903931021690369,0.5157565474510193,0.49568870663642883,0.25413936376571655,0.059811368584632874,0.43866246938705444,0.5757906436920166,-0.03416769579052925,0.9698284864425659,0.4886344075202942,0.5496514439582825,0.27890336513519287,0.08787204325199127,0.4348808228969574,0.5954911708831787,-0.04048002511262894,0.9506940245628357,0.48222842812538147,0.5641283392906189,0.29554906487464905,0.10766293853521347,0.4338498115539551,0.5942360758781433,-0.034476540982723236,0.9463167190551758,0.4827376902103424,0.5727828145027161,0.27017027139663696,0.11225532740354538,0.4351941645145416,0.5893895626068115,-0.026719674468040466,0.9146919846534729,0.4838760793209076,0.5662891864776611,0.2675498127937317,0.11409951001405716,0.4525572657585144,0.6534408926963806,-0.1187857836484909,0.9997816681861877,0.4478929042816162,0.6474963426589966,0.1186186894774437,0.9992355108261108,0.46952956914901733,0.8600499629974365,-0.18666401505470276,0.9926265478134155,0.3528600335121155,0.6800107359886169,0.17661744356155396,0.8796558976173401,0.5827697515487671,0.8594213128089905,-0.11093764007091522,0.995952844619751,0.36478525400161743,0.8645724654197693,0.2628646492958069,0.9397215247154236,0.6084955930709839,0.8426430821418762,-0.09945613145828247,0.9868497252464294,0.3800966143608093,0.9015852808952332,0.26826298236846924,0.9350513815879822,0.5798711180686951,0.9355026483535767,-0.10557074844837189,0.9949698448181152,0.31949296593666077,0.8910540342330933,0.266493022441864,0.9543048143386841
324,0.43365994095802307,0.32145315408706665,0.039418093860149384,0.9998809695243835,0.4396829605102539,0.3081666827201843,0.015582116320729256,0.9998878240585327,0.4408290982246399,0.307871013879776,0.015571360476315022,0.999893069267273,0.44204750657081604,0.30744102597236633,0.015590016730129719,0.9999208450317383,0.4399753510951996,0.3081493675708771,0.04821566864848137,0.9998685121536255,0.44121623039245605,0.3078400790691376,0.04821508377790451,0.9998244643211365,0.4425826072692871,0.30735108256340027,0.048185624182224274,0.9998483657836914,0.45362430810928345,0.3169872760772705,-0.05737459659576416,0.999940037727356,0.45519423484802246,0.3171997368335724,0.09435268491506577,0.9997032880783081,0.4384783208370209,0.33991098403930664,0.014066988602280617,0.9998379349708557,0.4382125437259674,0.34046459197998047,0.056954432278871536,0.9996472001075745,0.4611068367958069,0.4085898995399475,-0.15740670263767242,0.9999853372573853,0.48550111055374146,0.4246915280818939,0.18023565411567688,0.9994035959243774,0.4554722309112549,0.5109965205192566,-0.1430596262216568,0.9892885088920593,0.5123043656349182,0.5155177116394043,0.2073090374469757,0.06623359769582748,0.4317033886909485,0.5959708094596863,0.02173342928290367,0.961689293384552,0.474102258682251,0.565953254699707,0.16534174978733063,0.08981777727603912,0.4268007278442383,0.6137272119522095,0.014589056372642517,0.9366839528083801,0.46845880150794983,0.5776369571685791,0.17459213733673096,0.1088898554444313,0.4256290793418884,0.6129642724990845,0.0258143600076437,0.9317528009414673,0.4654426574707031,0.5692926645278931,0.14587828516960144,0.11299962550401688,0.4277830719947815,0.606924295425415,0.030984606593847275,0.8980519771575928,0.4664314389228821,0.5773603916168213,0.15098384022712708,0.11611277610063553,0.44442614912986755,0.6668724417686462,-0.11357222497463226,0.9997974634170532,0.44659972190856934,0.6647325754165649,0.11347420513629913,0.9993088245391846,0.4638999104499817,0.8718653321266174,-0.18547600507736206,0.9932565093040466,0.3467884659767151,0.6847386956214905,0.19229505956172943,0.8861725330352783,0.5748527646064758,0.8602334856987,-0.09459242224693298,0.9961806535720825,0.36273735761642456,0.8665947914123535,0.25811153650283813,0.9445237517356873,0.6001885533332825,0.8417579531669617,-0.08519524335861206,0.9877961277961731,0.37884554266929626,0.900995135307312,0.2612610161304474,0.939324676990509,0.5853180885314941,0.9335853457450867,-0.07776456326246262,0.9952613711357117,0.3194679915904999,0.8950123190879822,0.2624245285987854,0.9573965072631836
325,0.4274572730064392,0.33770471811294556,0.03724753484129906,0.9998919367790222,0.43429893255233765,0.3235059380531311,0.013392368331551552,0.9998980760574341,0.4353805482387543,0.3235526978969574,0.013379800133407116,0.9999027252197266,0.4365314543247223,0.3235122859477997,0.013393635861575603,0.9999276995658875,0.4347800612449646,0.3231566250324249,0.046631354838609695,0.9998806715011597,0.43611735105514526,0.32299095392227173,0.04662943258881569,0.9998409748077393,0.43759578466415405,0.3226594030857086,0.04660298302769661,0.9998624920845032,0.446999728679657,0.33413711190223694,-0.057863324880599976,0.9999454617500305,0.4492526054382324,0.33325880765914917,0.0946931391954422,0.9997311234474182,0.43134626746177673,0.3550415635108948,0.012382004410028458,0.9998518228530884,0.4313373565673828,0.3554404675960541,0.05586840957403183,0.9996783137321472,0.45497196912765503,0.4230605661869049,-0.15844663977622986,0.9999843239784241,0.4768482744693756,0.4354311525821686,0.18206001818180084,0.9994461536407471,0.45305413007736206,0.5223708748817444,-0.15630435943603516,0.9886004328727722,0.5023928880691528,0.5237831473350525,0.2167912721633911,0.06765838712453842,0.427039235830307,0.6110712885856628,-0.013277453370392323,0.9607263207435608,0.47694769501686096,0.5572490692138672,0.18782006204128265,0.09005604684352875,0.4224327504634857,0.6312015056610107,-0.023565182462334633,0.9350535273551941,0.47494181990623474,0.5758149027824402,0.1991160362958908,0.10991734266281128,0.4208413064479828,0.6303097009658813,-0.013295462355017662,0.9300463199615479,0.4711427092552185,0.5694276094436646,0.1722368448972702,0.11395993828773499,0.4237287640571594,0.622551679611206,-0.004280273802578449,0.895790696144104,0.47122693061828613,0.5663556456565857,0.17472432553768158,0.11847758293151855,0.43958941102027893,0.681986391544342,-0.11152203381061554,0.9998120069503784,0.4444795250892639,0.6818333268165588,0.11142381280660629,0.9993740320205688,0.46105074882507324,0.8853204250335693,-0.17485862970352173,0.9938644766807556,0.34157460927963257,0.6866234540939331,0.18062911927700043,0.8908564448356628,0.5716074705123901,0.8607374429702759,-0.08578521758317947,0.996399462223053,0.3618306517601013,0.8651095628738403,0.2487095296382904,0.9482751488685608,0.5966854095458984,0.836201548576355,-0.07560418546199799,0.9886811971664429,0.37765294313430786,0.9001606702804565,0.2522178888320923,0.9423601627349854,0.5853260159492493,0.9304167628288269,-0.06737889349460602,0.9955292344093323,0.32144835591316223,0.8967403173446655,0.25142616033554077,0.9594681262969971
326,0.4214402139186859,0.3512416183948517,0.05091544985771179,0.9999018907546997,0.42818981409072876,0.3364182412624359,0.028898710384964943,0.999907910823822,0.42917609214782715,0.3368646502494812,0.02894078753888607,0.9999120831489563,0.43023648858070374,0.33717775344848633,0.028975943103432655,0.9999344944953918,0.42866969108581543,0.33583950996398926,0.06360576301813126,0.9998918771743774,0.4299758970737457,0.33577629923820496,0.06356091052293777,0.9998560547828674,0.4314846098423004,0.33547401428222656,0.06352415680885315,0.9998756051063538,0.4407438635826111,0.34893304109573364,-0.03994578495621681,0.9999507069587708,0.44374093413352966,0.34690940380096436,0.11352373659610748,0.9997571706771851,0.42537182569503784,0.3698037564754486,0.02771224081516266,0.9998644590377808,0.42526158690452576,0.3702034056186676,0.07185767590999603,0.999706506729126,0.4498631954193115,0.43834707140922546,-0.14737054705619812,0.9999848008155823,0.4720454216003418,0.444476455450058,0.2023821622133255,0.9994809627532959,0.4506498873233795,0.5359510779380798,-0.16361112892627716,0.9877224564552307,0.4955609440803528,0.5359430313110352,0.3020821809768677,0.06650853157043457,0.42252644896507263,0.6241967082023621,-0.032304275780916214,0.9595903158187866,0.4731913208961487,0.5807492136955261,0.3792308270931244,0.08738556504249573,0.41843003034591675,0.6446511149406433,-0.03566039353609085,0.9333998560905457,0.46805649995803833,0.5967077612876892,0.40349262952804565,0.10746245831251144,0.41678959131240845,0.6426013708114624,-0.029175419360399246,0.9280876517295837,0.45956724882125854,0.5791549682617188,0.3822750449180603,0.11159422993659973,0.4195902943611145,0.6348806619644165,-0.023874681442975998,0.8945456147193909,0.46567749977111816,0.5843029618263245,0.370480477809906,0.11757662892341614,0.4339466691017151,0.6909282803535461,-0.11129869520664215,0.99982088804245,0.4429844319820404,0.6923562288284302,0.1112341657280922,0.9994290471076965,0.3698326349258423,0.8030763268470764,-0.14054670929908752,0.9938799142837524,0.44526976346969604,0.8810338973999023,0.10177920758724213,0.8974691033363342,0.4457527995109558,0.8210069537162781,-0.022803138941526413,0.9944528341293335,0.5512598752975464,0.864278256893158,0.10215376317501068,0.9526386260986328,0.4612484574317932,0.8134512305259705,-0.010303279384970665,0.9872140288352966,0.5405991673469543,0.8792023658752441,0.10180318355560303,0.9473665356636047,0.44842609763145447,0.8550997376441956,0.01821175217628479,0.9940028190612793,0.5660527944564819,0.921970009803772,0.09764028340578079,0.9624032974243164
327,0.4166024625301361,0.35784608125686646,0.030290495604276657,0.9999100565910339,0.4231906831264496,0.34193694591522217,0.005077776499092579,0.9999154210090637,0.42412787675857544,0.3426041305065155,0.005080148112028837,0.9999189972877502,0.4251411557197571,0.3432742655277252,0.0050646658055484295,0.9999392628669739,0.42387905716896057,0.3411940336227417,0.03965325653553009,0.9999010562896729,0.4252764582633972,0.34121716022491455,0.03967098146677017,0.9998685121536255,0.42686718702316284,0.3411027193069458,0.03969518840312958,0.9998859167098999,0.435954749584198,0.35558372735977173,-0.06305263191461563,0.9999547600746155,0.4392629563808441,0.35252323746681213,0.09235557913780212,0.9997777342796326,0.4203648567199707,0.3771369457244873,0.007840842939913273,0.9998746514320374,0.42047661542892456,0.3771311342716217,0.05262985825538635,0.9997286200523376,0.4449809193611145,0.4439975619316101,-0.15595939755439758,0.9999847412109375,0.4690256714820862,0.4491722583770752,0.18685263395309448,0.9995201826095581,0.44517582654953003,0.5370739102363586,-0.16806325316429138,0.9866651296615601,0.4927230775356293,0.5333458781242371,0.20861244201660156,0.06600279361009598,0.4207356572151184,0.6277007460594177,-0.026673462241888046,0.9579768776893616,0.4759325087070465,0.5582423210144043,0.16353663802146912,0.08865862339735031,0.417131245136261,0.6503528952598572,-0.035914476960897446,0.9311795234680176,0.4708824157714844,0.5717116594314575,0.1729104071855545,0.1111212968826294,0.41526684165000916,0.6482051014900208,-0.027753015980124474,0.9260250926017761,0.4665900766849518,0.5636170506477356,0.14903691411018372,0.11524330079555511,0.4183569550514221,0.6385042667388916,-0.01795653998851776,0.8919968605041504,0.46764445304870605,0.5629101395606995,0.15136240422725677,0.12219267338514328,0.4359096586704254,0.7003498077392578,-0.1112387552857399,0.999835729598999,0.4364927411079407,0.6955075263977051,0.11113880574703217,0.9994844198226929,0.42077749967575073,0.8956525325775146,-0.18123343586921692,0.9944092035293579,0.3412587344646454,0.7273626327514648,0.1925126612186432,0.9019699096679688,0.48806461691856384,0.8271329402923584,-0.04294561594724655,0.9947066903114319,0.3795422911643982,0.8645340800285339,0.2789892554283142,0.9558372497558594,0.5322661399841309,0.8246837854385376,-0.0478728748857975,0.9879637956619263,0.395325630903244,0.8889697790145874,0.28504568338394165,0.9505538940429688,0.5484973788261414,0.9036591649055481,-0.056413017213344574,0.9942769408226013,0.3357158303260803,0.9091545343399048,0.29502421617507935,0.9645338654518127
328,0.4145727753639221,0.3645629584789276,0.02950957417488098,0.999918520450592,0.4200439453125,0.3482930362224579,0.004620355553925037,0.9999234080314636,0.4209922254085541,0.3487979769706726,0.004617082420736551,0.9999265670776367,0.4219774603843689,0.3492242097854614,0.004604354966431856,0.9999447464942932,0.42066869139671326,0.34764114022254944,0.03926358371973038,0.9999103546142578,0.4220019280910492,0.34757199883461,0.03928098455071449,0.9998809695243835,0.42350316047668457,0.3473224341869354,0.03930441290140152,0.9998966455459595,0.4333840012550354,0.36018669605255127,-0.06354337930679321,0.9999589920043945,0.43620601296424866,0.3572983741760254,0.09227058291435242,0.9997988343238831,0.4182164669036865,0.38301509618759155,0.00683559849858284,0.9998860955238342,0.41825729608535767,0.3828376829624176,0.0518275611102581,0.9997535347938538,0.44243374466896057,0.4469960033893585,-0.15908735990524292,0.9999856352806091,0.46806296706199646,0.4520883858203888,0.18378953635692596,0.9995619058609009,0.4441598355770111,0.5447258353233337,-0.166420117020607,0.986625075340271,0.49355965852737427,0.5386645793914795,0.17487375438213348,0.06694794446229935,0.4198603630065918,0.6364858150482178,-0.03362402319908142,0.9578394293785095,0.4747987687587738,0.5636923313140869,0.09297536313533783,0.08961566537618637,0.4163019061088562,0.6603851318359375,-0.04569993168115616,0.9306564331054688,0.47037893533706665,0.5755174160003662,0.09792869538068771,0.11296369135379791,0.4137200713157654,0.6587372422218323,-0.03506258875131607,0.9256182909011841,0.4584529995918274,0.5650781989097595,0.07409857958555222,0.11677629500627518,0.4155665934085846,0.6497869491577148,-0.024407465010881424,0.8913798928260803,0.45940643548965454,0.5580659508705139,0.079975925385952,0.12460392713546753,0.4371091425418854,0.7004134058952332,-0.1082627922296524,0.9998504519462585,0.4378458857536316,0.6956632137298584,0.10814636945724487,0.9995347857475281,0.44306713342666626,0.9061139225959778,-0.1756879687309265,0.9948648810386658,0.33631306886672974,0.7038211822509766,0.1846577674150467,0.9035669565200806,0.519603431224823,0.8341068029403687,-0.0657787173986435,0.9948351979255676,0.3648800551891327,0.8644746541976929,0.2604812681674957,0.9574981927871704,0.5639935731887817,0.8291535973548889,-0.0581851601600647,0.9882984757423401,0.3803340494632721,0.892369270324707,0.2652251422405243,0.9517263174057007,0.5723879933357239,0.9209378361701965,-0.0498567633330822,0.9943955540657043,0.3196885585784912,0.9036736488342285,0.27162522077560425,0.9652671217918396
329,0.4139472544193268,0.36267390847206116,0.03485482186079025,0.9999262094497681,0.4185677170753479,0.3460097312927246,0.012054073624312878,0.9999306797981262,0.4194513261318207,0.34637778997421265,0.012049177661538124,0.9999334812164307,0.42038559913635254,0.346612811088562,0.01204179972410202,0.9999498128890991,0.41908782720565796,0.34552833437919617,0.045985009521245956,0.9999186992645264,0.420290470123291,0.3455325961112976,0.04598876088857651,0.9998921751976013,0.4217072129249573,0.34537652134895325,0.04599379003047943,0.9999064803123474,0.43216806650161743,0.3566340506076813,-0.05258382484316826,0.9999627470970154,0.4345272481441498,0.35431671142578125,0.09991784393787384,0.9998180270195007,0.417372465133667,0.3821040391921997,0.012915683910250664,0.9998961091041565,0.4176030158996582,0.3823201060295105,0.0569576621055603,0.9997755289077759,0.4429500997066498,0.44247496128082275,-0.1484958678483963,0.9999858736991882,0.4664785861968994,0.449948251247406,0.18424323201179504,0.9995960593223572,0.44599127769470215,0.5376316905021667,-0.15380816161632538,0.9866588115692139,0.4927596151828766,0.5350576043128967,0.19538334012031555,0.06748095154762268,0.4210524559020996,0.6339691281318665,-0.024202456697821617,0.955828070640564,0.465848833322525,0.5913601517677307,0.13085129857063293,0.08818201720714569,0.41836848855018616,0.6556154489517212,-0.036112308502197266,0.9270159006118774,0.4574683606624603,0.5995205640792847,0.13498307764530182,0.11081011593341827,0.4166724681854248,0.6536474227905273,-0.025074902921915054,0.921904981136322,0.45207303762435913,0.5942768454551697,0.10700662434101105,0.11453535407781601,0.4182398319244385,0.6451846361160278,-0.01516326516866684,0.887154757976532,0.4534279704093933,0.584293782711029,0.11648008972406387,0.12301324307918549,0.438096284866333,0.6945890188217163,-0.1068793535232544,0.9998610615730286,0.44084134697914124,0.6929016709327698,0.10677868127822876,0.9995777606964111,0.45116478204727173,0.8890762329101562,-0.14481006562709808,0.995159924030304,0.3527250289916992,0.7814435958862305,0.15906548500061035,0.9028917551040649,0.5390621423721313,0.8418717384338379,-0.06185397505760193,0.9950168132781982,0.36714911460876465,0.86424720287323,0.20686586201190948,0.9590412974357605,0.5785338282585144,0.8305959701538086,-0.05389980599284172,0.9887551665306091,0.38247549533843994,0.8895846605300903,0.20943708717823029,0.9531291723251343,0.5721986293792725,0.9267943501472473,-0.04334642365574837,0.9945621490478516,0.3804519474506378,0.922441840171814,0.2174108475446701,0.9658669233322144
330,0.4149816930294037,0.35638174414634705,0.03391508385539055,0.9999321699142456,0.41957226395606995,0.3408140540122986,0.01129221823066473,0.9999362230300903,0.42039409279823303,0.3409944176673889,0.01128994207829237,0.9999385476112366,0.42136770486831665,0.34112170338630676,0.01128396112471819,0.9999533295631409,0.4202083647251129,0.34077557921409607,0.04526633396744728,0.9999253153800964,0.4214581847190857,0.3408651053905487,0.045281000435352325,0.9999012351036072,0.42295217514038086,0.3408013582229614,0.045291103422641754,0.999914288520813,0.43372076749801636,0.35109516978263855,-0.05415017530322075,0.9999654293060303,0.43574780225753784,0.34921422600746155,0.09896577894687653,0.9998329877853394,0.4181381165981293,0.37591394782066345,0.012137927114963531,0.9999027252197266,0.4182538092136383,0.3759370446205139,0.05651397630572319,0.9997912049293518,0.4442240297794342,0.43751245737075806,-0.1513734608888626,0.9999856948852539,0.4665040373802185,0.4433242678642273,0.18399736285209656,0.9996238946914673,0.44922059774398804,0.5319700837135315,-0.1557563841342926,0.9859631061553955,0.492490291595459,0.5306061506271362,0.20403870940208435,0.06716921180486679,0.42441171407699585,0.6269350647926331,-0.03185858204960823,0.9542843699455261,0.46861332654953003,0.5869288444519043,0.14872801303863525,0.08790728449821472,0.42193642258644104,0.6477071046829224,-0.04499662294983864,0.9243888854980469,0.45825091004371643,0.5939146876335144,0.15457214415073395,0.1107943207025528,0.41961440443992615,0.6464792490005493,-0.03452516719698906,0.9192045331001282,0.4524511694908142,0.5895584225654602,0.1271977722644806,0.11423833668231964,0.4208182692527771,0.6394171118736267,-0.023226238787174225,0.8835704326629639,0.45260316133499146,0.5873303413391113,0.1350468248128891,0.1232784166932106,0.4401368498802185,0.6913460493087769,-0.10700788348913193,0.9998724460601807,0.4413875937461853,0.687401294708252,0.10688575357198715,0.9996179938316345,0.45491689443588257,0.8895267248153687,-0.15815331041812897,0.9955428838729858,0.3399863839149475,0.7034829258918762,0.1989588439464569,0.903394877910614,0.5520340204238892,0.8486372232437134,-0.09873434901237488,0.9952520728111267,0.36274707317352295,0.8635966181755066,0.25825485587120056,0.9603478312492371,0.5879833698272705,0.8311012983322144,-0.0914287120103836,0.9893084168434143,0.3787005543708801,0.890118420124054,0.26150932908058167,0.9542264938354492,0.5788899064064026,0.9296475052833557,-0.08045436441898346,0.9947700500488281,0.325899600982666,0.9193163514137268,0.2702540457248688,0.9664982557296753
331,0.416951984167099,0.34662070870399475,0.024232972413301468,0.9999337196350098,0.4218061566352844,0.33150896430015564,0.000762773328460753,0.9999369978904724,0.422649085521698,0.33149033784866333,0.0007580557721666992,0.9999378323554993,0.4235996603965759,0.33148476481437683,0.0007709970814175904,0.9999521374702454,0.42254287004470825,0.33151695132255554,0.03403020650148392,0.9999279975891113,0.4238995611667633,0.331373393535614,0.03404136747121811,0.9999048709869385,0.4254394471645355,0.33112281560897827,0.03402690961956978,0.9999173283576965,0.43599027395248413,0.34131133556365967,-0.06489589810371399,0.9999640583992004,0.4381488263607025,0.3394770324230194,0.08613403886556625,0.9998361468315125,0.42055875062942505,0.36530765891075134,0.002307469490915537,0.9998992681503296,0.4207087457180023,0.36566591262817383,0.046098753809928894,0.9997897744178772,0.44743284583091736,0.42709508538246155,-0.15356981754302979,0.9999849200248718,0.4702081084251404,0.4362725615501404,0.1760697066783905,0.9996443390846252,0.4527367651462555,0.5212455987930298,-0.16410714387893677,0.9845160245895386,0.4964701235294342,0.5224072933197021,0.2165214717388153,0.0661608874797821,0.42831143736839294,0.6165440082550049,-0.04308381676673889,0.9515337347984314,0.47198548913002014,0.5735260844230652,0.21699634194374084,0.08842989057302475,0.4254513382911682,0.6381619572639465,-0.055416613817214966,0.9206137657165527,0.46353426575660706,0.5836542248725891,0.2294367104768753,0.11271963268518448,0.4232216775417328,0.6363431215286255,-0.044602952897548676,0.9152093529701233,0.4600599706172943,0.5798425078392029,0.20010168850421906,0.11596391350030899,0.4246026873588562,0.6292531490325928,-0.03422533720731735,0.8781492114067078,0.4606045186519623,0.5761603116989136,0.2044144570827484,0.12515267729759216,0.4434150755405426,0.6839252710342407,-0.10781174898147583,0.9998822212219238,0.4430801272392273,0.6792266368865967,0.10768719762563705,0.9996533393859863,0.45523372292518616,0.882632851600647,-0.17779472470283508,0.9958490133285522,0.3441283106803894,0.6863462924957275,0.22129276394844055,0.8997708559036255,0.5620888471603394,0.8495995998382568,-0.12950243055820465,0.9953770041465759,0.3617653250694275,0.8631263971328735,0.2877673804759979,0.9602954983711243,0.5939237475395203,0.8318148851394653,-0.12212878465652466,0.989781379699707,0.3775051236152649,0.8911645412445068,0.2917722165584564,0.9544230699539185,0.577756404876709,0.932269811630249,-0.11589846760034561,0.9948930144309998,0.31949344277381897,0.9179561138153076,0.3039069175720215,0.9660958051681519
332,0.419330358505249,0.34522122144699097,0.024910680949687958,0.9999323487281799,0.42442718148231506,0.33089298009872437,0.0016029167454689741,0.9999339580535889,0.4253338873386383,0.3304353654384613,0.0015982547774910927,0.9999333620071411,0.4263679087162018,0.3292739987373352,0.0016196811338886619,0.9999480247497559,0.42536336183547974,0.330337256193161,0.03492187708616257,0.9999272227287292,0.4268561899662018,0.3311558663845062,0.03493211418390274,0.9999036192893982,0.4285286068916321,0.32986322045326233,0.03491387143731117,0.999915599822998,0.43914729356765747,0.335158109664917,-0.06450977176427841,0.9999598860740662,0.4414505958557129,0.33483773469924927,0.08699793368577957,0.9998282790184021,0.42356938123703003,0.3625890016555786,0.002875721314921975,0.9998892545700073,0.4238646924495697,0.36339324712753296,0.046687591820955276,0.9997698664665222,0.44994276762008667,0.4224627912044525,-0.15559116005897522,0.99998539686203,0.4728260934352875,0.4305376708507538,0.1780616044998169,0.9996557831764221,0.4575711190700531,0.5102986693382263,-0.18530580401420593,0.9843083024024963,0.4990557134151459,0.519664466381073,0.2364232987165451,0.06478589028120041,0.42965078353881836,0.6047396063804626,-0.09757449477910995,0.9515326023101807,0.47515439987182617,0.568046510219574,0.24373285472393036,0.0877082496881485,0.4271978437900543,0.6268038749694824,-0.11370278894901276,0.920372724533081,0.46698227524757385,0.5797081589698792,0.25724977254867554,0.1127670630812645,0.42389732599258423,0.6264800429344177,-0.10279371589422226,0.9148315787315369,0.46208080649375916,0.5761986374855042,0.2290218323469162,0.11582063138484955,0.42537158727645874,0.620094895362854,-0.0890655368566513,0.8768817186355591,0.4628053307533264,0.5716723799705505,0.2314673662185669,0.1248956248164177,0.4437066912651062,0.6780400276184082,-0.11150529235601425,0.9998907446861267,0.44427961111068726,0.66977858543396,0.11134610325098038,0.9996841549873352,0.4610104560852051,0.8768933415412903,-0.19207830727100372,0.996069073677063,0.34803804755210876,0.680661678314209,0.20876595377922058,0.8957375884056091,0.5717712044715881,0.8513012528419495,-0.16466085612773895,0.9954860210418701,0.3616139590740204,0.8630380630493164,0.27951496839523315,0.9595552682876587,0.6016458868980408,0.8321287631988525,-0.15966574847698212,0.9900910258293152,0.37736693024635315,0.8924076557159424,0.2839275896549225,0.954142689704895,0.5759633779525757,0.9333295226097107,-0.16880422830581665,0.9949891567230225,0.31824812293052673,0.9159315228462219,0.29053613543510437,0.9650083184242249
333,0.42058372497558594,0.32778358459472656,0.04814533889293671,0.9999316930770874,0.42496830224990845,0.3104693591594696,0.02315380424261093,0.999931275844574,0.42609328031539917,0.31025776267051697,0.02315901592373848,0.9999317526817322,0.4272989332675934,0.3097182512283325,0.023223090916872025,0.9999452233314514,0.4260649085044861,0.309553861618042,0.05376225709915161,0.9999252557754517,0.4276800751686096,0.30928435921669006,0.053753357380628586,0.9999004006385803,0.42929935455322266,0.30817559361457825,0.05370727926492691,0.9999111294746399,0.44106602668762207,0.3133418560028076,-0.04655342549085617,0.999957263469696,0.4426194131374359,0.3114875257015228,0.09378226846456528,0.9998287558555603,0.4264167845249176,0.34301161766052246,0.02564432844519615,0.9998851418495178,0.4269711971282959,0.3433074951171875,0.06610509008169174,0.9997556209564209,0.4556754231452942,0.39278241991996765,-0.1560208648443222,0.9999865889549255,0.4789498746395111,0.4096507132053375,0.18631191551685333,0.9996777772903442,0.46244803071022034,0.47771063446998596,-0.2922719120979309,0.9848932027816772,0.5000783205032349,0.48406851291656494,0.3370707631111145,0.07288507372140884,0.4393320083618164,0.5739091038703918,-0.3539896309375763,0.9539623260498047,0.4952181875705719,0.5122969150543213,0.489074170589447,0.0991033986210823,0.43872180581092834,0.5982725620269775,-0.3809780776500702,0.9246015548706055,0.49823635816574097,0.5246787071228027,0.5285970568656921,0.1261071264743805,0.43512558937072754,0.6001248955726624,-0.3664436638355255,0.9190995693206787,0.49425679445266724,0.5229209661483765,0.5111093521118164,0.12908871471881866,0.43546462059020996,0.5938888788223267,-0.3472236692905426,0.8814083933830261,0.48972129821777344,0.5194516181945801,0.48626118898391724,0.13655279576778412,0.4497380256652832,0.6527069807052612,-0.11568089574575424,0.9999005794525146,0.4461747109889984,0.6470701098442078,0.11543618142604828,0.9997143149375916,0.46346205472946167,0.8546979427337646,-0.2081998884677887,0.9962329268455505,0.3519275486469269,0.6779828667640686,0.19204837083816528,0.8944927453994751,0.5776504874229431,0.8545953631401062,-0.19789859652519226,0.9956893920898438,0.3624858260154724,0.8630097508430481,0.264726459980011,0.9593284130096436,0.6073108911514282,0.836977481842041,-0.19231204688549042,0.9905714988708496,0.377535879611969,0.8944946527481079,0.2697296738624573,0.9536621570587158,0.5751761198043823,0.9343888163566589,-0.20527787506580353,0.9952135682106018,0.31782907247543335,0.9129195213317871,0.2699609100818634,0.96332848072052
334,0.42614930868148804,0.2990250885486603,0.04758911579847336,0.9999319314956665,0.43154364824295044,0.2823895215988159,0.023048173636198044,0.9999298453330994,0.43285465240478516,0.2823082506656647,0.02306300401687622,0.999929666519165,0.4341588020324707,0.2820640504360199,0.02313327230513096,0.9999431371688843,0.4320969581604004,0.2816743552684784,0.0551360659301281,0.9999259114265442,0.43358492851257324,0.2812066674232483,0.05512603372335434,0.9999004006385803,0.4351630210876465,0.280356764793396,0.055097680538892746,0.9999105334281921,0.44777989387512207,0.2872699201107025,-0.04758324474096298,0.9999551773071289,0.449230432510376,0.28505274653434753,0.0992218554019928,0.9998288154602051,0.43329325318336487,0.3166469931602478,0.02439858391880989,0.999881386756897,0.43325257301330566,0.31639915704727173,0.06685046851634979,0.999745786190033,0.4652043879032135,0.37036165595054626,-0.15612174570560455,0.9999874234199524,0.48716282844543457,0.3849531412124634,0.19273319840431213,0.9996924996376038,0.47588974237442017,0.45351025462150574,-0.25419968366622925,0.9853400588035583,0.514220118522644,0.4704606235027313,0.32382217049598694,0.07455980777740479,0.4517737030982971,0.5453053116798401,-0.2463664710521698,0.9560028314590454,0.49587908387184143,0.5096169114112854,0.4375258982181549,0.10303743183612823,0.45001521706581116,0.5719695091247559,-0.26749566197395325,0.9278097152709961,0.4951975345611572,0.5251175165176392,0.46918153762817383,0.13066184520721436,0.44717392325401306,0.5747341513633728,-0.25428953766822815,0.9222308397293091,0.4919508993625641,0.5223672389984131,0.446000874042511,0.13378269970417023,0.44756096601486206,0.5675415396690369,-0.23873189091682434,0.8844329118728638,0.49206358194351196,0.524603545665741,0.43037596344947815,0.14156635105609894,0.4612676203250885,0.6355518102645874,-0.11993151903152466,0.999908447265625,0.45002299547195435,0.626404881477356,0.11968939006328583,0.9997406005859375,0.4699963927268982,0.8293346166610718,-0.19679191708564758,0.9964067935943604,0.360765665769577,0.67582768201828,0.17764471471309662,0.8972373008728027,0.5807780027389526,0.8548844456672668,-0.1744678020477295,0.9959102869033813,0.36215081810951233,0.8627640604972839,0.25191983580589294,0.9612950682640076,0.6114920377731323,0.8415460586547852,-0.16836965084075928,0.9909296035766602,0.37732526659965515,0.8945180177688599,0.2577914595603943,0.9551661610603333,0.5753615498542786,0.9338483810424805,-0.1807732880115509,0.995449423789978,0.31767553091049194,0.9009661078453064,0.2522602677345276,0.9642015695571899
335,0.43239450454711914,0.27901384234428406,0.06214344501495361,0.999930202960968,0.4379597306251526,0.2606368064880371,0.037317417562007904,0.9999256134033203,0.4394000470638275,0.2604215145111084,0.037328481674194336,0.9999233484268188,0.44087833166122437,0.2601078450679779,0.037393052130937576,0.9999380707740784,0.43806561827659607,0.26010769605636597,0.06912612169981003,0.999924898147583,0.4394620954990387,0.2595037519931793,0.06911274045705795,0.9998974204063416,0.4410187304019928,0.2586459219455719,0.069074347615242,0.9999079704284668,0.45493727922439575,0.2642395496368408,-0.03831224516034126,0.9999510049819946,0.4553445279598236,0.26199039816856384,0.1072094589471817,0.9998241066932678,0.439697802066803,0.29566967487335205,0.03696710616350174,0.9998719692230225,0.43904930353164673,0.29532963037490845,0.07890459150075912,0.9997323155403137,0.4716982841491699,0.3415755033493042,-0.152614563703537,0.9999877214431763,0.494159460067749,0.35666245222091675,0.19468526542186737,0.9996997714042664,0.48327523469924927,0.4316435158252716,-0.23949670791625977,0.9858898520469666,0.5260648727416992,0.4500861167907715,0.2952677607536316,0.08077308535575867,0.4613155424594879,0.5270779728889465,-0.2174430787563324,0.9575595259666443,0.4995005130767822,0.5072044134140015,0.3685265779495239,0.10579875111579895,0.4588187634944916,0.5558829307556152,-0.23668384552001953,0.929825484752655,0.4983714520931244,0.5202739834785461,0.3928968608379364,0.1315191388130188,0.45648059248924255,0.5565475225448608,-0.22447633743286133,0.9239922761917114,0.4942256510257721,0.5180792808532715,0.3699333965778351,0.13471633195877075,0.45727571845054626,0.5479015707969666,-0.21034327149391174,0.8856775164604187,0.4933338761329651,0.5164902210235596,0.3595914840698242,0.14290565252304077,0.4723479151725769,0.6166509985923767,-0.11910355091094971,0.9999127388000488,0.4599112868309021,0.6037617325782776,0.11888249218463898,0.9997624158859253,0.4808611273765564,0.8049270510673523,-0.17172463238239288,0.9965184926986694,0.3730998933315277,0.6786998510360718,0.12512928247451782,0.9016405344009399,0.5850078463554382,0.8549529910087585,-0.16578683257102966,0.9960377812385559,0.36148735880851746,0.8626753687858582,0.1745547354221344,0.9634684920310974,0.6167082190513611,0.8474713563919067,-0.15508891642093658,0.9910290837287903,0.37546485662460327,0.8961553573608398,0.17737548053264618,0.9568361043930054,0.5755323767662048,0.9336947798728943,-0.15646429359912872,0.9955362677574158,0.31623712182044983,0.8872483372688293,0.15718701481819153,0.9648310542106628
336,0.4416568875312805,0.2549784779548645,0.07418318837881088,0.9999316334724426,0.44779738783836365,0.23481450974941254,0.05087653547525406,0.9999274611473083,0.4493241310119629,0.2344343364238739,0.05087751895189285,0.9999246001243591,0.4509109854698181,0.2338956594467163,0.05091740936040878,0.9999393820762634,0.44786620140075684,0.2342943251132965,0.08303742110729218,0.999927282333374,0.4493265748023987,0.23351575434207916,0.08303400129079819,0.999900221824646,0.45090198516845703,0.2325090616941452,0.08302146941423416,0.999910831451416,0.46395379304885864,0.2387254685163498,-0.022682014852762222,0.9999528527259827,0.4641638696193695,0.2369966357946396,0.12421269714832306,0.9998278617858887,0.4487788677215576,0.2733919322490692,0.04967949539422989,0.9998751878738403,0.44827136397361755,0.27306777238845825,0.09193263947963715,0.9997413158416748,0.4802865982055664,0.31456971168518066,-0.14396324753761292,0.9999885559082031,0.5000526309013367,0.32949164509773254,0.21063944697380066,0.9997028708457947,0.49364644289016724,0.4116464853286743,-0.2333872765302658,0.9870344400405884,0.5349765419960022,0.4241984188556671,0.28454655408859253,0.08482065051794052,0.47260236740112305,0.5029228329658508,-0.1827830672264099,0.9599341154098511,0.5153025388717651,0.4883711040019989,0.31261634826660156,0.10327256470918655,0.4670768678188324,0.5312173962593079,-0.20190350711345673,0.932833194732666,0.5044399499893188,0.5010389685630798,0.3263104557991028,0.126796156167984,0.46533623337745667,0.5323383212089539,-0.18944014608860016,0.9269552230834961,0.5009205937385559,0.5002138018608093,0.3004036545753479,0.1299654096364975,0.4672589898109436,0.5241449475288391,-0.1750181019306183,0.8889532685279846,0.5041499137878418,0.5006123781204224,0.3000697195529938,0.13798531889915466,0.4826318323612213,0.5846289396286011,-0.1188759058713913,0.9999153017997742,0.47614771127700806,0.5740557312965393,0.11864937841892242,0.9997753500938416,0.48968786001205444,0.7781060934066772,-0.16095244884490967,0.9966925978660583,0.39107900857925415,0.6800965666770935,0.11441020667552948,0.903141975402832,0.5902113914489746,0.8552431464195251,-0.15314659476280212,0.996263861656189,0.36423736810684204,0.8621518611907959,0.12737783789634705,0.9654096961021423,0.6207786798477173,0.8575155735015869,-0.14836540818214417,0.991155743598938,0.3751148581504822,0.8964859247207642,0.1258014440536499,0.9575170278549194,0.5753511190414429,0.9336023330688477,-0.1782415807247162,0.9957259893417358,0.3190918564796448,0.8678093552589417,0.09268523752689362,0.965874433517456
337,0.45064467191696167,0.22505910694599152,0.049457989633083344,0.9999197721481323,0.45613211393356323,0.20719052851200104,0.027949118986725807,0.9999182820320129,0.45763492584228516,0.2069018930196762,0.027936792001128197,0.9999138712882996,0.45920825004577637,0.2064783275127411,0.027996325865387917,0.9999324083328247,0.4560611844062805,0.20683540403842926,0.06243802234530449,0.9999183416366577,0.4574033319950104,0.20624254643917084,0.062399815768003464,0.9998886585235596,0.45886820554733276,0.20541247725486755,0.062353748828172684,0.9999023675918579,0.47206050157546997,0.2116638869047165,-0.04247871786355972,0.9999473690986633,0.4719918668270111,0.21031910181045532,0.11521820724010468,0.999801516532898,0.4579034447669983,0.24376624822616577,0.025606656447052956,0.9998651146888733,0.45747342705726624,0.24305810034275055,0.07042410224676132,0.999722957611084,0.4891292154788971,0.2899338901042938,-0.16149023175239563,0.9999889135360718,0.5071409940719604,0.3061177432537079,0.20547910034656525,0.9996629357337952,0.5070270299911499,0.38360512256622314,-0.25474363565444946,0.9878936409950256,0.5378643870353699,0.39920666813850403,0.29973164200782776,0.07915349304676056,0.4824219346046448,0.47872835397720337,-0.2403840720653534,0.9627156257629395,0.5132712125778198,0.4617636501789093,0.35945266485214233,0.09709425270557404,0.4773305356502533,0.5048734545707703,-0.264812171459198,0.9373072981834412,0.5069211721420288,0.4740138649940491,0.3833383023738861,0.11975542455911636,0.47451287508010864,0.5034890174865723,-0.24913084506988525,0.9316761493682861,0.5039869546890259,0.47412824630737305,0.35499921441078186,0.12296564877033234,0.4760819375514984,0.4966832399368286,-0.23178593814373016,0.8944827914237976,0.5048996210098267,0.4713971018791199,0.34796321392059326,0.13069339096546173,0.49373698234558105,0.5560896396636963,-0.11877600103616714,0.9999123811721802,0.48597264289855957,0.5489658117294312,0.11852846294641495,0.999771237373352,0.501000165939331,0.7488823533058167,-0.13708962500095367,0.9963762164115906,0.4153645634651184,0.6789220571517944,0.12787006795406342,0.8946760892868042,0.5938096642494202,0.8564437627792358,-0.11607905477285385,0.9961930513381958,0.36712831258773804,0.8538126349449158,0.1456529200077057,0.9639886617660522,0.6247272491455078,0.8662546873092651,-0.11315391957759857,0.989897608757019,0.3752776086330414,0.8932121992111206,0.14495398104190826,0.9522674679756165,0.5749714970588684,0.9295992255210876,-0.16444727778434753,0.995569109916687,0.32239285111427307,0.8434755206108093,0.10843060910701752,0.9634379744529724
338,0.4558263421058655,0.2036130279302597,0.031939633190631866,0.999884307384491,0.46145373582839966,0.18512997031211853,0.008422902785241604,0.9998884201049805,0.46304211020469666,0.18478505313396454,0.00839711632579565,0.9998826384544373,0.46480122208595276,0.18429434299468994,0.008446204476058483,0.9999105334281921,0.46123775839805603,0.18493972718715668,0.04463154822587967,0.9998872876167297,0.4624783992767334,0.18449321389198303,0.04460533708333969,0.9998476505279541,0.46389204263687134,0.18377389013767242,0.04456273838877678,0.9998693466186523,0.4781767725944519,0.1881214827299118,-0.06217803433537483,0.9999338984489441,0.4768525958061218,0.18696853518486023,0.10506027936935425,0.9997081160545349,0.46337342262268066,0.22208601236343384,0.008556564338505268,0.9998354911804199,0.46241697669029236,0.22184628248214722,0.055911339819431305,0.9996576905250549,0.49646979570388794,0.2630656659603119,-0.17872682213783264,0.9999889731407166,0.5106838941574097,0.28310227394104004,0.20468759536743164,0.9995781183242798,0.5159674286842346,0.35135340690612793,-0.27160248160362244,0.9886941313743591,0.5381543040275574,0.3729855418205261,0.30678790807724,0.07387173920869827,0.4914604127407074,0.44596779346466064,-0.2558487057685852,0.964531660079956,0.5135635137557983,0.4347042143344879,0.3660234808921814,0.09057717025279999,0.48841947317123413,0.46988266706466675,-0.2799205780029297,0.9403383731842041,0.5083112716674805,0.4487191140651703,0.3899121582508087,0.11217508465051651,0.4852427542209625,0.47048741579055786,-0.265192449092865,0.9348707795143127,0.504196047782898,0.44993674755096436,0.36210885643959045,0.11546377092599869,0.48578929901123047,0.46368408203125,-0.24744316935539246,0.8973618745803833,0.5046557784080505,0.44623294472694397,0.3543897867202759,0.12281295657157898,0.5056666135787964,0.5336460471153259,-0.12011037021875381,0.999888002872467,0.4888361394405365,0.5277512073516846,0.11981257051229477,0.9997105598449707,0.5162627100944519,0.7267440557479858,-0.12691745162010193,0.9962857365608215,0.4340042173862457,0.6803927421569824,0.12916199862957,0.8924956321716309,0.6017220616340637,0.8565304279327393,-0.10201343148946762,0.9963122606277466,0.3828696012496948,0.8508198857307434,0.1529489904642105,0.9634506702423096,0.6302558183670044,0.8765085935592651,-0.09997102618217468,0.9887283444404602,0.38315221667289734,0.892920196056366,0.1523580253124237,0.9482399821281433,0.5750557780265808,0.9279882907867432,-0.1608194261789322,0.995618462562561,0.3362998962402344,0.833208441734314,0.10806141793727875,0.9622055292129517
339,0.4589044451713562,0.1818332076072693,0.00236785551533103,0.9998828768730164,0.46487778425216675,0.16425539553165436,-0.02068839780986309,0.9998884201049805,0.4665314257144928,0.1641465276479721,-0.020731311291456223,0.9998834133148193,0.4684324860572815,0.16386213898658752,-0.02070901170372963,0.9999117851257324,0.46431025862693787,0.1638261079788208,0.01610472798347473,0.999885618686676,0.4654177725315094,0.16342946887016296,0.016108648851513863,0.999845027923584,0.46680817008018494,0.1627764254808426,0.01609214022755623,0.9998655915260315,0.48223012685775757,0.16863572597503662,-0.08485791087150574,0.9999359250068665,0.48037534952163696,0.16730916500091553,0.08229084312915802,0.9996902942657471,0.4664269983768463,0.1989280879497528,-0.018638569861650467,0.9998425841331482,0.46539172530174255,0.19937212765216827,0.029273230582475662,0.9996672868728638,0.5031040906906128,0.2470841258764267,-0.20259907841682434,0.9999898672103882,0.5109072923660278,0.2677132487297058,0.20263752341270447,0.999523937702179,0.5260105133056641,0.334313303232193,-0.2790835499763489,0.9897497892379761,0.5361343026161194,0.35375407338142395,0.297282874584198,0.06868033111095428,0.49744540452957153,0.43389859795570374,-0.24632136523723602,0.9677453637123108,0.5130687355995178,0.42166516184806824,0.30613192915916443,0.08431738615036011,0.49522870779037476,0.4584710896015167,-0.27367281913757324,0.9455024003982544,0.5106974244117737,0.44381269812583923,0.3213183581829071,0.10479650646448135,0.49070972204208374,0.45972660183906555,-0.2598053812980652,0.9404867887496948,0.5063427686691284,0.4445045590400696,0.29112690687179565,0.10806465148925781,0.4910840392112732,0.4534120261669159,-0.237358957529068,0.9054826498031616,0.5058637857437134,0.43696129322052,0.2916719317436218,0.11491620540618896,0.513518750667572,0.519274115562439,-0.12152744829654694,0.9998830556869507,0.4997680187225342,0.5165963172912598,0.12125416845083237,0.9996756315231323,0.5301367044448853,0.714394211769104,-0.1289820522069931,0.9963690042495728,0.4501260817050934,0.6771520972251892,0.12913531064987183,0.8893285393714905,0.6065572500228882,0.8574740886688232,-0.10372819006443024,0.9965242147445679,0.40952491760253906,0.8507463335990906,0.1616276204586029,0.9631026387214661,0.6303032040596008,0.881819486618042,-0.10238691419363022,0.9888157844543457,0.4135546088218689,0.8929685950279236,0.16146816313266754,0.9463493227958679,0.5751280188560486,0.9280338883399963,-0.17356428503990173,0.9958322048187256,0.36372390389442444,0.8376907110214233,0.11399514973163605,0.9622463583946228
340,0.46188870072364807,0.16663861274719238,-0.015840090811252594,0.9998648166656494,0.4679397642612457,0.14869114756584167,-0.03849860653281212,0.9998685717582703,0.4696846008300781,0.14855201542377472,-0.03855119273066521,0.9998666048049927,0.47159165143966675,0.1483524888753891,-0.03854701668024063,0.9999008178710938,0.46743303537368774,0.14857524633407593,-0.003521229373291135,0.9998603463172913,0.46865805983543396,0.14829954504966736,-0.0034997824113816023,0.9998090863227844,0.47011885046958923,0.1477700173854828,-0.0035054143518209457,0.9998281598091125,0.4854280948638916,0.15424120426177979,-0.0949808806180954,0.999931275844574,0.48379358649253845,0.15303732454776764,0.0641494169831276,0.9995797872543335,0.46989160776138306,0.1841234564781189,-0.03331456333398819,0.999835193157196,0.4688977599143982,0.1843227595090866,0.012474740855395794,0.999630331993103,0.5097180604934692,0.2324914038181305,-0.20315968990325928,0.9999906420707703,0.5107693672180176,0.2512000501155853,0.18755482137203217,0.9993981719017029,0.5341344475746155,0.316323459148407,-0.275597482919693,0.9906947612762451,0.5351276397705078,0.33521562814712524,0.25926369428634644,0.06395304203033447,0.5054999589920044,0.41519948840141296,-0.24532175064086914,0.9706011414527893,0.5127214193344116,0.4152294993400574,0.23715977370738983,0.07908281683921814,0.5035121440887451,0.44030097126960754,-0.27398011088371277,0.9500783085823059,0.5114789009094238,0.44172003865242004,0.24445553123950958,0.09876656532287598,0.49801936745643616,0.44193732738494873,-0.263181209564209,0.9454746246337891,0.507905900478363,0.4423348307609558,0.21261505782604218,0.10205972194671631,0.49844446778297424,0.4357670545578003,-0.23761069774627686,0.9127700328826904,0.5069488286972046,0.4330567717552185,0.22136768698692322,0.10854161530733109,0.5220403075218201,0.5028043389320374,-0.12113703787326813,0.9998738765716553,0.5083513855934143,0.5049647688865662,0.12088756263256073,0.9996123909950256,0.5380408763885498,0.7004559636116028,-0.1373191773891449,0.9964720606803894,0.4628148078918457,0.6669725775718689,0.10983729362487793,0.8882632255554199,0.6066865921020508,0.8585284948348999,-0.1144823208451271,0.9967502355575562,0.4477502405643463,0.8513767719268799,0.12794244289398193,0.963636577129364,0.6312769651412964,0.8837999105453491,-0.11997196823358536,0.9887378215789795,0.4545260965824127,0.8932589888572693,0.12536729872226715,0.9458938837051392,0.5760478973388672,0.9286330342292786,-0.20848500728607178,0.9960745573043823,0.39857035875320435,0.8464114665985107,0.07340744137763977,0.9632036089897156
341,0.46493107080459595,0.1552485078573227,-0.04324781149625778,0.9998692274093628,0.4724145531654358,0.1399889439344406,-0.06581531465053558,0.9998713135719299,0.47427305579185486,0.1395587921142578,-0.06586625427007675,0.9998712539672852,0.4760337769985199,0.13907629251480103,-0.06587357074022293,0.9999039769172668,0.47191157937049866,0.13990704715251923,-0.03055482544004917,0.9998626708984375,0.4733102321624756,0.13932955265045166,-0.030507365241646767,0.9998129606246948,0.47470301389694214,0.1385273039340973,-0.030496209859848022,0.9998294115066528,0.49011510610580444,0.146100252866745,-0.11976708471775055,0.9999346137046814,0.4878242611885071,0.14461134374141693,0.039526790380477905,0.999589741230011,0.47354382276535034,0.1745813935995102,-0.05999819561839104,0.9998415112495422,0.47238874435424805,0.17392998933792114,-0.013971450738608837,0.9996401071548462,0.5141110420227051,0.2269517332315445,-0.22128014266490936,0.9999912977218628,0.5125391483306885,0.23879683017730713,0.15876750648021698,0.9993454217910767,0.5400251150131226,0.31345242261886597,-0.2717231810092926,0.9915182590484619,0.536808431148529,0.3234104812145233,0.21415916085243225,0.05996338278055191,0.5109583735466003,0.4078547954559326,-0.2241092026233673,0.972979724407196,0.5168468952178955,0.40871235728263855,0.1788872480392456,0.0750034973025322,0.5096498131752014,0.43063345551490784,-0.24792912602424622,0.9537308216094971,0.5208739042282104,0.43788376450538635,0.18006999790668488,0.09386997669935226,0.5049618482589722,0.4318031668663025,-0.23722617328166962,0.949474036693573,0.5154337286949158,0.43855857849121094,0.14954829216003418,0.0971488207578659,0.505578875541687,0.4256134331226349,-0.2157469242811203,0.9185448884963989,0.5141990184783936,0.4297386705875397,0.16286972165107727,0.1032676249742508,0.5272039175033569,0.4941762685775757,-0.121085524559021,0.9998700618743896,0.5124481916427612,0.49581095576286316,0.12081287056207657,0.9995925426483154,0.543947696685791,0.6862009763717651,-0.14260496199131012,0.9965962767601013,0.47494998574256897,0.6562699675559998,0.07469319552183151,0.8925682306289673,0.6058341264724731,0.8584029078483582,-0.12185404449701309,0.9969817996025085,0.4838661253452301,0.8486458659172058,0.11925913393497467,0.9648251533508301,0.6273838877677917,0.8805700540542603,-0.12770213186740875,0.9889898300170898,0.4964297413825989,0.8891059160232544,0.11895763874053955,0.946592390537262,0.5759193301200867,0.9286493062973022,-0.21841704845428467,0.9963273406028748,0.4379200339317322,0.8531325459480286,0.07060731202363968,0.9648357033729553
342,0.47047895193099976,0.15313220024108887,-0.04380277171730995,0.9998772740364075,0.4771701693534851,0.13493399322032928,-0.06642928719520569,0.9998786449432373,0.4789832532405853,0.1344296783208847,-0.06647732853889465,0.9998798966407776,0.4807862341403961,0.13399577140808105,-0.06648857891559601,0.9999101758003235,0.4762110710144043,0.13489483296871185,-0.031751520931720734,0.9998694062232971,0.4774071276187897,0.13422587513923645,-0.03168506547808647,0.9998224973678589,0.4786023199558258,0.1334792822599411,-0.03166325017809868,0.9998360276222229,0.49558132886886597,0.14082562923431396,-0.1194981187582016,0.999939501285553,0.4918787479400635,0.13874100148677826,0.037353284657001495,0.9996138215065002,0.47988253831863403,0.1714297980070114,-0.05982176214456558,0.9998524785041809,0.4781675338745117,0.1711864322423935,-0.014517910778522491,0.9996598362922668,0.5184026956558228,0.21489042043685913,-0.21625225245952606,0.9999920129776001,0.5171278715133667,0.23179276287555695,0.1518419086933136,0.9993101358413696,0.5413810014724731,0.30579254031181335,-0.2702566981315613,0.9922812581062317,0.5410370230674744,0.32376134395599365,0.21119332313537598,0.056500114500522614,0.5143965482711792,0.4057641625404358,-0.23321020603179932,0.9753135442733765,0.5203984975814819,0.4096633493900299,0.17759299278259277,0.07249284535646439,0.5130682587623596,0.43057769536972046,-0.26269882917404175,0.9574454426765442,0.5223069787025452,0.4360795021057129,0.17709125578403473,0.09115104377269745,0.5093285441398621,0.4293738901615143,-0.25577878952026367,0.953535795211792,0.5183094143867493,0.4357765316963196,0.14609268307685852,0.09451184421777725,0.5098694562911987,0.4224552512168884,-0.2274969071149826,0.9246609210968018,0.5178689956665039,0.4292999804019928,0.16112272441387177,0.10000178217887878,0.5333788394927979,0.48800769448280334,-0.11832225322723389,0.9998688697814941,0.5140535235404968,0.49310263991355896,0.11818591505289078,0.9995644092559814,0.5529691576957703,0.6797959804534912,-0.1301707923412323,0.9967653155326843,0.4843689799308777,0.6572281718254089,0.09771055728197098,0.8990471959114075,0.6078256964683533,0.8584564924240112,-0.10617818683385849,0.9972027540206909,0.5220218896865845,0.8429932594299316,0.18302643299102783,0.9659625887870789,0.6268671154975891,0.8788185119628906,-0.11009804904460907,0.9892791509628296,0.5360755324363708,0.8748798966407776,0.18530651926994324,0.9473724365234375,0.5761532783508301,0.927582859992981,-0.20426085591316223,0.9965705275535583,0.48259401321411133,0.8746315240859985,0.13239723443984985,0.9665325880050659
343,0.4759809970855713,0.14482352137565613,-0.03083169460296631,0.9998798966407776,0.48285260796546936,0.12622211873531342,-0.05321585386991501,0.9998796582221985,0.48463115096092224,0.12595796585083008,-0.053269147872924805,0.999883770942688,0.48661747574806213,0.12583698332309723,-0.05328614264726639,0.9999125003814697,0.4816853106021881,0.12591762840747833,-0.018047425895929337,0.9998677372932434,0.4826442301273346,0.12524373829364777,-0.017987655475735664,0.9998212456703186,0.4836219847202301,0.1245768666267395,-0.01797756552696228,0.999830961227417,0.501524031162262,0.13488981127738953,-0.10629608482122421,0.9999420642852783,0.4967957139015198,0.13196848332881927,0.05222832411527634,0.9996169209480286,0.4851992726325989,0.16354607045650482,-0.046651773154735565,0.9998576641082764,0.4832684397697449,0.1629945933818817,-0.0007897446048446,0.9996635913848877,0.522567629814148,0.2093370407819748,-0.2072467803955078,0.9999926686286926,0.5177233219146729,0.22785146534442902,0.164069265127182,0.9992775321006775,0.5429555177688599,0.2976554036140442,-0.26562705636024475,0.9928867220878601,0.5400136709213257,0.3305630683898926,0.21733629703521729,0.052452608942985535,0.5187360048294067,0.4018379747867584,-0.234085351228714,0.9770349860191345,0.521963357925415,0.41112199425697327,0.17180965840816498,0.06807035952806473,0.5176278352737427,0.429340660572052,-0.2637495696544647,0.9601407051086426,0.527947723865509,0.43965938687324524,0.17023465037345886,0.08624068647623062,0.5134111642837524,0.42791786789894104,-0.2583172023296356,0.956480085849762,0.5202003717422485,0.43983471393585205,0.14040157198905945,0.08950009942054749,0.5138096809387207,0.4201452136039734,-0.22925099730491638,0.9289171695709229,0.5201061367988586,0.432693749666214,0.15530669689178467,0.09444590657949448,0.5376488566398621,0.48425355553627014,-0.11823885142803192,0.9998695254325867,0.516844630241394,0.48988330364227295,0.11811751127243042,0.9995424151420593,0.5568447709083557,0.674946665763855,-0.13204535841941833,0.9968481063842773,0.5005348920822144,0.6601802706718445,0.13487032055854797,0.9029623866081238,0.6066774129867554,0.857916533946991,-0.11093678325414658,0.9973806738853455,0.553737998008728,0.8346593976020813,0.2229137122631073,0.9661039113998413,0.6278879046440125,0.8810532689094543,-0.11187094449996948,0.9894360899925232,0.5666030645370483,0.8575867414474487,0.22613808512687683,0.9474130272865295,0.5728508234024048,0.9275283813476562,-0.2157175987958908,0.9967778921127319,0.5151995420455933,0.8821730613708496,0.18365392088890076,0.9679337739944458
344,0.47815245389938354,0.14601188898086548,-0.02564639411866665,0.999881386756897,0.4854312539100647,0.1264231950044632,-0.05028897523880005,0.9998779296875,0.4873499274253845,0.126107856631279,-0.050419069826602936,0.9998862743377686,0.4894084334373474,0.12576541304588318,-0.05053720623254776,0.999913215637207,0.4839856028556824,0.1259518265724182,-0.011303289793431759,0.9998630881309509,0.48490971326828003,0.1252688616514206,-0.011172086000442505,0.9998183250427246,0.48585763573646545,0.12448704987764359,-0.011174443177878857,0.9998236894607544,0.504544198513031,0.13296161592006683,-0.08642132580280304,0.9999428391456604,0.4990963339805603,0.13043861091136932,0.07545239478349686,0.9996173977851868,0.48719653487205505,0.16359134018421173,-0.037281669676303864,0.9998587965965271,0.4849579334259033,0.16363370418548584,0.010904451832175255,0.9996581673622131,0.5289024710655212,0.2129446268081665,-0.18878403306007385,0.9999931454658508,0.5167244076728821,0.22974973917007446,0.18032467365264893,0.9992543458938599,0.546307384967804,0.29722294211387634,-0.26294976472854614,0.9934373497962952,0.537544310092926,0.340331107378006,0.22451171278953552,0.049573786556720734,0.5237107276916504,0.4006374478340149,-0.26891911029815674,0.9788060784339905,0.5221994519233704,0.4205147325992584,0.16824916005134583,0.06623478978872299,0.5226185917854309,0.42790380120277405,-0.3006167411804199,0.9631053805351257,0.5289191007614136,0.4502074718475342,0.1651887595653534,0.08460376411676407,0.5180027484893799,0.4264339506626129,-0.29676517844200134,0.9597057700157166,0.5268471837043762,0.44996634125709534,0.1378212571144104,0.08787047117948532,0.5185006260871887,0.4187029004096985,-0.26536858081817627,0.9338638782501221,0.5274233222007751,0.44263598322868347,0.15276522934436798,0.09206119924783707,0.5430123209953308,0.48097437620162964,-0.11707668006420135,0.9998558759689331,0.5203239321708679,0.4891914427280426,0.1169649139046669,0.9994860291481018,0.5582665801048279,0.6731301546096802,-0.13478133082389832,0.9968953132629395,0.5172832608222961,0.6608153581619263,0.11506959050893784,0.9069798588752747,0.6073389649391174,0.8570346236228943,-0.11535046249628067,0.9975207448005676,0.5780983567237854,0.834414005279541,0.17403319478034973,0.966576337814331,0.6287646889686584,0.8824619054794312,-0.12101439386606216,0.9893779158592224,0.5963360667228699,0.8551067113876343,0.17419226467609406,0.9481181502342224,0.5715389251708984,0.921811580657959,-0.22257943451404572,0.9969334006309509,0.5490788817405701,0.8875340223312378,0.12722823023796082,0.9694144129753113
345,0.4821317195892334,0.1456756442785263,0.02405741810798645,0.9998167753219604,0.48898831009864807,0.12636591494083405,0.0016713317018002272,0.9998340010643005,0.490814208984375,0.1260395348072052,0.0015919696306809783,0.9998539686203003,0.4928404688835144,0.12566016614437103,0.0015454908134415746,0.99988853931427,0.4876849055290222,0.12577946484088898,0.038297299295663834,0.9997897744178772,0.4885220527648926,0.1250087469816208,0.03832518309354782,0.9997193813323975,0.48941636085510254,0.12409529089927673,0.03829912841320038,0.9997292757034302,0.507655918598175,0.13243341445922852,-0.05299112945795059,0.9999254941940308,0.5025924444198608,0.13018611073493958,0.10858098417520523,0.9994505047798157,0.4906896650791168,0.1644483506679535,0.0077484725043177605,0.9997990131378174,0.48831668496131897,0.16444620490074158,0.05457959696650505,0.9994840621948242,0.5313493609428406,0.21479102969169617,-0.1712137758731842,0.9999931454658508,0.5194505453109741,0.23129846155643463,0.21654704213142395,0.9990665912628174,0.5488319396972656,0.2968805134296417,-0.26181870698928833,0.9939377307891846,0.536634087562561,0.33883538842201233,0.26947611570358276,0.0463736467063427,0.5245996713638306,0.4008404314517975,-0.2679751515388489,0.9804967641830444,0.5248408317565918,0.41734668612480164,0.20945338904857635,0.06292343139648438,0.524029552936554,0.428885281085968,-0.2976694703102112,0.9659456014633179,0.529283881187439,0.45427513122558594,0.19375737011432648,0.08121074736118317,0.5189027786254883,0.4277845621109009,-0.28918400406837463,0.9627966284751892,0.5259875059127808,0.4463709890842438,0.16045501828193665,0.08457357436418533,0.5188948512077332,0.41995909810066223,-0.26194995641708374,0.9387167692184448,0.5257219076156616,0.4375872015953064,0.19024215638637543,0.08839698135852814,0.5406917929649353,0.4824407696723938,-0.11824891716241837,0.9997613430023193,0.529320478439331,0.4867919981479645,0.11813906580209732,0.9990082383155823,0.5527862310409546,0.6762406229972839,-0.13446959853172302,0.9927448630332947,0.5407361388206482,0.6614711284637451,0.11088429391384125,0.8697900176048279,0.6085537672042847,0.8571693301200867,-0.11758355796337128,0.9950891137123108,0.6023575067520142,0.8339107036590576,0.12844964861869812,0.934220552444458,0.6318378448486328,0.8842287063598633,-0.12287275493144989,0.9855293035507202,0.6260006427764893,0.8572474122047424,0.12622463703155518,0.9284874200820923,0.5732413530349731,0.9218973517417908,-0.20826682448387146,0.9948264360427856,0.5770226120948792,0.8998939394950867,0.08100400865077972,0.9506529569625854
346,0.48555272817611694,0.15090306103229523,0.03080788254737854,0.999751091003418,0.4920177459716797,0.1297668218612671,0.008890150114893913,0.9997968077659607,0.4939449727535248,0.12914448976516724,0.008817018009722233,0.9998265504837036,0.49596232175827026,0.12846684455871582,0.008791008964180946,0.9998672008514404,0.4904451370239258,0.12951596081256866,0.04502486437559128,0.999709963798523,0.4911685883998871,0.1286749690771103,0.045040734112262726,0.9996204376220703,0.49197918176651,0.12764619290828705,0.0450284369289875,0.9996376633644104,0.5113936066627502,0.13316205143928528,-0.04808866232633591,0.9999078512191772,0.5059335231781006,0.13100887835025787,0.11358259618282318,0.9993027448654175,0.49416646361351013,0.1676359325647354,0.013983681797981262,0.9997456669807434,0.49162665009498596,0.16789093613624573,0.06057102605700493,0.9993161559104919,0.5350914597511292,0.21252219378948212,-0.1640513688325882,0.9999932050704956,0.5239604711532593,0.22977215051651,0.21972839534282684,0.9988459944725037,0.5506702661514282,0.2952173352241516,-0.2759055495262146,0.9943354725837708,0.538108229637146,0.33299368619918823,0.26948657631874084,0.043298956006765366,0.5245862603187561,0.4029635190963745,-0.31749671697616577,0.9818998575210571,0.5261038541793823,0.4122065603733063,0.2178594321012497,0.059724852442741394,0.5234549641609192,0.43161770701408386,-0.3520321249961853,0.968315601348877,0.5282055139541626,0.4468630850315094,0.21660912036895752,0.07812386751174927,0.5183773040771484,0.4303860664367676,-0.3390752673149109,0.965368926525116,0.5242741703987122,0.44058555364608765,0.1859331578016281,0.08152545988559723,0.5182648301124573,0.42233768105506897,-0.3106207847595215,0.9426979422569275,0.5240370035171509,0.4277072846889496,0.20128759741783142,0.08493059128522873,0.5408810377120972,0.47767186164855957,-0.11949045956134796,0.9996914863586426,0.5341285467147827,0.47606223821640015,0.11938203871250153,0.9984396696090698,0.552137017250061,0.6773608326911926,-0.13039018213748932,0.985468327999115,0.5514146685600281,0.6612780094146729,0.11350642144680023,0.830536961555481,0.6121668815612793,0.8582808375358582,-0.11787214130163193,0.9923293590545654,0.6209529042243958,0.8224071264266968,0.13502444326877594,0.8960463404655457,0.6347042322158813,0.8849009275436401,-0.12284614890813828,0.9815929532051086,0.6383864879608154,0.8341789245605469,0.1343022882938385,0.9063824415206909,0.5742505788803101,0.9240434169769287,-0.20622262358665466,0.9921347498893738,0.5880124568939209,0.8957130312919617,0.08895201981067657,0.9283874034881592
347,0.4894280433654785,0.15571634471416473,0.03644493967294693,0.9997126460075378,0.495250403881073,0.1357531100511551,0.014445684850215912,0.9997765421867371,0.49707359075546265,0.13487844169139862,0.014368410222232342,0.9998117089271545,0.499080091714859,0.13390903174877167,0.014339776709675789,0.9998558759689331,0.49374017119407654,0.13565637171268463,0.05063585564494133,0.9996627569198608,0.49441012740135193,0.13468065857887268,0.0506683811545372,0.9995622634887695,0.4951723515987396,0.13350430130958557,0.05066670849919319,0.9995841383934021,0.5136967897415161,0.1378074586391449,-0.043285101652145386,0.9998968243598938,0.5082119703292847,0.13669009506702423,0.11958961188793182,0.9992110729217529,0.49783945083618164,0.17113758623600006,0.01946861669421196,0.9997189044952393,0.4955017566680908,0.17131486535072327,0.06634865701198578,0.999214231967926,0.5380549430847168,0.21675506234169006,-0.15774264931678772,0.9999934434890747,0.5264548659324646,0.23024557530879974,0.22280362248420715,0.9986969828605652,0.5566074252128601,0.2964343726634979,-0.27438992261886597,0.9946666955947876,0.5398195385932922,0.33364343643188477,0.27428385615348816,0.04046796262264252,0.527001142501831,0.397357314825058,-0.31960028409957886,0.9830543398857117,0.526782214641571,0.4146973788738251,0.22418420016765594,0.056756388396024704,0.5251732468605042,0.42379891872406006,-0.35378319025039673,0.9703128933906555,0.5281620025634766,0.44974708557128906,0.22547514736652374,0.07533799856901169,0.5194487571716309,0.4215087592601776,-0.3398853540420532,0.9675355553627014,0.5242618322372437,0.4400671124458313,0.1952567845582962,0.07871203124523163,0.5194462537765503,0.41413557529449463,-0.31221336126327515,0.946037769317627,0.5241398811340332,0.4304729402065277,0.2083417922258377,0.08173322677612305,0.5418606996536255,0.475602388381958,-0.11971865594387054,0.9996709823608398,0.5363203883171082,0.47313928604125977,0.11962411552667618,0.998076319694519,0.5511742234230042,0.6709882616996765,-0.13145563006401062,0.9800727367401123,0.5553768277168274,0.6533744931221008,0.11675318330526352,0.7975797057151794,0.6137622594833374,0.8582534193992615,-0.14370378851890564,0.9904715418815613,0.6284290552139282,0.7962538599967957,0.1431940793991089,0.8599578142166138,0.6363123655319214,0.8835477828979492,-0.14864589273929596,0.9792661666870117,0.6451932191848755,0.8045676946640015,0.14326004683971405,0.8876894116401672,0.5754824876785278,0.9266579747200012,-0.2348410189151764,0.9899780750274658,0.5999147295951843,0.8787225484848022,0.1049262061715126,0.9057443141937256
348,0.4925120770931244,0.1541520655155182,0.043745096772909164,0.999690055847168,0.49912160634994507,0.13515356183052063,0.02227957360446453,0.9997608661651611,0.5008531212806702,0.13445958495140076,0.02219620905816555,0.9998018145561218,0.5027077794075012,0.13362543284893036,0.022171087563037872,0.9998480081558228,0.49789828062057495,0.13482160866260529,0.058430708944797516,0.9996306896209717,0.49870190024375916,0.13380786776542664,0.05845596641302109,0.9995269775390625,0.4995560646057129,0.1325838267803192,0.05844588950276375,0.9995509386062622,0.516086220741272,0.1383034884929657,-0.03579124063253403,0.9998895525932312,0.5116639137268066,0.13693013787269592,0.12680746614933014,0.9991583228111267,0.5002304315567017,0.1700379103422165,0.02629719115793705,0.9996981620788574,0.49841538071632385,0.16980953514575958,0.07305370271205902,0.9991465210914612,0.5397268533706665,0.21500089764595032,-0.15559817850589752,0.9999937415122986,0.5279918909072876,0.2283383458852768,0.23156864941120148,0.9986628890037537,0.5586851835250854,0.29532063007354736,-0.27791014313697815,0.995029866695404,0.5423521399497986,0.34022149443626404,0.2874665856361389,0.038168780505657196,0.5267314314842224,0.39571258425712585,-0.33682534098625183,0.9843437075614929,0.5263245701789856,0.41792136430740356,0.23089809715747833,0.05541875958442688,0.5247441530227661,0.42406323552131653,-0.37254422903060913,0.9725306630134583,0.5279947519302368,0.4511234760284424,0.2269579917192459,0.07478801906108856,0.5182340145111084,0.4222736656665802,-0.3591729998588562,0.9699519872665405,0.5234083533287048,0.4438851773738861,0.20002853870391846,0.07826268672943115,0.5183372497558594,0.41473427414894104,-0.329745352268219,0.9498198628425598,0.5229364633560181,0.4331020712852478,0.21291756629943848,0.08072881400585175,0.5404278039932251,0.47354620695114136,-0.12054102122783661,0.9996693730354309,0.5370779633522034,0.47341376543045044,0.12044425308704376,0.9980019927024841,0.5480636358261108,0.6695723533630371,-0.1384851634502411,0.9780711531639099,0.5604404211044312,0.6540030837059021,0.11356902122497559,0.7756053805351257,0.6124371290206909,0.8582714796066284,-0.14991147816181183,0.989915668964386,0.6162868738174438,0.7994388937950134,0.12213502824306488,0.8404532074928284,0.634760856628418,0.8831156492233276,-0.1537141054868698,0.9786911010742188,0.6379085779190063,0.8127411603927612,0.12032313644886017,0.8762380480766296,0.5780772566795349,0.9308744668960571,-0.23518875241279602,0.9893985986709595,0.5934351682662964,0.8946681618690491,0.08146358281373978,0.8956127166748047
349,0.4946371912956238,0.15701138973236084,0.058100659400224686,0.9996821284294128,0.5013140439987183,0.13794443011283875,0.038511183112859726,0.9997527003288269,0.5031206011772156,0.1372552067041397,0.0384349450469017,0.999796450138092,0.504996120929718,0.13649573922157288,0.038412101566791534,0.9998445510864258,0.4998876452445984,0.137502059340477,0.07265985757112503,0.9996159672737122,0.5007563829421997,0.13651762902736664,0.07268215715885162,0.9995070099830627,0.5016410946846008,0.1354282945394516,0.07267148792743683,0.9995377063751221,0.5183559656143188,0.14081943035125732,-0.014415289275348186,0.9998856782913208,0.5138630867004395,0.13956166803836823,0.13983651995658875,0.9991466999053955,0.502403199672699,0.17378643155097961,0.042542509734630585,0.9996824860572815,0.5004347562789917,0.17352232336997986,0.08685876429080963,0.9991142749786377,0.5407894849777222,0.2175803780555725,-0.13569071888923645,0.9999939799308777,0.5293625593185425,0.23203712701797485,0.2423037588596344,0.9986761212348938,0.556387186050415,0.2991042137145996,-0.27350929379463196,0.9953150749206543,0.5413774847984314,0.3428288698196411,0.29716604948043823,0.03635731339454651,0.5269675850868225,0.39500460028648376,-0.32518038153648376,0.9853423833847046,0.5262168645858765,0.42009270191192627,0.24577072262763977,0.053771838545799255,0.5253231525421143,0.4237736463546753,-0.3579642176628113,0.9742933511734009,0.528859555721283,0.4547557830810547,0.24414193630218506,0.07337968796491623,0.5193848609924316,0.4236547350883484,-0.34463316202163696,0.9718645215034485,0.5240206718444824,0.4448104798793793,0.21552452445030212,0.07685070484876633,0.5193072557449341,0.4159340262413025,-0.3181142807006836,0.952786386013031,0.5239616632461548,0.4342861473560333,0.2292272299528122,0.07893713563680649,0.5404493808746338,0.473899245262146,-0.1196717619895935,0.9996616244316101,0.5411865711212158,0.4748423397541046,0.11959103494882584,0.9980016946792603,0.5415819883346558,0.6716000437736511,-0.1410360485315323,0.9777773022651672,0.563927173614502,0.6540677547454834,0.08770696818828583,0.7692374587059021,0.6103323698043823,0.8563777208328247,-0.1532226949930191,0.989669144153595,0.6183911561965942,0.8123878240585327,0.08462204039096832,0.8322927355766296,0.6337841749191284,0.8773050904273987,-0.15652573108673096,0.9781261086463928,0.639764666557312,0.8210088014602661,0.08155161887407303,0.8697080612182617,0.5780900120735168,0.933017373085022,-0.23507466912269592,0.989133894443512,0.5921301245689392,0.9000577926635742,0.03734871745109558,0.8911097049713135
350,0.494295209646225,0.15742462873458862,0.046675510704517365,0.9996839761734009,0.5010844469070435,0.13862508535385132,0.024938667193055153,0.9997473359107971,0.5031013488769531,0.13793203234672546,0.024857426062226295,0.9997924566268921,0.5050279498100281,0.13717049360275269,0.024840563535690308,0.9998406171798706,0.49962514638900757,0.13822375237941742,0.061043642461299896,0.9996142387390137,0.5006847977638245,0.13727538287639618,0.06106240302324295,0.9995077252388,0.5017422437667847,0.13625963032245636,0.061083000153303146,0.9995419979095459,0.5181598663330078,0.14124196767807007,-0.03157589212059975,0.9998828172683716,0.5138749480247498,0.14004750549793243,0.12910416722297668,0.9991818070411682,0.5026325583457947,0.1749274581670761,0.028815925121307373,0.9996856451034546,0.5008151531219482,0.17459794878959656,0.07569453120231628,0.9991436004638672,0.5421918630599976,0.21915772557258606,-0.14607742428779602,0.9999939799308777,0.5309394598007202,0.2308703064918518,0.23006229102611542,0.998755693435669,0.5561288595199585,0.2991003394126892,-0.2729969322681427,0.9956129789352417,0.541223406791687,0.3441064953804016,0.28088533878326416,0.034683216363191605,0.5271265506744385,0.39736366271972656,-0.32334911823272705,0.9863095283508301,0.5299686193466187,0.42954063415527344,0.22057466208934784,0.052769143134355545,0.5252717733383179,0.42571932077407837,-0.35760149359703064,0.9759746789932251,0.5320111513137817,0.4588391184806824,0.21780140697956085,0.07284452021121979,0.5196738243103027,0.4257102906703949,-0.3447422683238983,0.9736769199371338,0.5278386473655701,0.4554908871650696,0.18699289858341217,0.07628469914197922,0.5199629068374634,0.41781777143478394,-0.3168981671333313,0.9556900858879089,0.5273405313491821,0.44697412848472595,0.20435991883277893,0.07804399728775024,0.5419740080833435,0.4773816466331482,-0.11483663320541382,0.9996691942214966,0.5454016923904419,0.47872090339660645,0.1148269772529602,0.9981216788291931,0.5208167433738708,0.6709983944892883,-0.142318457365036,0.9795988202095032,0.5642575621604919,0.6538321375846863,0.08724285662174225,0.7773302793502808,0.59271639585495,0.8451802730560303,-0.15063239634037018,0.9901911020278931,0.6193596124649048,0.8173757791519165,0.09142528474330902,0.8402320742607117,0.6214820146560669,0.8688286542892456,-0.15429523587226868,0.9791529178619385,0.6398040056228638,0.8260367512702942,0.08821398764848709,0.8741770386695862,0.5766966938972473,0.9298858046531677,-0.20270824432373047,0.989522397518158,0.588724672794342,0.908099889755249,0.047919027507305145,0.8957911729812622
351,0.4934965670108795,0.15917585790157318,0.042182717472314835,0.9996954798698425,0.500032365322113,0.14037474989891052,0.023335788398981094,0.9997464418411255,0.5022876262664795,0.13962812721729279,0.023169394582509995,0.9997907280921936,0.5045090317726135,0.1388370841741562,0.02313322015106678,0.9998393058776855,0.49839359521865845,0.1401267647743225,0.05472196266055107,0.9996229410171509,0.49938711524009705,0.13922734558582306,0.0547771081328392,0.9995167851448059,0.5004333853721619,0.13824717700481415,0.05474662035703659,0.9995554685592651,0.5175877809524536,0.14262981712818146,-0.034694235771894455,0.9998820424079895,0.5125430822372437,0.14156995713710785,0.1251099407672882,0.9992225766181946,0.5025814771652222,0.17648592591285706,0.02346026711165905,0.9996952414512634,0.500451385974884,0.17635312676429749,0.0752084031701088,0.9991896748542786,0.5428443551063538,0.22073006629943848,-0.14450165629386902,0.9999940991401672,0.5296564102172852,0.2304908186197281,0.22975894808769226,0.9988609552383423,0.5546725988388062,0.29876708984375,-0.27734655141830444,0.9958418607711792,0.5408521294593811,0.34528878331184387,0.278758704662323,0.03399643674492836,0.5276360511779785,0.39620718359947205,-0.3398731052875519,0.9869807362556458,0.5308951139450073,0.44007208943367004,0.21449658274650574,0.0544552318751812,0.5259571075439453,0.4249236583709717,-0.3746143877506256,0.9772292375564575,0.5327922105789185,0.4700099229812622,0.21143284440040588,0.07568835467100143,0.520789623260498,0.42527151107788086,-0.36289823055267334,0.9749999046325684,0.5284516215324402,0.4701533019542694,0.1803821176290512,0.07921173423528671,0.5211194157600403,0.41738659143447876,-0.3339727520942688,0.957805871963501,0.5282115936279297,0.45828741788864136,0.19859592616558075,0.08058767020702362,0.5428565740585327,0.4781925678253174,-0.11319577693939209,0.9996848702430725,0.5448355674743652,0.4799274802207947,0.11323104798793793,0.9982746243476868,0.5017337203025818,0.6639895439147949,-0.1505601704120636,0.9813624024391174,0.5599649548530579,0.6515505909919739,0.08279739320278168,0.786168098449707,0.5751745700836182,0.8312737941741943,-0.14947722852230072,0.9907580018043518,0.6138488054275513,0.8200175762176514,0.08222432434558868,0.8502748608589172,0.5965460538864136,0.847594141960144,-0.15067806839942932,0.9801182746887207,0.6362013220787048,0.8426894545555115,0.07809123396873474,0.8804962635040283,0.5556358098983765,0.9238470196723938,-0.20171192288398743,0.989982545375824,0.5771539211273193,0.9114319086074829,0.03797464817762375,0.9014162421226501
352,0.4928305745124817,0.15876144170761108,0.05099062994122505,0.9997043609619141,0.49949607253074646,0.14051668345928192,0.032231058925390244,0.9997501373291016,0.5016393661499023,0.139826238155365,0.0321677103638649,0.9997935891151428,0.5038146376609802,0.1390644907951355,0.032144833356142044,0.9998427629470825,0.4982888698577881,0.14039212465286255,0.06497568637132645,0.9996318817138672,0.4994480609893799,0.13958662748336792,0.06502342969179153,0.9995210766792297,0.5006898045539856,0.13867349922657013,0.06503541022539139,0.9995659589767456,0.5167292356491089,0.14299388229846954,-0.015691716223955154,0.9998850226402283,0.5124656558036804,0.14202989637851715,0.13527750968933105,0.9992421865463257,0.5016394853591919,0.175774946808815,0.03698640316724777,0.9997016787528992,0.499944269657135,0.17614953219890594,0.08154604583978653,0.9992178678512573,0.5411450266838074,0.2182668298482895,-0.13146835565567017,0.9999944567680359,0.5291354656219482,0.2305215448141098,0.2416398823261261,0.9989421963691711,0.5543793439865112,0.295121967792511,-0.26588720083236694,0.9961351752281189,0.5405517220497131,0.34515413641929626,0.29484206438064575,0.03290954977273941,0.5281270742416382,0.3918243944644928,-0.32047754526138306,0.9879310727119446,0.5301586389541626,0.43826818466186523,0.23318099975585938,0.05490381643176079,0.5256146192550659,0.42264115810394287,-0.35382404923439026,0.9788466095924377,0.5315423607826233,0.46754467487335205,0.22509972751140594,0.0765867605805397,0.5203078389167786,0.4232349693775177,-0.34224483370780945,0.976746678352356,0.5272406935691833,0.4688767194747925,0.1932797133922577,0.08034883439540863,0.5208675861358643,0.41553443670272827,-0.3140639662742615,0.9605394601821899,0.5271769762039185,0.45813804864883423,0.21646340191364288,0.08136385679244995,0.5408614873886108,0.47861170768737793,-0.11219622194766998,0.9996980428695679,0.5430948138237,0.4802228808403015,0.11223888397216797,0.998413622379303,0.4890410304069519,0.6550097465515137,-0.13577648997306824,0.9824134111404419,0.5589655637741089,0.651968240737915,0.03829886391758919,0.793031632900238,0.5518534183502197,0.8315950036048889,-0.11093224585056305,0.9910332560539246,0.6163918375968933,0.8293358087539673,0.00849152635782957,0.8585543632507324,0.5701937675476074,0.8446343541145325,-0.10932470858097076,0.9798083305358887,0.6400642395019531,0.8581377863883972,0.0018079044530168176,0.8851763606071472,0.531246542930603,0.9167953729629517,-0.15784825384616852,0.9900856614112854,0.5743674039840698,0.9102815389633179,-0.042375098913908005,0.9052610397338867
353,0.49131688475608826,0.15847302973270416,0.0487133227288723,0.9997156858444214,0.49792447686195374,0.14040012657642365,0.029121223837137222,0.9997560977935791,0.5000158548355103,0.13977697491645813,0.0290733240544796,0.999798595905304,0.5021687746047974,0.13909780979156494,0.029054541140794754,0.9998469352722168,0.4967328906059265,0.14026038348674774,0.0633464902639389,0.9996434450149536,0.4978697896003723,0.1394617259502411,0.06339365988969803,0.999532163143158,0.4990917146205902,0.13852939009666443,0.06341364979743958,0.9995802044868469,0.5154988169670105,0.14353735744953156,-0.019280999898910522,0.9998875260353088,0.5113147497177124,0.14231246709823608,0.13658033311367035,0.9992672204971313,0.49994540214538574,0.1757631003856659,0.03464573621749878,0.9997100830078125,0.4982263445854187,0.17612729966640472,0.07978342473506927,0.9992511868476868,0.5395047068595886,0.21981483697891235,-0.13288293778896332,0.999994695186615,0.5289791226387024,0.2323409616947174,0.24306222796440125,0.9990168809890747,0.5531108379364014,0.2943052649497986,-0.2681122422218323,0.9963412284851074,0.5390198826789856,0.3455880880355835,0.29853734374046326,0.032242659479379654,0.5276093482971191,0.39151009917259216,-0.3343363106250763,0.9885637760162354,0.5294589996337891,0.43646177649497986,0.24322795867919922,0.056957803666591644,0.5255053043365479,0.4206000864505768,-0.3724489212036133,0.9799292087554932,0.5311834812164307,0.46527209877967834,0.23770451545715332,0.0796692967414856,0.5199583768844604,0.4211554527282715,-0.35932251811027527,0.9779117703437805,0.5265049934387207,0.4675551652908325,0.2067214697599411,0.08380389958620071,0.5203973650932312,0.4135453402996063,-0.3276277184486389,0.9622499942779541,0.5264433026313782,0.454290509223938,0.22720058262348175,0.08428620547056198,0.5406666398048401,0.4800247251987457,-0.1125403493642807,0.9997084140777588,0.5409282445907593,0.4811020791530609,0.11256074905395508,0.9985355734825134,0.47542744874954224,0.6555798649787903,-0.13011467456817627,0.983146071434021,0.5594388246536255,0.6549984216690063,0.06018081307411194,0.7966200113296509,0.5237604379653931,0.8342285752296448,-0.09752470999956131,0.9913904070854187,0.6228436231613159,0.8384210467338562,0.039333708584308624,0.8664973974227905,0.5377525091171265,0.8489092588424683,-0.09476880729198456,0.980211615562439,0.6418116688728333,0.865566611289978,0.034170765429735184,0.8902271389961243,0.48983463644981384,0.9169749617576599,-0.13963012397289276,0.9902266263961792,0.584834635257721,0.9093184471130371,-0.0046155559830367565,0.9086834192276001
354,0.4905702471733093,0.1590576171875,0.045111268758773804,0.9997251629829407,0.49760597944259644,0.140875905752182,0.024771148338913918,0.9997612833976746,0.49992474913597107,0.14025914669036865,0.024724379181861877,0.9998023509979248,0.5017377138137817,0.13958245515823364,0.0247061587870121,0.999850332736969,0.4964226186275482,0.14070118963718414,0.05924547463655472,0.9996536374092102,0.4977799952030182,0.1398852914571762,0.059286344796419144,0.9995412826538086,0.49882373213768005,0.13892138004302979,0.059297531843185425,0.9995934367179871,0.5146480798721313,0.143966406583786,-0.02555030584335327,0.9998894929885864,0.5104662775993347,0.1428004652261734,0.13070715963840485,0.9992935657501221,0.49987325072288513,0.1763603687286377,0.03043937124311924,0.9997169375419617,0.4980239272117615,0.17670556902885437,0.07581347227096558,0.9992787837982178,0.5384435057640076,0.22321832180023193,-0.134869784116745,0.999994695186615,0.5284979939460754,0.23324927687644958,0.23520664870738983,0.9990717172622681,0.5493234395980835,0.296540230512619,-0.2653336226940155,0.9964073896408081,0.5376436114311218,0.3458911180496216,0.2918684184551239,0.030802851542830467,0.5270287394523621,0.3929733633995056,-0.32412189245224,0.9884779453277588,0.5277512073516846,0.4294097125530243,0.23862648010253906,0.05525636672973633,0.5247262120246887,0.4208405911922455,-0.3611108660697937,0.979956328868866,0.5276563763618469,0.4553029239177704,0.23126649856567383,0.0779820904135704,0.5190615653991699,0.4214741587638855,-0.3485998511314392,0.9779229164123535,0.5245199203491211,0.4558863043785095,0.2011801302433014,0.08222974091768265,0.5194794535636902,0.41421228647232056,-0.31770792603492737,0.9620879292488098,0.5248435139656067,0.44332584738731384,0.22249121963977814,0.08263945579528809,0.5353124737739563,0.48647168278694153,-0.11282026767730713,0.9997000694274902,0.5360904335975647,0.4866250455379486,0.11282394081354141,0.9986136555671692,0.4670541286468506,0.6543412804603577,-0.12029482424259186,0.9832302331924438,0.5565195679664612,0.6624387502670288,0.06469808518886566,0.7959714531898499,0.5004817843437195,0.8430554866790771,-0.08818033337593079,0.9916289448738098,0.6218076944351196,0.8446069359779358,0.041954405605793,0.8721351623535156,0.5146154761314392,0.8681303858757019,-0.0858624130487442,0.9805452823638916,0.6400926113128662,0.8684836626052856,0.036787889897823334,0.8944299817085266,0.4545820653438568,0.9162873029708862,-0.13532580435276031,0.9902523159980774,0.5842748284339905,0.9107528924942017,-0.004138998221606016,0.9106210470199585
355,0.48717576265335083,0.16243621706962585,0.03426220640540123,0.9997395277023315,0.49367815256118774,0.14376240968704224,0.012136341072618961,0.9997679591178894,0.49595075845718384,0.14314447343349457,0.012085147202014923,0.9998073577880859,0.4981338381767273,0.14254240691661835,0.012064951471984386,0.9998550415039062,0.49271172285079956,0.14354237914085388,0.04843427985906601,0.9996674656867981,0.49402356147766113,0.14275801181793213,0.048479169607162476,0.9995561242103577,0.4953375458717346,0.14190994203090668,0.0484878309071064,0.9996112585067749,0.5132966041564941,0.14748167991638184,-0.0423692911863327,0.999891459941864,0.5094317197799683,0.1459926813840866,0.1211884394288063,0.9993177056312561,0.4962325096130371,0.1800517588853836,0.018568020313978195,0.9997287392616272,0.49444857239723206,0.18064038455486298,0.06602058559656143,0.9993143677711487,0.5347771644592285,0.22849474847316742,-0.14142835140228271,0.9999946355819702,0.5280728936195374,0.23907677829265594,0.22748203575611115,0.9991220235824585,0.5445447564125061,0.2989993691444397,-0.2655819058418274,0.9964831471443176,0.536462664604187,0.3477292060852051,0.27869921922683716,0.02956404909491539,0.5217671990394592,0.39447978138923645,-0.32178041338920593,0.9885061383247375,0.5256497859954834,0.429370254278183,0.2228763848543167,0.054491784423589706,0.5209529995918274,0.4224169850349426,-0.35549530386924744,0.9800523519515991,0.5243616104125977,0.455139696598053,0.217780202627182,0.07742392271757126,0.5159091353416443,0.42288681864738464,-0.3432545065879822,0.9779667854309082,0.5207163095474243,0.4542478919029236,0.18769040703773499,0.08192281424999237,0.516242265701294,0.41562530398368835,-0.3148439824581146,0.9620152711868286,0.5212756395339966,0.4418753385543823,0.20681734383106232,0.08234735578298569,0.5260249376296997,0.49180132150650024,-0.11265651881694794,0.9996755123138428,0.53169184923172,0.49513402581214905,0.11266852915287018,0.9986695647239685,0.4616459012031555,0.6581068634986877,-0.10460373014211655,0.982003390789032,0.5526860952377319,0.6666231155395508,0.06332416832447052,0.7926455736160278,0.46597757935523987,0.8568819761276245,-0.07373397052288055,0.9917508959770203,0.6201413869857788,0.8455115556716919,0.032979756593704224,0.8770830035209656,0.48048344254493713,0.8938749432563782,-0.07229644805192947,0.9804897904396057,0.6408855319023132,0.8681395649909973,0.02739410474896431,0.8983174562454224,0.41665416955947876,0.9125573039054871,-0.12800730764865875,0.9900890588760376,0.5852909088134766,0.9125161170959473,-0.014514955691993237,0.9122642278671265
356,0.483210027217865,0.16953453421592712,0.03374650701880455,0.9997445344924927,0.4890705943107605,0.15147115290164948,0.010993124917149544,0.9997636079788208,0.49100080132484436,0.15096722543239594,0.0109338890761137,0.999804675579071,0.49307671189308167,0.1504785269498825,0.01091778464615345,0.9998547434806824,0.4881671369075775,0.15112075209617615,0.04795420914888382,0.9996633529663086,0.4892853796482086,0.15038762986660004,0.04800586402416229,0.9995452761650085,0.4905334413051605,0.1496436893939972,0.04800965636968613,0.9996058940887451,0.509227454662323,0.1561482548713684,-0.04707876592874527,0.9998905062675476,0.5057376623153687,0.15388379991054535,0.12094547599554062,0.9992990493774414,0.49154606461524963,0.1886565089225769,0.01695965602993965,0.9997370839118958,0.48978298902511597,0.18862000107765198,0.06554418802261353,0.9993236064910889,0.5271118879318237,0.23565588891506195,-0.15130333602428436,0.9999948143959045,0.527981162071228,0.24808131158351898,0.22701625525951385,0.9991438388824463,0.5353803038597107,0.3077271282672882,-0.2765541672706604,0.9964084625244141,0.5332567691802979,0.3549903929233551,0.2752249538898468,0.02801714837551117,0.5121051073074341,0.4062318503856659,-0.32788389921188354,0.9880980253219604,0.5211544632911682,0.4377146065235138,0.2121538370847702,0.052650466561317444,0.511368989944458,0.4317978322505951,-0.36543065309524536,0.9795801639556885,0.5179423689842224,0.47016382217407227,0.20922338962554932,0.07532432675361633,0.5077985525131226,0.43217527866363525,-0.3539322316646576,0.9772866368293762,0.5118993520736694,0.4748375713825226,0.17893224954605103,0.07967118918895721,0.508598804473877,0.4262593984603882,-0.3221988081932068,0.9607234597206116,0.5142830610275269,0.45503735542297363,0.19561246037483215,0.08044800907373428,0.5191407203674316,0.49559324979782104,-0.11450109630823135,0.9996774792671204,0.526267945766449,0.5004437565803528,0.11452772468328476,0.998674750328064,0.45819610357284546,0.6601337790489197,-0.13607172667980194,0.9812849760055542,0.5383790731430054,0.6682387590408325,0.11492667347192764,0.7861871719360352,0.43623098731040955,0.8726391196250916,-0.15519776940345764,0.9922124147415161,0.6161082983016968,0.8451693058013916,0.10391759872436523,0.8806594610214233,0.44666045904159546,0.912213921546936,-0.1600910872220993,0.9813963770866394,0.6374954581260681,0.8664530515670776,0.10087933391332626,0.9021651744842529,0.3766077756881714,0.9027252197265625,-0.2387177050113678,0.9904494285583496,0.5836325883865356,0.91469407081604,0.06575290858745575,0.9135094881057739
357,0.47852009534835815,0.18013331294059753,0.019543329253792763,0.999750018119812,0.48388567566871643,0.16280749440193176,-0.0027573625557124615,0.9997605085372925,0.4859098494052887,0.16227056086063385,-0.0028145972173660994,0.9998025298118591,0.4880843758583069,0.16149888932704926,-0.0028280101250857115,0.9998549222946167,0.4826720654964447,0.16249170899391174,0.03364213556051254,0.9996621012687683,0.4836173951625824,0.16189035773277283,0.03369056433439255,0.9995419383049011,0.4848008155822754,0.16094161570072174,0.03368984907865524,0.9996067881584167,0.5044360160827637,0.16633553802967072,-0.058778196573257446,0.9998876452445984,0.5007712244987488,0.1640303134918213,0.10451601445674896,0.9992837905883789,0.48641401529312134,0.19934572279453278,0.0032449595164507627,0.9997448325157166,0.48462408781051636,0.1990940272808075,0.05071638897061348,0.9993364810943604,0.5211352705955505,0.24617691338062286,-0.15898850560188293,0.9999947547912598,0.5221575498580933,0.2621558606624603,0.21595236659049988,0.99913489818573,0.5274937152862549,0.32389727234840393,-0.27055859565734863,0.9962980151176453,0.527387797832489,0.3675927519798279,0.257689893245697,0.026342187076807022,0.5046520829200745,0.42738479375839233,-0.29403156042099,0.9873511791229248,0.5116935968399048,0.44319289922714233,0.19218268990516663,0.05022332817316055,0.5023318529129028,0.4511815905570984,-0.32999753952026367,0.9784678816795349,0.5093113780021667,0.47134557366371155,0.19001038372516632,0.07260581851005554,0.4983157217502594,0.45196112990379333,-0.316996306180954,0.9759278893470764,0.5026757717132568,0.4731370806694031,0.1598963439464569,0.07684746384620667,0.4992891252040863,0.445292592048645,-0.28745731711387634,0.9585877656936646,0.5049527287483215,0.4612114727497101,0.17574664950370789,0.07789165526628494,0.5111611485481262,0.5079800486564636,-0.11466860771179199,0.9996164441108704,0.5191830396652222,0.5133334398269653,0.11470230668783188,0.9984052181243896,0.44950634241104126,0.6699524521827698,-0.12295304238796234,0.9792076349258423,0.5318397879600525,0.68687903881073,0.13088344037532806,0.7780320644378662,0.41106167435646057,0.8747559189796448,-0.1498199850320816,0.9926075339317322,0.6139310002326965,0.844946563243866,0.13830459117889404,0.8823965787887573,0.4185825288295746,0.9150603413581848,-0.14806774258613586,0.9821011424064636,0.6353398561477661,0.8615009784698486,0.13739840686321259,0.9052976965904236,0.35375913977622986,0.8845568299293518,-0.21057839691638947,0.9906545877456665,0.5828229784965515,0.914795994758606,0.10735762119293213,0.9130465388298035
358,0.47285228967666626,0.19699904322624207,0.01616613194346428,0.9997589588165283,0.47785240411758423,0.17895549535751343,-0.006222970318049192,0.9997681379318237,0.47979897260665894,0.17852316796779633,-0.006269578821957111,0.9998092651367188,0.4820375442504883,0.17799343168735504,-0.006285621784627438,0.9998602271080017,0.4765419065952301,0.17838717997074127,0.029814133420586586,0.9996724128723145,0.4773092269897461,0.17770148813724518,0.02985009178519249,0.9995549917221069,0.4783897399902344,0.17681513726711273,0.029852446168661118,0.99961918592453,0.4981101155281067,0.18155686557292938,-0.06271595507860184,0.9998891949653625,0.49456945061683655,0.17900142073631287,0.09779372066259384,0.9993058443069458,0.47999247908592224,0.21558386087417603,-0.00042419848614372313,0.9997539520263672,0.477894127368927,0.2148447185754776,0.046269726008176804,0.9993516206741333,0.5154575109481812,0.2638344168663025,-0.1597890406847,0.9999945759773254,0.5132534503936768,0.2777445316314697,0.2083720862865448,0.999133288860321,0.5213154554367065,0.3399568200111389,-0.26689210534095764,0.9959936141967773,0.5208607912063599,0.37196800112724304,0.26215440034866333,0.024742692708969116,0.5007645487785339,0.43595385551452637,-0.2898220419883728,0.9862684011459351,0.5054055452346802,0.4440082609653473,0.23042067885398865,0.047721873968839645,0.49899324774742126,0.45752036571502686,-0.32447677850723267,0.9770166277885437,0.5022619366645813,0.4708930253982544,0.23441919684410095,0.06989879161119461,0.49496808648109436,0.4563540518283844,-0.3123626410961151,0.9742681980133057,0.4978567659854889,0.47058895230293274,0.2075977623462677,0.07409743219614029,0.49551329016685486,0.45051756501197815,-0.2835420072078705,0.9560413360595703,0.500151515007019,0.46072840690612793,0.21647974848747253,0.07534406334161758,0.5037439465522766,0.5241902470588684,-0.11512356996536255,0.9995517134666443,0.5105395913124084,0.5293367505073547,0.11516054719686508,0.9982571005821228,0.4337778091430664,0.6728863716125488,-0.11395388841629028,0.9779101610183716,0.5199400782585144,0.6970604658126831,0.11858262866735458,0.780144989490509,0.3950999677181244,0.8785048723220825,-0.10473202168941498,0.9929501414299011,0.6119265556335449,0.8447942137718201,0.11760754883289337,0.8870301842689514,0.40438899397850037,0.9180259108543396,-0.10605879873037338,0.9827898144721985,0.6347526907920837,0.8558469414710999,0.11551399528980255,0.9101545214653015,0.3393877446651459,0.8881933689117432,-0.1694592982530594,0.9908583164215088,0.5823026299476624,0.9139880537986755,0.07884351164102554,0.9148149490356445
359,0.4684635102748871,0.2191990166902542,0.005620820913463831,0.9997687935829163,0.47383755445480347,0.20037411153316498,-0.015770303085446358,0.999778687953949,0.4756247103214264,0.20016397535800934,-0.015804074704647064,0.9998183846473694,0.47769874334335327,0.19993752241134644,-0.015818843618035316,0.9998668432235718,0.4725232720375061,0.1995718628168106,0.019666215404868126,0.9996861815452576,0.4731999933719635,0.19883497059345245,0.019695159047842026,0.9995743632316589,0.47413110733032227,0.19795218110084534,0.01969796232879162,0.9996376633644104,0.49326881766319275,0.20393706858158112,-0.0691864863038063,0.9998924732208252,0.49014371633529663,0.20059449970722198,0.08877039700746536,0.9993347525596619,0.47494035959243774,0.23741261661052704,-0.009901350364089012,0.9997628331184387,0.4728836119174957,0.2365797907114029,0.03592423349618912,0.9993720054626465,0.5104871392250061,0.2904132902622223,-0.16065816581249237,0.9999943375587463,0.5100913047790527,0.3066008985042572,0.19726216793060303,0.9991605281829834,0.5130982995033264,0.36671319603919983,-0.24799060821533203,0.9956770539283752,0.5130242109298706,0.39413994550704956,0.2444574534893036,0.02349873073399067,0.49080556631088257,0.46425315737724304,-0.24411919713020325,0.9846115112304688,0.497397243976593,0.4697946310043335,0.19532588124275208,0.04578205198049545,0.48786434531211853,0.48918014764785767,-0.2742268741130829,0.9746121168136597,0.4938512444496155,0.48884323239326477,0.1937377154827118,0.06785476207733154,0.4838438928127289,0.487114280462265,-0.26364821195602417,0.9715253710746765,0.49023276567459106,0.48857730627059937,0.1667998880147934,0.07207895070314407,0.48496589064598083,0.4801463782787323,-0.23777660727500916,0.952147901058197,0.49102941155433655,0.47976064682006836,0.18043267726898193,0.07340195029973984,0.4929450452327728,0.5459937453269958,-0.11405285447835922,0.9994829297065735,0.5007692575454712,0.549226701259613,0.11406105756759644,0.9981683492660522,0.4121643900871277,0.6763536334037781,-0.09811748564243317,0.9785355925559998,0.5138469934463501,0.7150932550430298,0.11227820813655853,0.7938477396965027,0.39077579975128174,0.8776125311851501,-0.06106863170862198,0.9933931827545166,0.611450731754303,0.844304084777832,0.10946957767009735,0.8955996632575989,0.4022792875766754,0.9136243462562561,-0.06071464344859123,0.9833313822746277,0.6333560943603516,0.8494039177894592,0.10641086101531982,0.9170597791671753,0.3379826545715332,0.8924522995948792,-0.11691747605800629,0.9912581443786621,0.5812211036682129,0.9137013554573059,0.0732378214597702,0.920315146446228
360,0.4627529978752136,0.23557442426681519,0.011834103614091873,0.9997718930244446,0.46805834770202637,0.21848657727241516,-0.009672904387116432,0.9997879266738892,0.46990805864334106,0.21826621890068054,-0.009715799242258072,0.9998251795768738,0.4719681143760681,0.2180260270833969,-0.00973106175661087,0.9998716711997986,0.4669685363769531,0.21799463033676147,0.025765839964151382,0.9996976256370544,0.4678334593772888,0.2173176258802414,0.025799546390771866,0.9995895624160767,0.4689446985721588,0.21646393835544586,0.025801505893468857,0.9996545314788818,0.4867953658103943,0.22427920997142792,-0.06350608170032501,0.999893844127655,0.4846404194831848,0.2213854193687439,0.09483350068330765,0.9993646740913391,0.46919411420822144,0.2536631226539612,-0.0038923826068639755,0.9997614026069641,0.46779951453208923,0.25268983840942383,0.04202178120613098,0.9993786811828613,0.5029136538505554,0.313613623380661,-0.15627939999103546,0.9999933242797852,0.5051931142807007,0.3188720941543579,0.20168669521808624,0.9992055892944336,0.5049917101860046,0.3951234221458435,-0.2523791193962097,0.9941868782043457,0.5062326192855835,0.4134008586406708,0.24587693810462952,0.022451287135481834,0.48263710737228394,0.48745203018188477,-0.2683446407318115,0.9777275919914246,0.4908366799354553,0.4892915189266205,0.19846875965595245,0.04344158247113228,0.47882920503616333,0.5119830965995789,-0.29899078607559204,0.9664562344551086,0.48807206749916077,0.5114855170249939,0.19877639412879944,0.06486845761537552,0.47571125626564026,0.5097876191139221,-0.2866038382053375,0.9624288082122803,0.48556122183799744,0.5040926337242126,0.1726570576429367,0.06896739453077316,0.4771353304386139,0.5029506087303162,-0.26181259751319885,0.9398666024208069,0.4857249855995178,0.5008564591407776,0.1844632923603058,0.07032738626003265,0.48295480012893677,0.5641170144081116,-0.11403627693653107,0.9994577169418335,0.49101367592811584,0.5673201680183411,0.11401581764221191,0.9982220530509949,0.3947638273239136,0.6786443591117859,-0.09767866879701614,0.9795569777488708,0.5070109963417053,0.7453650832176208,0.10972194373607635,0.807410478591919,0.38565200567245483,0.8786385655403137,-0.056078165769577026,0.9937097430229187,0.6105023622512817,0.8436208963394165,0.10679908096790314,0.9038175940513611,0.4002174437046051,0.9129166603088379,-0.0542740635573864,0.9837586879730225,0.6334010362625122,0.8446335792541504,0.10580410063266754,0.923540472984314,0.3341115415096283,0.8972571492195129,-0.09729363024234772,0.9914328455924988,0.5841812491416931,0.9135425090789795,0.06975997984409332,0.9254226088523865
361,0.45599207282066345,0.25605329871177673,0.01576155796647072,0.9997806549072266,0.46254944801330566,0.23979820311069489,-0.00787126924842596,0.9998027682304382,0.4642067849636078,0.23956380784511566,-0.007820230908691883,0.9998366236686707,0.4660632610321045,0.23938316106796265,-0.007791798561811447,0.9998795390129089,0.461651474237442,0.23940466344356537,0.02951272390782833,0.9997172355651855,0.46262818574905396,0.23873837292194366,0.029526764526963234,0.9996163249015808,0.4637688994407654,0.2379903942346573,0.029485801234841347,0.999679684638977,0.47973304986953735,0.24658358097076416,-0.0608835406601429,0.9998989105224609,0.4787880778312683,0.24467554688453674,0.09774398058652878,0.9994105100631714,0.46245256066322327,0.27366819977760315,-0.0021011775825172663,0.9997695684432983,0.4610905647277832,0.27354609966278076,0.04585415869951248,0.9994083046913147,0.4942965507507324,0.3414212763309479,-0.15398193895816803,0.999992311000824,0.49782973527908325,0.34368568658828735,0.20435646176338196,0.9992678165435791,0.4949162006378174,0.430515319108963,-0.26911669969558716,0.9908217787742615,0.4972701966762543,0.4451555013656616,0.2513252794742584,0.022605929523706436,0.47263818979263306,0.508441150188446,-0.31714800000190735,0.9665758013725281,0.48219791054725647,0.5227360129356384,0.2199598252773285,0.04201183095574379,0.46916502714157104,0.5288910269737244,-0.3459835648536682,0.955271303653717,0.4805811941623688,0.5454223155975342,0.22428324818611145,0.06283387541770935,0.46742257475852966,0.5272119045257568,-0.3322441577911377,0.9500104188919067,0.4764614701271057,0.5405392050743103,0.203647643327713,0.06675615161657333,0.46848320960998535,0.5214584469795227,-0.3105127215385437,0.92345130443573,0.4771800637245178,0.5299299955368042,0.209297776222229,0.06815863400697708,0.4713004529476166,0.592390775680542,-0.11468498408794403,0.9994860887527466,0.4815247058868408,0.5938888788223267,0.11456477642059326,0.9983614683151245,0.3774597942829132,0.6820194125175476,-0.09312301874160767,0.9811356663703918,0.5008825659751892,0.7786941528320312,0.11169272661209106,0.8237614631652832,0.38069862127304077,0.8816635012626648,-0.04240456596016884,0.9940739870071411,0.6058195233345032,0.8427942991256714,0.10370810329914093,0.9126299619674683,0.3955431580543518,0.9132780432701111,-0.03831307590007782,0.9845966696739197,0.6327686905860901,0.8387399315834045,0.10225065052509308,0.9304488301277161,0.3312060236930847,0.9081953167915344,-0.07027484476566315,0.9917179346084595,0.5851536989212036,0.913733184337616,0.07395751774311066,0.9316320419311523
362,0.4483001232147217,0.2752569615840912,0.04106497764587402,0.999796986579895,0.4555700719356537,0.2609492540359497,0.018470728769898415,0.9998205900192261,0.4570764899253845,0.2607699930667877,0.0185113362967968,0.9998511075973511,0.45877623558044434,0.26054441928863525,0.01853814721107483,0.9998900890350342,0.4549650549888611,0.26042163372039795,0.05549141764640808,0.9997417330741882,0.4560377597808838,0.25989630818367004,0.055500052869319916,0.999649703502655,0.4572693407535553,0.25928524136543274,0.05546457692980766,0.9997086524963379,0.4715421199798584,0.2684876620769501,-0.04307405650615692,0.9999074339866638,0.47123098373413086,0.26733067631721497,0.12020226567983627,0.9994617104530334,0.45425695180892944,0.29377132654190063,0.021552635356783867,0.9997844696044922,0.45310020446777344,0.29359859228134155,0.06899599730968475,0.9994487762451172,0.4870587885379791,0.3623836040496826,-0.14312675595283508,0.9999919533729553,0.49015504121780396,0.36542999744415283,0.22260574996471405,0.9993182420730591,0.4859312176704407,0.4478324055671692,-0.2299330234527588,0.9886943697929382,0.49023398756980896,0.4652083218097687,0.26978591084480286,0.022815819829702377,0.4629090428352356,0.5303360223770142,-0.2142452448606491,0.9580727815628052,0.47541141510009766,0.5424169898033142,0.24639932811260223,0.0402502678334713,0.45860162377357483,0.5546658635139465,-0.23329684138298035,0.9449808597564697,0.47379979491233826,0.5625528693199158,0.25365519523620605,0.06024562194943428,0.456500381231308,0.5517277121543884,-0.22102662920951843,0.9387149214744568,0.46834540367126465,0.5597178936004639,0.23308229446411133,0.06394965201616287,0.4577765464782715,0.5464885234832764,-0.20616766810417175,0.9097006320953369,0.4695959985256195,0.5498380661010742,0.2355436086654663,0.06540790945291519,0.4655870795249939,0.613662838935852,-0.11689599603414536,0.9995179176330566,0.4739357531070709,0.613294243812561,0.11667852103710175,0.9984946846961975,0.3655158579349518,0.6841915845870972,-0.0995221883058548,0.9826879501342773,0.4950712323188782,0.8019409775733948,0.10299955308437347,0.839347243309021,0.3810877203941345,0.8805854916572571,-0.05782126262784004,0.9943520426750183,0.6041933298110962,0.8406209945678711,0.05838289111852646,0.9208138585090637,0.39740413427352905,0.9132897257804871,-0.05392592027783394,0.9852200746536255,0.6291802525520325,0.8299074769020081,0.05457426980137825,0.9368765354156494,0.3346404731273651,0.9128504991531372,-0.07856611907482147,0.9919525980949402,0.5872489213943481,0.9135380983352661,0.03468945622444153,0.9376223683357239
363,0.44039011001586914,0.2979402244091034,0.04846395179629326,0.9998145699501038,0.4471561908721924,0.2828123867511749,0.025652769953012466,0.9998376369476318,0.44873085618019104,0.28265219926834106,0.02570313774049282,0.9998651146888733,0.45061713457107544,0.28246399760246277,0.02574009820818901,0.9999002814292908,0.44662532210350037,0.2823833227157593,0.06249173358082771,0.9997656345367432,0.44769564270973206,0.2818467319011688,0.06249118596315384,0.9996823072433472,0.4490284323692322,0.2811431288719177,0.06246507912874222,0.9997363090515137,0.46369409561157227,0.2918650209903717,-0.035202063620090485,0.9999158382415771,0.46274828910827637,0.29036039113998413,0.12795527279376984,0.999512255191803,0.4464854300022125,0.3178136944770813,0.02963981404900551,0.9998013973236084,0.4454471170902252,0.31762441992759705,0.07670357823371887,0.9994938969612122,0.47845929861068726,0.3879778981208801,-0.13675132393836975,0.9999914169311523,0.4814228415489197,0.38940557837486267,0.2304130345582962,0.9993720054626465,0.4766024053096771,0.4734984040260315,-0.2375020980834961,0.9869218468666077,0.4816898703575134,0.4921419024467468,0.29323187470436096,0.02383069507777691,0.45510420203208923,0.5536033511161804,-0.24432584643363953,0.951074481010437,0.4648411273956299,0.5667884349822998,0.2933191955089569,0.040173206478357315,0.4509657025337219,0.5736002326011658,-0.2656688392162323,0.9372546672821045,0.4637693762779236,0.5867854356765747,0.30446305871009827,0.059724342077970505,0.4488549828529358,0.5735125541687012,-0.2523990869522095,0.9304478764533997,0.46208611130714417,0.5771499872207642,0.28462621569633484,0.06336657702922821,0.44983816146850586,0.568767249584198,-0.23638221621513367,0.9001325964927673,0.46214357018470764,0.5738875269889832,0.28365641832351685,0.0650712102651596,0.4610610604286194,0.6361823678016663,-0.11773113161325455,0.999554455280304,0.4659706652164459,0.6367918848991394,0.11749515682458878,0.998631477355957,0.354666531085968,0.6838935613632202,-0.10006334632635117,0.9839978218078613,0.48795604705810547,0.8257368206977844,0.09954499453306198,0.8529961705207825,0.379769504070282,0.8816806077957153,-0.05500776320695877,0.9944574236869812,0.5985690355300903,0.8403862714767456,0.05841086059808731,0.9282602071762085,0.3993928134441376,0.9118919968605042,-0.04933043569326401,0.9857665300369263,0.6225284337997437,0.8258705139160156,0.055381156504154205,0.9428313374519348,0.3361387848854065,0.9192420244216919,-0.05751856043934822,0.9920504093170166,0.591343879699707,0.9108005166053772,0.038110021501779556,0.9431439638137817
364,0.4334745407104492,0.3251808285713196,0.04220649600028992,0.9998254179954529,0.4392777979373932,0.30979666113853455,0.020110761746764183,0.9998515844345093,0.44084614515304565,0.30935901403427124,0.020115844905376434,0.9998763799667358,0.44252029061317444,0.30880504846572876,0.020126773044466972,0.9999079704284668,0.43860381841659546,0.30941951274871826,0.05640465021133423,0.9997841715812683,0.43965673446655273,0.3086998760700226,0.05642974376678467,0.9997079372406006,0.44086068868637085,0.30775585770606995,0.05642436072230339,0.9997588992118835,0.4552185535430908,0.3155208230018616,-0.03853924199938774,0.9999222755432129,0.45435476303100586,0.31454259157180786,0.12544038891792297,0.9995542764663696,0.43938764929771423,0.34212830662727356,0.024974923580884933,0.9998094439506531,0.438221275806427,0.34205061197280884,0.07177434116601944,0.9995237588882446,0.4711851179599762,0.4103981554508209,-0.1394464671611786,0.9999899864196777,0.4746413826942444,0.4110427498817444,0.22153881192207336,0.9994171261787415,0.4698430001735687,0.4990782141685486,-0.24163949489593506,0.9843539595603943,0.47579509019851685,0.5117518305778503,0.2837802767753601,0.024372873827815056,0.44770950078964233,0.5807535648345947,-0.24608929455280304,0.9407104253768921,0.45760011672973633,0.5983982682228088,0.28296396136283875,0.03937823697924614,0.443138062953949,0.5995290875434875,-0.266803503036499,0.9263277649879456,0.4559808671474457,0.6172749996185303,0.2941352128982544,0.05812816321849823,0.440816730260849,0.5981841087341309,-0.2548099756240845,0.9188675284385681,0.4533706605434418,0.6148157715797424,0.2748560905456543,0.06162717193365097,0.4422091543674469,0.5937613248825073,-0.23856055736541748,0.8863304853439331,0.45442861318588257,0.6050687432289124,0.27367106080055237,0.06369273364543915,0.45504871010780334,0.6602813005447388,-0.11766918003559113,0.999588131904602,0.46082812547683716,0.6612449884414673,0.11744533479213715,0.9987586140632629,0.3473988175392151,0.6866097450256348,-0.10051222890615463,0.9850554466247559,0.48503392934799194,0.8538938760757446,0.09971854835748672,0.8645046353340149,0.37836185097694397,0.8804929256439209,-0.025439629331231117,0.9936960935592651,0.5925058722496033,0.8424554467201233,0.06344720721244812,0.9348042607307434,0.39708101749420166,0.9112212061882019,-0.01554975938051939,0.985140323638916,0.6147943735122681,0.8231866359710693,0.06088896840810776,0.9480328559875488,0.33669108152389526,0.9200427532196045,-0.00298485835082829,0.9908531308174133,0.5923267602920532,0.9067102074623108,0.04318859428167343,0.9477776288986206
365,0.4266948699951172,0.3420431613922119,0.04148642346262932,0.9998385310173035,0.4331243932247162,0.3255074620246887,0.018754426389932632,0.9998649954795837,0.43473783135414124,0.32535138726234436,0.01878580078482628,0.9998873472213745,0.4364446997642517,0.32511141896247864,0.018808208405971527,0.9999157190322876,0.43239712715148926,0.32508236169815063,0.05497252196073532,0.9998025298118591,0.4334595203399658,0.3245626389980316,0.0549735426902771,0.9997332692146301,0.4347020983695984,0.32382550835609436,0.05494534969329834,0.999780535697937,0.4491075575351715,0.33333006501197815,-0.04099266976118088,0.9999288320541382,0.44851189851760864,0.33203938603401184,0.12139041721820831,0.9995937347412109,0.4323676526546478,0.3595241904258728,0.02352430671453476,0.9998198747634888,0.4311041831970215,0.3592222332954407,0.0699547752737999,0.9995549917221069,0.4663023352622986,0.42732155323028564,-0.13581331074237823,0.9999895691871643,0.47035208344459534,0.4285637438297272,0.2198147028684616,0.9994600415229797,0.4654856324195862,0.5142403244972229,-0.21063700318336487,0.9837064743041992,0.46910184621810913,0.5314134359359741,0.2800244688987732,0.024713948369026184,0.4453732967376709,0.5993930101394653,-0.18936288356781006,0.9377515316009521,0.4534298777580261,0.6146458387374878,0.2671152949333191,0.038630928844213486,0.44152870774269104,0.6197628974914551,-0.2067701518535614,0.9229373931884766,0.45183315873146057,0.6314738392829895,0.27456003427505493,0.05659646540880203,0.4383369982242584,0.6178992986679077,-0.1956665813922882,0.9153777360916138,0.4491804540157318,0.6241952776908875,0.25386136770248413,0.06001809611916542,0.4399462640285492,0.6104665994644165,-0.18105104565620422,0.8827242851257324,0.44978660345077515,0.6212592124938965,0.25668850541114807,0.06256875395774841,0.4516350328922272,0.6798235177993774,-0.11518049240112305,0.9996242523193359,0.46100154519081116,0.6858165860176086,0.11493734270334244,0.998877763748169,0.34277260303497314,0.6882842779159546,-0.10365953296422958,0.9860857725143433,0.4840623736381531,0.8704630732536316,0.0942360907793045,0.8749570846557617,0.3774285614490509,0.8808982968330383,-0.014458385296165943,0.9928076863288879,0.59049391746521,0.8434514403343201,0.05238477513194084,0.940830409526825,0.39705803990364075,0.9104189276695251,-0.0038653016090393066,0.9843050837516785,0.611060619354248,0.8236891627311707,0.049779780209064484,0.9528276920318604,0.3356834053993225,0.920656681060791,0.014320204965770245,0.9898055195808411,0.5932636857032776,0.9067923426628113,0.038304127752780914,0.9522765874862671
366,0.42248764634132385,0.35782334208488464,0.04181348904967308,0.9998512864112854,0.4290388524532318,0.3412603437900543,0.018754279240965843,0.999877393245697,0.43055129051208496,0.3415710926055908,0.018796997144818306,0.9998975992202759,0.4321747422218323,0.34181374311447144,0.01882307603955269,0.9999229907989502,0.42834267020225525,0.34061720967292786,0.054895978420972824,0.999819815158844,0.4293413758277893,0.34031981229782104,0.05488700792193413,0.9997570514678955,0.430547297000885,0.3397786319255829,0.05485563725233078,0.9998005628585815,0.4442448616027832,0.3508073091506958,-0.041783638298511505,0.9999350905418396,0.4437948763370514,0.3485547602176666,0.1196182519197464,0.999630868434906,0.4275301396846771,0.3761269450187683,0.023751085624098778,0.9998304843902588,0.42607179284095764,0.37613388895988464,0.07000027596950531,0.9995858073234558,0.4613998830318451,0.44494128227233887,-0.1324646770954132,0.9999895691871643,0.4655943512916565,0.4446318745613098,0.21937942504882812,0.9995031952857971,0.4610086977481842,0.5302634239196777,-0.2211546152830124,0.9836900234222412,0.46364912390708923,0.5483653545379639,0.2803496718406677,0.025366730988025665,0.4414960443973541,0.6154459118843079,-0.22585110366344452,0.9372990727424622,0.451793909072876,0.6273747682571411,0.2734360098838806,0.038579847663640976,0.4382193982601166,0.6373501420021057,-0.24809861183166504,0.9223194718360901,0.45204153656959534,0.6447130441665649,0.2809915542602539,0.05588570609688759,0.43523937463760376,0.6334720253944397,-0.23563344776630402,0.9146543741226196,0.4454041123390198,0.642228901386261,0.26078882813453674,0.0591999776661396,0.4360373914241791,0.6290769577026367,-0.21788665652275085,0.8818953633308411,0.4462594985961914,0.6334812045097351,0.2634676396846771,0.06214885413646698,0.4460352957248688,0.6921190619468689,-0.11298562586307526,0.9996583461761475,0.45856982469558716,0.7006176114082336,0.11272500455379486,0.9989871978759766,0.3392604887485504,0.6892720460891724,-0.09634064137935638,0.9870197772979736,0.48389142751693726,0.8841027021408081,0.09054087847471237,0.8852277398109436,0.3767693340778351,0.8803924322128296,-0.013852745294570923,0.9911712408065796,0.5887965559959412,0.8460826277732849,0.03389982506632805,0.9463294744491577,0.3971882164478302,0.9098884463310242,-0.004011012613773346,0.982843816280365,0.6101046204566956,0.8244805932044983,0.030153121799230576,0.9571952819824219,0.3345627784729004,0.9210635423660278,0.022311564534902573,0.9879787564277649,0.5935138463973999,0.9070168137550354,0.021273067221045494,0.9564415216445923
367,0.4177940785884857,0.3704453408718109,0.0578065924346447,0.9998623728752136,0.4239219129085541,0.3534491956233978,0.03532726317644119,0.99988853931427,0.4253538250923157,0.3537790775299072,0.03538864105939865,0.9999067783355713,0.4268730580806732,0.3540012836456299,0.03542144596576691,0.9999295473098755,0.42328205704689026,0.3526480197906494,0.07116325199604034,0.9998354911804199,0.42421597242355347,0.35229256749153137,0.07114758342504501,0.9997784495353699,0.42535433173179626,0.3517667055130005,0.07112164050340652,0.999818742275238,0.43887823820114136,0.3619263470172882,-0.024909276515245438,0.9999406933784485,0.43815526366233826,0.3595958650112152,0.13394561409950256,0.999664306640625,0.42277097702026367,0.38855499029159546,0.03978986293077469,0.9998393654823303,0.42141348123550415,0.3887156546115875,0.08549525588750839,0.9996111392974854,0.4583069384098053,0.4539251923561096,-0.11600083112716675,0.9999897480010986,0.46157288551330566,0.4541586637496948,0.22848093509674072,0.9995399117469788,0.46002259850502014,0.5391201376914978,-0.21077604591846466,0.9834136366844177,0.46281981468200684,0.5580925941467285,0.28572046756744385,0.02594483084976673,0.44035181403160095,0.6215964555740356,-0.2265782654285431,0.9358707070350647,0.459777295589447,0.6377838850021362,0.27949923276901245,0.03759777173399925,0.4380123019218445,0.6452885270118713,-0.2486770898103714,0.9199807643890381,0.459918349981308,0.6556987762451172,0.2863461971282959,0.05380690097808838,0.4340534806251526,0.6405603885650635,-0.2344885766506195,0.9120205044746399,0.45196038484573364,0.6501263976097107,0.2667195200920105,0.05696257948875427,0.43453460931777954,0.636067271232605,-0.21795623004436493,0.8789375424385071,0.4520311951637268,0.6458883285522461,0.2697445750236511,0.06022841855883598,0.4443695545196533,0.7004895210266113,-0.1122509017586708,0.9996886849403381,0.45720401406288147,0.708257794380188,0.11198948323726654,0.9990850687026978,0.33793309330940247,0.6887393593788147,-0.09894001483917236,0.9875012040138245,0.4844864010810852,0.8879390954971313,0.07017157971858978,0.8940006494522095,0.37785908579826355,0.8797358274459839,-0.023858362808823586,0.9877626895904541,0.5885013937950134,0.8460731506347656,0.028098568320274353,0.9511082172393799,0.39805468916893005,0.9097534418106079,-0.014528793282806873,0.9799497723579407,0.6102246046066284,0.8223312497138977,0.026345238089561462,0.9610760807991028,0.3350796401500702,0.9203988909721375,0.006242834962904453,0.9843235015869141,0.5934580564498901,0.9072529077529907,0.017762616276741028,0.9599705934524536
368,0.41332387924194336,0.377902090549469,0.0565362349152565,0.999872624874115,0.41919970512390137,0.3599199652671814,0.0341411717236042,0.9998987317085266,0.42060065269470215,0.36004480719566345,0.03419218212366104,0.9999151229858398,0.42208990454673767,0.360120564699173,0.03421551734209061,0.9999356269836426,0.41866692900657654,0.3591534197330475,0.06938141584396362,0.9998499751091003,0.41966456174850464,0.3587087392807007,0.069367915391922,0.9997981190681458,0.4208747446537018,0.3580995798110962,0.0693393126130104,0.9998353123664856,0.4346722960472107,0.3681297302246094,-0.026106322184205055,0.9999457597732544,0.4342716336250305,0.36533477902412415,0.1298661082983017,0.9996940493583679,0.4185108244419098,0.39570507407188416,0.038445550948381424,0.9998461008071899,0.41736912727355957,0.39547762274742126,0.08326107263565063,0.9996305704116821,0.45455771684646606,0.45638519525527954,-0.11416832357645035,0.9999891519546509,0.4598299562931061,0.4563922584056854,0.22662977874279022,0.9995595812797546,0.45833882689476013,0.5430455803871155,-0.16702982783317566,0.9827714562416077,0.4644048810005188,0.5791585445404053,0.27717262506484985,0.026333237066864967,0.4378856122493744,0.6235386729240417,-0.11895499378442764,0.9321289658546448,0.4608745574951172,0.633983314037323,0.27015751600265503,0.0358428992331028,0.43562817573547363,0.6463594436645508,-0.12951257824897766,0.9139825105667114,0.4554751515388489,0.6482989192008972,0.27640658617019653,0.05092822387814522,0.43282371759414673,0.6408165693283081,-0.11897525936365128,0.9057524800300598,0.4519544541835785,0.644734263420105,0.2565394341945648,0.053921084851026535,0.4331490397453308,0.6363207697868347,-0.10955427587032318,0.8728301525115967,0.4518011212348938,0.6412164568901062,0.2595570683479309,0.05736630782485008,0.4435988962650299,0.705714225769043,-0.10962847620248795,0.9997115731239319,0.45813003182411194,0.713266909122467,0.10937806218862534,0.9991695284843445,0.3403076231479645,0.6883264780044556,-0.09780515730381012,0.9872925877571106,0.48379406332969666,0.8921971917152405,0.07015548646450043,0.9013141393661499,0.37814682722091675,0.8794260621070862,-0.022592978551983833,0.9825025200843811,0.5873509645462036,0.8458679914474487,0.014714556746184826,0.9551604390144348,0.39794355630874634,0.9095439314842224,-0.013339938595890999,0.9768236875534058,0.6085261106491089,0.8205910325050354,0.011967277154326439,0.9644911289215088,0.3353264033794403,0.9199472069740295,0.011686904355883598,0.9794384837150574,0.5931951999664307,0.9075649976730347,0.009554856456816196,0.9627583026885986
369,0.4097170829772949,0.3773868680000305,0.055002033710479736,0.9998825192451477,0.4148319661617279,0.3599240481853485,0.03222920745611191,0.9999080896377563,0.41620364785194397,0.35999596118927,0.032277971506118774,0.9999228715896606,0.41766899824142456,0.3600042164325714,0.032300278544425964,0.999941349029541,0.4142819941043854,0.35927173495292664,0.06752188503742218,0.9998633861541748,0.4152580201625824,0.35885894298553467,0.06750618666410446,0.999816358089447,0.41647762060165405,0.35833969712257385,0.06748515367507935,0.9998505115509033,0.43086519837379456,0.36672213673591614,-0.02924724481999874,0.9999505281448364,0.4308054447174072,0.36426737904548645,0.12725427746772766,0.9997217059135437,0.41480952501296997,0.3957594633102417,0.036407001316547394,0.9998551607131958,0.4139084815979004,0.3956802487373352,0.0813358873128891,0.9996534585952759,0.45165762305259705,0.4537467062473297,-0.11752299219369888,0.9999892711639404,0.45869022607803345,0.45524898171424866,0.22508490085601807,0.9995836615562439,0.4580222964286804,0.5369237065315247,-0.16898514330387115,0.9827828407287598,0.46309223771095276,0.5551989674568176,0.28168755769729614,0.027264483273029327,0.43961697816848755,0.6145667433738708,-0.11719095706939697,0.931535005569458,0.46073561906814575,0.624941885471344,0.2994690537452698,0.03485703468322754,0.43611249327659607,0.6377539038658142,-0.12696720659732819,0.9121702909469604,0.4550097584724426,0.6404584050178528,0.31118476390838623,0.04905835911631584,0.4340896010398865,0.6321114301681519,-0.11709369719028473,0.9038738012313843,0.45224443078041077,0.6358779072761536,0.2939490079879761,0.05194312334060669,0.43482547998428345,0.6267213821411133,-0.10780718177556992,0.871136486530304,0.45180392265319824,0.625723659992218,0.2912917733192444,0.05564309284090996,0.44342613220214844,0.7046874761581421,-0.10952909290790558,0.9997344613075256,0.4585796296596527,0.7091098427772522,0.10929203033447266,0.9992471933364868,0.3410717844963074,0.6882661581039429,-0.09940581768751144,0.9870202541351318,0.4848450720310211,0.8886452317237854,0.06657038629055023,0.9077368974685669,0.37868642807006836,0.8791700005531311,-0.023947004228830338,0.9776038527488708,0.5879043936729431,0.8458986878395081,0.007108188234269619,0.9586015343666077,0.3979857265949249,0.9084137082099915,-0.014275570400059223,0.973728358745575,0.609392523765564,0.8223009705543518,0.004454734735190868,0.9674479961395264,0.3354947566986084,0.9199156761169434,0.012754611670970917,0.9751920104026794,0.5932901501655579,0.907539427280426,0.0051549081690609455,0.9650915265083313
370,0.40846124291419983,0.36940234899520874,0.05256623029708862,0.9998851418495178,0.41349634528160095,0.3523620069026947,0.029665732756257057,0.999914824962616,0.41491013765335083,0.3522953689098358,0.029705921187996864,0.9999281167984009,0.41640782356262207,0.3522341251373291,0.0297332052141428,0.9999449849128723,0.41284483671188354,0.3520355522632599,0.06561338901519775,0.9998721480369568,0.4138084053993225,0.3515940010547638,0.06560792028903961,0.9998282790184021,0.4149742126464844,0.3510506749153137,0.06559042632579803,0.999861478805542,0.429647833108902,0.36033758521080017,-0.03145340085029602,0.9999530911445618,0.42934972047805786,0.3583478331565857,0.12553191184997559,0.9997403621673584,0.4140881896018982,0.38919973373413086,0.03390273451805115,0.999849796295166,0.41305011510849,0.38949787616729736,0.07987581193447113,0.9996457099914551,0.44943803548812866,0.4457760751247406,-0.12060278654098511,0.9999868869781494,0.4572930335998535,0.4478168487548828,0.2194986790418625,0.9995834827423096,0.4577082097530365,0.5321121215820312,-0.1742924451828003,0.9814632534980774,0.46375077962875366,0.5431969165802002,0.2649158239364624,0.02704988606274128,0.4416724145412445,0.6081967353820801,-0.12462328374385834,0.925536036491394,0.4549744725227356,0.6158238053321838,0.25226345658302307,0.033225517719984055,0.4381633400917053,0.6263214945793152,-0.13580895960330963,0.9048851728439331,0.45452722907066345,0.6347776651382446,0.25813135504722595,0.04665147885680199,0.43471866846084595,0.6221286058425903,-0.1266581416130066,0.8964195847511292,0.45186132192611694,0.6278765201568604,0.2426183521747589,0.049438443034887314,0.4365045428276062,0.6173222661018372,-0.11582155525684357,0.8634877800941467,0.4514943063259125,0.6223599910736084,0.24374008178710938,0.05324554443359375,0.44635891914367676,0.6983588337898254,-0.10984428226947784,0.999746561050415,0.4599300026893616,0.7013993859291077,0.10961727052927017,0.9993088245391846,0.34346646070480347,0.6865039467811584,-0.09040946513414383,0.9861996173858643,0.4855721890926361,0.8806469440460205,0.0931435376405716,0.9112715721130371,0.37848997116088867,0.879048228263855,-0.021702636033296585,0.9749799370765686,0.5882247686386108,0.8457717299461365,0.013904524967074394,0.9615674018859863,0.3979816138744354,0.9078752398490906,-0.012864956632256508,0.97264164686203,0.6103211641311646,0.8230429887771606,0.011209392920136452,0.9700875878334045,0.3356754183769226,0.9197815656661987,0.010300232097506523,0.9725767970085144,0.592868447303772,0.9108985066413879,0.030320201069116592,0.9667626023292542
371,0.4077020287513733,0.36275050044059753,0.050520073622465134,0.9998842477798462,0.41217556595802307,0.34615975618362427,0.02797855995595455,0.9999198913574219,0.4133674204349518,0.34594297409057617,0.028014710173010826,0.9999324083328247,0.41465574502944946,0.3456936180591583,0.028055811300873756,0.9999477863311768,0.4119794964790344,0.3459048271179199,0.06208544969558716,0.9998775124549866,0.41299858689308167,0.3454650640487671,0.06207714229822159,0.9998360872268677,0.414198100566864,0.34492650628089905,0.06207301467657089,0.9998688101768494,0.42735400795936584,0.35242632031440735,-0.034735821187496185,0.9999552965164185,0.4271417260169983,0.3508464992046356,0.11620422452688217,0.9997576475143433,0.41320013999938965,0.38117730617523193,0.030954698100686073,0.999847948551178,0.4125851094722748,0.3811507225036621,0.07474810630083084,0.9996422529220581,0.4484248757362366,0.43544480204582214,-0.12378094345331192,0.9999876618385315,0.4557093679904938,0.4372824728488922,0.21162688732147217,0.9996026158332825,0.45861831307411194,0.518631637096405,-0.24851587414741516,0.9823299050331116,0.4663352966308594,0.5337018966674805,0.3071736693382263,0.027454392984509468,0.4440527856349945,0.5991601347923279,-0.3053189814090729,0.9303472638130188,0.45782798528671265,0.6073702573776245,0.3733450770378113,0.033998165279626846,0.44061118364334106,0.6186729669570923,-0.3310896158218384,0.9105432629585266,0.45642709732055664,0.6263110041618347,0.3930217921733856,0.04761715978384018,0.4361106753349304,0.6172370314598083,-0.3168502151966095,0.9024806618690491,0.45377224683761597,0.6200312972068787,0.3781684339046478,0.05039555951952934,0.43802744150161743,0.6108050346374512,-0.29745540022850037,0.8702150583267212,0.4533005356788635,0.6143613457679749,0.3681744635105133,0.05435921996831894,0.44732919335365295,0.6867126226425171,-0.10968375205993652,0.9997665882110596,0.46116605401039124,0.6904506087303162,0.10945285856723785,0.9993715286254883,0.34578317403793335,0.6864112615585327,-0.09351601451635361,0.9859866499900818,0.48684388399124146,0.8693462014198303,0.1063002347946167,0.9142577052116394,0.3786185383796692,0.8788021802902222,-0.02955329790711403,0.9735719561576843,0.591258704662323,0.8480160236358643,0.04427580162882805,0.9641294479370117,0.39830535650253296,0.9076064229011536,-0.019134316593408585,0.972525954246521,0.6138051748275757,0.8273056149482727,0.042008787393569946,0.9723023772239685,0.3361157774925232,0.9196524024009705,-0.004660603124648333,0.9706518650054932,0.5931223630905151,0.9113293886184692,0.04406777769327164,0.9680642485618591
372,0.4059778153896332,0.3551552891731262,0.04430577903985977,0.9998835325241089,0.4106021523475647,0.3383605182170868,0.022359773516654968,0.9999241828918457,0.4118265211582184,0.33844131231307983,0.022390004247426987,0.9999355673789978,0.41319045424461365,0.3386264145374298,0.022409316152334213,0.9999502301216125,0.4104616045951843,0.3375203311443329,0.05652422830462456,0.9998829364776611,0.4115125238895416,0.336932897567749,0.05652809143066406,0.9998429417610168,0.41276437044143677,0.3362884223461151,0.056519992649555206,0.9998759627342224,0.4258880019187927,0.3476622998714447,-0.03815988451242447,0.9999563694000244,0.4256771206855774,0.34367242455482483,0.11402426660060883,0.9997712969779968,0.4110124707221985,0.3763200640678406,0.0256088525056839,0.9998456239700317,0.4106846749782562,0.37545081973075867,0.06962472200393677,0.9996411800384521,0.4483001232147217,0.4293501675128937,-0.1264152079820633,0.9999873042106628,0.45510855317115784,0.4327733814716339,0.2088659554719925,0.9996169209480286,0.4587021768093109,0.5126197338104248,-0.23770442605018616,0.9816765785217285,0.4674223065376282,0.5262289643287659,0.28394126892089844,0.027320953086018562,0.4450490474700928,0.5938735008239746,-0.2637033462524414,0.9286559820175171,0.45821577310562134,0.6041913628578186,0.314317524433136,0.03293396905064583,0.4418707489967346,0.6145772933959961,-0.2883520722389221,0.9088337421417236,0.45813268423080444,0.6237016916275024,0.32692140340805054,0.04616602510213852,0.436942994594574,0.6122491359710693,-0.2745162546634674,0.9005308747291565,0.4549674391746521,0.6187093257904053,0.3126987814903259,0.048863485455513,0.439223051071167,0.6060623526573181,-0.2556655704975128,0.8665727376937866,0.45410260558128357,0.6105489730834961,0.30906450748443604,0.05287712439894676,0.44884419441223145,0.6859552264213562,-0.10972382128238678,0.9997766017913818,0.4623473584651947,0.6882908940315247,0.10949261486530304,0.9994179606437683,0.34658151865005493,0.6850243210792542,-0.09918802976608276,0.9863488674163818,0.4870796799659729,0.8567535281181335,0.11339648067951202,0.9162933230400085,0.3779224455356598,0.87762451171875,-0.041366979479789734,0.9745104908943176,0.5949879288673401,0.8491703271865845,0.08087748289108276,0.9659639000892639,0.39705678820610046,0.9055017232894897,-0.03235059231519699,0.9732081294059753,0.6217244863510132,0.8302465081214905,0.08048044145107269,0.973932683467865,0.33577266335487366,0.9193201065063477,-0.023189356550574303,0.970883846282959,0.5933817625045776,0.9113162755966187,0.07410647720098495,0.9681440591812134
373,0.40562543272972107,0.3406032919883728,0.04806078225374222,0.9998712539672852,0.40997400879859924,0.3210816979408264,0.02603272534906864,0.9999250769615173,0.41118717193603516,0.32094570994377136,0.026059791445732117,0.9999350905418396,0.41248026490211487,0.32070478796958923,0.026071539148688316,0.9999502301216125,0.4099474847316742,0.320995032787323,0.05919821187853813,0.999883770942688,0.41110333800315857,0.32074013352394104,0.059212345629930496,0.9998433589935303,0.4124630093574524,0.3202023506164551,0.059210918843746185,0.9998794794082642,0.425443559885025,0.32421785593032837,-0.03672175854444504,0.9999539852142334,0.4262527823448181,0.32164350152015686,0.11343716084957123,0.9997797608375549,0.4113510251045227,0.3579349219799042,0.028427865356206894,0.9998277425765991,0.41086363792419434,0.35768669843673706,0.07116179168224335,0.9996179342269897,0.44676485657691956,0.40966352820396423,-0.12398363649845123,0.9999846816062927,0.4574085772037506,0.4087617099285126,0.2003123015165329,0.9996302127838135,0.456820547580719,0.49099990725517273,-0.21670933067798615,0.9746206998825073,0.4688754081726074,0.4890030026435852,0.28305962681770325,0.02810433693230152,0.44567933678627014,0.5657686591148376,-0.21122193336486816,0.910531222820282,0.47229498624801636,0.564686119556427,0.32529962062835693,0.03214563801884651,0.44283413887023926,0.5873238444328308,-0.22649326920509338,0.8931044936180115,0.4659554362297058,0.5798883438110352,0.34088486433029175,0.04513203352689743,0.437610000371933,0.5873363018035889,-0.2146821916103363,0.8838669061660767,0.4693365693092346,0.5750819444656372,0.3261071443557739,0.04780987277626991,0.4400368332862854,0.5757510662078857,-0.20332947373390198,0.8463932871818542,0.4617100656032562,0.5764579176902771,0.31945428252220154,0.05188283324241638,0.4500068128108978,0.65956050157547,-0.10869164764881134,0.9997857213020325,0.46490320563316345,0.6585289239883423,0.10844969749450684,0.9994620084762573,0.34705668687820435,0.6830814480781555,-0.10273567587137222,0.9866610169410706,0.48969775438308716,0.8262457847595215,0.10708771646022797,0.9167808890342712,0.378581166267395,0.8773471117019653,-0.052950404584407806,0.9758580923080444,0.5998507738113403,0.8489257097244263,0.0693143904209137,0.967015266418457,0.3971574306488037,0.9050041437149048,-0.04484052583575249,0.9740126729011536,0.6278902292251587,0.8364500999450684,0.06776605546474457,0.9745304584503174,0.33618098497390747,0.9188578128814697,-0.039436884224414825,0.9719204902648926,0.591874361038208,0.9127088785171509,0.060287319123744965,0.9670234322547913
374,0.4041218161582947,0.3172885775566101,0.04695887118577957,0.999871551990509,0.4080192446708679,0.2971680462360382,0.02470109611749649,0.99992835521698,0.4093068540096283,0.2968304455280304,0.024717707186937332,0.9999375343322754,0.41071420907974243,0.29648256301879883,0.02472544088959694,0.9999521970748901,0.4079630970954895,0.29741862416267395,0.055953074246644974,0.9998887777328491,0.4091309905052185,0.2971639037132263,0.055963050574064255,0.9998500347137451,0.4105258584022522,0.29669585824012756,0.05598217993974686,0.9998859167098999,0.42441993951797485,0.29987508058547974,-0.039688389748334885,0.9999545216560364,0.4250415861606598,0.29815027117729187,0.10154177248477936,0.9997934699058533,0.4104622006416321,0.33570194244384766,0.026722177863121033,0.9998261332511902,0.40977486968040466,0.335687518119812,0.06739058345556259,0.9996244311332703,0.4455554485321045,0.37938520312309265,-0.1245669350028038,0.9999833106994629,0.4592262804508209,0.38361692428588867,0.18760967254638672,0.9996437430381775,0.4550629258155823,0.4569052457809448,-0.2156343013048172,0.9717523455619812,0.47832074761390686,0.4589405357837677,0.2986908257007599,0.02919994853436947,0.4455415606498718,0.5374342203140259,-0.20332543551921844,0.9055255651473999,0.4775652289390564,0.5257706046104431,0.39898568391799927,0.0321519561111927,0.4434276223182678,0.5572868585586548,-0.21800179779529572,0.8889809250831604,0.47563862800598145,0.5402827262878418,0.42445093393325806,0.04553255811333656,0.4377596974372864,0.5566049218177795,-0.20585879683494568,0.8792837262153625,0.4734190106391907,0.5356552004814148,0.4099692702293396,0.04825979098677635,0.4406623840332031,0.5487999320030212,-0.1956021934747696,0.8391392827033997,0.47069621086120605,0.5319299697875977,0.3949205279350281,0.05246084928512573,0.4507737159729004,0.6304478049278259,-0.10350058972835541,0.9997860789299011,0.4691324234008789,0.6299721002578735,0.10332467406988144,0.9994977116584778,0.34925252199172974,0.6821402907371521,-0.08635220676660538,0.9873056411743164,0.4975280165672302,0.7991607785224915,0.08791755139827728,0.920168936252594,0.3795931339263916,0.8769955039024353,-0.03518731892108917,0.977534830570221,0.6048222780227661,0.8472446203231812,0.04772176966071129,0.9684287905693054,0.3978491425514221,0.90464186668396,-0.026824960485100746,0.9754136204719543,0.6340559124946594,0.8386533856391907,0.04492887854576111,0.9750609397888184,0.3370184898376465,0.9175788164138794,-0.0246644988656044,0.9735655784606934,0.5909101366996765,0.9122930765151978,0.03296038135886192,0.9668362140655518
375,0.40214747190475464,0.2916068732738495,0.052303411066532135,0.9998779892921448,0.4057394564151764,0.2727004587650299,0.029140615835785866,0.9999335408210754,0.40715235471725464,0.2718135118484497,0.029169732704758644,0.9999415278434753,0.40869712829589844,0.27086567878723145,0.029183337464928627,0.9999555349349976,0.40565982460975647,0.27326610684394836,0.0605878047645092,0.9998971223831177,0.406930536031723,0.2727090120315552,0.06059719994664192,0.9998606443405151,0.40844789147377014,0.2718823552131653,0.06062965840101242,0.9998950362205505,0.42280489206314087,0.2728670835494995,-0.03767422214150429,0.9999566674232483,0.42329493165016174,0.2719241976737976,0.10500077903270721,0.9998101592063904,0.40964823961257935,0.3087154030799866,0.031694844365119934,0.9998341798782349,0.40894412994384766,0.3091760277748108,0.07216586917638779,0.9996467232704163,0.443462073802948,0.347560852766037,-0.12030694633722305,0.9999808073043823,0.4617239534854889,0.3583675026893616,0.1910189986228943,0.9996658563613892,0.45650917291641235,0.4420042335987091,-0.20850913226604462,0.9631275534629822,0.4892815947532654,0.4337005913257599,0.3247115910053253,0.031774770468473434,0.4441533088684082,0.5101995468139648,-0.18696005642414093,0.8852412104606628,0.48705974221229553,0.4928990602493286,0.45522212982177734,0.03228599205613136,0.44319644570350647,0.5269160270690918,-0.1970517933368683,0.8730891942977905,0.48173776268959045,0.4982864260673523,0.48502978682518005,0.045859888195991516,0.43797358870506287,0.5251212120056152,-0.18621918559074402,0.8620966076850891,0.4828817844390869,0.5030122399330139,0.47187381982803345,0.04881604015827179,0.4410964846611023,0.5159525275230408,-0.1795036941766739,0.8177589178085327,0.48096245527267456,0.4986473023891449,0.4522585868835449,0.05330534651875496,0.4554787576198578,0.6038450598716736,-0.10365612804889679,0.9997812509536743,0.4735867977142334,0.6028285026550293,0.1034841388463974,0.9995232224464417,0.3573352098464966,0.6797293424606323,-0.08962936699390411,0.98719722032547,0.5056036710739136,0.7716895937919617,0.07705750316381454,0.9213331937789917,0.38019996881484985,0.8758589625358582,-0.04783126339316368,0.97903972864151,0.6062532067298889,0.8459060788154602,0.03892501816153526,0.9695472121238708,0.3978026509284973,0.904631495475769,-0.04186796396970749,0.9763494729995728,0.6340635418891907,0.8421603441238403,0.035878986120224,0.9751754999160767,0.3373100459575653,0.9150283932685852,-0.05456056445837021,0.9752441644668579,0.5896372199058533,0.9118942022323608,0.018887309357523918,0.96669602394104
376,0.40128788352012634,0.2627437710762024,0.04935403913259506,0.9998883008956909,0.40523219108581543,0.24366267025470734,0.02540791593492031,0.9999393820762634,0.4066019058227539,0.24267838895320892,0.025416117161512375,0.9999463558197021,0.4080856740474701,0.24164792895317078,0.025411497801542282,0.9999593496322632,0.40526890754699707,0.24370485544204712,0.05676703527569771,0.9999064207077026,0.40657028555870056,0.24270594120025635,0.056800007820129395,0.9998730421066284,0.40807777643203735,0.24155782163143158,0.05685288459062576,0.9999046921730042,0.4215579628944397,0.2439606487751007,-0.0404122918844223,0.9999600052833557,0.42186927795410156,0.24280759692192078,0.10283945500850677,0.9998273849487305,0.40820425748825073,0.27773845195770264,0.029262101277709007,0.9998472332954407,0.40757694840431213,0.2780679166316986,0.06964549422264099,0.9996763467788696,0.44071683287620544,0.3171379566192627,-0.12156279385089874,0.9999805688858032,0.46218767762184143,0.32927218079566956,0.1900472640991211,0.999692440032959,0.4518962800502777,0.40447014570236206,-0.17700619995594025,0.9585658311843872,0.49476438760757446,0.4088285267353058,0.2991374433040619,0.03829503431916237,0.44355839490890503,0.48672905564308167,-0.10127190500497818,0.8607545495033264,0.4833196699619293,0.4702383279800415,0.3822466731071472,0.03419883921742439,0.44343361258506775,0.5014201402664185,-0.108151875436306,0.8490287065505981,0.4814426898956299,0.48064476251602173,0.3977111876010895,0.04784808307886124,0.4381260871887207,0.5006035566329956,-0.09895503520965576,0.8363919854164124,0.4787825047969818,0.48137566447257996,0.38152867555618286,0.051166094839572906,0.4415307641029358,0.49547624588012695,-0.09326831251382828,0.7895805239677429,0.4770921766757965,0.47829657793045044,0.3760152757167816,0.056016020476818085,0.4586666524410248,0.5742734670639038,-0.10435371100902557,0.9997835755348206,0.4756696820259094,0.5729458332061768,0.10417290031909943,0.9995505809783936,0.37012797594070435,0.6785287261009216,-0.0898575633764267,0.9875673055648804,0.5080385208129883,0.7417518496513367,0.07735180854797363,0.9228622913360596,0.38106292486190796,0.8759517073631287,-0.06092355400323868,0.9807001948356628,0.6062363386154175,0.8436939716339111,0.03640118986368179,0.971034586429596,0.39791592955589294,0.9055714011192322,-0.05728942155838013,0.977215588092804,0.6325198411941528,0.8428567051887512,0.03234582394361496,0.9757234454154968,0.33719128370285034,0.914871871471405,-0.07660383731126785,0.9770845174789429,0.5873633027076721,0.9104774594306946,0.01732804998755455,0.9676178693771362
377,0.4010421335697174,0.23871266841888428,0.04097524285316467,0.9998977780342102,0.404752254486084,0.21990801393985748,0.017073675990104675,0.9999445676803589,0.405926376581192,0.2192140519618988,0.017059393227100372,0.9999505877494812,0.4072398245334625,0.2183731645345688,0.017039837315678596,0.9999626874923706,0.40496116876602173,0.21953311562538147,0.050262562930583954,0.9999147057533264,0.4061680734157562,0.2186221182346344,0.05030272528529167,0.9998840689659119,0.4075826108455658,0.21748784184455872,0.05034550279378891,0.9999132752418518,0.42015552520751953,0.22015365958213806,-0.04691150039434433,0.9999629259109497,0.4206024706363678,0.21908484399318695,0.10147452354431152,0.99984210729599,0.40716665983200073,0.2543328106403351,0.021438635885715485,0.9998595118522644,0.4068361222743988,0.2536851167678833,0.06406398117542267,0.9997035264968872,0.4377344250679016,0.29150107502937317,-0.13015908002853394,0.9999803304672241,0.46236953139305115,0.30087363719940186,0.19085004925727844,0.9997161030769348,0.4510613977909088,0.38287353515625,-0.16919556260108948,0.9550154209136963,0.4972366392612457,0.3910222351551056,0.24865415692329407,0.0458342581987381,0.4431992173194885,0.46421319246292114,-0.06155923753976822,0.8411731719970703,0.4808858036994934,0.4499422609806061,0.24779625236988068,0.03755674511194229,0.44308727979660034,0.48263442516326904,-0.06719595193862915,0.8278933763504028,0.4792374074459076,0.4612930417060852,0.25778740644454956,0.05161800608038902,0.4386069178581238,0.4826909303665161,-0.05926031619310379,0.8141598105430603,0.47683581709861755,0.45983999967575073,0.23967456817626953,0.05530823394656181,0.44183459877967834,0.4750627279281616,-0.053368501365184784,0.766326367855072,0.4746766686439514,0.45548325777053833,0.23816438019275665,0.060621097683906555,0.4601019322872162,0.5512591600418091,-0.10631479322910309,0.9997889399528503,0.47498631477355957,0.5482537746429443,0.10613759607076645,0.9995773434638977,0.37859782576560974,0.6794091463088989,-0.08949417620897293,0.9880276322364807,0.5069516897201538,0.7198307514190674,0.07923716306686401,0.9237831830978394,0.3819415271282196,0.875947892665863,-0.05764616280794144,0.9823479652404785,0.6027182936668396,0.8334515690803528,0.05286934971809387,0.9727990627288818,0.39823782444000244,0.9071769118309021,-0.05057684704661369,0.9784721732139587,0.6308025121688843,0.8403205871582031,0.04878288134932518,0.9767146706581116,0.3371163308620453,0.9144827127456665,-0.06379522383213043,0.9789261817932129,0.5864490270614624,0.9096095561981201,0.030056696385145187,0.9689273834228516
378,0.39965325593948364,0.21962371468544006,0.03216760605573654,0.9999040961265564,0.4028487205505371,0.19970855116844177,0.008323105052113533,0.9999480843544006,0.40406912565231323,0.1992322951555252,0.00830476451665163,0.9999526739120483,0.40544047951698303,0.1986733078956604,0.008283497765660286,0.999964714050293,0.403027206659317,0.19949878752231598,0.04456975311040878,0.999920666217804,0.4042287766933441,0.19883987307548523,0.04460570216178894,0.999891459941864,0.405630499124527,0.19796165823936462,0.04463820904493332,0.9999196529388428,0.418512761592865,0.19944235682487488,-0.05602350831031799,0.9999641180038452,0.4189601540565491,0.19789573550224304,0.10300985723733902,0.9998509287834167,0.40561604499816895,0.23480942845344543,0.012119757942855358,0.9998682737350464,0.4053284227848053,0.23441149294376373,0.05878310650587082,0.9997225403785706,0.4368540346622467,0.27172255516052246,-0.14417916536331177,0.9999784231185913,0.4625225067138672,0.2816433310508728,0.1913023293018341,0.9997293949127197,0.45778781175613403,0.3794722259044647,-0.18411800265312195,0.9505798816680908,0.49708884954452515,0.36927497386932373,0.2421644628047943,0.04689786583185196,0.4431719183921814,0.44322726130485535,-0.09598305821418762,0.8252796530723572,0.4783340394496918,0.43542101979255676,0.21501176059246063,0.0382261648774147,0.4432499408721924,0.4622291624546051,-0.10669133812189102,0.8100902438163757,0.4747954308986664,0.4478594958782196,0.22270305454730988,0.05254364758729935,0.4388490617275238,0.46135905385017395,-0.09668063372373581,0.7954117655754089,0.47103628516197205,0.445822149515152,0.20051053166389465,0.05647538974881172,0.4418986439704895,0.45584359765052795,-0.0878228098154068,0.7462137937545776,0.47117742896080017,0.4419930875301361,0.20265498757362366,0.06228448823094368,0.4610653519630432,0.5301644206047058,-0.1143636479973793,0.9997738003730774,0.47455573081970215,0.5254876017570496,0.11418817937374115,0.9995651841163635,0.3906686007976532,0.67946457862854,-0.10169310867786407,0.9869601726531982,0.5060797929763794,0.6992464065551758,0.0835890918970108,0.9180009365081787,0.3842211067676544,0.8787291646003723,-0.07357338815927505,0.983612060546875,0.5962272882461548,0.8235374689102173,0.0626165047287941,0.9735081195831299,0.39844638109207153,0.9113207459449768,-0.07140699028968811,0.9792104959487915,0.6233534216880798,0.8259751200675964,0.058798354119062424,0.9770789742469788,0.33654797077178955,0.9142504930496216,-0.10614937543869019,0.9803025722503662,0.5839895009994507,0.9047767519950867,0.03382785990834236,0.9691290259361267
379,0.39966243505477905,0.1980922967195511,0.02913164533674717,0.9999037384986877,0.40308284759521484,0.18012860417366028,0.005734805017709732,0.9999465942382812,0.40433913469314575,0.17968082427978516,0.005706469528377056,0.9999490976333618,0.4056960940361023,0.17914912104606628,0.005688706878572702,0.9999630451202393,0.4031433165073395,0.18000130355358124,0.04221662878990173,0.9999203681945801,0.4043607711791992,0.17934896051883698,0.0422494150698185,0.9998896718025208,0.40572309494018555,0.1785239577293396,0.04226289317011833,0.9999198317527771,0.4185768663883209,0.18011586368083954,-0.058453939855098724,0.9999611377716064,0.4187891483306885,0.17938312888145447,0.10281483829021454,0.9998462796211243,0.4057852327823639,0.2119983732700348,0.009046873077750206,0.9998688697814941,0.40527820587158203,0.21192185580730438,0.0561462938785553,0.9997224807739258,0.4347132742404938,0.2498256415128708,-0.1529342234134674,0.9999780058860779,0.4628247618675232,0.2659676671028137,0.1916651427745819,0.999727725982666,0.4533912241458893,0.33717063069343567,-0.1965552419424057,0.9488977789878845,0.4990571141242981,0.3480575680732727,0.24332495033740997,0.04737154394388199,0.4430299699306488,0.4278307259082794,-0.1215159147977829,0.8167689442634583,0.4762704372406006,0.4188397228717804,0.21334150433540344,0.03835331276059151,0.4433852732181549,0.44743528962135315,-0.1361287534236908,0.800226628780365,0.47222018241882324,0.4314486086368561,0.22054176032543182,0.05292310193181038,0.44007378816604614,0.4468897879123688,-0.12646348774433136,0.7847274541854858,0.4677298665046692,0.4290562868118286,0.19616875052452087,0.057004742324352264,0.4421214163303375,0.4409874379634857,-0.11413592100143433,0.7338922619819641,0.4685899317264557,0.4256207346916199,0.19983074069023132,0.0632227435708046,0.46298637986183167,0.5129459500312805,-0.11880306899547577,0.9997442364692688,0.4754350781440735,0.5079923272132874,0.11863963305950165,0.9994677305221558,0.40358734130859375,0.68333500623703,-0.11651687324047089,0.9855913519859314,0.5050276517868042,0.6847288608551025,0.11370193958282471,0.9031518697738647,0.3859712779521942,0.8805978298187256,-0.09869641810655594,0.9847400188446045,0.5884491205215454,0.8135038614273071,0.12369916588068008,0.9714732766151428,0.3987184464931488,0.9153994917869568,-0.09882505238056183,0.9796954393386841,0.6151173114776611,0.817832350730896,0.12305561453104019,0.9753355979919434,0.336185097694397,0.9142343997955322,-0.14681288599967957,0.9814527630805969,0.5712315440177917,0.8925328850746155,0.1007656455039978,0.9667487144470215
380,0.40065401792526245,0.18334273993968964,0.021948659792542458,0.9999029040336609,0.4044853746891022,0.16648386418819427,-0.0012563327327370644,0.9999418258666992,0.40576082468032837,0.1658385694026947,-0.0013111112639307976,0.9999423027038574,0.4071503281593323,0.16518521308898926,-0.0013361008604988456,0.9999590516090393,0.4046967625617981,0.1662236452102661,0.03541392832994461,0.9999172687530518,0.4059559404850006,0.16529497504234314,0.03545801714062691,0.9998854398727417,0.40732067823410034,0.16432543098926544,0.03546252101659775,0.9999178647994995,0.42004290223121643,0.1682737022638321,-0.06608965247869492,0.9999551177024841,0.42037320137023926,0.16714124381542206,0.09672395139932632,0.9998353719711304,0.4069543778896332,0.19924715161323547,0.001253530033864081,0.9998675584793091,0.40663236379623413,0.19863006472587585,0.04867131635546684,0.999721348285675,0.43544086813926697,0.23695454001426697,-0.16359791159629822,0.9999772310256958,0.4638102054595947,0.2522750794887543,0.1915530264377594,0.9997219443321228,0.44972166419029236,0.3221934139728546,-0.1950405091047287,0.9492723345756531,0.5034564733505249,0.3352689743041992,0.22617098689079285,0.04986873269081116,0.443225234746933,0.41699111461639404,-0.09008444845676422,0.8109050393104553,0.4761655330657959,0.4103832244873047,0.18134775757789612,0.03960675001144409,0.44404396414756775,0.43721500039100647,-0.10410020500421524,0.7908977270126343,0.4723288118839264,0.4263705015182495,0.1869528740644455,0.05428551882505417,0.4419688284397125,0.4366093575954437,-0.09546971321105957,0.7747631669044495,0.4676361680030823,0.42346063256263733,0.16135497391223907,0.05847356840968132,0.4431106150150299,0.43097424507141113,-0.08287518471479416,0.7231014966964722,0.46856385469436646,0.41921213269233704,0.16699877381324768,0.0650477334856987,0.4639529585838318,0.5018943548202515,-0.11876466125249863,0.9996607899665833,0.47669118642807007,0.49779951572418213,0.11861000210046768,0.9991766810417175,0.4149354100227356,0.6853145360946655,-0.11200742423534393,0.9817004799842834,0.502756655216217,0.6739454865455627,0.13534195721149445,0.8689566850662231,0.3885013461112976,0.8812246322631836,-0.09116573631763458,0.9855405688285828,0.5797258615493774,0.813197910785675,0.1617807298898697,0.96303790807724,0.399137407541275,0.9163720607757568,-0.09161130338907242,0.9801230430603027,0.6015869975090027,0.8188971877098083,0.16225144267082214,0.9696553349494934,0.3355558514595032,0.9109529256820679,-0.1449817568063736,0.9822506308555603,0.5523111820220947,0.889707088470459,0.13764390349388123,0.9596673846244812
381,0.40122145414352417,0.17866502702236176,0.025574877858161926,0.9999064207077026,0.40470772981643677,0.16065755486488342,0.0025098943151533604,0.9999408721923828,0.4058881402015686,0.15998892486095428,0.002521130722016096,0.9999399781227112,0.4072583317756653,0.15938211977481842,0.002521184738725424,0.999957799911499,0.40480852127075195,0.16077512502670288,0.038592379540205,0.9999192357063293,0.40622568130493164,0.1600351333618164,0.03861230984330177,0.9998881220817566,0.4076871871948242,0.15919305384159088,0.03862963244318962,0.9999200701713562,0.42083850502967834,0.16274374723434448,-0.061996836215257645,0.999953031539917,0.42118555307388306,0.16135939955711365,0.09860196709632874,0.9998366236686707,0.4075382351875305,0.19534754753112793,0.0055729905143380165,0.9998708367347717,0.4074634611606598,0.19558775424957275,0.052015818655490875,0.999730110168457,0.43635043501853943,0.22660405933856964,-0.15397819876670837,0.9999770522117615,0.4653053283691406,0.2454201579093933,0.19298364222049713,0.9997264742851257,0.449558824300766,0.30925828218460083,-0.1810539811849594,0.9506855607032776,0.5058603882789612,0.3327602446079254,0.2182275950908661,0.05498989671468735,0.4433174729347229,0.40961846709251404,-0.08253885805606842,0.8076610565185547,0.47658267617225647,0.40646564960479736,0.16312101483345032,0.0434810072183609,0.4440147876739502,0.43289604783058167,-0.09710879623889923,0.7834179997444153,0.4724082946777344,0.42608845233917236,0.1675691306591034,0.05852926895022392,0.44200652837753296,0.43346676230430603,-0.08821998536586761,0.7666299939155579,0.46763157844543457,0.42438414692878723,0.14203837513923645,0.06282245367765427,0.44323116540908813,0.4262099266052246,-0.07522798329591751,0.7147654891014099,0.46849188208580017,0.4189637005329132,0.14900878071784973,0.06969290226697922,0.4652498662471771,0.48605799674987793,-0.11851660907268524,0.9996333122253418,0.4778577387332916,0.48322513699531555,0.1183098554611206,0.9990622997283936,0.4272194802761078,0.6823009252548218,-0.1276860535144806,0.9758585095405579,0.49965959787368774,0.6634461879730225,0.13768887519836426,0.827400803565979,0.3909464478492737,0.8814299702644348,-0.1388004720211029,0.9855843186378479,0.5698388814926147,0.8166618943214417,0.1570325344800949,0.9478660225868225,0.4007929861545563,0.9179946780204773,-0.14262498915195465,0.9800862669944763,0.5915452241897583,0.8328274488449097,0.1567089706659317,0.9592617750167847,0.33565306663513184,0.8993636965751648,-0.20218324661254883,0.9822410345077515,0.5356801152229309,0.883956253528595,0.12992845475673676,0.9471614956855774
382,0.40818244218826294,0.17964784801006317,0.026535725221037865,0.9999129176139832,0.41213101148605347,0.15905499458312988,0.004017709754407406,0.9999432563781738,0.4133829176425934,0.15829922258853912,0.003980700392276049,0.9999414682388306,0.4146347939968109,0.15750004351139069,0.00396557804197073,0.9999589920043945,0.411853551864624,0.15911848843097687,0.039167989045381546,0.9999241828918457,0.4130341410636902,0.15830250084400177,0.039200980216264725,0.999894917011261,0.41417139768600464,0.15734487771987915,0.039206597954034805,0.9999251365661621,0.4265177249908447,0.16013388335704803,-0.05858529731631279,0.9999545216560364,0.4268737733364105,0.15917512774467468,0.09768909960985184,0.9998459219932556,0.41378316283226013,0.1935017853975296,0.0070972079411149025,0.9998792409896851,0.4134547710418701,0.19382451474666595,0.05218195170164108,0.9997496604919434,0.43745335936546326,0.22435684502124786,-0.15146705508232117,0.9999774694442749,0.47258129715919495,0.2478581964969635,0.19287216663360596,0.9997347593307495,0.4500630795955658,0.3201713263988495,-0.16921719908714294,0.9535449147224426,0.5122445821762085,0.33520016074180603,0.19993644952774048,0.06006777659058571,0.44180694222450256,0.41598832607269287,-0.05718813091516495,0.8150129914283752,0.4761846959590912,0.41008415818214417,0.12208788096904755,0.04887738078832626,0.4414224624633789,0.44024989008903503,-0.07245312631130219,0.78681880235672,0.4712367653846741,0.4271398186683655,0.12246483564376831,0.06395139545202255,0.4400750994682312,0.43734338879585266,-0.0627506822347641,0.7699531316757202,0.46605008840560913,0.42423146963119507,0.0967346578836441,0.06823349744081497,0.4416607916355133,0.4299609661102295,-0.04913559928536415,0.7183012366294861,0.4669218063354492,0.41933318972587585,0.10712915658950806,0.0756462886929512,0.4654136598110199,0.4879801571369171,-0.11511353403329849,0.9995883703231812,0.48000580072402954,0.4847135841846466,0.1150045394897461,0.9989613890647888,0.4339240491390228,0.6822980046272278,-0.11842063814401627,0.9656665921211243,0.49851998686790466,0.6650266647338867,0.12969744205474854,0.7822739481925964,0.39563828706741333,0.8818068504333496,-0.10474689304828644,0.984092652797699,0.5588447451591492,0.8186410665512085,0.15379728376865387,0.9296854734420776,0.40397173166275024,0.9180285334587097,-0.10555863380432129,0.9786984920501709,0.5775761604309082,0.8544768691062927,0.1539512574672699,0.9486533999443054,0.33785951137542725,0.8908535242080688,-0.16282068192958832,0.9805082082748413,0.5212692022323608,0.8827986121177673,0.1197303980588913,0.9315724968910217
383,0.4159274995326996,0.1814192235469818,0.028587650507688522,0.9999157786369324,0.4201734662055969,0.16064581274986267,0.0064292000606656075,0.9999415278434753,0.4212380051612854,0.15993860363960266,0.0063375504687428474,0.9999383091926575,0.42231130599975586,0.15919287502765656,0.006302616558969021,0.9999573826789856,0.4200548529624939,0.16075453162193298,0.04001608118414879,0.9999251961708069,0.421170711517334,0.15994569659233093,0.04006170108914375,0.9998962879180908,0.42239370942115784,0.15898951888084412,0.04004831984639168,0.9999264478683472,0.4331631064414978,0.16302184760570526,-0.05558047443628311,0.9999525547027588,0.43487757444381714,0.1625041365623474,0.09863369166851044,0.9998462796211243,0.4205540716648102,0.19468000531196594,0.009061181917786598,0.9998815059661865,0.42047005891799927,0.19519509375095367,0.05254151672124863,0.999758243560791,0.4376569390296936,0.22643648087978363,-0.14942865073680878,0.9999776482582092,0.47784358263015747,0.24958014488220215,0.19328996539115906,0.9997230172157288,0.4504167437553406,0.3178623914718628,-0.16430199146270752,0.9564364552497864,0.5199068784713745,0.3376755714416504,0.2227979153394699,0.0629316046833992,0.44160017371177673,0.41671866178512573,-0.0593116469681263,0.8236573934555054,0.47656479477882385,0.40376007556915283,0.1815076768398285,0.05262092128396034,0.4409147799015045,0.44099920988082886,-0.0757865309715271,0.7926201820373535,0.47123274207115173,0.41961801052093506,0.18625816702842712,0.06763578951358795,0.43956416845321655,0.4378569722175598,-0.0664629191160202,0.7757526636123657,0.46603989601135254,0.4166029989719391,0.15968038141727448,0.07186997681856155,0.4410553574562073,0.43019214272499084,-0.05157815292477608,0.7245008945465088,0.4668756425380707,0.4120514690876007,0.16742625832557678,0.07959173619747162,0.46501579880714417,0.489965558052063,-0.11473625898361206,0.9995542168617249,0.4799750745296478,0.4896143078804016,0.1146927922964096,0.9988152384757996,0.43617743253707886,0.6843640804290771,-0.11592606455087662,0.9584090709686279,0.49620670080184937,0.6687630414962769,0.143356591463089,0.7362340688705444,0.3976094126701355,0.8824559450149536,-0.10974307358264923,0.9826062917709351,0.5500530004501343,0.8322880268096924,0.17967678606510162,0.9073919057846069,0.405193030834198,0.9180842638015747,-0.11246504634618759,0.9773420095443726,0.5670318007469177,0.8695801496505737,0.18077614903450012,0.9358246326446533,0.33855360746383667,0.8871995806694031,-0.17804184556007385,0.978644847869873,0.5106607675552368,0.8813918232917786,0.1454763114452362,0.9141229391098022
384,0.42218250036239624,0.18208518624305725,0.030833203345537186,0.9999163150787354,0.42652708292007446,0.16208600997924805,0.00821036845445633,0.9999372959136963,0.42754167318344116,0.1613081991672516,0.008092784322798252,0.9999324679374695,0.4285709261894226,0.1604481190443039,0.008055399172008038,0.9999538064002991,0.4267205595970154,0.16195248067378998,0.04039904475212097,0.9999235272407532,0.42795950174331665,0.1609768271446228,0.04045112431049347,0.9998939633369446,0.4293118119239807,0.1598796397447586,0.040414273738861084,0.9999248385429382,0.43930888175964355,0.16419370472431183,-0.05519699305295944,0.9999485611915588,0.441771924495697,0.16373449563980103,0.09753791987895966,0.9998423457145691,0.42669907212257385,0.19429253041744232,0.01083819754421711,0.9998810291290283,0.4268013834953308,0.19477486610412598,0.05298476293683052,0.9997619390487671,0.4415472149848938,0.22742019593715668,-0.1482120156288147,0.999978244304657,0.48288077116012573,0.25194165110588074,0.19284121692180634,0.9997109770774841,0.4529759883880615,0.3185026943683624,-0.1672351062297821,0.959502100944519,0.5223504304885864,0.3417365252971649,0.23039186000823975,0.065790094435215,0.4417744576931,0.4163168668746948,-0.07204227894544601,0.8344330787658691,0.47708025574684143,0.4068233370780945,0.20247988402843475,0.05710068717598915,0.44109463691711426,0.441026508808136,-0.09044662117958069,0.8019258975982666,0.4714251458644867,0.42352986335754395,0.2089286744594574,0.07211507856845856,0.43962112069129944,0.4390157163143158,-0.08160862326622009,0.7854763269424438,0.46605801582336426,0.42053934931755066,0.18185046315193176,0.07637719810009003,0.44094759225845337,0.4312090277671814,-0.06477750837802887,0.7353182435035706,0.46696218848228455,0.4156828224658966,0.18898369371891022,0.0844193771481514,0.46514153480529785,0.4916864037513733,-0.11335611343383789,0.9995284676551819,0.48031696677207947,0.49306073784828186,0.1133546456694603,0.9987006187438965,0.4373348355293274,0.6868428587913513,-0.11041144281625748,0.9518957734107971,0.49361905455589294,0.6761667132377625,0.14665408432483673,0.6928773522377014,0.39735788106918335,0.8843722939491272,-0.09983257949352264,0.9808120131492615,0.5431990623474121,0.843180775642395,0.18921175599098206,0.8845822811126709,0.40500354766845703,0.9188445210456848,-0.10121525824069977,0.9759960770606995,0.5594808459281921,0.8797083497047424,0.19101473689079285,0.9229629039764404,0.3388260006904602,0.8891388177871704,-0.1628570258617401,0.9762879610061646,0.5051881074905396,0.8813657164573669,0.1551334112882614,0.8965355753898621
385,0.42720818519592285,0.1825573593378067,0.02962091937661171,0.9999194741249084,0.431727796792984,0.16471624374389648,0.006890822201967239,0.9999369978904724,0.43266305327415466,0.16404293477535248,0.006801065988838673,0.9999315142631531,0.4336785674095154,0.16333676874637604,0.0067744506523013115,0.9999532699584961,0.4323437809944153,0.16464965045452118,0.039381857961416245,0.9999252557754517,0.43379276990890503,0.1638580858707428,0.03942284360527992,0.9998965859413147,0.4353865087032318,0.1630079746246338,0.0393979549407959,0.9999265074729919,0.4449022710323334,0.16829334199428558,-0.05649784952402115,0.9999480247497559,0.4480407238006592,0.16798566281795502,0.09035275876522064,0.9998458623886108,0.43129244446754456,0.19505350291728973,0.00968982558697462,0.9998852610588074,0.43189939856529236,0.19545872509479523,0.05179310962557793,0.9997726082801819,0.4469727873802185,0.23308539390563965,-0.1507488340139389,0.9999791383743286,0.48722535371780396,0.254728227853775,0.18724218010902405,0.9997043609619141,0.45776861906051636,0.3259970545768738,-0.16989687085151672,0.9625080227851868,0.5262598395347595,0.3497806787490845,0.22677263617515564,0.07088066637516022,0.44187474250793457,0.4220339357852936,-0.07742815464735031,0.8462845683097839,0.48255476355552673,0.4183658957481384,0.19358259439468384,0.06347855925559998,0.44086360931396484,0.44816678762435913,-0.0966535285115242,0.8134872317314148,0.4749046266078949,0.4320634603500366,0.19775642454624176,0.0783354863524437,0.4391731321811676,0.44634851813316345,-0.08781053125858307,0.7978131175041199,0.468757301568985,0.43003925681114197,0.16956476867198944,0.08252851665019989,0.4404769539833069,0.43876779079437256,-0.07015539705753326,0.7492422461509705,0.4701612889766693,0.4256066083908081,0.1792934238910675,0.09049759060144424,0.4656848907470703,0.5001817941665649,-0.11265617609024048,0.9995101690292358,0.4822315573692322,0.5018001794815063,0.11267727613449097,0.9985976815223694,0.4356156885623932,0.6930286884307861,-0.10815175622701645,0.9482513070106506,0.49143514037132263,0.6811298727989197,0.16615207493305206,0.6544422507286072,0.3964618146419525,0.885143518447876,-0.09571850299835205,0.9795070290565491,0.5373347997665405,0.850928008556366,0.22477635741233826,0.8634588122367859,0.40455731749534607,0.9196259379386902,-0.09642795473337173,0.9751501083374023,0.5540634989738464,0.888336718082428,0.2280978411436081,0.9111892580986023,0.33886924386024475,0.8910592794418335,-0.15543222427368164,0.9746057391166687,0.4994586408138275,0.8810498714447021,0.19707906246185303,0.8810531497001648
386,0.43347859382629395,0.18394093215465546,0.019945349544286728,0.9999250173568726,0.4380176067352295,0.1667599380016327,-0.002163092838600278,0.9999402761459351,0.43893224000930786,0.16613657772541046,-0.002238711342215538,0.9999349117279053,0.4399566054344177,0.16546513140201569,-0.002259642817080021,0.9999555945396423,0.4388652741909027,0.16672870516777039,0.03044782020151615,0.9999298453330994,0.44039759039878845,0.16605933010578156,0.030482959002256393,0.99990314245224,0.44208550453186035,0.16532321274280548,0.03047839365899563,0.9999310374259949,0.45121079683303833,0.17156170308589935,-0.06321286410093307,0.9999505877494812,0.4542577266693115,0.17145952582359314,0.08109517395496368,0.9998551607131958,0.43721622228622437,0.1971735656261444,0.0007892735302448273,0.9998931884765625,0.43819093704223633,0.19798925518989563,0.04267878085374832,0.9997890591621399,0.45407670736312866,0.23968641459941864,-0.15511554479599,0.9999802112579346,0.4909873604774475,0.25835832953453064,0.18131008744239807,0.9997062087059021,0.4641708433628082,0.33211424946784973,-0.16736102104187012,0.9652977585792542,0.5298810601234436,0.3553600609302521,0.21543481945991516,0.07546959072351456,0.44167256355285645,0.4290793240070343,-0.06556181609630585,0.8579056859016418,0.4855641722679138,0.42470458149909973,0.17436128854751587,0.06961309909820557,0.4397292137145996,0.4539978802204132,-0.08431632816791534,0.8254866600036621,0.4770281910896301,0.4389198422431946,0.17640449106693268,0.08433117717504501,0.4375552237033844,0.45206037163734436,-0.07634609192609787,0.8107549548149109,0.4711333215236664,0.43653398752212524,0.14965109527111053,0.0883963331580162,0.43902525305747986,0.4448106586933136,-0.05846086144447327,0.7641028165817261,0.47233885526657104,0.4318191111087799,0.16029773652553558,0.09614387899637222,0.4675559103488922,0.5067216753959656,-0.11125971376895905,0.9995061755180359,0.48349279165267944,0.5072987675666809,0.11127740144729614,0.9985554814338684,0.4361747205257416,0.6979294419288635,-0.10026752948760986,0.9451529383659363,0.49070507287979126,0.6844601631164551,0.1668417602777481,0.6240440011024475,0.39586347341537476,0.8855683207511902,-0.08305792510509491,0.9791204929351807,0.5364371538162231,0.8564220666885376,0.22466138005256653,0.8494673371315002,0.4035816192626953,0.9198064208030701,-0.08434254676103592,0.9747520685195923,0.5530678033828735,0.8923908472061157,0.22809652984142303,0.9033678770065308,0.3389699459075928,0.8923342227935791,-0.1490807831287384,0.974092423915863,0.4978629946708679,0.881111741065979,0.20079496502876282,0.8718293309211731
