left_shoulder,left_elbow,left_wrist,left_hip,left_knee,left_ankle,right_shoulder,right_elbow,right_wrist,right_hip,right_knee,right_ankle
141.41096546859526,128.10095199536184,138.97858388203016,145.644158905449,176.48112822819232,168.70727196040235,143.82210640504306,116.8450451516245,146.2938532228968,143.13350797629425,165.97271155990975,165.65936527719305
139.61396452000693,116.47673131091254,139.37125685181053,138.8095736372801,172.00668957063635,166.29524158111008,141.3323159876233,108.2243127665978,143.76372028910467,143.2124799422951,168.71133449389671,164.96796161969115
139.71314624374511,116.4185084314975,132.3436133423076,137.76818106135394,171.89112311831852,165.2501093649107,143.00042427161947,108.05666478536611,141.8007769312727,142.8591739846744,167.10572315656313,162.88148146001708
139.99927813341628,116.9069555047722,128.93408533215262,136.44553291317195,171.42895922479292,169.92062385795384,141.94280085319792,106.91521962551111,143.14253019640174,142.88262244621043,165.96444550801948,160.09553836242242
138.90931704343964,116.84555816015775,125.64247793508694,137.61713861276792,173.09533672500447,171.42878463612553,143.36940302734814,111.00722978108732,141.8986482061618,143.2073605530571,164.60952605033594,163.5599545666111
139.3184940241348,119.75366532912375,123.33990422842977,139.88562655448965,175.8132649646033,173.76435377373267,145.61592354352015,112.3986125399599,142.1591464641757,142.89046964803669,165.47755816813327,167.75122151669
139.32923932047697,121.74733047532432,125.55215565010006,140.6410101842859,175.74684048540513,174.20258309905287,145.77062081639946,109.79845691645754,146.67023305996292,141.47853633735727,167.48450526071755,173.3452582715365
139.02199475415406,120.15108898538493,130.76455469904784,139.6262561363439,172.04733033804965,171.45302515179554,145.51262471222435,107.14097466823098,151.063616888973,140.12564516759366,169.39450251118652,177.51278825753545
139.27433851835718,118.83598508932836,133.3300689267675,138.67441877693363,169.0714734965567,167.80574133453987,144.48014028561738,104.18277130922374,154.1399626706913,139.3119154477523,171.20921883958746,179.02356201238416
138.6696078065507,118.56829381107643,136.42833082446987,139.27667754672927,166.63849624914914,165.03379382724555,144.80576683403257,102.99494728824509,155.4837844900675,137.1466022013653,173.39367864350643,178.7223747423179
137.8012727650015,118.56815672591401,137.49721499671628,140.11538050330358,165.9572724286282,164.15237527390437,145.5871449605303,103.48370260869257,156.83114156229914,136.43527226748336,173.22169393333917,177.74763980731495
138.91566534522764,120.49231307681032,139.4469607140327,140.17828384841712,165.48071837552928,164.36425468810774,145.8102264864167,106.76773233129165,153.5236199766418,136.1353017295132,173.70809322893712,179.53084830702315
142.12895561321469,123.58236070814267,143.40888675249226,137.41318945885357,162.24836139375105,162.7984560387693,146.71478749866904,110.94408803536564,155.30502771684783,135.8067208016393,177.58129134466137,169.87586920812862
145.35436112105577,126.83689210019796,142.2102142414141,135.11922775975475,159.6969706978648,160.8914488708992,148.4563274818164,117.1734541985054,155.32461502411044,134.63492669304503,173.43703290369407,154.51096449281997
146.4990985921028,128.43642567759224,144.50514838249296,133.65443824304933,156.40916827141862,159.68918913899228,151.27289225531024,122.85184172873113,155.9339724981174,132.12151619268062,164.13822056404584,145.052903153048
146.7014041626445,129.264825312624,146.33347161882156,129.71587406652682,149.0303243467418,153.65495893206963,152.35703369920628,126.49797946990893,155.49757532887008,131.5121374363545,153.16739939428479,139.72051655566207
148.62371437082157,131.71653164066763,146.15391408302446,126.48888432142078,135.85854984892276,132.83944912045393,152.81051981516796,128.69489334429485,155.1803808731062,132.61620025675995,137.7198500892579,138.02983803848002
150.6998011006626,134.43102460916452,147.74766960705128,124.11745534676417,120.39722446420944,110.12109180582789,153.3532718101747,130.5234655758615,154.90002402650006,133.62036190521312,129.71072163997036,148.6145984444324
151.92360305581994,137.4832017464,147.26195258211538,125.1737224768308,111.29839445857183,106.66106626590677,154.943023571355,131.88976211089832,158.47460422492975,134.64969858883086,118.38009714057718,143.82789516430086
154.97291911565705,143.38915288763258,143.82256186313825,126.26736180805254,103.6153495192049,117.07166320995829,155.74972634246183,134.33416341432292,159.581691804853,137.83626172245218,113.14517240966889,143.61470631996147
157.04906597956858,146.72395731985236,141.2248596378804,126.94511991812188,101.92988189820036,131.44182072374727,156.5405150432978,136.23715996544414,158.26954402258255,140.83940604911385,112.82855114384397,149.88815201876378
157.6957608441113,148.46618695245928,140.15863029421567,129.29997135155298,100.36730763842944,131.72589995465614,158.62294611133566,139.76885690495644,155.94997402609263,143.72625542846845,113.28744010957259,153.3271922703526
159.10891395143906,150.3114594868767,138.27493434704542,133.67854334650576,103.99878380684068,132.88818090329087,160.89129021974583,142.32125838807153,154.18181184853458,147.96297096669437,117.50741906242759,152.28769161141105
162.98959472995296,153.88331282459353,135.56194453777405,138.5515682526867,108.61083330439564,131.22310982645408,162.33408499771812,145.51926319211145,152.42533935486776,152.64239092204284,122.91891174341983,158.45195602824452
163.00721598646658,154.79512944326177,134.5673079090767,146.46564545050862,120.05901633094749,136.72861482265358,165.61654136718568,149.4773858076253,149.83689476505563,152.16466496233934,124.87459241793209,159.29765551074902
162.59546055741916,154.74636512815192,134.63626672276234,152.55027337606526,128.4874075890122,140.07933268698517,166.68349717503645,150.7424687124941,148.28245251469795,154.45516800075967,132.22751978484627,166.84856187080857
162.92488460397178,156.99712360576106,135.10382075972473,161.12510968658006,140.12344266853108,143.82504730073555,168.87459399138913,153.0338990814485,147.0956693103661,156.99118663552872,141.28595154730996,163.96900700938775
162.66870654362594,158.1404832417039,136.80717601256865,169.02372009996319,152.22847131241593,152.87072862972235,170.7566206824918,154.44026151853944,147.10392465983588,156.9995602233628,146.37315619384765,165.0236020364832
162.97358052703498,158.47432939867286,139.36464482396866,173.583999302725,158.17091128608848,159.12828064465802,171.75495433174308,155.04308522091168,146.24542645014157,158.12821250261814,152.9842006468919,168.8385612958696
163.29881358929362,159.22184695555137,140.11072471310536,179.37913871905246,165.38836387884808,157.0757121772701,171.72426830887878,154.837828429852,145.59167368688642,160.97629286999427,162.01061513447442,177.19879741794102
164.6419749452432,161.6190420495504,139.72789669300258,177.22571143767286,170.58161905522596,157.03176304594035,172.43934989960368,155.20343074581552,144.78307848007395,161.1269056623519,166.22382390793317,178.87023001529013
164.7431361996245,163.44108866730608,139.81523243335891,173.1938389148296,173.40351368424575,153.7573510598822,172.99324169586782,155.6191459641149,142.74958538232738,159.9616594922335,167.90515419912646,178.75179682627723
167.18187256773655,167.01403259967276,140.3306128121095,173.33416905101637,171.9340639777887,149.20901781135274,172.1499469113,155.0477320672243,140.9585020229692,161.77075249019376,170.42761738209646,175.44586778342463
166.03623762122703,166.50012035481464,140.44677074293153,171.70140855099885,170.78916367118558,145.45838437751488,172.69125931540555,155.42672482727752,139.64839239344627,161.85277054874547,172.12034650827587,175.13456057110992
167.14038767185542,167.27410638552968,139.54771549593278,171.57668866336425,170.16429620831275,142.33571454418123,172.45811757476366,155.04495588642553,135.2138234818396,160.4763487244065,168.38807603191657,174.75754942662928
167.01614681482238,166.6705302388627,138.25682859528507,172.58882892258418,169.72694627139734,142.24404082434526,172.01183879505732,154.7413451744891,133.74896249842496,158.9168252935417,165.46137385405254,178.32718900638878
165.66020767595717,165.4022966370981,136.90620605505597,172.17370767284987,171.12623348236932,144.0336565818784,170.1123237651235,153.18896545202708,133.53847045035798,158.1607060679154,163.97936829752496,179.9309969226131
162.56877660181857,161.44614738090036,135.65037082753707,175.33662644774387,165.35614831071865,136.32680575092527,169.81182602674824,150.92939507672807,134.8840286782664,156.71084677537033,161.44015438489038,176.1094534492835
154.83616339861717,147.76745106639748,137.11410517522717,177.1383402737699,151.66457518720344,122.12503803865675,168.91541188865776,147.34239647488405,137.30108023568505,156.9065228266109,161.27902628034406,172.6497074497099
148.56106292956284,136.74569483953846,139.32871571448163,169.6842797526017,143.0867001168785,117.74921555693815,168.52838975303416,143.3368582204389,140.93550696630922,154.56557907494238,155.35625068583693,166.3029233537548
145.58880744646697,129.18255526627914,143.90068289481832,164.80908553208536,140.189410030555,117.96648424863264,168.1045024670057,139.1761955398508,145.1009834724713,154.11656614053734,153.70329354772582,164.2346788790886
143.20396329133555,125.45332937935235,144.50575933378283,162.0868794287086,138.26930450481805,119.24866953435185,166.2832878391801,134.44414368460812,149.24391496694878,153.51850554457988,151.48391102367088,161.56754214786
137.8545719614145,118.20014587679775,146.2638570409007,158.4511062549686,135.07072748903923,119.92020812217582,164.6225493762688,127.86383486642906,151.9956577529686,151.2950813236059,148.63592831104,157.96988804186452
133.57934894713333,113.22969100880134,147.82871032769322,157.31157637328732,135.1341041040011,123.82642211297852,162.71991496260526,122.213551984209,153.9901579807952,148.47790963343715,145.8088511366363,156.91003467762837
127.76250066165899,108.0235686456476,151.2615478737638,157.64725808576478,138.19029489620021,131.7006592160803,161.30019891901924,116.84806613145057,153.58103747085264,145.45559851454615,144.24528470141385,159.47400325802911
120.45771482842359,101.44981621530013,153.13305283210426,160.40758327622495,143.06603895724913,140.2876070193336,159.07694139055238,111.33452421373636,154.68326668663147,141.6434686993347,141.58255521629843,159.66131237465328
116.38822526366495,97.53498211307617,155.263131264132,160.0067653247183,144.74768982975777,145.3601315626372,156.64446660306757,107.18829459111184,156.64727025398173,139.58067817296018,141.4667004658396,164.7663442649705
108.32684601153747,86.30517353073135,158.00659032068742,159.01194777122785,146.49952612014533,152.39540721938823,149.14755894646757,97.87880679010189,159.18040896606783,137.3054301257102,141.32329155342126,168.06113922177943
101.27667975845868,77.100237153643,159.04046030851103,157.6310464842662,146.3434927254016,154.36646010874082,139.83138844949102,87.32512292794131,160.52104290195942,135.85171775273596,142.392448247062,172.4892914907819
94.44312182982573,71.2402171958364,157.06628752086382,157.12999588342956,148.13722193431894,156.16692972110587,128.6239286720436,75.53854154822749,162.22904857579104,138.56884526791978,145.321801081417,173.49400478370126
86.22481214224199,62.26188721465543,157.5466488891962,158.41706399198875,152.71315022283227,156.97291163917694,115.95571875371468,62.25790054845438,165.42154412406674,143.69678970596843,152.27797688190896,178.6452067187455
78.41896956226994,53.63920872416627,159.59685541875655,159.77919468531698,157.0815287031662,158.74039815505586,104.57202765348218,51.61553494618899,165.52281490467288,148.74150637261295,158.97255278584308,176.03275880753748
72.76467893680672,47.55541769243722,159.03940245462894,161.462514113799,163.04070690068116,160.35050094147775,97.06403756982937,44.605423010101674,165.11244019746576,154.84808779010666,166.70658040301598,170.00063937128732
69.1169199297579,41.66352778382388,158.77283962642394,163.71646263634977,167.83737814650155,164.23096984342413,89.96362013585714,37.001813158819814,165.90755953930213,158.76847605973052,171.21759994036847,167.6157111245135
68.39149719605649,37.33298583261234,160.48194489210533,164.94725246475065,171.40325692113183,171.59566964614956,89.6310460114005,33.99910248104811,167.22228360223173,160.1075912691565,173.90773133864127,164.8009583840156
67.90242781444243,33.97731766039026,162.4385743540342,165.42194259390874,174.31779810482354,173.36750991880533,89.18815184578527,31.439716128046822,169.11817825455586,160.81308882688245,175.72297420985484,162.90795686145967
67.71906112875675,33.09976494453412,163.06610883741007,166.9821343420675,177.65923775274462,175.3192564396412,88.3728872130293,30.105524347999243,171.55088766195846,161.46706066632012,176.84600105539343,161.48314084607713
67.36231191937033,33.396775940249704,162.4658084684645,168.0867734720521,179.77041731799775,177.7429507773713,86.94056363410913,29.041556682704417,172.57752826676835,162.67754918322603,177.7476091986601,158.56992477240124
69.52197889025334,36.30704012003533,162.06952915551287,168.4372972168101,178.75042888820315,172.08172806529845,90.68497593536189,31.4594239297336,175.17670715553163,161.82799619685142,177.4051969298505,157.99971554387918
69.77377790161489,37.0001139020374,161.78811534566304,168.92045020035465,176.4298697587743,169.4778202575773,90.36564891274287,30.980612621533783,178.00345052960603,162.02378310151093,174.58708286646998,162.85085178795234
83.71655994401246,47.49370687685335,163.93559511069574,168.982836251116,175.13011272174052,164.74085975225304,103.79615549577979,42.30140650121985,178.9947946383146,158.16691672782835,167.42513190865404,174.48948691531933
99.80171984890258,59.2086043880324,166.6257545545394,168.15794491701757,174.8433623368331,165.0540752400107,119.82966481293967,55.54354353486632,178.93903399411087,154.1932167329176,161.47353088516846,178.75396509566374
111.2600480042616,69.46474736925963,165.1665778164836,167.05650577006588,172.85283430532516,162.07376816583252,128.68845272192465,65.54937246890303,175.81860474116255,152.80169744706868,158.8299929671514,170.13829491084374
118.41671197546626,77.6892272030231,161.4614390977016,167.43312085265765,172.04050582030018,158.59136972588448,137.14380386485482,75.51276642539558,172.00257538287457,151.392311760581,157.92445735272187,158.71558103985726
123.23719138994088,83.5189277491681,161.22316198790242,167.22578393659904,171.43019890996266,162.56241017119382,144.09621024066644,88.81457767852567,167.12065980200356,152.03069934654036,159.89340626188698,160.2584083958758
131.92487064921065,97.88421043603275,156.45350357894182,165.416558821463,168.42040506676938,160.2006284960792,154.80421843289702,109.62462550119668,158.8580681299492,152.93399918311607,162.96060239555976,161.37788783610438
136.90202749330254,107.8857235743751,151.82232189134598,165.04065498958454,166.7729375285035,157.90209049841766,162.91757329096353,124.86627344089341,155.93673325487995,153.8413380587865,166.39841794431067,164.3072924479164
140.65370514569778,116.68841102570288,146.2294459582173,164.9067116912194,166.40121448112438,159.65968010128225,168.81820771867575,133.5131392729882,155.05217955386306,153.89600359689592,169.87546379000395,166.3949309614515
144.21194845914533,125.84216640961318,140.03765514370295,167.22330778202056,167.35001518613413,159.3571467927136,169.42898464987562,135.37827936582832,154.89314771292874,152.6173543808106,170.08163673088663,166.69082893761887
149.57373425762216,138.25972069976117,134.0948429858741,167.91673225160255,166.82638349337802,158.08663983288093,167.73643298721888,137.63478624029432,152.84446829979296,152.6515602884221,170.06894772137227,167.88653286712878
155.02930089630559,148.8906220441683,131.88799224527057,167.0538264478382,164.99069122301873,155.97993152164892,170.47982136260293,145.25483202807536,151.3013400108934,151.57891586341134,166.4193313854642,167.22652335038273
158.06174559218545,155.44638687768506,130.16022580781862,166.51592787010978,163.1079537453424,152.1816957525195,173.50415952025676,151.10788582150212,151.86585448915727,151.05093387373762,164.1684841724328,164.0426041814887
158.94115986848593,157.01572605342147,130.90038613665104,166.85521695293042,161.35910176677282,145.97227516716794,174.23402042642542,154.18025237351162,151.870238583235,150.90909022804453,165.51182857335743,166.56173220197005
159.14336132572188,156.5317301038605,132.4050664292249,167.35486147570498,159.77373280097177,139.04856243375826,173.49056530929874,154.38963703791097,150.39759491150326,150.33429399596915,164.748032674351,169.38369084559722
159.35057828841252,155.1967005102093,134.45224406312857,167.02133422129052,158.87868977441536,137.3864125668921,172.60180953154813,153.10013276997867,150.5993909475821,149.64605095305703,163.88796018910375,170.7871111438315
160.2408648723268,154.0087972124632,135.55387836208558,166.36989772396697,157.56729647951244,135.58832091812303,168.8005859329002,148.84248208215155,149.39279696827526,149.27046256249898,162.67625235029388,171.29300644214837
163.10982055058903,155.97111691255867,133.7984799515192,165.94276191518688,153.49013920730357,129.72320728473605,166.64021145662474,145.9599723830124,148.223539285887,146.38180198289234,158.10687935445927,170.17101503510716
163.5488135310089,156.39270296935518,133.16099704361824,164.70388704070828,146.98115660454164,123.41769606350039,166.6544005675493,145.49557076085227,147.18375602849423,143.7344948839273,152.8044975135596,166.4672450546749
163.36079055301312,155.9292830765506,133.25035872453634,161.8256195047338,134.51461742493416,110.02708427215984,165.7498361570524,144.90916277057426,146.84766813088675,141.61633860172864,147.77408489911878,162.62603773811074
162.85174608988638,154.54316204817806,133.69652558361344,155.89726098186213,123.96738228700369,102.381240708262,164.38621211811827,143.83372553728387,147.34285414164708,139.5306730417608,136.91499458670643,145.612139839864
159.68995822660148,149.19312543428998,136.93663499307382,150.46943458671026,116.56291738324619,101.346373437,160.26408456043652,137.3184049117648,147.4999486974608,137.96224448148303,130.68306369372024,137.59750446008593
148.73707516218184,134.016913017987,142.7627572130297,149.9502796616049,113.93896671756886,100.30086072840831,160.29490606753353,135.05527338689927,147.8523547253846,137.159553157112,124.23898065202795,140.20649701795202
141.78973600522866,125.54724233471451,145.81871100955362,150.1159094150344,114.11314932433886,101.5958591461774,157.60002224515725,127.38341354270511,152.270811135045,138.35589182421398,126.88924361233181,146.18185867766235
134.65195349182204,115.2102640851829,150.18662851153104,149.722417673279,113.12879928260283,106.34546591549092,156.74753396775347,122.23875321635575,152.78243309956952,138.3729509535414,126.07640272869743,152.5907870963724
125.67373517570418,104.6913077580861,154.3835522605291,151.41600355972355,116.51893151118226,114.57761093084933,152.58869003189264,114.43015188001858,150.19954577937511,138.38590457256626,126.5859853862925,158.5180418666141
115.17551225211186,90.75144564500842,159.35469836699465,153.79290719913564,120.85490451242559,110.00086752636327,148.21227243776113,102.74173234001188,151.7858238148911,136.27948712353975,128.72807165337576,166.19198335440413
108.82361851594997,81.05458660227939,160.4163656281747,155.57262294065163,126.41579992087313,112.68650467561501,139.6446055363776,85.52448608846233,156.4885601981185,138.46706680185028,134.7976716923369,167.96837372083442
100.94371353190787,72.61377548596955,160.97288326407872,157.86251765323786,133.8182140524501,121.72958554522974,131.67820721558687,70.49542586621776,161.3175627915139,142.0147714491915,143.24120567821802,172.72537892609984
93.35685030211896,62.110069430907586,161.63897407663936,158.5904438752168,140.15953108600482,125.2896465749103,122.09914708747488,59.2696772899985,165.31892320121548,147.6500422457139,152.26513641792297,175.53102477261496
84.05829649606227,50.05324253647619,162.1382380489339,158.03270801119345,145.28959251257146,136.27526248029014,113.29750540765579,48.672473055027176,168.86368678945007,152.43292293708245,159.14790951151855,171.16592370806222
78.21748793455713,42.60903069041686,162.93376958472854,159.90515232320823,153.45270720943665,145.19219476428597,107.08111123932551,42.54897540678524,173.65904467485294,156.67178207285306,166.39131982942123,163.37026040044978
75.13719825599252,36.66278443912534,166.7200903249224,161.38955039276223,159.5435408512621,150.0151385210115,99.4483398405954,35.06449061023154,174.99803523831142,160.04976669380184,168.8734304578772,163.3984708118185
73.1111594225303,32.20242527128486,168.53812580630927,162.8298694099845,163.36200712719292,157.40284622750286,99.56736592960347,32.24486777627313,173.31516033634503,162.15777265438464,170.31389260254255,162.99107301758693
72.8243284043511,28.699429737248316,167.52732100369522,164.13105843854154,165.35616596860856,158.50399990598683,101.90074779904286,30.423700751303333,172.35473402924703,162.3544520046802,171.75288354321592,162.02269822534055
75.67606328056173,28.8905378786858,167.1872150327663,165.1245112344088,166.74754745593276,159.8834535466524,105.9067885541258,30.55398741033104,171.40260079307126,161.00830000703874,170.7449891381842,160.23705393816607
78.99859794486005,31.80113387813545,164.9393283816004,166.17296376684916,167.37518326947884,160.82317900914774,109.17152720568974,33.21856279333681,169.3543318128696,160.79457458083988,170.5605909727172,162.19554574212347
83.54210876779466,36.58700212198321,166.60161372750352,169.0535938697518,168.5610351195914,160.81971543518006,114.1683535796106,36.29541356856427,171.00941795134148,157.6446407312573,167.0657420138435,167.0404801039887
93.31951644564151,45.811755781182654,166.87592708738188,171.4734967148207,169.67303781536856,170.97488790581622,125.28784644076032,47.392032861224585,169.7746173176026,154.68616772890152,164.64639413884987,168.59152260163734
104.54368237767557,58.15557380412924,166.00968416510239,173.72633452515367,169.6339759459349,170.91287348582415,135.3128843303142,57.30600191958863,168.7196660929889,151.8207893302112,161.90868123337384,170.83630387499474
112.3090462819876,65.36273643882157,164.88188806994785,173.15294689050288,168.28827582980196,166.47205401665843,143.47046789860906,67.44336922734566,166.8215655299998,148.9839454088602,158.93117029430266,173.19102847225304
120.06402433594127,72.43085450235905,167.2893662793001,171.98716785236593,162.77795846001493,156.73605434882546,149.8932297736791,83.00586212772919,159.60080366492107,148.71173283323873,156.79243641732532,170.85766171196568
125.40081076368175,83.52661073567845,163.12574259469974,168.81467967274793,153.27118129137637,150.85832351620346,155.26679050844578,101.34140957642188,149.38484196175898,149.25700894344823,156.1529285376191,161.79786221117737
130.5709541996719,96.49520490956212,156.86110703020228,170.25419071978789,151.58194371164316,148.82355110719757,161.659211528101,120.76978810140031,141.92170947304928,149.81751381845734,159.5263818462211,164.55643188586916
138.68414173635156,110.62181887321475,150.7915867166564,168.36970981823484,149.68331689077988,147.2743126636187,163.6241665224575,131.8470654602368,144.00797059826678,152.9147113194459,162.24176646586267,166.66203243554972
146.32394892396528,123.01080462665175,146.969012482973,167.27183368426918,148.3786667420954,144.27670463918844,162.26415781335828,135.60247167265337,147.37600924445948,156.1385312527938,164.5263166066799,165.43422556408262
154.23205706585736,139.3322263010231,139.56512427847727,167.45553159906993,148.56786161205164,143.71515946537448,163.13009976140117,139.9673411170254,146.76888807750237,157.60060479902847,168.33721600407108,170.67948926869343
161.2786881068433,151.67486803845563,135.29467868555759,166.77992176231916,148.84532633391828,143.32689984867454,168.2173782636167,150.09015964601318,142.4513649729095,157.27844968218125,169.87350867391189,170.30450077260255
167.7277976926539,164.18389719029395,130.6781905359962,166.58727688713282,148.16138912363738,142.6953158910839,171.76482377756457,157.30445746994258,140.2495759907843,156.65344901067627,171.10321139954613,173.24328035656333
167.89497844774328,164.14802338946157,130.93852147471208,167.91691221049214,150.90674566727688,143.33679948158476,170.7266995749692,156.45085556136763,142.1486322457946,155.41268622486933,171.02328455087957,174.74633420337463
165.95388958193297,160.17792624309467,132.82243995883792,168.3590021136944,153.35825798650316,141.59482536588064,170.23429245185477,156.1403839833641,142.94205676136227,155.3385713686597,171.7503233007838,178.1533531291178
162.0328656309512,154.52160865287752,135.11532457534196,167.5290376265084,153.945628311461,141.25257538470973,166.52180621564582,149.40706612814478,145.6947905052908,154.9985042832416,172.4064121810906,178.92954708315256
157.92714185591007,150.01818963842186,135.8038201661521,164.75611835857418,152.68844430108595,140.78041871782423,165.69952061256967,147.45136528407374,148.49613119157968,153.71507647690882,169.09044930968363,167.30346396363373
154.1706708184474,145.2160355305171,137.63347202865498,161.4563586956855,149.8602371299793,141.65544647113194,166.10581816795147,147.0129348123268,149.5073726583486,151.46167912762024,165.78292982240035,166.96215914094174
153.66827063428158,141.7646431320979,138.4554299996846,154.0502841891283,144.72137321769824,140.93019841073195,168.6713555660075,147.34281160310417,151.43829037336454,148.85096462983108,159.19420557406622,160.54122285335188
149.3378174742527,136.48650634241508,139.71945960688515,150.1905019677558,139.5269388351588,138.5072466089917,165.85396539538863,136.22252677699376,158.2047201651625,143.0015767112188,147.29282144910388,144.17386304567455
143.88242113245005,129.61161777181312,141.1235433092282,146.16872896286853,134.61964414539426,136.4775395303175,163.70265953260133,132.1151922968296,160.3990176714411,141.7691985108747,140.70559558511684,139.67754920246236
136.1629011154855,117.79634319585212,145.0580889363608,144.3489700349907,131.84118882607928,133.87213474715588,163.82624539826804,130.16936813638142,159.35918596335273,141.06247948276,141.09641204196424,144.1288534184256
131.4100779935166,109.90684405253891,146.73965484686747,143.42071011131694,129.76466135558928,130.77394510408922,162.5343479330871,126.80612558122141,159.1037153383925,139.54211165060022,137.35339017207048,142.47817759372975
128.55070442949068,105.42373361692601,148.02844368432193,139.73834070630852,127.30829178582505,133.27660229465127,160.51816862505336,121.90822278051813,158.40562582513994,137.97287668342278,135.72183575818661,142.70301732686914
122.69138055718236,99.52231004786726,153.7072434435578,141.753989830005,128.40552023056662,133.0796231694028,156.67213557070374,115.37239076961437,158.97544237624655,135.84310011324573,133.16166871144685,144.4796022443899
116.17115764101827,91.4725134854447,160.87107463799595,142.32398669092194,131.08912149063025,134.14600274428636,144.86177164881437,101.61765477335739,160.88866730787345,135.93638648876276,134.50530667684478,147.6974164456408
107.61416137823083,81.40140431951104,163.60308282643496,143.85587039625275,137.576523296212,141.88744124369472,127.35504491206498,81.67750149046186,162.1002273033477,139.01353979146245,137.35083055531337,153.6974782942706
98.41786019192523,71.45989772301195,164.7593788913516,143.62107867653594,141.27941960888074,145.29682098363776,115.3534803096889,66.06818749594008,168.28228092277448,139.76901122472344,136.91531367115954,155.8218395306167
87.69852041832615,59.40230529006832,165.17300876835122,143.16638342200736,142.61272332494906,146.28346832822731,105.25311380104962,53.70611181726178,172.86646884473367,140.68758482889845,135.81899899159325,152.43260595878738
80.73202326278135,48.014133478039156,168.4121520642068,143.13147633590467,144.83050705745293,146.85731553684806,95.90991688299972,43.18603778674218,175.54117252348863,145.16538443329668,138.24130311588755,154.87609828341886
73.82824033658446,35.6883755525868,172.43802068540805,144.54790839916961,147.4777234096985,151.30150763834362,86.48591098287734,31.16470555926416,175.2993627121234,149.29525946208136,144.10956463009592,163.59992620335922
70.87541233147854,28.88899998561218,174.32265599140646,147.13171093598567,150.57803026816583,156.3473667122652,80.9186667945465,24.428512941135615,176.8861479059957,152.8665057713502,149.11635141859415,171.42977236071852
68.04570255524672,24.78690614773691,175.383937713666,149.47037497037715,155.4138824092697,170.6156543282291,77.34376387183323,21.03816434521746,175.75832323067635,155.1247884118422,151.05231247560798,170.76067713924252
68.97579594375561,22.96642446493233,176.32730579727362,151.11622407996853,159.033338146883,172.08010608660908,77.30136046629376,20.249827583752754,173.2600689069688,156.61064871914832,154.19982595148167,179.83338741928324
68.99698760234105,20.067280876031838,177.16724075784737,152.6531668510379,161.84598674244663,177.45917834436818,77.25220559934031,20.03362626686908,174.15121644451162,158.94583262202954,157.23136176098248,178.58424898136994
71.07391840492215,21.19709851642978,175.35730044187696,153.84334404311488,163.12696533494804,179.07313403891916,77.84982574936372,20.96941955644789,174.063957291182,160.84871089495823,160.09518143098336,178.85084339676925
73.87452427145318,23.66545543438383,175.94263101228796,155.35966047358667,162.95027608568893,179.66311592052455,83.33836744472501,25.278372399895577,171.59385301890393,159.66720083488283,161.2053177436587,177.55255218170302
76.45111865137287,26.481982486532736,176.08933293397965,158.49829650854133,165.5998990814272,179.31170307569465,86.44744439819182,27.6969388938661,170.1151849283939,160.43002426444764,163.78079685759792,179.07751622659785
84.22479252585744,35.240716159038485,174.00335390786694,161.04749192300162,165.26180187023837,177.7370507762995,100.85693355747479,40.60465501757814,170.39625460824087,157.57347932770887,159.4158394957313,179.27746078303065
97.50156607198663,48.788610873824794,173.31114695040952,163.876451583191,165.1460477056746,174.09269433281924,115.90194335344577,53.50594647096461,171.73990281828569,153.44598701200835,156.31101945121333,179.6651794098663
109.44195191460541,61.47136241060982,172.63348379685974,164.34123738032474,163.65018998301775,170.01853434926522,128.73781079841962,66.24200202130524,170.54545851653472,149.81451605185515,153.00590080714505,175.6159624837653
119.00587051538615,71.6675301252559,168.98852842411577,163.46135368767142,159.17630132984544,160.66259252076912,140.19053191019023,80.85548688625455,167.6013912560907,148.55148012901083,151.52198407094363,174.64771902518225
124.78096816028193,81.45759373888266,166.08911209794945,162.4523700971958,154.26285426536498,147.818501888176,149.16180819234623,99.07105256979753,158.0071089594293,149.45860830924443,151.53525219298643,172.76005785765938
129.73402033800485,92.4106966306326,162.11393547955214,162.2273439955985,149.53884648622503,137.23996719694762,158.7090700235994,118.04692548532118,149.10499476816338,149.12365924386742,151.92757495492,167.16046183542213
134.672352926922,102.81006506105729,158.19273607508345,162.81014753391952,150.34512973474415,138.064995033639,166.33126867963568,129.3887085890652,149.64702545891635,148.9246547715116,151.02061450364167,162.8981254805949
138.1795054997271,111.0266231624999,154.04664954378921,162.293291403097,145.77898260812475,132.2540948072649,169.80506202241108,135.42084564921112,148.2644798655777,149.27205135211074,151.88595067548135,158.07925719116162
140.83415751243328,117.95185936386746,148.32712459563473,161.7391196863739,144.0216363504609,131.26111365266772,170.39046509242144,136.95946611803063,153.21634047532376,150.12702121606327,155.79095799468044,164.08329286173202
145.31271640855556,128.76502071560984,140.8656480329172,162.79518660768846,145.6720037407175,131.66172957831324,168.9973930528846,139.53852247038878,151.90695961927858,151.18010006160978,157.8828659121752,165.443855590002
149.63563142809687,137.6651843596678,136.02617668248456,163.49104637555254,146.39396615718303,131.34782107134828,167.7268984315381,141.27084030219103,153.56257246182088,152.96381668680561,161.27458798462695,169.08390314616963
151.57330355266507,143.43790489701047,130.04085549268828,164.14091562985735,146.8178917622639,131.44471587972754,170.33468268160863,144.4252563729288,160.73706262960138,153.38905641881448,163.36196829739168,170.63974759535455
156.9661638528014,150.10229277194065,129.14208981835432,163.38456034135586,144.4646792908434,128.7629430392413,170.68749963388018,146.99080263811751,159.7119089994538,155.14855355301427,165.75381901689784,172.04855760909382
159.9320718541147,154.4151719645928,129.59563321134155,163.02407254640949,142.4178656865659,123.86633419479782,169.29243387032304,152.71675934762737,155.93854764270452,156.80812933538883,165.4714331834324,171.79866456526503
162.40904861412986,155.52070387204768,131.35538608311538,162.4093385532721,141.18400672471756,120.7150866845384,168.8711881029658,153.87354973986396,158.43006890326873,157.51864834009572,164.51888088975522,175.12163171828874
168.79754745041703,158.30581285902846,132.63288499265335,160.8862391560078,139.77716353940392,120.35518758322343,167.9275791002201,152.87476734195695,156.37640595374356,157.49911418606692,164.0134608645354,174.85664007402013
167.9089442913358,155.62178679005962,134.56194691343103,160.99814355237828,138.33561941017794,118.01429092519871,167.99026865990254,154.3565170746426,154.9845887635902,156.91593835919423,160.79611822326382,173.89505794416206
167.54219193416387,154.20296478587446,136.78107493499047,160.9530153413043,137.98549451967486,117.49969986285026,167.23621994803742,151.30226055413695,155.60627554470506,155.41299820672734,157.9444525535133,172.28529743886267
167.1398312683419,152.96080902589156,137.3610693380021,160.61085695012486,137.4738701746069,117.17344444063195,167.66195307821886,150.54635077084077,154.20311067084637,153.86533775059021,153.9406849087954,168.03464454128988
166.60182479198895,151.52321532186116,137.86678212681403,159.64371859595715,134.45005261040745,116.55187820477212,167.038204669736,149.13330061629964,153.55611889521413,150.7489618313185,145.81153297485304,155.33333523019607
164.3125493698985,146.79567268796367,140.83320155496415,156.739832680039,132.44204319219824,116.8306297625278,165.77074532264803,146.48904865580008,152.90194854827462,146.67503822973194,136.93216780318141,141.25832223032364
156.13108380862963,132.84990321789542,147.12729141671522,154.72297321191783,130.99149459759,118.14582435610755,161.51633520522074,139.72229443535775,153.88011995508927,145.38150186056137,131.12235975261405,132.04175804064562
151.61871163669963,124.25458384583916,152.05822145432876,151.86671064437346,129.60702621298122,118.77984627017155,158.52682535491576,134.55163374598038,154.90226544819254,144.89253157753268,127.50922771185728,127.37423253607619
144.24310704882504,115.6283973228474,154.40279470178874,150.63241307496764,125.50954565128954,116.90073188822804,159.71001799383447,132.34560588177504,156.1400487049383,142.45354682024364,125.73876478086619,126.71919681174053
138.9596957595001,109.68645604934851,155.67649565787914,149.22719759541016,121.26735221114343,115.07333504495348,158.80075211131032,126.80648914401618,155.17951504386684,138.9298248907188,123.03067227130136,125.90858292090273
132.1273890550264,103.57278975121558,159.26504998149545,148.99130085779146,122.75003661864635,122.85247584240653,157.67355299945083,121.41407901201288,156.163347241537,136.03257894963414,121.38771102397041,136.97334720943178
125.47520542902474,96.24265975235346,162.67158482775739,149.24089042089238,125.8888014550831,123.3759187130945,155.0981132443632,113.84916886912613,158.25989956036028,134.938120420768,122.24610593130572,140.62904199772314
119.8050831063004,90.2810830367221,164.2516078733597,147.93988020211071,129.3889715062429,128.59460019714106,145.62529602429245,100.52190183783576,157.61310517461914,135.49985747542397,121.419061284941,144.4110223432015
107.5930433734064,77.80132933539517,164.6581729210473,149.4086352320703,132.32491454667013,135.3563089540239,135.14385302101823,85.55441559895348,161.3394231262087,136.91333390546032,125.10225742407918,145.0158023914135
95.95929826806976,63.4655749338415,162.96918385274154,150.82518137826975,138.42253444618092,143.61721747552915,122.16591309031213,68.83654429925342,166.73082721225174,141.6376884642241,131.92689326876837,149.0012411901755
89.08683339462308,54.63685901560844,164.9098165155934,149.96442127010158,142.8491633924494,151.47410942243073,110.25001752899288,55.34858557253729,168.9193689348455,145.91569465123231,139.89161170684716,155.41065660048088
81.9759717390226,45.61990951671544,166.40739983484988,150.45765433977147,147.37047524129133,153.25209893625674,98.28273509770058,42.55486137829291,171.06835395212374,151.05731762237716,147.76636186777242,161.6068599138358
77.89348973824646,34.99293411407442,173.94437083174878,151.23672277219407,150.42583088094491,154.22749101444842,91.47951214077705,34.65341704228203,171.8456042715867,154.96032298119516,153.7500167942806,168.38079287612342
73.25683869093889,25.82087707435627,176.4551013872225,152.13789892796797,153.6488700332317,159.52517999511235,85.52173754212316,27.22817515331501,170.64134898742975,158.65231672714182,158.6331381956474,172.38932596885536
71.63188724138327,20.952897787519895,176.68660275034946,151.61951996252435,155.3106941334302,164.50176593245652,83.49371254552334,23.16322709298091,170.43658547854574,160.7595485089059,161.13723697680132,172.50241070929926
71.8974258203293,19.02862275742214,176.1341895622978,152.15810301337675,157.7334487954706,169.76364562626807,84.30770298871545,21.446012452971058,169.46709593283938,161.80492920776075,163.04253787176017,174.15547305350182
71.58744960901421,18.70702412823455,174.67791994044435,153.32152288279798,158.9014210518481,175.78813432418133,85.57387457665925,21.99134801953445,167.74424107041534,162.4477208550366,164.60563946923688,174.66330806608045
73.635469254677,20.323057592253782,174.66599355121647,154.78527572995375,159.5331583775524,179.5371548825899,87.43427465746555,24.2439382795834,167.0215846632714,162.31934101393955,165.0365803757803,177.7364226361677
77.00211228437864,24.277828708963373,175.47309425665642,157.00236911547378,159.5460673585915,176.81347711869594,91.76347353279974,27.73919862574735,167.32244485443985,160.42778774126313,163.24464286751518,177.29099721823593
79.78334983729194,29.18856032944542,173.14483178117746,158.28643648964916,158.02690885222347,176.25968031152615,98.07047874452974,33.464666676960015,167.41823090198227,157.6923271756365,161.20894190910812,178.86453800272048
87.63505392643101,38.5855497919336,172.44284400704592,160.2592207387016,155.8305166784622,177.80413654340342,105.86849317527293,42.62971285291179,167.79947085941097,156.3048047641661,158.3266081057751,179.41281640382473
101.8621386072175,53.2848090058465,171.77071657547307,160.8957500511806,153.0193016318793,168.184112559099,120.54706283687113,55.31031036895096,170.5499984437367,152.29375414603538,154.4957623808353,177.0707645174172
111.26017215377276,64.41072185579512,170.09980946222495,161.19965088864544,150.82802774234105,152.82940443590167,133.8121063050127,70.32944197458758,168.2741380662029,149.56365838339883,152.5378834460958,175.77262151943498
118.0589380878642,74.4880895166712,166.64864905552994,163.52522045402156,149.08862248712515,140.47031937481214,144.38829093469317,84.12614825841042,163.3215160256211,148.25020629913809,150.7821591604115,171.6435358131592
122.68834119719233,83.13352894067107,166.08200419206102,165.0368130101017,145.1345621631468,135.51261348414712,156.58656791018635,104.41060583476155,159.32149328880413,148.4027961346237,149.677934913765,167.62200894137655
129.10206395048743,94.68062578350609,162.7654398688765,165.1971611673083,143.56333294429018,135.73953755148167,162.69669961498963,115.83610623698253,156.03891047687858,147.92006657633158,148.81957791245188,154.9293992103264
134.7966039950887,105.450274488807,158.6691091238372,165.3613363919755,144.13887864041666,130.0531228848973,167.02110872557566,124.65861436770672,154.67076466290538,148.93329910911004,154.8318462824836,161.35677575306417
137.62418458180335,115.08207314836959,150.38599749031886,164.71673992408137,143.06118098426467,130.01259222865448,167.67368895051678,129.6511662223984,156.93772431650655,150.23697315646788,158.9250357050301,161.2077597452244
141.03038882469338,122.561369531932,144.86926169669445,165.99510704388666,144.49256853045426,130.07688909496412,168.76643952077808,132.31085613126032,157.98532921457405,150.32866292191335,164.27012426980954,165.55008409748572
146.12440833262175,132.1176860205729,140.17886662570376,165.72685539602037,146.94540080848012,129.45188665522775,170.344149455972,137.06262540470942,161.3867112737973,150.79674702553157,166.85295335371333,166.01549490518758
150.33710198589742,140.62258787525812,136.96134345758898,165.58520180621395,147.64676613425704,131.7614523674679,173.07640415894014,144.75132690792023,160.71163272379994,151.35231113348553,168.83944674292655,164.54751271896043
157.0378125997358,151.08262949196043,133.56863891362576,165.210208816149,147.3427932159905,133.00954160765974,175.8300669832035,152.1180105068581,155.3692108788613,151.57006278129833,169.3221286797073,170.2962704490525
159.50973455213028,153.49624518565147,134.13520651130736,163.92994058023837,147.45557065073805,132.91414509023508,177.18930865912256,156.49821036282398,153.36219592552655,152.14847385319126,168.7402784560237,172.54865655698794
163.31505906029824,154.84981093073003,136.40454451869468,161.22326731839394,147.39502658914307,134.98629239115206,173.65980880421336,159.45880317514548,153.49534204192892,154.5106982640941,168.2892924944305,173.9882833624307
163.49862602974977,153.7701919671152,138.5859554942954,160.41324870328697,147.8528327546477,135.80828025818022,169.93236093982338,153.1440501523486,158.9036862284538,154.63485056494264,167.04473277958533,174.5185446189243
164.86518009487457,154.5834668586628,138.98621304504073,159.89742059860052,148.89661235662857,136.41004214612482,170.65256228169332,152.6750849086634,156.66227090232186,152.98212529640853,162.4321884593017,172.6479339653104
166.38898385729345,156.3749527847802,138.75506732220427,160.0594297835148,151.10589268699812,137.81678013531538,172.0577428869465,153.1500725071315,162.02500185980392,149.54041048379915,155.37261520046658,168.47987576823752
165.49804825353274,155.25420933931633,141.40606423562696,160.0936457941396,150.01410200398146,135.9505759734327,171.8715639317992,151.96926435919133,165.2458446759246,146.35425212380787,148.27767040273525,161.2277630827101
164.61390749125206,154.2950623829735,142.23510354927896,156.28373034697435,142.52751596882248,130.18644608639937,171.24025883827974,150.37436507540332,164.7723020135931,142.58713339448778,135.12323234672095,139.6106549487906
162.52350812614915,150.32943096137734,143.7598126488327,148.99400973512277,130.60059823444425,124.07506083348291,169.42378739656303,148.50599456712197,164.03498785260052,139.3145979326641,124.82214620088537,127.49897082781392
158.1897151118033,142.50217186944127,145.82234703463303,144.10981538469304,120.82221057398198,116.48092282815567,170.26843695392134,148.33358977256518,165.260276367456,133.33619244680753,106.51388164145979,112.42626384948967
150.86573248730676,129.55162683822167,147.30684056595982,142.94145920080595,116.24506464042116,113.43030123996608,164.15895828428398,137.5007543837639,169.00100001935007,133.68239381291048,101.45437911983582,111.78937521326777
147.26946485354776,123.36993137667613,149.44995087095745,140.11780818860944,111.34746032223073,114.43811751709069,159.85641094528634,129.44576027058622,171.07241753064025,135.90987393920253,105.73722779204472,118.40804894431491
142.26263560880756,117.32721343415386,153.2492202662357,138.648229137586,110.50827998884762,114.10637507620214,158.80722921043696,126.04447097667597,170.4295120900441,136.1860393635887,110.56410747753058,126.23264106766327
137.41214570367515,110.67366040180084,155.95337750831658,138.47808717310343,109.84717040860616,114.0277052066259,158.74906487909476,121.54498198330406,169.1301853187142,134.89528439979713,113.19429860567067,129.2295913223726
131.12061591770208,103.43869183903327,158.67678705197966,141.55115221955992,110.86290865941493,114.18174294175964,159.53380528112152,117.45062734779184,168.41638073235012,133.6294359320874,113.9476956177509,134.06307230506883
122.61454273171958,93.71628110368863,162.6476665059258,142.87702526289766,112.86442130863254,114.74268523697307,151.30539731645192,105.62714037889165,162.0843341811141,132.7196852210914,115.58106442151939,135.80500416387468
113.5546271265625,84.94625647930371,163.68750235131998,143.69213237058125,117.00603804749245,111.7711369318824,139.89201811508934,91.46777444423847,161.859588609339,134.75182696916065,120.47593735661341,139.10717124747254
104.86516486687759,74.45341484884375,166.48761264064333,145.43035590054245,121.35377043541067,115.16731747842307,128.96532088499026,78.08578640378978,161.04913403620068,137.1176456390922,125.16487457702698,143.0956761571575
95.99486656389064,62.62871786716313,166.35490098254016,146.83556247173323,126.79259770770699,117.99347696358318,117.0821830790277,60.48176637256881,167.54015702624335,142.6790739077597,134.84978555976323,152.40930633268485
88.67678323681841,50.20601816772978,170.07943800958415,146.88983755238874,132.32355847466332,123.48393899761645,109.42176072977111,50.06962298577117,170.99121262898163,146.4690954338911,141.88348392023687,159.58446016338706
83.35644651223755,43.20810398799274,170.6665175133266,149.1783907975435,140.70374230101066,130.98269641280348,101.24676080621904,42.82205910380058,173.14474280241916,151.54020228268504,148.38103416875524,166.7810958182671
79.55173087880468,36.29038408234397,173.35520667327648,151.43288906420221,148.88704001577932,137.1537540836123,91.36904221383662,32.29904936211418,175.0735750390052,154.7207669936653,151.84137466079872,173.87326705957167
77.60708078092095,29.6425040208331,177.4274324940686,152.7728090484572,154.79194230235706,151.41634835401274,87.8133053889954,29.289117473190927,174.17691468365945,157.66925019086955,155.81798381307283,178.69854940751773
76.61923212619884,24.833021425032157,178.10539599995772,154.77218216621642,160.34698785241045,157.67874637774813,87.83223922276211,26.321043409407707,175.6734863129691,161.19718420276072,161.44068007221443,177.05924810269
75.02135808046326,22.062972134459464,179.00764661220686,155.12303145738204,160.94023111032627,163.76626529244334,87.88574582504614,24.127760659668414,176.9120871883806,162.09450972706068,164.1416234576287,176.5299184247681
75.64976841585037,22.023383880761575,177.78373890990605,156.74415716553048,161.74392170271713,167.97055057545143,88.29457444496326,22.982974608029885,175.71594785113487,162.00658685191374,165.61262934656804,174.35661254322355
77.00967654164317,22.53085629903178,178.17692400336557,159.1919161016985,160.98863794121286,169.82700176139434,92.65787180147369,26.833893579142917,174.58314372853727,161.19797809182904,163.44314852691676,179.75323854750374
80.89823976067696,25.873850231483193,178.161256082632,160.42565128245755,159.12973582206547,164.43737746164592,97.718399885357,30.149172373450906,175.7070543142183,160.41131575988413,164.57301104304204,179.6563893898014
83.38512000928304,28.594279635925965,177.44374571407653,165.89063145475055,159.7474312327952,158.6462607695189,107.13266124972073,36.91979242597358,176.39274759254826,157.84042643799083,163.5384433738092,179.6892641478611
100.85759453140544,46.26684147195466,176.6381676566635,168.1503880057172,159.03045183209474,155.5065791090775,122.18664452373034,49.30642556232621,175.54540654713784,152.56124915168357,159.27232939106887,178.15638945424152
109.89282419277248,56.9025381031915,174.89299886719684,168.66712100501576,155.4666473241965,149.4018032414445,132.62042365999386,61.016204734571545,175.1499993602291,149.35041072569663,155.99257124632874,178.94319545383203
118.33629612375653,65.773637658705,173.9808430094969,166.9054805409048,148.2249592068421,142.18739749559236,142.10987119947583,73.89250912348233,170.75270795591794,149.82059404441765,156.95927155173936,171.5078991840215
124.75937176113567,75.29367098066626,172.48820413708097,165.8694414588828,143.11808417914267,138.88412126777862,150.44919787111854,89.57225120980067,161.92202371265924,149.87305140526365,159.09411040073442,171.581303469392
129.73323301198835,88.47258137528517,167.41013421496933,166.9688876948416,141.11895017507172,135.9450196694212,157.66100607137008,109.14487054884391,153.90853976665747,150.16748520164003,161.43732075754005,169.18987266725216
136.79655848216223,103.9519048369604,160.73707965806162,167.37204045209754,140.66467235145643,130.13572789063448,164.79045787055176,124.2353084329839,153.133218820154,150.78236266278617,163.66915850237615,161.28260448977235
145.60473025424108,121.79653154102478,153.04056496597704,166.28363243873653,140.02532329162463,127.44451456855242,167.94223947278823,132.48086994931842,152.3461407661198,152.37201633151145,167.12991518246466,164.1131946593866
150.92619049056253,132.90066151809444,145.57300872424267,166.05864918740372,142.24500926789622,128.1895023626173,171.068840364309,138.80649760433275,152.8065551051464,152.74438083989156,169.9562759808137,167.89567660259098
158.5542683254685,151.27225887407215,135.44778403618267,166.0227970407067,143.44725921221206,127.90158064249115,173.81634500636204,147.93937591231844,150.1792344742861,153.97608502973628,171.96777208151167,170.53065932216577
162.99605414090405,158.91816883538985,133.6773628895633,164.6653204771565,142.53044324848557,126.05820835765132,178.251151311606,156.0353699997594,151.64824328959236,154.38361669438936,175.7530881923336,176.37153417434558
166.57279200024738,162.8032038796606,132.87456819666113,163.6602914135211,141.99698454627966,125.25332261703558,178.52418834917765,160.1453539351061,150.76783153524732,155.21781329863268,175.55871729321981,174.96236373675478
166.68187974847996,160.489371584472,136.0418549706443,162.3987207293399,141.4045406497256,124.38088781691037,177.22599417144338,160.49871891333189,152.7147775865474,155.4557298913074,175.47336998523897,174.06466960826705
168.5462338085313,158.96722529891258,140.791074655363,160.1632188315494,140.24404187747717,124.03271996258687,175.1128035019398,159.13221938780245,156.05040803472244,155.41199848543735,175.64899952396698,176.3017765852221
169.1177306983564,158.5738166721621,140.30244695418455,158.72707402193222,139.60390358346763,124.19493585625914,174.36833413010564,159.32585733706563,155.7013483327178,153.21434763614752,173.29873818165746,177.05536314142972
167.5681128714206,155.8873074936438,142.84542163064577,157.54168692142505,140.00624996340144,125.34710814660271,172.59569845258434,155.18335742426203,158.72726407340068,149.33147366171184,167.45404321500536,171.56817017227485
166.26863820620977,153.48860563718142,146.20912267486713,153.37411181636685,132.68676806749528,123.40186009146122,171.53256501150298,152.99328859502916,162.60335949293875,142.30871901705746,152.40886373929723,159.3111192714113
165.92578773110966,152.45568631744496,146.58243436073113,141.9462840830374,119.43298562422252,121.41819024878085,169.25787023245246,151.6578302788621,165.36501390075634,137.2585108887005,137.27880664580448,144.18000704670527
162.04697615052274,144.91051981392192,149.8803100603686,134.88444195741306,109.45408380624883,115.72089349175965,167.68542843098473,148.65055439453835,165.4159497490401,132.23082927904406,122.29022854079034,129.24757042863862
152.86207828409286,128.15557301056285,157.15217202765146,135.41133231123848,106.91692014431848,111.98653808334907,163.8852372094172,140.19394698790907,169.36713819697508,132.15502140542705,118.42656798910701,126.51164006094166
145.9282616105525,118.53740214807223,162.1183976627036,133.60331330086024,100.01701521076527,107.34553291953735,162.3406033003264,133.09436254729468,172.66834153384391,129.67176194770377,110.23615198176398,123.4761010118404
138.92122633441954,112.76754162087181,157.6093383296801,134.11545493546936,98.72565009577589,106.40297740643801,165.25270262925767,132.2220874948027,165.60310892998262,126.49615185473114,107.08664247381198,121.82254252675224
133.31968011984017,104.71613085369889,160.82003579995953,135.67951251842294,100.47209855618077,105.95719578249356,163.70583491789313,129.23589773830608,160.30989761962155,125.14613266948429,102.84320560371873,119.7619948036107
125.36822007754635,96.1187973071421,163.359601936175,137.080295504303,101.18716404209866,107.0555070724436,160.0615981938038,123.26316472546496,158.7711832345457,125.37262984987584,106.04475957146364,122.89815097024709
118.78076654492791,90.63556860554111,169.6723786046546,137.81774665209738,101.9031562450661,110.29511430009131,151.30097477940723,111.26564569247469,159.92854029456464,126.99111257931196,108.2988216929749,127.26826654871938
111.29522478614749,81.74039180994573,169.72849703378557,135.8168098403261,103.33759777576118,112.08923705886689,136.68612140239208,91.251528481966,164.13168705890584,128.02749708172726,108.88644791164218,129.10338595226852
104.56229080234363,73.09577590271502,171.51510536707193,136.42645883035254,106.49129412774015,114.44317909190353,126.5232782278788,78.2322990412916,168.94900189394866,131.05318201936018,112.61125080042204,134.9512071225959
93.52327743487658,61.09860511593302,171.39581999298827,136.2190548886859,108.76077047993384,116.7851722613434,113.5084728520777,60.38192157588799,175.4117308667712,136.83598474828548,119.69461716810508,143.20880976230615
86.14970092253859,49.80725432912202,171.96989797029778,135.298352703181,114.4533517958403,121.6088684601579,103.39003204089627,48.325783417207376,178.41811684864808,141.81368712215303,128.33813921132634,152.20630291870816
79.66759743463558,42.20718725954715,171.65233259161892,138.2344071210324,122.95844201181895,127.1045071786071,95.10113322437428,38.826421893990016,179.39072798259724,150.2767444181994,140.83720062008808,159.30899351106697
75.96072983583018,33.91424244589913,174.8960437657502,142.86981208761517,132.85920638067364,133.29768179282001,89.80580852073963,31.109713083305866,179.86043653509466,156.49374249943685,148.8039844066366,159.2717524806401
73.78046038302097,26.810110882668816,177.23873708381342,145.74983471261277,143.23168344160425,142.69022646209513,85.58837235168127,24.72019004077363,178.30438796071286,160.808913882455,153.6578616230766,163.49029040830936
72.97336903926293,23.535207995054126,178.97924436320508,150.40888454858913,152.8668162059686,156.12189761316296,82.90953478964387,21.179026907359827,177.62732988029128,164.12150665651424,160.69564470936174,175.74431777223143
73.84334458130058,20.826815700488755,178.21715952594366,151.7733278905017,158.74362336706665,168.92549117173942,82.51144987490429,20.5115274196112,172.32083987907782,165.80138319944749,163.83863424573593,178.4156359391133
75.23531116565454,19.327596471123943,177.713370748386,152.36025198364104,161.01905003630716,172.8149401883148,83.62423571498405,19.55372316509688,171.4604893960942,167.71809623918688,165.00954198750944,179.87211076093092
75.8760354832984,18.12066759658047,177.67710884749675,153.45478403875023,162.27245389614345,172.76825112906508,86.03141741876904,20.640651255883366,170.61215606892156,167.26240135940586,164.36293513818165,178.76669693766578
76.96678553835747,20.521933788484446,176.98458398815356,156.06295413269598,162.7772809511841,176.1875234045473,89.16847846394954,24.015411308288378,169.23452711024115,165.3226801230406,162.153740573895,175.03146363810032
79.47088497483969,23.950035899536623,176.42622496634795,161.03528059831896,164.8446414122769,178.20536377897005,92.73886239895876,26.419313252392186,168.35343279375113,163.6906397121151,161.40975310031405,172.41367307283727
83.04182608774579,28.478008274533114,175.6357528530886,165.03342516034036,164.26586781856787,172.7971475658898,102.00875706620124,34.57609413155711,168.3935043636018,161.06940677108253,159.38788583005643,170.82799505506813
96.72879438121907,42.88734728629147,175.19956511038143,167.7777487526735,164.1711511301709,167.64471323839183,116.2010222725027,48.14323826802914,169.607150980801,157.2587271306301,156.2175440988461,169.62649102427144
106.42819711247566,55.16732932291948,174.734260755267,170.9408470441301,164.0500879982545,162.12177954999822,131.27691720094654,64.18579481749427,168.32291815103326,153.1654849208701,154.358086723361,169.16787476619345
114.51461061746467,64.74060828618079,175.00449833171066,172.37984558575909,161.21613266807714,143.69760423254328,143.69512011470047,80.57508757632326,165.65894821448646,150.42842823232718,151.28921448058685,164.51583588127008
121.88912134427389,76.4529668152338,171.3284166926916,171.2704284482386,155.0636528322512,141.579879801399,150.8432569643372,93.38036984288344,160.14633304500285,150.52186113895527,152.2393816526676,164.79356621985633
129.11552058569274,91.50726613566603,166.82451418534967,170.04469771909027,149.0502746445258,136.45751820779807,162.51579223983484,115.54542666813433,153.14859369759677,150.11015994853133,154.6113942508152,158.08772595228072
133.83520773592073,102.7666978286201,161.51149040776605,169.02793422731068,145.3014079134614,132.6198773775126,168.86806792169045,127.96157598972793,154.9162776540761,150.76912861381734,159.1154574735747,155.56520102225994
141.15613996341384,116.70496888212423,155.7326086629906,166.59873024803505,141.8015882384688,129.02207872307943,171.41681726371814,134.21745572405942,159.7969088120542,152.07037513883273,163.70254667041058,154.24513840823167
143.77087103174816,124.2013304601473,150.98224655759338,167.303167247503,144.60917619649948,127.40491100627523,171.16161114195037,135.00334477118787,160.7486910650234,152.96155492263387,171.30633709396508,163.78174033230363
146.98161037786588,133.02706401005887,141.75938128395455,166.4032226169178,144.19308842358572,128.53545901728782,169.06316763591602,135.2161761992158,159.94210868366986,153.810654183718,176.17879240834108,172.26032058460066
149.4829392668924,139.48406571174405,138.7533622060218,165.8773720897748,143.82362960100517,125.87715985817975,174.33427366762618,146.5454697270246,160.2426280771586,153.6611254900264,178.01597973484547,174.7010664656131
154.25551013620262,147.36076134100463,140.10161600489485,163.57195298101396,138.9494148222689,123.32445833631104,176.84271615649536,153.25088173221926,162.93255510594136,153.8562124497413,177.19572359209772,170.854141833668
157.02289441843098,149.03505892262064,142.47388486070383,162.33636777157867,137.0909411434747,121.66590194626505,175.04945544289404,151.93882821590714,166.10602727584288,153.16494277321524,175.22325786614513,169.80123343242457
164.01946692449843,158.88539891513247,140.6565505836172,161.96997185059638,135.8241710173872,119.43225526388727,174.44780968141623,153.6552027875722,164.64087804077332,152.52525702092126,171.3821077255188,166.13177904209402
166.79938389860396,160.15631841468,143.8458116154619,158.51234335909194,133.40522007661778,118.11702223666285,175.33803882238183,158.14555748085553,162.87479504592798,152.429161827573,169.99283383132774,168.026771738333
169.95381990189495,159.48904860285947,146.35785452811606,153.026073691917,129.63388522315128,120.32311699970366,174.75325774522761,158.73180909535503,163.50057971497006,151.3470638774431,166.56360645483107,169.67208159934071
170.3693113911501,157.44919235251146,148.7063831047405,152.40793063991947,129.36084306834198,122.23947765019321,175.08738188836136,160.60542517680435,162.63024922191894,150.42521514155126,164.31304188652632,168.16987678735606
168.2356682776079,154.42543249236695,149.77412703891588,151.82037380442029,127.38031869222763,120.69311999981475,174.9235561727762,160.26189102295652,163.03078034462425,145.66617898328326,152.3947355044393,160.95814101722456
167.34745018972362,152.76946699485666,151.99957176408807,149.54207082375018,124.34969208139967,118.26467679810057,175.12658795465458,160.13654655418395,164.05113479623967,141.42136697126685,143.4874058203177,151.42810081362478
166.14924079358178,151.08951380826713,153.30803007951687,141.74930791295768,115.64007785313296,116.06780040810713,174.20786835629448,159.25291043179712,165.80777588455106,137.0808152492459,130.93372170916572,135.23810797228742
165.2201745766018,149.05572677690967,155.32978980037518,136.93165499826725,107.26557838863368,111.46633459711333,172.34719442716315,154.73941734696498,169.0727382396998,133.04699466954736,118.69581742480172,125.08305878403074
154.24106988667148,137.19318424138092,159.055861717009,136.43363860904884,101.09012661039935,109.67222580444006,167.60545933401943,143.90500547918677,171.60548354555382,133.22475492579716,114.96235171152456,123.19305773038306
145.44985430758177,124.6385236045441,163.62755546503368,135.71040955543637,97.1418345675337,106.5570002995003,165.241978248949,134.44049142836042,170.98294933931916,128.22940692839867,105.64575734388413,119.57366110947405
136.8821627098235,112.29468379560055,163.69363370092194,136.02183623024607,96.93915970282428,106.48689976630632,165.60314370201644,131.04320345889124,165.24120564978904,126.76093832000356,105.83689073612014,120.36659014307875
131.5308908759513,106.5688318990067,161.2210077476827,136.35245944974523,97.0874459159179,106.89152426757316,166.34461437893646,128.05787271123276,163.58509100033862,123.9367769878159,105.74320715830923,121.34701224430276
126.94921824710032,100.29165423426136,162.03864208411116,137.8571753317867,98.00728816449036,108.94675266943675,163.39106966380578,122.67789163068129,160.48196574325684,123.23418874452122,105.5616761203121,122.38116521584452
123.32902883698416,95.92408196202149,163.44389000617545,137.2696594140419,98.77023333049087,113.69046521776589,157.2972389712629,114.94373436205764,157.63716438707738,123.82111530411247,107.95906408493569,125.5395376800828
116.55526099981168,87.9750766172756,168.37073838195028,136.02866437877958,98.93911331719858,116.99887657057565,146.1192127693338,98.361193365895,163.80649268567015,125.61308745106524,112.42033103847484,133.61352503711475
108.15553636520788,79.754277814437,169.38625412918458,137.73845447459536,101.89621654046704,119.39367257810571,139.51400356689433,89.09520486298504,163.11029344468344,124.15581021645,111.11658152663175,138.7279852780188
101.05762615455411,70.51490950708082,168.86409521472945,137.61230038733612,106.24907168945614,122.21045852877829,127.52595249217413,72.17679123299949,171.47022196107966,126.75780511752826,112.86865392501454,139.43374620739857
94.02586853131639,58.734235230582456,171.0157655911801,135.80785266569524,110.66273595144824,127.81364546436988,117.94783078443629,60.16717207866253,176.1334820742392,130.68052207906996,120.72514836260743,149.17032579442588
88.04008255953167,49.690445677779174,171.4684591584406,136.08492868449716,116.43523281887694,131.90720408178828,105.88534947371551,47.65251269146199,178.81555043602,141.2843203042856,136.60899358588887,167.63182355395963
81.87734278056023,42.7789244870689,171.91675846998737,140.26234930083217,125.22683898343327,138.61310570798432,99.0094213728508,41.072519273669656,177.6665076449258,148.684056628554,150.23115362806504,176.2652807496706
76.8853903020175,37.07164401512297,173.1061962789988,145.27766198343184,137.03187842611123,147.3325673743393,93.25781796203881,33.53791259487072,178.92239005949133,156.3765141241663,161.8605636805083,165.47170440203857
74.28354102650836,31.7487252760229,176.9787068145454,150.1153535347902,148.96226952497938,156.51349479615018,87.6193428969818,26.456073322850543,177.12744290311898,162.28225095345053,169.83435470460017,155.8948134485794
72.56264224878007,25.36657593716424,178.54952930666067,153.7304036789547,158.3110461690941,162.58875388840852,83.71530204509905,22.068997627896234,178.13844065866937,167.5114234365387,175.2212035015533,148.647655137707
74.31303726866751,22.735248228846512,179.9501567348226,155.0112467827505,163.32586462890995,167.31717828603766,83.51404709512346,22.111291514288787,178.50472267973774,171.62897546061288,178.88828891852575,145.46376114513507
75.01903608584776,19.787003194575988,177.84534665985188,154.22468507511445,165.2561279332968,168.13540689938083,83.48456794781384,19.951363912151947,174.8696094961297,174.77302511352673,174.79367822672694,144.4548096282753
74.47580694544274,18.17593877282086,177.33982828032188,155.2384887235813,166.0906176560939,166.88595915939482,83.76341910135963,19.33796027647444,174.08066632893937,174.89822617369575,172.65854391550258,147.7535707695899
75.22396846383342,18.54566411087713,177.98414581847192,156.00548173776673,165.6864508864947,165.7353542488015,85.0650843617942,19.216339090943656,173.75072202066337,174.01125385679975,172.90826157262583,148.89081689373253
77.33976899577311,20.406244639295263,178.95205870153973,156.8281310342982,164.80172247972422,174.04418067169672,89.05771354984809,23.149291988821645,171.81592275661117,171.82911366732634,174.32073931611262,153.5645626526942
78.51442262814555,22.485981821943835,178.64247961226548,161.92072044305277,166.8358066681803,172.6571424939602,91.45750902808233,25.29788456684391,172.12199199253897,170.76190099987093,175.1119489465714,157.50212423810532
81.89051317197935,28.026078787115367,175.944117778032,166.25730386772102,167.49916392772946,173.57143306652148,101.27033085923985,34.46175316811304,173.2661658603299,168.1535178746019,178.6170714622917,164.44937470424668
94.24400805854461,40.84963985658686,175.34226053321416,170.0813068751695,168.78888917618042,169.74679532704127,117.10623544254794,47.118276733988814,175.69481150986653,164.0381624144757,176.90113122964277,168.1963908651258
104.99427648009078,53.05098939163755,176.0848840512634,170.92897531250742,166.30751191495474,163.35943493661634,129.70154209398135,61.307678685468495,174.2981311619955,160.91811185205347,174.16188552366748,171.93518966352642
112.84603076239927,61.9035065335604,175.6226330316194,172.2812133359235,160.65510906577612,154.62018655881448,141.34707234535463,75.35197166376108,170.3739628739031,157.5091579631646,171.0819404916425,173.751018612716
120.97466911494772,73.00663391619707,174.62918464535088,170.10965507214044,153.63617247410824,151.2420303827436,151.46046247483736,91.62180003022863,161.74571820682823,155.74157060941596,169.1895332912206,178.84937288280625
126.72286381145352,85.1846104584705,168.98365739909045,169.70054695909508,149.2745514978494,146.21358337538013,160.73166073985186,110.87400676231304,153.12314226025777,153.77984148672903,165.35840457753693,169.37066753167977
133.08775331020286,97.10949374636802,163.42214733870912,166.5848669058571,141.59131666069507,137.80106252000627,168.44341875685473,126.30704035006787,151.2327955355658,153.83571794736497,165.0819017595836,163.20937245457839
140.76051280340917,112.16642203855558,157.03425906549188,165.492563447446,138.58358386617647,131.24450872837846,170.23578621302508,132.29436249823965,153.66617419765387,152.78631216282872,163.49154571828177,160.64229789895984
142.77874004553433,119.32008204617102,151.80337804872565,164.76209192198087,135.26572112003095,126.33817915446812,171.88558169691467,137.2025418133855,152.54459155196133,151.9109132977616,163.52072380550894,163.3028200227856
146.32893162871883,128.41437682684153,146.1514183671647,163.68317890959534,135.43781175734776,124.94124890675748,172.15348422378082,140.4507649681469,152.73310585541975,151.72823450268078,165.4790460056271,166.011404551523
153.99194911834144,142.64805275284905,143.66134861116208,163.5399400812788,135.93002679929882,125.24529787306905,174.4133257152217,144.51004086964022,157.72079556811474,150.8409153251316,166.6804175002793,167.8987770437282
157.86449529669866,149.8579167821424,142.7986726741999,162.7224487580891,133.99142204728267,124.1513746063812,176.7375992564626,151.9712293411702,156.64278076101533,151.12378173663447,167.49315741597715,166.29112331875544
157.9393210596937,149.6446674826993,143.56623108901414,162.92672834583252,133.4128992267889,123.01890059868737,177.86937057498594,156.69544593935495,159.27444581652526,152.13802013092288,170.31849345904104,165.83847420104337
161.5205378117947,154.00654831328328,142.1116225342537,162.72859964363815,133.94576269750917,122.47584711886981,178.17202221098543,159.2687711873253,162.98792958923872,151.98283374617765,170.6324590290773,168.53495580051208
164.60050417678977,158.01653083292277,140.81569616155284,161.9689375211498,135.1670307162804,123.98453473392296,179.56277981719094,164.34428610761464,162.01477133125758,151.89684014100686,172.44029991957777,176.77465930212176
166.64141535594817,159.21079876081683,140.27387971655787,159.57033021636065,135.23335315822627,125.96395169027433,178.14260486060883,160.85158604653952,163.1441073577233,150.87781481426856,171.29207329141138,178.79272720713482
167.25667048491368,157.44162292528048,138.7688467717696,156.21029235515178,134.42570987640894,126.95575300583413,178.45709315889147,164.52513763381532,160.67542502097388,149.0402926747832,166.52326813217454,175.05666258630453
166.64800555979517,155.6382805254651,139.11665897005113,155.20128056533903,134.32357161426023,128.0097686070144,179.2063463412055,166.68759663638915,162.31052126826498,145.7265132743141,158.09044225048675,167.7988643118285
162.44571654092562,151.85694092948933,139.7575683253167,154.96797664898114,132.5103170439331,127.54886494048027,179.8898286082695,167.13944733541294,164.60981866295114,140.0661981304616,146.7598571695138,156.29030071867604
162.57042122069186,150.9437503710899,141.93753169841577,149.4328679706523,125.00086798130937,124.43311408416905,178.0408490570075,164.7927019882126,166.26300731354107,136.0081731962308,133.7094827131239,141.04080026620767
159.929757200032,148.07872091234455,144.80987866976656,141.09818415252045,116.12794103371166,122.92760619055302,177.7914922026668,164.24927976367073,167.64611912224774,132.41284790955456,119.5177008012173,126.3063486586047
158.58688453614425,145.05178435191502,149.46087025556918,137.13932573411424,107.58901855493106,116.69328251675725,172.85574728738274,155.6550382494078,170.4885803191452,130.43233347264356,110.98201224937658,121.58181773806456
153.44600689474237,136.56892544567657,155.5668212826868,137.49853201953928,105.14255107223644,115.20973922338139,168.00543737887057,143.86750010758254,177.04354657162662,131.57364142682712,106.9983033144134,118.34555559114492
145.4692147311714,122.08042036933588,163.04255424363097,138.3643645519583,103.95503182294658,114.75805595016878,167.0583933110419,136.95542106458157,177.45809065976286,127.01242558274475,95.60432498832775,112.6600430046212
141.35776913642573,115.45181430783346,162.46869336449305,137.28854123563985,101.86777162025457,115.23583889378176,165.53431672102272,132.71879094043848,169.58324168251124,126.71483895700295,91.62383795298805,110.15511940682677
135.4900977295019,106.79385441776414,165.98648781912667,136.8995801945298,101.22126701312696,119.94721657914641,165.60316918243825,130.04806535449018,169.7434195568326,125.31281299141591,91.8101157557373,115.15238990850715
131.4492552014112,101.16481880868282,166.79463584393326,137.5512200695765,99.19414255248522,118.53750786624292,164.29997301583316,126.49732212291258,163.78072742207118,124.9393723250513,93.24735752573817,121.92394760796019
126.61453372649184,96.61010865850147,168.64950397817242,137.14906366411168,98.11138708624041,119.57719916852714,159.08464781987252,118.99226980057304,162.15736336636613,124.10710750054857,96.05950336424654,133.29064253723044
116.5728482741951,87.03671121528197,168.49877232783365,139.1224832992317,100.13175480614265,125.87094027033454,147.15935736829059,102.77624264116902,162.63935901033213,125.00285528102893,94.89570982914096,134.56938775445747
108.6807483015147,78.62625431264169,169.75814865339098,137.98184242524306,99.9643290612383,127.26962303193417,136.02334899030564,86.86037291258322,169.16741932272745,124.93719578596787,95.53807395854056,138.24322808567558
102.04643685492393,69.45619064874394,171.6049182237539,137.30475854669533,103.43088764029316,137.8128469867342,125.77797785122293,73.01780377533929,175.10439422706256,126.67831440906545,101.3805897830292,146.357432915015
94.33171118999202,59.08559712069146,172.83726521272354,138.40159911948612,108.7131308257286,142.783975261953,116.02174135146915,60.05100970114679,177.99041707369003,131.50707495516494,111.41443436270177,155.5882458842023
87.57520408497037,50.42318985084062,172.9028953451564,140.42240508100423,117.02323913339501,151.00437657057276,109.78091135468146,52.34864067958275,175.91198230948328,139.30130531430484,126.66621939818643,170.90543580114303
83.20319076890407,44.1491218624736,172.64179597831807,143.01814066215186,125.86460208190512,158.51924369709872,101.24968101290514,43.60655964659721,174.29512875604829,150.7458144072703,145.80864539726733,168.7721186925959
81.1579073531376,39.59833050543963,174.161227744018,146.8229246543276,138.37464820505474,167.9155851500545,94.80165348977432,36.93454713234493,174.60007910088893,160.80855427905124,162.95799049874694,158.2928946780256
78.96747015129672,34.65564593281663,175.03690592596584,152.11182580231295,153.7309849151135,177.56544464159913,90.75800630142443,32.42349243081486,176.68726100456612,170.88159728951337,177.22849698840955,151.3108389661553
79.65122936529906,31.167565678668364,175.71061309707466,156.00311568347894,168.9453827774826,175.34518546869162,85.58518214314326,28.23923865719698,179.13454994537193,177.4629921050034,176.64283726293522,147.7590782592517
77.91144408621955,26.038844636688633,177.85824080438675,158.49594491495418,177.54038652424936,179.9426308290698,83.06522226265042,24.646446481456408,176.70621374593716,179.90132197206697,175.436568328507,153.71531597885468
78.87713956475417,22.663717805126158,179.39107353791255,158.70156990075964,178.27326863030584,161.03026558360733,82.86614284892477,23.079140843235496,175.42259500945795,177.77042101197412,172.9567232453209,142.519952862565
79.40303595057678,20.57973534732941,178.39113578058053,159.5073406107514,176.2145567676701,164.27948545735737,82.98423203671484,22.861512089149826,174.03149123091876,177.68235696501415,172.8939661886747,137.51382985770857
80.09218297294368,20.24828421076348,176.54046395642922,159.5515959137143,178.06654919701597,150.6706340317854,84.13209782840389,22.681118678021477,174.52959557752897,176.83598620095802,170.62982879953404,135.42863882419365
79.71979674333991,20.34725119837501,175.37727537333848,160.77231189342524,178.57436325333813,156.27612836976576,85.2382051359237,22.56136329897223,174.62802496761566,175.92073729062795,168.9813052723621,130.83589095518224
77.98510084293041,20.397216535892067,175.2417285618066,165.6667831713516,175.55309063397422,162.59874601423294,87.50950537220113,23.373717379654554,173.54087298870704,176.38549514104528,166.0640705466459,135.18040996308727
75.93390329678317,21.264693555521532,174.18566840852907,170.16374573394032,173.7762639875753,162.4714010286487,89.85118094163738,24.46880207778016,172.84660737966442,179.04735080734142,166.81149700244146,147.17947111859925
74.6196599026028,22.143746719826172,174.91754498329072,173.38963074943993,171.77251680279878,163.6350207837726,91.50767323115289,26.521670464027835,174.21042786651265,178.4850074378445,166.22106719919842,156.58499307347648
73.34460263693687,22.99368677075899,174.7054997753355,173.45435654384093,175.0110392406217,169.98317779351532,92.56037271828772,28.06772056298386,173.80386281098993,178.39237614572076,165.56253788230083,157.6241300240558
79.8656558893924,29.788170235809627,173.6869713867856,171.59511462992825,177.81985287968962,174.00351507088465,101.34134975287373,36.2210427191751,174.6737090132354,176.51135043406325,168.68926902602914,164.50112941774196
89.64269745225003,40.02658741204557,174.31897189955572,173.00713274554442,178.2443892192544,177.42001198965295,116.20452980264989,48.05366997460587,176.50504042273033,172.07453058628934,171.28756785621272,160.58693645703568
101.99502084639755,53.6251697961202,176.34537876155957,175.3610450927291,178.5182280036581,178.31645822152953,131.32828395222322,61.13452786645821,177.39879515154314,166.15861679303703,175.02855730201176,161.52489225424208
110.53228620615096,65.17100635685712,174.9414989367903,174.41537204607445,175.5871303179078,172.74224626594292,143.68622128876214,76.75957411932794,173.14962973407881,162.2089258598513,179.5067737514135,167.8503364910861
116.80751541890875,75.7354509854767,173.43175154433263,173.9190767998987,168.27210036281912,157.08430017277482,156.83645013749017,93.22735435788661,171.34815721155445,156.78512716642334,176.15194921970252,170.75395136486168
119.6090135589075,81.78090248265002,173.73350863252986,173.5409193682909,162.85727793093986,153.36953816397505,163.0334531163114,106.54396199622302,163.15798531947192,156.6865347201598,175.28030016268198,175.1275666173607
123.26584274010231,89.9327092307311,171.97915913175936,171.88538197563742,155.98183528994346,145.65677882941873,169.14461746297687,119.95969049945198,158.0709948984182,156.71568941276527,175.36294468894064,177.29893934738118
128.55453897160345,98.90673359983676,168.95487784410813,169.05083960642796,150.48606819224725,140.24346793506453,172.72358102733992,128.4894247976435,157.7223549824867,157.63555487890858,177.05838069408307,175.76925045998732
134.67188913233244,110.94656500377042,163.3025849031179,167.95847294103024,149.1488753289021,135.2330648767394,174.7701696255811,133.13638627822337,157.18792610931132,157.741251621119,179.59183074260022,167.40116964851603
139.03596205571657,115.68662588428735,162.35503916679662,166.69941281220457,148.56032255046358,135.10080805193914,174.50830742913254,135.3809813207683,159.68093991405442,159.07143446377967,177.5130203192594,168.5830115403352
141.94964533061207,122.8192815146268,158.74326524939121,169.78666795815954,153.09533046751258,136.09366530913704,175.4795106260343,138.67401151955778,158.1793358878286,159.51660365438246,175.11968076833242,169.2679612396033
143.4809816033265,126.9422854973015,155.85498950603403,171.21889542469415,154.86380866975603,138.33560301627932,176.3248751687649,145.02345505945263,155.70826662572895,160.1679163199024,172.78034674633724,167.1532052098495
147.41594597461602,134.2964407564619,149.8170600384583,170.9008583206585,154.04996650032854,137.15301359687254,176.58369324259067,147.9493907146482,156.0213800100241,160.63941870889886,170.68023672986814,166.85222230470612
153.40077194246211,142.52030958621168,149.30123955852255,170.25552230322728,150.20320389349175,138.00587676433352,176.67812988629964,149.36954284882242,157.53094153130922,159.85821989007576,170.6878800258931,166.44063927566302
157.238682026788,147.06198419079618,146.92541354830982,169.87847995235728,145.3192462285331,135.63158500215528,176.8315840042824,151.32026640170642,157.94016196740728,158.194473905049,175.01471674131443,174.24121894544786
160.021472326333,146.122711704969,148.34714151531378,167.55007398022246,141.0373004477222,133.75137550357343,174.70053713292936,151.41280085686623,159.3419810607411,159.48484321501704,176.98014214105726,173.71490674160796
164.7545556615696,146.9837007266086,149.0426561291209,163.19298915298418,137.36496857009936,132.06933443224415,171.94009302833632,152.26825042156634,160.4670421214197,161.11670117850846,179.8371295679168,178.617879812233
168.61644942747844,147.39385090019564,150.65765157208475,160.79520960342393,139.34852564966602,134.71809751234136,169.3532878420485,152.19826477624324,160.69782039739252,164.74891522998976,178.28081374210538,176.68899986412595
169.22095378291235,146.58646979642677,151.5862934449152,162.99232073426762,145.10357091016454,141.47295127156494,168.11873152495394,152.2338018423058,158.8608195856096,163.82818063640084,179.73527353030468,175.07987542902063
174.41887218860444,152.31154601957198,149.4573892381264,163.44877772254915,147.71217774854824,144.26971512326486,166.75636322925322,152.38222860281624,156.01018738947664,164.01994969950098,178.42786682732134,176.88978781230605
175.83794708108138,160.14127258780266,145.43632165481952,167.1562266453747,151.80716209257275,148.12829132649298,167.72157759048758,154.49092103613137,152.76884190027047,164.135340619156,176.0779414256973,178.7682661627471
174.99644643566208,162.86273581472165,145.42621147457558,167.35743877201625,152.59433916463144,151.68746942330114,170.3331054267805,157.60572247680454,151.1032361610392,166.15960304990062,177.2955954536829,174.33334400419795
174.61213210118453,165.61018044673958,145.5878696374473,169.66041619504335,157.6210552457648,158.94584774861707,174.133826249806,161.30755198455486,150.05143505387946,166.36163385155493,175.99239750148462,172.66597442168975
174.56619833211968,167.62395116818124,145.16469604963112,170.1730315461131,157.26239167152048,160.75474872026558,176.99122135510478,163.37829915162027,149.70138982904203,165.1038407537748,173.9697464951677,172.58227485323863
172.80745803429002,168.02720983547715,144.9223703750301,171.82688338452286,158.71516333181805,160.72071699207766,178.75551473047886,165.08581636609958,149.01861525460674,164.56635073273802,172.233266243675,171.72432216821775
168.0230768167365,165.1249244544388,145.34761702567437,174.21515606078123,162.74987948091325,168.66497830817045,178.69545093158888,167.92143169217624,149.47302888135468,166.5774630842617,174.08995897206245,178.53494622553535
170.44226949133488,168.50347670361325,145.19854480133503,172.87052238958844,164.66271285446868,171.96414915704167,178.12799765716042,168.64723035063068,148.82806453890709,167.89642232426112,172.80788621821395,174.07300561022
171.28345669748543,170.71161528483583,145.01372858819207,175.14736259823482,168.75162254289748,171.72789176580665,177.08986329509375,168.71208815529369,150.67807523167826,168.9389334542403,171.9562110784078,172.18546036617747
171.9657672690656,170.67553926157646,144.0663999598169,174.37195026077782,171.55993139811008,173.17301945640259,177.20334772492842,167.28065310992287,153.29282185249633,170.00184642000718,171.01395012716077,175.05526081602767
174.01067536126877,172.5712370480274,143.48316025738683,175.0852404565269,176.1553647568204,178.74984378329245,177.88400436799185,166.06186755877113,155.52081092822297,171.1505520249077,169.81089348939537,178.67247897836634
171.50796120190785,169.95656775256182,144.30081566713397,178.04747888957482,179.14338311416614,178.6093053797105,175.9620260189815,166.8023057237684,158.1067739528253,171.2370410054664,170.86278444724562,175.77547077893567
168.78360869682237,168.4665747269611,144.47061667749867,178.74117954410693,176.55141445172507,175.24049243906543,174.5218869073101,167.5015252301869,158.3858602181228,171.34574285914718,170.91207954165554,170.62802695191567
166.22949579044223,166.69159923588074,144.05306758903714,176.24563519985014,172.62482480520495,173.57070868290828,174.41167620891738,167.47367351545785,158.62357625067884,172.189120324269,172.3948479104689,168.99513798026194
164.3784770348202,164.56545673700836,144.67059560412525,174.43914679938166,169.858289771303,170.93035619554777,174.30443789649908,167.45429983089033,158.83890913539938,172.95128105844472,173.84229069804115,167.32952733688623
161.2918785547291,156.82401782433502,148.5558184195456,174.21816030745256,169.0077287648082,171.81832424479126,173.53303224455846,167.50815368887456,161.64532792300588,172.99842360747695,174.58994350206572,166.6687532248082
162.5455340938026,153.58092091164855,151.28012292112402,176.76384898208246,171.2175750469328,174.29239088197548,173.75849890750484,167.73047265485775,162.09502513992126,174.1084205175543,176.1810732558244,168.75818326792708
162.66794212550553,150.27045989524623,153.1284676289707,177.73609419296417,171.34927778540938,177.9071955072975,177.23405962630733,165.06060470357463,163.41811511166782,175.52772475385083,176.74396684518388,170.76829705717475
162.27010956817384,148.998274260159,153.52334120745465,176.3165900989116,170.0778699075036,176.7864493261899,179.71596484693927,162.97257749416283,163.11156637671854,174.61289355499446,175.29544642857542,169.38435180083073
162.1446438173663,148.74860328430023,153.10511052764548,178.1373526298421,173.4962030447998,177.63242567997517,179.25285236665306,164.01871971284268,161.94989765871375,173.99667912100048,174.16813778096187,168.36929988541903
160.90439605635336,148.12644041588155,153.05732500936207,179.53115597690734,179.02538668305448,179.78153755542428,177.65078428913654,165.77970758617641,161.8936176982153,173.68593113953165,174.74239123865178,170.41766000367065
161.82870273642078,149.3003265807418,153.15114339613552,178.75552708862259,178.55988602607974,177.24400402845114,176.51009860953474,167.20597485242212,163.28319415315804,173.53877981020014,175.3029869729567,175.32085044945464
161.7253256870436,149.44632485554988,152.3011314049621,177.56023276529535,176.50207810077154,178.51152575124888,174.70848867768387,169.35778151299817,163.57393282780504,172.57924943337423,174.74533667565674,174.7292193933587
161.59779982684418,149.4371861741229,151.95229405482416,175.31425657900039,171.97173393525375,175.62657507882105,173.43257706911103,171.2069358927208,163.32329824188733,172.10039482479058,174.2217323352124,175.47998491917244
162.0346729349989,149.8991946640582,151.82184366686153,174.0047842593252,170.22260860575645,174.50056498311653,173.83147787644182,171.79556652102815,162.62615053764424,171.47365757878043,172.8428961714313,175.43787807921356
162.5506838798444,150.6607060481366,152.23954165046266,174.2391305080885,169.54998198781675,174.54344785400576,174.92114735974164,171.70166769961529,161.83665193576755,170.93352599430324,170.54676461305726,172.8229518724547
161.96929163078062,150.68509126128123,152.39513817849473,174.42453674872166,170.1625233623761,179.52887746823473,175.2091646049842,171.74163518984088,161.23870219002228,170.2233636180597,169.08336386182208,171.34604050828025
161.25463015609597,150.81741966649088,152.28478005021893,176.38751258686816,172.1534995862275,179.58531461863072,175.16965343689083,171.30938181452052,160.96026164369027,168.9477709752607,166.86141023392918,169.9357492653664
160.6160948662554,151.01089195533757,152.28512569495126,177.2652490718258,171.48049621832183,172.14741252815148,174.78802367809183,170.7301023105903,160.72713136915976,167.01688980688562,164.55125223335875,168.29037671030164
161.04233358465578,151.4899780690021,152.30569189461534,177.09925874922206,171.69371181286795,170.74902630491437,175.11372849877304,170.28182817354786,160.83097146148057,166.4448799152688,164.1312329903009,166.52412022963392
160.91166145118962,151.58396575256694,152.3476863876008,177.06060255494904,172.1722859546255,163.52627353704386,174.82091043904234,170.24514602744406,160.77733010154094,165.6790933857459,165.02843683731462,165.24020712763928
161.50435856343768,151.8586002842728,152.50720341077354,177.2644363315987,173.04769173464712,161.94712207801018,175.22577204765793,169.5878646313934,160.59862434436346,165.64267345477862,167.29646890416097,167.9525159674942
161.65571186455142,152.032518875052,152.64852205750907,177.5566375816936,174.93100636194032,166.6193345440819,175.4760325329568,169.15679741444302,160.72933705246714,165.4894765014906,169.0937198509274,169.71591696875953
162.6604220103001,153.01203377031806,152.49249561744418,177.15912950752144,176.417008749507,168.59148606314724,175.93342918688035,168.57467756304894,161.9327781295935,165.11877445822446,172.27344684701555,174.40149434654361
162.99487439355698,153.39928455596615,152.43069449098223,176.6282828881746,175.77116295145902,167.59494717126074,176.405948378682,167.77010937118942,163.53718187901242,164.38026457416754,174.11434151571214,173.32832743688093
163.14616780657073,152.86376009413553,153.2688418764602,175.7439430656758,174.830439446451,166.63689732229858,177.37707387540505,166.61458885079279,163.56638439795324,164.0123558637413,174.48330320476143,172.97469744819398
163.61162313824937,152.8455369600064,153.802549944535,175.28246201386094,173.8953382929152,164.76459001792276,178.44852101153995,165.48070124268054,163.3954617660016,163.8109607763941,174.83516773722712,173.34116456504108
164.0313859166198,152.31514164825845,154.4301371921906,175.02657439361036,173.36647563162919,163.9857624539664,179.4937310667396,164.49879934326984,162.48704392674733,163.59804565231337,173.46292686963167,172.9846035647947
166.41579908671972,153.30789275137755,155.44302850170814,174.734660149292,171.6298042951472,159.46562571547094,178.67478189707015,163.2631126285989,162.34395120683442,163.21914844135185,171.51683276070324,171.6779484919721
167.85290512782643,152.71580771117993,156.86610026068522,174.6570464943133,171.79708527423458,161.42299972154905,177.8001009449287,162.63746942623655,162.32219773224062,163.71787130066036,171.1363399710341,171.11330497678668
170.5583712626398,153.6737558976701,154.607700842982,173.98585516635393,169.90643763143478,160.87405428802742,177.19342779304958,162.28954486265621,162.33248309066963,161.87093291012496,166.5321525022141,169.5992809798547
170.41875039807826,153.7623140543883,154.02189241711602,173.57998176187363,164.6971188507744,154.26025690775526,176.61816180421957,161.54425302557837,163.07366318346646,159.28534124212692,159.708128959312,165.35200451611914
164.07822942547767,148.8735146673122,154.88324097192503,172.04697582664346,155.30006340426806,146.2194970337058,177.15400418067924,162.32037910079185,163.1827386837964,155.72360006250165,153.02641778046123,162.4875771194268
164.20359164859724,148.673204824892,154.65949173179223,163.43312732695182,138.03533621115,136.34340656880255,177.2804863443155,162.9444654772146,161.4259440234612,151.69801480097087,142.96388380491902,158.45766815989643
165.11091020846692,148.3178952477257,154.10820964670543,157.71135428836777,127.40210220268243,131.22916006205514,175.78116673076488,162.1154485442148,156.5996275549579,148.8070177429366,131.16087890841462,151.93058147761138
162.9218549164791,145.6492133923768,156.23049045670277,149.60999107632804,113.88397409858455,125.95573968257041,174.7588951276411,160.07629051051762,158.07231749080225,145.6610474384399,116.14559682330199,139.40698145837504
160.63175401720426,143.22234157197485,157.9023228291294,145.1754401549224,108.73967913087385,125.78714541258059,172.5254886360175,156.46477570470464,161.68130585710242,142.9418121659768,106.88291451574679,133.00378159784384
156.3252194769889,139.02016657431847,160.25076052495925,139.91824791367782,100.33934253474132,123.14076261173393,168.45565186619294,149.66021043378635,159.9513930447987,139.19416133478762,98.81883144250816,123.73874116940718
147.4214900179634,130.9959856377688,162.2684527080158,138.90376558801955,96.53729210147328,118.26912814148561,168.94725980675244,142.49696398851515,160.1315184727355,135.7362878891285,98.336230507554,123.23124418487997
146.01589224078216,127.87349686208647,166.66202778911855,139.36584030021672,98.58586641446303,118.95174619939176,171.0553744949572,139.42583925747184,162.32746147028067,132.55961132969423,98.68956120382161,116.61567730415118
140.63755160724037,116.23427362106887,174.0547172123765,139.28772667352501,99.70222236627116,115.37401397677958,173.076629462089,136.6509458374921,163.98237953736626,130.80286817317898,102.12356617099469,118.87673006499917
134.04461539381717,108.51383653979006,172.77214025196855,139.26295293665774,100.47014403678698,115.38591362166508,171.35893588693583,130.33887662986817,164.39796956499205,129.47736475431466,103.32175978584065,121.81355356453673
129.56810505829182,102.80955762612996,171.3582776642573,139.57074296932132,100.07945966931463,113.34324426848801,171.22937132595092,126.36086173035726,165.00046641188717,126.10064210325453,103.93368051041091,126.29840560129061
120.92263914590005,94.35074856748739,173.21873338121347,139.47836254132164,101.79599022665185,114.19352209340524,168.59299963983656,120.83224591065864,165.0820419717618,122.65747587695913,107.01917702742331,140.38498327876775
114.3788361156054,86.59105874649417,174.53307071484565,139.88294096901157,102.98043716592889,116.76997699187184,162.53665758802327,109.67588646606562,170.1515233269649,123.29465185068815,111.27107277640347,145.30693762014033
109.29560541525632,78.89973302969942,176.7529904242875,138.37463372786857,106.04784739509456,125.3685912101285,149.3267276013525,93.05110199387973,174.10783801777785,125.6155123218087,117.34129856832446,155.29233399310797
100.28214129284102,68.84761419362974,177.11217439516068,137.2407941960647,109.91911973466469,135.67519197530592,136.51208429666147,79.5057438413148,174.60404301012153,128.3043149323333,125.26484559226563,163.62632945477716
92.99246559007483,57.14513679544739,176.7299119952115,134.7465988534732,110.90483455349451,137.67445466130943,125.83139265790439,64.45382873195645,178.26948547257302,131.5038065531121,132.15654651372955,175.1926330673594
86.98667903080452,49.59408012261177,174.96503048740243,133.8811150001613,116.93539580493388,142.85705156694178,112.88394522984387,52.62747387375462,177.91651999803344,143.2794328925179,148.15538712451837,168.50316246931138
82.18740489708945,43.72258268464555,175.60423525824993,134.70761700703335,124.40498901571243,150.12349503091622,104.27058873742992,44.75289318205492,177.26725226104398,154.09198095971058,162.87399085947814,153.49252410227453
78.12581282799054,38.57287695012973,175.90558235383097,136.75513835228122,133.06600435261043,158.0806345640307,96.23500479836035,36.505512978709795,176.46867203342435,161.47251627574866,172.78478753511922,142.91921612462346
75.34062457277996,34.00674947844637,177.71795802290677,139.86959126965007,142.03490150533943,164.6472540683209,92.2090427488303,30.864312173675554,175.3679221308871,167.69433520703464,179.13510270683983,138.62018759997622
73.31445667959808,28.527319530506663,179.52373256487022,142.00019415135887,148.9156355954461,169.02687790673724,87.40908623018551,24.54811078701854,174.7231670421875,172.1680808522822,174.80785012999118,139.49513755265954
73.11830752955508,24.776070986199475,177.45803398961942,144.87803280266698,156.39599048199722,172.51185076800277,83.87431648203061,20.458082349815726,174.95973202954607,175.00808533498133,172.21795087407278,141.798298232134
73.19963238137942,21.731549600232345,177.89802524642013,147.4452226211813,162.76894023296876,178.88805008914773,83.89672014812324,19.6974521095628,175.65691276473902,176.72669279477492,172.49111093664416,150.6930645143695
72.22210699744977,19.865862357313446,178.15496349447858,151.04276588613166,168.43586425751064,170.07005890208114,83.04870173386315,19.043972035883616,178.45529378194797,176.14454811412534,174.04343171380864,156.5053989577558
73.74311936727469,19.865488654559893,178.5230750126377,152.9405838828252,168.5829070171491,172.4214233347288,85.24563610468894,20.159726917277474,179.52637451907398,176.05068371980403,173.8020175677724,162.6847804258792
74.09919470524665,20.689742790936403,179.62259682865243,154.93635417643983,168.61008250179026,166.75815405266738,86.63272560353806,22.207590576082943,178.86692647874588,175.62673568079725,174.8845189481431,168.7948378408216
75.05122657584985,22.077251791670562,179.32519815428785,158.9021289994034,168.94625639938587,159.52384865019496,90.0172634637758,25.159177811112272,178.46146506484388,174.36825160404,174.71538566045115,172.5708932232303
77.47424363916889,24.9255591144837,178.47406921735987,161.6542207799288,169.95945109594882,159.37306345524925,92.95726137355129,28.742846057063424,176.04665066360803,172.9014673481133,176.25058321906764,170.67856760034724
86.50914536228944,34.41227670057294,177.76896158905075,164.31969188100754,169.40585050477924,166.454306711237,106.56750656886594,40.143107989097196,175.79978245598573,170.18190512009616,179.41959811806993,170.3886397978834
97.62730118346182,47.14225794360412,178.0702903310543,168.25395046628586,169.50937273571063,175.4036803628758,121.99527686790009,53.41547291652464,175.88718913996814,166.09870457600422,177.25978141101623,171.63413500768266
109.86424319414745,61.81566845262801,176.67230605411223,169.15805377891482,167.6550075666255,178.02524371796366,133.52203805928133,67.25582317086214,173.54833287214714,164.09077457779745,173.3518907559547,177.21638377346287
117.34702274165215,72.40448689170579,176.7766547228633,170.27711185001047,163.538852885408,171.96834768987392,143.18802437733405,79.54602618720652,172.91304368630406,162.6520475399398,171.08795957834894,176.1879801804024
123.02875765713215,81.70619084075395,177.41353056021953,172.975544147587,160.77739302235693,166.93591082882836,155.94148025101174,96.39995674468271,170.97846496890287,159.0193480164735,168.4309028608288,177.00774194748325
128.27061089655004,92.42875687691833,172.9680975908384,171.4244224649293,156.62307545842418,158.68101269577062,164.2141340567511,113.71297041625239,168.89180182525158,159.41147357490405,168.4732451235775,177.77293449278633
136.75078315407043,106.50528074596457,168.77360044943572,169.21066451503376,152.1872291491801,152.6954226081153,171.25941649854386,128.5715663360219,166.44759100395504,160.62195211340944,169.0973106428485,177.44818955361546
142.36265981105177,117.58310006850417,161.3093457465296,168.15392277565215,150.1778775411718,146.30153619532283,173.67018425810593,132.45016973451564,167.54803441391778,160.34728597491355,167.46305650297978,167.41291395989975
144.0848430823852,122.17753552978617,158.57444167628424,167.7476736241299,149.18545890939242,143.66374404994392,172.59134174858568,134.66146100161535,166.39688177125504,160.43616205567108,165.61381807833996,162.93909817711028
147.42466044180506,128.1269496424115,155.86640510973308,167.43110307035195,149.17283128856897,140.8795923190575,173.58865128075357,138.65688441884447,166.28610966399108,160.00299553775082,166.25926900820775,158.17036906779603
151.54864510081202,135.2085552641828,151.35099594755778,166.52971002753128,148.85582221618455,139.14603047306966,175.30128850830042,143.7956435631993,165.71173728102445,160.05887481725114,167.5031127375126,158.2299289398898
156.67829051367391,143.0661983335614,148.7470586372169,165.6955843774956,146.78224522851426,136.12826012213276,176.26078035150198,146.81547815843408,165.41060835687853,160.04039193005624,168.26233376679093,160.20714616786225
159.26323621043827,146.03942985275845,147.99355310218124,165.13191647999722,144.71226655727045,132.09956421084505,177.75762792953498,151.19300545604887,168.04296066148865,160.11325033900872,168.59081592356148,162.9075954847174
163.3255404560456,149.68358903307058,147.68588541028106,165.50059063739857,144.32219750008605,129.78500472119708,177.95558404679724,153.80576523979857,168.5173510987297,160.79417834931462,169.81505552750411,165.69255271929873
165.4218063069933,150.74575940167702,148.47344524775264,167.45421713157026,150.5478461826996,138.18168050314907,177.50635982605877,154.13780947876944,167.43485901388763,160.9724060038467,169.1731409177587,166.63942779579372
168.66645414955775,152.1796425204101,148.192898392646,169.22555892241581,157.53937074946242,148.6531913025844,175.738521138014,153.29618508998882,166.64430753895405,162.0559584020095,169.84976456264644,169.19996246544517
170.10160151295582,152.49499909757233,151.89596174231366,171.7371907535027,163.57850787839382,158.81109639993895,175.14041752001373,152.6850992524015,166.34091816954353,163.00192814966567,170.62854336699417,170.4727144012209
171.0488978337716,154.0929465044241,150.98393724485447,174.21417710368394,167.89803781286207,164.79606828864078,174.43426526654065,153.74685870869936,161.74711909237047,163.77949616171398,170.45227940921242,171.0661276506938
170.06924805902267,153.27048212288042,151.69562076543963,174.77332665877142,166.7209738699153,164.06096832088397,176.53129933698852,157.90939089865404,158.3497136278254,164.19658038769907,170.41706663993762,172.01010861438107
170.29703925591528,153.9231804138272,152.81843376086286,175.2624415350664,166.24532450386542,164.42847537848803,177.28922631795646,160.1124444892876,157.4806352059332,164.56641494626206,170.57262926129883,172.59349860735966
170.4293145534459,154.60479118213982,153.4881721341816,175.6234606064039,166.7715539882904,162.5989031961618,178.94635975746215,162.6335116529964,156.96811187298582,165.24827221439946,170.65542023347015,172.76966926080541
170.49138824800156,155.21232220277744,154.00968117791868,175.77090742353698,166.17421174384444,162.45981008708765,179.3578719894881,163.3341380590887,156.83360405675572,165.7029889554235,170.8685930554871,174.00022471252822
169.91151089434118,155.26817485427844,153.34909583268848,175.77811404549539,166.28188590543763,164.0434949774574,179.84649997410543,164.18311047815772,157.599297328456,165.83294403376584,170.15985278836553,175.344443887157
169.64342591022563,155.51297220103478,152.3611305740996,175.629037791738,165.84733693386482,164.07794050532186,179.88167925328085,163.6036269687015,159.01342745681558,165.91483398697585,170.43443595411537,175.9658951197714
169.8680937504417,156.36665372658783,151.82258436651722,175.44147001875328,166.0607354916009,164.99724769255857,179.48735660282668,162.45716106997864,160.40526990437206,166.64090069923114,171.37754942840823,176.96710764158007
169.87563858079514,157.1950894044205,153.24971349387366,175.09334442215214,165.81143466027336,164.8282159818417,179.56171889727537,161.60772616811312,162.91740121467825,167.38730365545348,171.65192580947567,177.01983738498538
169.7422487183957,158.2203021420246,153.4656305866951,174.88734028944165,164.47290403614,162.420619058399,179.80910065462683,162.22374951953978,164.40734242084463,168.5749622671577,172.2038229648122,178.87210195127457
169.53007237397506,158.66786876461165,153.93656636021836,173.66724617978133,162.94463271690316,162.6711285406045,179.1688973999982,164.15763025508002,165.52328137965435,169.9439117090686,171.15243816734542,179.877718067351
169.18056611671784,159.8184990795783,149.7697502929359,174.115904243644,165.08106043220198,163.84312346042248,177.95860784417718,166.11979858902492,164.2809748918913,172.53427597776462,173.49946240800392,179.019932700211
168.0237748640619,159.3316317285297,146.10820737094437,174.58977661629172,166.42776790716798,164.53504081842826,178.31109810716308,165.81605610653412,164.40700256017428,174.8236631727095,176.03686381283686,178.2730038203639
166.97205690049822,159.06678537662862,145.83352984770727,175.21346143743,168.95848139444547,166.90315201916664,176.82594689312245,168.7429500341545,166.6913487887101,176.2011388240562,176.09378252436318,178.36348507882644
167.23930573460544,159.62026727209005,147.0434751882119,175.42389267334144,170.75430774022064,169.69151780432026,175.80324471454873,171.6731457547753,169.21841185250003,177.21402357960858,174.9130039400201,172.2946606323114
168.1514216487656,160.4653159461074,149.6644257229691,176.02986041214828,173.83118259748258,170.48312839254896,177.01805401790438,168.8837628118215,174.53711144923216,176.70418941634523,172.91930982224585,168.8420589599535
167.6264484897276,160.1883803261388,150.656803778533,177.09146997402846,176.80617005185843,174.13534947709644,178.21958584432645,167.31168059525703,175.66118722321056,176.48986570418046,171.6617763404659,166.04359007586035
166.89945331563507,157.9517820950426,146.09172602420037,177.1201395778155,178.78588947198827,177.6198483413203,179.9409695642045,165.9315501886862,172.35326228420809,176.72238537318637,170.86371534714988,165.26326620326273
167.60078158161127,156.99362162016118,147.13037737972078,177.07346516227085,178.92786944072537,178.0198607200067,179.51240667599427,164.54171362976442,175.69746804442607,177.04841764563008,170.76135747015485,165.66458124756346
166.81547917193544,155.80398530571037,149.2802375707249,177.27931290731738,178.2545977809993,178.83696811377223,179.8171665789374,164.33970073935845,176.36533820382704,176.63121694695835,170.23874702693334,171.34901438883966
166.53727396684656,155.47258096171802,151.9572641233905,177.7066012564383,176.62529892957312,179.30448786387032,178.90338835561553,165.2240638908337,178.49483856321262,175.66904058643027,169.37456807654425,172.64555053618128
166.64141793059065,155.62371530354235,154.42725663307417,178.4821350359845,173.17561831397677,178.04794512140884,178.22656362770684,165.30203059278037,178.27730448403835,173.53192121766213,167.78889578725295,175.27814984048473
165.36355750127038,155.06430782981195,159.9115664418169,179.16853730300102,172.4633303747071,176.07610520027427,177.76785474270085,164.97718632858096,179.50411766383493,170.99943630034446,165.41661929384327,172.91855669603487
165.9697702399786,155.4571618036695,164.7687982299063,175.2145928013618,179.11515209652043,174.77919579572225,179.41648270213068,164.1217626795461,178.68450235757894,169.88651721260348,162.80634789286827,168.84774863437244
166.63431028271148,156.9040576562444,165.7376620861112,171.93939801585816,174.2730403970393,177.4875401766063,177.83159719141193,166.02822578176637,178.6122075879771,166.84127772896665,159.89357967129652,166.47190924597007
167.85389924035752,158.29966422610823,164.979456276093,171.30776303841023,172.4475343213025,177.10601455551617,178.34722501167647,166.33801957205833,176.20837708029413,166.6844745493295,159.78785816318765,165.11047096670856
169.51650370035557,160.03001169640152,162.130899610693,171.1586011157864,175.678891889449,174.94753052103619,179.64520425834056,165.6279478599722,175.89410369190992,167.29713944573223,160.46319467930041,157.79602183005397
170.5778500101175,161.44078453120886,161.1180395704923,171.60040693200574,176.50954806642812,174.38704089328186,179.16974071504654,166.55171360515675,175.142673573822,167.41256157090794,161.52933718522158,155.78726635007524
171.3094142045764,162.874266072271,161.28083797760056,172.2006497686494,178.80436423105212,177.7167130985872,178.5592286506824,167.21969485346554,173.41584092331018,166.83227613306082,161.8845238847018,153.66262818174712
170.97287882076486,163.27398880975846,163.96136982720344,171.96072977140932,179.60908241912378,176.65892339591005,177.82057159468846,167.73274439000022,172.77002084282702,166.11216182920325,162.0819173985965,154.1022685265796
170.17556648650006,162.46038775818178,163.6917465683919,170.50831554310042,179.38708487507986,178.39894596571492,177.283707857711,168.06484179248983,172.93292866087316,164.9532387235921,161.32818025049679,153.50201469243453
169.59545910110913,160.67905916934802,163.26963268040862,170.08562351901867,179.42138901207446,179.78029772572333,177.4257451423966,167.66246328182928,169.8474998356396,164.8312519589434,163.6384802093319,155.79506926538906
170.29523359364993,159.2600472551214,162.11642389108462,169.02883544128733,178.98113179371728,176.804299902475,177.6076296726336,167.25127551484718,169.3423907496835,165.21902035563895,167.24949646308016,158.33641835119784
170.95492371100048,158.71453266807313,160.76202352427188,168.254862361433,179.92668975783062,174.83891934711187,177.99056463646653,166.87037992687357,165.30480905225738,165.65602566127683,167.87357591120033,158.78993974194296
170.52026405361548,157.9500477271375,157.76832685183157,167.7713198477047,179.81289455878778,172.88193377836376,179.29711505668305,164.94060982631842,164.19548521166297,166.10624765977073,170.6012675893577,161.76264306846366
170.95405883214733,157.38322467380138,155.10451448335021,167.4437755462724,179.12796626175532,171.50687693150704,179.49170618903065,164.19228040664115,159.43248086672256,166.4721411762803,173.40170592596797,164.68814829740302
170.9668893894312,157.75064966566197,152.50115781275045,167.64356855803652,179.39839276323036,171.569179389241,179.71537001444398,163.54890645203307,158.58566871054254,166.70260204066582,173.73693035371323,165.34444555115854
171.07939811712578,158.67741114438545,151.96048769504708,168.679947826431,179.61932243337876,170.89662942793834,178.4383639467988,161.40292909101572,159.26929672341828,166.18957499289257,173.3216570454069,165.51776090144693
170.50317467002546,158.96420170016071,151.26917468067853,169.27426812983055,177.02975952881667,168.64873365387396,178.01020618653354,160.48150518907366,157.0731580706148,164.00981661266096,170.30198664706944,164.53463889962907
170.75562281132622,159.93255593753904,150.40038092378674,169.5291497695339,174.0891983480397,165.97646940414506,176.7571617221432,159.49274856928625,156.04704961900703,159.88918227781804,164.5899937495364,162.682322118686
170.24848911654658,160.26514946768208,148.8897309056233,166.51741376672464,163.1283264121382,160.41760301110176,179.25129088515433,162.03679018988814,157.210626572716,153.82048279111112,153.30093309348328,154.57314820404164
170.1190146523044,160.22792806359763,147.67476484700566,159.94872049069963,144.00611605712044,147.70638473704173,179.60969776862646,161.09278143899834,157.24864534178406,147.309978566868,139.72796721144059,145.90088261896227
169.7338137136069,159.4187838407947,150.9208471446565,153.03683886115314,126.67539342418178,133.2630510067072,177.7991888803335,159.48062140343208,158.56638465667976,140.37076366452774,117.19979287817718,127.49798026500581
168.9057035922296,157.41473279956324,153.17661918030547,148.21313106916628,115.96768893126675,125.69621049035212,178.22303427641512,158.91886487791552,161.61561830930603,135.47934830887064,103.84292531188527,115.78231581429257
164.14179724474667,148.21908931661045,156.9991901098554,143.69319820645737,107.69028315392885,119.45089271371765,175.7052427981819,155.61431209694877,164.91149471541735,135.5612556963119,94.6377062558352,112.88904555410923
157.93512541968792,137.62093355723763,162.78657865060646,142.1966989030507,103.54299186902404,115.66851363620407,174.2315442970905,150.60418480660707,169.66891389374896,134.09536807266053,88.70566261051785,116.05094616816987
151.66669386418667,127.4643231802755,169.58457305090977,141.45460819353886,104.6692643600781,119.78188625501319,171.5263446321282,140.16222687036955,174.21158349679848,134.11860864517914,87.802447300572,121.52740791857042
146.3869019102363,119.89059548484548,175.42623655136327,140.86934492003365,104.18735443776885,120.22935427606384,172.2311810339928,136.14619226767257,176.81662186946895,132.3112659021804,87.13728445941629,123.4612610814386
137.6622465131758,110.24295858043024,178.26562169640164,140.1726783405024,101.8056417911632,121.77940036506982,169.59498862488127,128.09780249922807,179.95214080885776,130.66243442495204,90.15581291370432,126.89785514057989
131.27657459265836,105.09023386406628,176.1602146644406,140.96477719658247,102.02264730484393,120.78726668704257,168.4108966992751,124.0438812739963,178.5008677502291,128.92042834505224,94.27850577079245,130.3712300815774
124.49271433548479,98.70715337215019,177.19346608367314,141.40130575593048,101.99224248749614,122.94736953144394,162.0859215161676,113.08140258814876,179.33035828667846,128.7003761923671,97.31157065283598,133.0506559952221
116.60261290563493,89.15532384794918,177.92750829829052,139.31312824573826,103.51247125471902,128.71981858882802,153.17408051870078,101.85928174220285,175.96078884053716,129.60809726361484,102.43362156681823,139.08887768623455
106.59592220853204,73.90233589409023,179.8900184475949,139.2657656205246,105.3371668539131,133.47846507899223,141.90019670609584,88.33980000706696,175.4999842545753,133.8755443939782,111.11635830149523,146.65649013630386
100.71097488116754,65.77664702130842,178.50898001966272,138.64257198796315,109.74779302880638,138.9844190948433,132.3877752322271,74.73864218096067,179.43641402414602,137.73324501495333,121.29144241912503,154.44930226911578
94.7658191071353,57.69380548081749,179.55722732102663,136.0458434635584,112.90279605726424,147.90192203836764,122.70848609040395,63.764681752753035,176.3378463668432,144.5487382582608,135.23989742506114,167.38841193573685
88.62220924079847,50.19104409978402,179.2985737481726,132.13803977214448,113.76787836867581,149.7242191427967,113.23793367807869,53.69113120843947,172.3345810860074,154.06080742481493,149.519474113727,177.06656457150223
84.90480301904783,44.64682856084114,177.18446757954305,132.78372282493964,120.9140858175681,153.3582370743139,103.48432318765268,44.21440786674406,172.80357721977975,164.06504222879974,163.21938863255662,166.5312707970723
82.7883456240838,39.79808392931404,177.42737918171952,133.41228156880678,127.49309630513558,159.4641253531746,96.73295300916719,38.26985944086113,173.0630725072091,172.07455602135568,174.92387283798544,154.06657368736654
79.77397331297277,35.12423417860286,177.54657364489435,136.28400376388214,134.4349092937427,163.20052543346395,92.26862995060257,32.4890209100225,174.14048239899833,176.81707714686445,176.8035932804142,145.42824817733603
79.00118056163403,33.02124998603454,178.8739353645017,139.21222506439247,141.4039982830009,166.08386533097556,88.72285316847068,29.43282779039352,172.51120885893204,179.52109842718656,171.966406941238,142.46441106185367
78.81850706041548,29.369939545791606,179.9322938699247,141.4418394475732,146.30680623208556,166.19301415249174,89.22956647672441,28.675160851545222,174.55112036963234,179.10212776495078,170.07579968945527,142.35732396127045
78.47092303158851,25.048153803841288,178.29515185754212,144.79432200008213,152.72089317655312,168.59284889859273,87.76490926461169,25.445043035598513,178.25753165777138,177.85071262721732,167.1807896439487,144.42279862676565
76.83782602629879,22.046275461215675,178.05835319018843,150.0847418134249,159.6403378113372,172.75702389023797,88.14855304399798,24.185031641067443,179.95007607164607,178.58466200246423,165.42633328393342,142.99273070005313
75.03321065208593,20.192030044555654,179.72082399119776,155.58029534841555,166.0497796079125,174.31998124160765,87.96232025482156,22.898812982154123,176.6956850320898,178.75041656348384,167.38981689090656,144.3628743751234
73.41137021823421,19.439892686905974,179.487335959174,159.76227387544753,169.14169797183715,172.0516442088638,87.81908935253513,22.297251303661177,174.66652527688186,175.83759875082308,170.91487897106975,145.1038161364781
71.72483066488067,18.705374897517622,179.14390029913022,163.48473498439776,172.33105891524113,176.00256538251034,88.63366519256677,22.76208640658138,173.23057368020372,175.45385613355194,169.1589364446689,146.40655513026968
71.39471215447152,19.590621316749097,179.88826829828585,164.9273996930384,171.8562635073862,179.9053066464384,89.13342409657596,23.10417371695563,172.74481332441036,174.08259896054926,169.85429463936543,147.43941295264653
70.74396880075614,20.08216310772331,179.04545094276952,166.2899117683522,171.5899514749955,177.14698034848385,90.5854527803254,24.39600823176507,172.82208906455935,172.47208556747532,170.89489168180333,151.5862605408092
70.86110552678367,20.668275865330255,178.16183152210974,167.95664480073162,172.7518025002618,175.54561020279013,90.7260528223135,25.889167824186462,174.08973425632632,171.44729558615353,171.97436806542945,152.99964145267475
74.96946797995184,24.687930481094238,178.42363508158215,167.41784001785035,172.49745358439318,176.11329005541856,96.46730052479533,33.18609197807907,174.6660541612887,171.00051584661338,172.64851370728488,153.3623152108611
83.93972880411584,35.111083899036025,178.3682719510445,168.37459694432766,171.04697047404255,176.52974025191818,108.784691886059,45.897842924005126,173.85456306248673,168.9661588869253,173.4539147335174,154.4760590624907
96.98432465615915,49.36323363980443,178.9806498223473,171.23227675575464,170.43143586609898,169.0945435800944,125.52924261574415,61.36941794797488,171.50812763631785,163.38173893866582,177.23183975608265,157.4947774991607
106.94734806530678,60.34636122514872,177.1311897391873,171.48301229848968,168.55438435927067,159.77113161713456,138.76867918760138,72.76619933993635,175.52490854197214,160.33500233997663,179.22830845440876,155.2514371663246
115.8827102110713,73.60427800527195,179.64563541643227,171.2714246678761,164.1830595805252,143.24142533943,150.12128984231248,84.61852981303868,178.63601300128738,157.09228055877426,177.58139259370182,158.25638464137154
121.3000652931179,82.16136355872011,178.26082199686442,170.14083291403776,160.10999003399903,143.14042534018037,156.8830721440087,94.10017041823764,179.01586419272508,156.48618873036162,176.04981307421735,168.5342218126174
125.67620150622353,90.8721072598496,176.65741688237068,169.7485636936696,156.2646422586643,140.8594886527244,164.55273889047152,108.25613099655999,170.47033602421234,156.38058484400176,175.15163059176032,174.83634530519285
129.99717742056438,98.70829613281538,174.23542851195188,166.79393410559732,149.89648380403278,135.86375638782243,167.6662252477991,116.83396259720263,169.17340065005683,157.31175076738555,175.91788382134843,174.483063886889
134.56626102586202,106.46700247752118,173.044745741646,162.78638148132123,143.90697621006592,130.01667053673262,171.92691245794143,126.42256379459803,168.87777064723454,158.88699780027451,178.6733590688939,169.4380105662167
141.65830494265907,115.6557329717507,170.94568717505396,160.39817226543215,142.07987475026243,127.43260348108032,173.56202808154833,131.7774895758369,168.22606522629894,159.75752720540657,179.79470096648745,167.85300630742947
146.79200045386318,125.03920034233285,169.182314517411,161.7428566983096,142.68057153861926,127.111328336209,174.26682895899503,135.23959150219622,170.52339661303463,160.57289602435293,178.75313648398102,171.90514243406244
150.7177762390778,130.56996206192662,166.3567953552279,161.80799814569966,143.89124596404528,127.17127331407403,176.65208899105488,143.78878307309975,168.3744652395878,161.7016016948551,178.43476399577645,172.4631142529026
154.42387559094598,135.7733076610305,161.4701956576826,161.59889973016777,144.34784975786334,128.3292766241648,177.82564325062023,148.06909199136425,167.2991987367022,161.96526985205358,177.83263395218344,174.65409447794806
159.16150758872766,145.0499967261129,155.6039447692295,162.06157312446598,142.97569382648538,127.00364265483736,176.94791619748662,149.79013010553945,166.05256238377265,161.4293290531516,177.4213868663686,169.5283518378475
161.94433569063298,148.55389031962514,152.6357998654228,162.58452283520444,142.8948882339366,128.10033679007054,176.6576456304941,152.1159153793015,164.30451801473964,161.27568812150193,178.14459581401397,171.64400368130688
162.41500315352582,148.0908029895329,153.7644831729401,164.55861846643066,144.8623109691,132.49672851083932,176.99110393919787,154.56645651913558,163.26881916451902,161.26359938386486,178.94750296363947,170.4503815022911
162.4124123656197,147.46251972992042,153.90799690834024,169.00308824803486,153.17849479950618,140.27868565626767,175.82448155033313,153.34767863648204,163.68508313140126,161.85108007155353,178.31341179421293,169.8972225690128
162.2843336864364,146.58876240512734,152.99035037813363,171.9254601915082,159.82936397804534,145.92152628008319,174.5063463593225,151.87487282137585,164.22338407525058,162.5562560955621,178.29144130403776,169.1526078791747
163.0241650849929,146.36575001897273,153.59966588862198,176.87707040273074,171.00006444868964,157.57752254495176,174.57127276309885,151.9999451708475,165.08538810397866,163.4737467936119,179.7474742931087,172.72742573675632
164.26735309554513,147.8229417480051,154.90397319868697,179.23714172562185,173.26670638145654,160.7394000337539,176.1873319481539,155.6349123352824,163.61202964747892,164.05448532512528,179.7847105628895,173.0444034344434
164.60479406468363,149.23784775106364,154.10703474996504,179.45196411831415,175.72901608843353,162.53865328129837,177.18305494182877,159.50571631313596,164.2176591799113,164.61413083072503,179.84775298475242,173.0158658954433
166.96772549008367,152.53087932396247,153.2883562272201,179.14388750141782,175.71076971458146,163.35106033861058,177.87172415526922,163.03291252249366,163.62162227403326,165.17683832529903,177.83724633479287,176.89997231518544
169.5072362669303,156.82966490975,150.5960551476425,179.2018339319947,175.09369802916476,167.76352830731864,178.7273015959182,164.2095231202518,165.0363686421627,165.58134398421743,176.59851081109971,178.5819493901559
171.6299597609219,160.73091959707617,149.54372384739372,179.62018535115857,174.13627108004405,168.53472281636104,178.89984142476234,164.7778143639775,165.16599664353774,165.88422262227044,175.1304151397995,179.95894148114374
174.45876478714365,164.90930731210878,148.55555375012176,179.19860021359506,174.4662630512604,168.83577909041736,178.07940185638896,164.55466933277071,165.47707779437874,166.38828304677858,173.68055590141498,178.30590659704936
175.00277471106574,166.24438093030508,149.93225823319608,178.637599555821,173.3649636979213,166.03644018013904,177.69186575677625,163.8304169109658,165.05905816247488,166.6972059858805,171.45729890590053,177.07711497683118
174.10821573639683,166.04931908526794,150.45782253792242,178.36878096903177,173.2899707803195,164.94697731697025,177.39687920266672,163.06831338619014,163.72810923066356,166.97022866857597,171.24867480595358,177.94408521611757
172.32751688567387,164.2078677935484,152.33077622360545,176.55981779093963,172.42501550610547,165.71433376309648,177.33429799747367,162.4682390541978,164.3301933990153,167.7344343891239,172.25312432681824,176.98485582834292
