left_shoulder,left_elbow,left_wrist,left_hip,left_knee,left_ankle,right_shoulder,right_elbow,right_wrist,right_hip,right_knee,right_ankle
152.9134507424854,157.56208383338074,159.4571382270271,164.05043961333678,144.7711220488992,44.49028096862781,161.5342153642778,158.28694702513232,150.32394376899236,146.86139483055763,122.3091574018112,39.01626046992799
144.4359474742852,137.20962018947708,169.91159376084804,116.20460746037168,149.8322329394438,73.35654482275378,157.98720223603908,160.79142460532833,165.5482495661945,129.5481019849767,127.62711005294697,49.8416926469203
87.05097464666011,170.47353357115938,169.9427592472097,174.54426505556785,113.23320539743075,63.906878637473504,97.51783223097455,152.9882061950959,171.84803807194075,155.6201841974833,107.64264421493661,58.331826141934165
53.898790829529496,152.22602329882812,177.9528849868287,167.5404183980838,121.58959705832814,79.7189439887673,60.72101161370872,152.6559059655732,165.9443882320128,173.33066526348327,103.47701453034833,67.1362194304031
52.2579966026865,146.23389077192155,178.24679790307025,162.0184562769471,120.4218052771296,72.71348428607875,60.031878245281135,150.0273781826164,165.46851340252817,173.06407398589116,98.29749672514588,63.41985031954475
46.17695319760681,141.41796821390733,161.01786052495734,161.3309418129899,131.51712844647182,89.68359199912945,51.044026061815025,149.41215299717956,163.77058843898163,173.66377629418773,114.42994173805157,81.98251789638884
49.91765083259357,149.24162572237825,58.730767476985285,163.51387401236713,126.2739091730189,75.98556309065343,58.705819383603334,153.93177555335825,106.13808523848932,169.32295784343532,103.56902045838028,66.3822297615169
39.63063563387817,145.52393568737958,152.58497656399288,149.2321448273356,125.95576234319797,69.9164766524655,51.199671808622355,153.5661560277292,158.8790160063135,170.03419689258715,102.3141429221516,64.04251434732073
41.14869589085684,130.36466687945446,133.70530338415873,152.80833083190524,147.52259267189214,99.04109147365925,42.981248562594914,139.34642089808753,145.96484918879742,170.5537618047209,126.40557924289438,93.7698137800147
38.98076489249567,131.22572646206143,135.3267236401296,154.1577977738608,142.56340703407923,95.54706720133397,41.234762534978785,140.85618073459298,143.28593155074398,169.75747791900358,127.45692343683767,94.09966262471102
36.40853331150332,136.0086782756721,146.353007490968,154.17637495330376,139.2915772646971,92.15857463371027,41.40031726428336,142.14157124960067,150.5574792382346,170.54301541125037,119.87921562785439,86.95728421158431
34.46998472421546,135.33479127623545,128.83112381448,166.4105997176546,146.86111636889063,112.11610400004339,38.311177912771356,141.35891520511657,143.51976765503187,171.75046422466733,138.60578242708766,109.36012773656654
26.763692079551046,142.24555188483197,144.96571628438411,165.49061610881904,141.26775343944863,111.76555518317707,30.993642688250908,139.7908077302797,151.0621996976383,164.2868419771825,143.18609895768267,112.43210541477897
26.41138579504458,140.003900359326,150.74490708716485,161.65047181306585,134.87121585371068,101.63012601950602,28.426499434613113,137.39907980075728,158.82414216418908,165.20734519170546,132.1002971488736,101.52059254447228
24.52201208507443,142.99390621590769,170.71123916159343,161.0126555306848,126.68829097635926,90.49314378366475,29.727763975664626,140.5527612989187,162.40645516070848,169.80576953927024,121.09661867103931,90.98584842813565
24.17428950081208,140.73447941464264,155.2011118090322,164.59816104952657,131.71141803098854,100.00676310672598,29.313723627982853,137.59843283200632,162.42504194607875,170.65975999588696,126.17043543005639,98.42709596006749
24.835515609383123,142.13848034246777,157.17328922135502,164.21326575056398,106.25090675881302,72.32106173498144,30.712347658103756,139.58122993619136,161.20514709483115,171.10783004467828,101.27746224906795,72.37071006841069
23.614141718418544,143.91781202227742,156.6515928013777,175.36736050507218,95.86451427618742,73.53556875620892,29.271278761682098,138.5825388467999,160.119076090216,172.77644647459428,100.48788209240439,76.018888839657
23.78778522946776,146.36850545944043,159.12055664124097,172.59334954669578,87.25918769373926,61.03740604880885,30.506544438472144,140.7677196291001,160.45287990093257,173.00616143076283,93.55151767367563,66.48573641318676
24.037534015571033,144.98556752128349,135.1456425940598,174.83169260507344,109.60096247109257,85.51685095511732,30.278551838355096,141.56691994670624,155.11180813371246,171.63747944689604,119.69583470276814,99.07912730381652
27.60317034368246,140.41317657449247,144.81109837836766,172.35282848075124,114.677530646759,89.91887743619365,32.11458289982944,141.66426671662305,147.1679918141479,172.8897872003229,116.05748420701877,91.69675420528252
26.935048497378,133.9955465147553,118.20652299629515,166.53345974431042,150.83027284356044,127.07506697403697,32.913475813110736,131.34250183865313,128.70087032607432,169.7365979276255,153.60657951978982,133.43360675552043
27.931418996822046,144.19960885937897,140.70237706361343,165.53834605753943,145.8939066883328,119.63441450943336,33.94547639448651,140.02136980982024,135.67024677297837,169.79720068727443,147.4052591875268,125.60987504754391
32.21855266954456,141.71905931498665,108.88414866850547,167.12474932548204,140.34030180510737,113.38569890439751,40.99214798611505,128.3978914074083,129.73679677024654,172.63026723536203,139.05471004229207,116.52655907996208
33.41934798153976,141.87940073662753,116.44349529150867,171.9999203771589,145.75120517719637,125.42481695676942,67.83613628910446,82.11650816836662,156.4492387917574,176.3887204501257,138.4630378957147,122.54409380932945
33.5051589148518,147.12075278177295,134.90159902751748,171.0584555559286,137.5326166730383,118.39777577533775,64.89539789481267,86.87699431903977,160.9514692716203,175.7209145190716,132.96008031079248,116.95973468840666
38.610447514371266,146.51156966333235,158.34686361833116,177.01490352588544,142.23720659691253,128.47288542618122,62.82847730489677,109.3302580917614,169.00955903537033,173.58073827676836,133.63291333444215,125.2887037081469
42.61799697417696,140.96512782746285,169.57891445360406,176.59661917843522,123.80344371386859,110.7696848370373,63.95529491724675,115.20867686893328,166.80929866855553,175.06745046481464,125.37485691653441,115.91090763247907
47.99296694460233,133.59475009329518,157.65811941455027,176.1457943562975,122.63722141986602,108.89365714438779,66.19666855218583,115.2379512356505,157.88392822446323,175.40754923687834,121.4552447276186,111.22881720003205
53.832145099516474,141.48921752909837,154.7734913763475,175.67918763761054,124.46497602491029,109.34654272470883,64.24451149573142,88.20508764265982,81.30584966891078,170.68581575283355,122.9643379473454,112.90136374784242
56.501977919179055,150.32655374557066,149.9851532482846,171.71603924500167,114.5025394722476,97.6065155464789,64.22121757261388,150.71259384412772,165.65671351568713,162.94298868461226,123.05065685724722,112.55112395127307
81.20589423015294,160.6116049870888,163.91263860079914,144.7212060188797,101.1182147676647,83.28821819821924,95.10324894102337,161.70290930017805,172.54864983487155,125.66946289067656,93.82721393187747,82.95197635414512
158.79709514211768,163.5016962707044,164.0861110129661,76.30228479604283,87.79141402923977,59.100254748217374,166.05717414069832,164.97337733526913,165.03090133637394,59.16636707065286,66.01279813059453,49.928934306318226
166.19860485797898,168.93585587196165,165.23403733942132,93.65630025792484,103.83402440972446,47.04279194872223,170.84792192585536,169.34375712989757,164.44106586493035,75.08714557046306,79.68734369858312,40.87768792079155
168.52734058109857,171.73697388661736,162.50201299956046,131.87049159927693,135.31563932802584,37.53787745746628,173.8194197385189,171.60001809949358,162.5015561585796,121.71478141972199,124.23710962752008,36.661786470761776
168.40093120372768,171.8600436155063,158.46268452491555,133.60390205574515,128.4037532231327,32.04014634099355,173.66065369836593,171.6665160438002,160.6846354008074,140.8409587434787,138.25484786731158,34.62061462548172
169.87484583906001,173.12515629253573,156.49743391235805,140.31712427981918,128.1098260020993,29.527676950658055,173.77587446701222,169.943706609007,153.88537928818508,141.96087063231292,134.11983349892876,31.03267121540105
169.802672578392,173.77896340361514,155.85186082493522,137.94469620719934,128.67851660051835,28.017573915245784,172.3959903150302,169.2996811749287,153.862872308345,146.63060444517737,139.80387733307472,29.569604321870777
168.49720056486396,171.47154566800853,150.01142295010632,144.25590314601396,132.85758398553,28.353353584002818,175.87923011837623,166.56758603227593,152.33016926712602,154.18970538627636,145.8300184744975,28.409243639311743
166.28186185561756,173.03053866314377,149.55482409330094,159.13130979737585,146.41527277936927,31.25930540104669,170.23132025990043,158.71619940913573,141.88136397935048,156.65958679894217,147.41134209229193,32.242536239593385
167.68167644120635,168.91525878421757,145.89793303941852,173.20422410083012,157.30781888348116,32.833648933364586,169.00231635887448,161.80652594984852,141.278475463833,165.674931900577,152.74628387551704,32.4932628033239
162.68419573086115,172.81795591384886,147.72807497086757,177.39826145516045,167.0246946457047,32.47381621744726,168.15522915675768,156.70245608297137,137.6114403792884,172.86003929311252,166.2338589319245,33.27975540639916
167.67227905686042,173.10207381203364,154.81170792978256,174.6075649531621,173.63962357449427,32.59217033882625,162.15155016619713,163.61328190526888,137.47621447942458,170.91740021198567,171.6829505215497,35.777202398606555
167.54465248683272,162.53161811225343,154.47938489473125,172.9198939907048,174.39102431705257,32.026719164007915,167.31629105503617,156.8473294389161,137.11924756029063,170.6064056249714,172.7037256015211,31.020832375533384
165.59186071126953,153.32031557992585,141.06136665815598,166.71049898456283,177.1473173510734,34.481207288463956,168.366384054696,170.01188747467293,146.4255441297118,169.4298030989181,172.46768071379736,31.23591487732903
148.5069750598149,161.2123686528753,142.43938289135926,168.71994097099238,172.07336230822213,33.72120502478794,169.5898879191675,164.19450873442034,141.28303981587123,170.18532449842533,168.67851521877884,31.89749361102579
151.13034627382538,169.79414158054328,142.7895872911456,172.685568473124,170.81801763082836,30.4238321058614,171.03502766697997,153.51297601932015,133.59561361568004,171.70053334180824,167.21625705193813,29.30469482576718
159.4029858056063,176.08053547873652,143.1215287893793,177.86358858740684,166.31854146813154,27.7117563342821,172.34899814887112,152.02546600330672,133.77072816731456,169.73351352516306,163.44442884539131,29.322358377594394
164.95833248227336,176.07555184452914,148.88615784653865,173.73417411164016,164.65123681608952,28.289828161957306,174.23996660604385,157.48000205675342,142.45713712548127,164.38610012429655,159.3541483985039,29.04510047614331
154.30736517622222,169.8211207217638,147.92977972437657,171.34318277775822,161.43571336351417,29.56655897817259,173.63848312729843,149.11557090543263,132.84787790405412,158.9375934107178,154.31644601748746,28.92612485133341
162.59702460210832,175.69148748646325,151.13264069555197,160.43874251085094,150.9289308891807,27.71507609599001,172.95132625148455,151.62254063223034,135.0916913843507,155.49807137501543,151.5823934460643,27.979246524201784
159.4567256057665,172.99258185124395,152.82948147638447,154.00928429456093,147.297057084714,28.42489095211707,171.10280225409056,154.20773841500554,137.80700634731713,150.74895310715434,149.21627110447884,29.21609941037541
164.3499586446517,175.13796930094273,150.4142517596693,145.56359696801078,141.13812165602687,31.512486065808712,170.0901202294606,156.87206233214593,139.03550629906744,131.91674909039168,130.57142262563235,30.936794088591068
152.1806573790697,167.69067249981353,151.11442631078043,136.2176065625386,137.71270249995948,35.26887747817377,166.4144312830611,168.9948796957676,147.29339466528359,129.08854803278885,130.49046344634525,33.811125484618294
162.47100578295203,173.65242907018154,156.69410112742864,126.71803245012636,133.72825331030026,36.68528176165654,173.22297773800145,177.3551247880198,167.00050932413453,133.52508178787699,139.99146006903993,35.09233077617538
162.6618511748094,165.30436862281175,157.69046065682855,130.5413488770885,125.65126204174747,37.55043458157167,165.37208686641154,171.87194682790013,171.11602284820694,136.545235590629,135.33543594701663,35.14557732435603
120.3202315157106,166.927543585616,159.47046468524033,165.6939790612658,118.72341033983203,47.421051802190846,120.89897539870597,170.28070579093955,172.9923362710666,159.23647409061925,124.15368613057623,42.275286146154976
80.52585029127842,164.561231512342,164.95387959226375,169.7561309927972,112.42004632299484,55.183434123692244,74.1994524345128,167.36122882484622,174.56261607784953,160.80687052946772,118.87596084851073,52.19244843499813
64.34100714186201,163.98347729698418,170.81282794180314,150.97355864328873,121.3209816000952,50.50513170975738,64.44038501067246,162.0380826862771,175.5866998693139,153.16417216774263,115.58333066372757,48.442735844998886
54.26280870797522,161.67103306479973,171.34940086351068,164.57625876573564,112.17072436095512,66.26032306947681,61.99555963777525,152.00270084707245,173.43669942539643,165.50693492216544,107.18918871696789,59.31055952758243
51.98085706415539,153.58161761325746,169.61473281972994,160.03518531674922,113.93173548579847,65.52104855245439,67.87848269606752,135.81583971271007,174.848251543137,169.38465346973575,101.32745128930985,56.096870383878205
53.59135134598832,143.52853795020434,159.3716974290859,160.55431164802397,127.69812488307736,79.78022878851152,75.17195096132586,108.3038733389405,168.25172424985763,166.7260350654624,100.6986578996295,54.533279024470154
51.72611009089851,146.02550495159778,165.72597405873225,158.99477452615304,124.66593969923647,71.6098652234541,61.560148338765266,134.34734138177885,165.58873208005463,163.40535116336733,101.041088682425,48.045203583185156
47.15928085988573,151.18042814604686,153.62070380324468,159.8770986715671,127.9478104619876,77.14096676330273,55.20678709788593,143.58221762678642,164.4002197620139,159.0686628864847,102.99288379674482,47.49841350042858
44.13519717688582,149.51624249883525,150.56070764985597,160.66116749667643,139.84437558925308,90.94015821123051,47.50771227836448,147.87179797272336,158.93607513798753,152.33732051481888,113.33390369144799,57.11250215792473
37.72300561525852,146.81010532490785,142.20172866586026,152.43550674273,143.21996381763498,91.18328754238682,42.05510792901952,144.38673228459496,152.1425882685765,150.36776575387202,113.85000667941758,59.514041877470824
35.50927398332845,142.64448413376394,146.15353643825597,147.61523149886096,132.89438357042403,78.50351611192826,40.404844707671074,140.2049750778896,154.5611000117531,153.94219341428587,114.76213271800752,64.23843077413947
36.17111485322307,137.8716083989938,146.56878605830858,148.597821192308,142.6843804328196,90.21601338479982,40.51827031318345,140.53077146826178,155.73974049969453,160.03676156083506,120.31322999418424,74.93803263769377
35.97031946933753,136.05998850378148,143.68792674189186,151.627539638945,142.6554733919427,91.94812679560341,40.4391859057439,137.77599166230362,156.88728616485184,164.97860978190874,130.57256234066156,90.4585654694207
34.51222862028345,135.79915571176613,138.48203560610736,156.4918022928083,143.15833809689678,96.89090256546751,38.58659606996737,131.8709672747769,157.9800106662177,168.72765010328737,132.22231895883058,96.69135243369654
27.19844334360603,133.6546287087668,143.81922560208105,148.59030514869397,148.15512590992947,103.7829131471245,32.005743284831006,128.80861098226558,158.6978662095217,160.91012628208364,139.17643488486897,103.63590783182387
24.59299505848828,137.10913815202255,142.93977771160726,163.24736651977778,123.56039400773354,92.29938519067875,28.485248193184415,133.45634291373588,161.70075332622437,162.3909952104383,127.11496518834173,93.40216018035662
24.69801030636877,138.57747358788916,146.6740291151603,172.25693259860338,111.06639630236475,85.83257189969237,28.64385154852603,133.95608001956538,162.58898920820727,166.93107734148126,120.63130455655805,89.54514320340452
25.127926288015374,138.33089844385555,145.56111794513475,168.7049558210114,95.7714414423593,65.699680149206,27.7390550545557,134.2902828209051,165.11126072434934,165.71981111756003,117.29814277039975,82.69153372256974
24.50011941490505,142.4436067120581,150.73617877526104,174.56012387186726,79.316845718862,56.6730209684258,26.183471288065686,138.21790273181188,164.20302569914722,168.17287515092218,105.85393065881138,75.68134502628182
23.01293464623839,144.88044828941625,150.67938807786555,170.650450358933,103.58535193218604,79.54660484106793,25.60283626021191,141.08290554861298,157.12692785681483,164.70472584713204,123.70153469740463,92.2267360891909
27.067773813875508,136.29716092585443,133.4206018915461,169.91020037489812,109.75443589678959,86.13379765408708,29.29016821603963,136.39041529934093,150.25639484913518,163.73018429609067,126.1327962162995,94.63230309767921
28.488124308525617,132.72790679312803,108.40494917031694,165.63413795314403,118.17694638561672,92.36832965623455,35.03972596065589,126.3037347737333,135.10117155342337,162.73314793238728,141.67909843791628,111.27399144717458
29.6412885483068,138.99291195355812,126.34127050893947,162.05376069506588,148.00782884202422,119.71378585127258,35.8907825884281,135.6675506486217,132.15621546376522,163.2517635830177,148.6627217592229,120.82650823105547
29.988637078865356,146.08906335179728,118.02552950790007,162.1578376111683,144.17547021584144,115.3246457543865,36.68147754699198,141.54545398667372,135.8590066264121,163.0470602608619,146.31787022649613,118.9985517833036
30.622491767854935,142.63846251858973,91.91146159719088,164.79776232165972,145.68053512334265,120.84513917451959,38.98053019413978,140.03341724222437,134.64649041730505,171.5920506239148,143.8517966770946,125.09004260556162
35.34271182331214,140.71522555150509,108.32759306806321,168.89150818670925,143.77182605663938,122.13978114191043,43.38883206995169,138.11116219559705,141.19046168765723,173.88318321196195,136.08384375252754,121.63918128550795
46.4251891917357,135.301300545126,124.10787547516657,173.88698539997716,138.80793169696923,117.64979939010924,59.387466099959376,111.3090676885253,145.4548292892319,170.89716107965074,132.54415665725108,118.80817440991858
48.042521070069064,140.53330448069192,152.99420961844186,174.43406129240623,131.6878057928069,111.16441173386355,74.60603856109653,86.61231393589576,168.26928032935103,174.00279101236367,129.74065495851437,113.95156987929225
52.9293429945018,138.55655407589876,173.47914510916345,170.2053330377538,108.20862996869853,82.73918134729936,65.80541845812513,120.21128355645276,168.1162659765611,171.15990540623682,109.5256126657357,87.02914452552665
52.02216623280098,156.53513828629593,173.63486541722946,171.84855463443,108.25318084243426,77.19874442953224,60.653928514520366,150.22765766826882,175.210136949313,170.82236357449918,101.8067309827294,78.50255000266995
56.4529943230579,149.09711979482913,157.57335459840482,173.25131063550847,111.25904247941867,81.81887694274613,67.66866312092571,144.17917646625273,170.47215800810656,170.6535197502583,103.1328968882759,82.71760214962558
73.74428124748157,152.01872718138642,159.53741368968718,172.99221332908107,113.57209088382321,71.62330521112364,86.8518888996978,150.74406914923426,169.16973023504363,157.25668885177222,96.72420715228954,67.89174316319591
116.78645014528277,158.30042181046556,163.37577430855805,161.67336797315264,119.80456603952696,55.32477731815729,133.78446644586373,157.43982283497292,169.8937204381669,124.7128222872767,101.49733305758959,53.43100636291172
148.066077083729,161.76032192259413,162.00867117671734,143.24669723199344,126.57986084007074,48.726657587676115,157.5626834702898,161.7321394371656,160.83118272497185,121.90495726525104,112.94575248882481,46.324230356328826
164.23265695889498,167.21193937530415,161.40853433819558,135.51905641329833,134.06144336194842,42.45656713814748,170.75494394831512,163.85251026837938,148.82910314078003,131.4023792106809,130.95601803457794,39.876361403869126
165.6734244449712,171.47689155183136,155.14544232482305,149.68768519813977,136.71845349719226,35.118796858872386,169.73082845708888,170.9140515089374,155.10585313896334,145.13423836364683,134.87178995715442,35.42393116576786
164.42971560563143,174.23873598069133,154.5361641374299,151.6788217562446,126.25930981749931,30.562873540030004,166.81547084974738,169.7185777226431,153.3815049651252,142.82007070711575,123.63153588866462,31.259028336357282
168.04865515372836,176.97737222047886,153.95897321759077,149.96448676945874,126.70855664697697,29.59743450373222,170.86517437495937,166.7440211776469,145.85338916261384,145.17867299553674,123.81391088736649,30.467951299644206
171.1249646497525,174.22626822022815,152.8196409938826,147.88154880941482,132.223185374507,28.49059396959954,173.473353074876,164.78573760826998,140.5475836929209,154.967694304964,138.9648361282366,29.337015369766775
169.16566041780268,177.3239742781379,152.0401234652431,149.33824336060812,133.9102781884591,30.86780450126722,173.32091326800938,163.93587176380336,141.8794826341663,162.67033111259198,150.09118108592378,29.019320648295118
168.85404558133004,171.3279666238548,150.74727458622928,172.05384048779948,160.48232269002645,34.3304848370646,165.3587309069598,170.598829613001,144.02788114738848,154.50267512545275,143.91276223665085,32.755845938579505
165.7620003809871,173.07305820037956,150.8820772051852,174.8061857112239,169.83678540347472,31.827100635356903,164.9119436555366,163.38007579589802,137.9196808527631,172.78826913045208,163.42311926190246,30.609773394797365
166.42428897454823,171.42516803800535,151.20183960299084,177.01000151658806,165.8972730881085,30.012883929631933,164.37799852545464,161.29961053950205,136.02629405667454,173.3160479194939,165.70647322273308,32.9583504307532
164.71476375111033,172.58333494102814,152.81568002447398,174.48026666677467,172.92017494678632,29.980267114408502,164.945118436574,159.74151350606107,137.18302144188837,172.69183153154768,172.80800164093193,32.336108706355226
163.20381485448473,176.19913902661926,153.5871636078643,170.51720049075303,174.2057722366079,31.56105814032991,167.06638888465307,159.4989577636,138.79986708251337,170.94403465445268,173.42414679831063,31.763484402491525
160.3471277888275,176.24377030486295,152.2293569272436,167.91767956178109,173.9754675444172,35.058717092219666,165.9917860496415,152.66591509255755,129.4668001990349,168.2352714954667,171.88929431748693,36.41259523159932
160.9138450653921,175.40702718320574,150.190787567538,168.0798315210821,173.21333114244112,36.50380675665969,167.80926342317946,154.06482947988374,133.11941338308327,170.17777786318865,168.21495835246594,33.61115592245002
163.63579488640687,167.5340508668376,146.30555219840795,169.16894124132648,171.96784103589644,36.23235391968019,173.04314666729485,148.86073849868694,135.40540886498252,171.80761345598808,167.61856359855483,33.11939595456388
132.82341350246838,142.8628781306195,155.6810954168024,172.19529587751794,175.9977239915159,49.249691527018115,163.7052602000776,166.770992009803,141.73287225446418,176.6478912412107,170.7993883109003,44.33388570244933
101.8527969699272,113.27357255497492,153.0424619949873,154.67637002499663,172.0952131467849,63.60341210072344,132.5388505615637,148.70449949833576,142.51226466335234,168.18532663979573,168.06174056486518,57.002662406065696
145.66486374090124,167.57363300903114,147.68881480609016,162.6835943109914,159.84195707822315,40.08963771131398,164.93548981159867,154.0079981709271,149.9011972525665,157.2101455712736,156.17582671837226,38.12673742396601
174.1479994233116,168.80106310049166,157.67228164518005,155.37632973872323,154.6550968615338,32.90473693378663,171.223907578905,147.92699098215246,134.27698895834607,148.42030614190796,149.53680256635315,33.36941142378017
168.4252164772969,168.51733920224535,151.7677220557726,149.40610023453726,144.0178436821155,31.27969683078545,169.98808402206203,158.8540648227088,143.53433089075446,125.05494760256393,123.76739992415641,31.567875396536973
167.98409704324462,170.81573606158753,150.91021507130037,150.79367279414217,141.4906301168528,32.84948443398014,172.80467518486728,162.39606404093746,145.9135587563883,114.70977195826165,109.44401752458629,30.080703495932116
168.50050430056183,177.32399636503234,158.39340744094193,143.25118957557513,136.29819422788208,32.82587147701431,168.3546599859575,167.49001946767638,150.0217697660663,128.13957375684086,124.95197424207039,30.531886534101094
168.12809355944216,178.56487122807724,161.44691791991357,141.42559425942653,143.31282355271648,34.89524910184056,170.0862239619841,172.14864060824414,163.91175002231054,134.16676703577585,137.33834392524508,31.68812354515752
158.02065457965764,166.54804939041364,161.46331665751163,143.35487125204554,141.55717333895586,33.791828866494484,168.92029808125562,166.43558229892162,171.34566321441724,134.98874797478004,137.86474714115957,32.14266074921844
136.45423731761463,159.29352502358975,159.55226396498506,165.1806672313411,125.42606391721395,35.38822630108409,138.62577254638657,165.93725480574074,175.98083500014567,155.1748486654629,130.75175148296097,35.88788411723611
97.08780458017117,160.75751880834073,163.15762199753482,167.88425206386506,118.93399063984825,43.71490856964094,94.517963764184,164.73523222703633,176.45706395707543,160.34850999014034,122.20571095048405,44.80276254422666
72.10641660182357,161.94004271223505,170.84522114798767,153.9781225867319,117.96141281440406,47.321648008322505,69.02727531279916,163.23406680437458,173.67452114478357,151.32342117720057,117.63917065836439,47.76841325830159
60.55970902365458,154.80659758876536,173.49928297750714,157.13999605675346,105.00508410895002,49.4186138814055,82.57227858633837,120.52799086766832,172.8595835453691,152.15464116048508,102.23620753860074,48.39519383313982
60.18452041854846,149.638424428511,174.64661515345082,157.6809129732735,108.19060864238571,48.17659744674645,81.15657734248863,118.97452373787658,174.18966930749005,163.43290372554088,104.93060862108977,48.199700682625796
57.961714103268605,149.58791229895934,173.72653386192803,150.72190976849262,111.5162676568971,43.45397063135846,76.84340415652477,115.8959040065794,176.21313333925906,162.75645936101844,102.79392950476722,46.3775981861
47.91875066976594,148.31320828797573,171.05449195381215,139.5587530767467,109.88345487853539,38.33929713488849,67.03644226160851,130.8138409206293,173.90502806578044,170.152436194522,86.6299007770903,40.18392111174124
47.83730480318396,146.39360356585908,170.1070556592013,148.23807067921155,111.8861177005388,47.7371959320822,60.74463041855078,135.94698599250432,171.96148248459497,165.03045187969389,97.78439213774483,44.37280877269454
44.13234349847273,149.18667705394844,166.38224897696438,148.8532765007376,116.17669482945146,55.035282048124756,53.321426688963335,139.55251385416844,169.75145124725432,164.19895187846456,101.33231328716882,50.54818104226799
42.6257564142734,147.78516554631446,135.45474564158093,153.74536717126182,128.73888777267732,74.84254136891347,47.938411979854706,144.0490352398036,150.8339068216326,165.4759979366837,103.37584184915914,58.768446554717904
40.11322202130889,141.50228496479014,136.2788608446258,148.23532847808164,137.4233749650632,82.24350327032803,40.99089405154011,142.05121405720624,148.14797033516493,157.3844663360843,114.13961128713262,68.99545054786637
36.57569761987451,140.65015194304064,133.7199852305676,154.81090762163038,141.40959558896466,95.06160450481032,38.99000025935325,142.72523660622807,157.310986699133,156.64799393512882,110.19178146018312,64.56266709367151
35.35272600706085,138.41017264460407,139.25769524062176,153.23218779297392,148.43417981708683,102.57794048992712,39.66555979095556,138.13473759096763,145.4198568066187,157.65112825908938,114.16674492669952,70.22182722655529
33.760999140452476,139.66793205333053,145.36037499331633,156.30215410275318,151.5022715641099,109.12167803750633,41.734906695099156,137.54998343264947,145.69234442008232,163.78791966467637,117.2521729266901,79.66862823371333
29.50730698562218,140.62924103669317,142.97852019742194,159.9346855920018,148.10935608392916,112.69298210958513,38.30182431228555,137.93511773043926,153.5474013290019,161.55495002124275,129.72547585892536,93.73144782676492
25.29473257190987,140.89751079424494,136.81588547646092,164.76688804636402,155.74732123142695,127.64247048260691,35.459509072817696,135.05459697063927,148.2407266329339,158.02311222984176,145.25314522848606,111.54782080451749
25.747050595764737,143.10275125403655,146.57872269549986,164.18109950918557,138.39260526103635,106.7212842828709,34.079971495711725,136.32576095815807,156.96987975108573,162.1173912677868,130.78742301949217,99.18603670985307
21.72202828191513,140.92004656024298,143.98975014878602,161.71667599042448,152.3524727820493,124.08958768868717,29.084771617439888,136.84831081937546,158.13153310910408,159.85148983959692,149.70735186406597,120.67261598792444
18.905617252486934,144.73772240788372,139.83227317425803,166.49854847872234,155.30568463344866,131.3974756583108,25.28210411554706,140.35825631965253,160.3322850326042,168.88413252347283,147.56756156179964,129.10396284754086
19.588442127888243,145.53663339808568,146.73621066124494,168.84259740662222,154.55374209556092,133.30832002151845,25.169378953193192,141.01000803738347,162.45415564488206,168.8971324918973,150.1313666550399,132.16178506982672
19.79850691495583,145.4584843424265,140.4590898494967,166.92634080781534,152.44064692114176,129.19654157135452,25.77546588862873,140.41657455914068,160.14884861332035,168.7801967181143,149.51352735923953,131.14832725757717
20.553001479390336,145.317953171218,131.04651487025865,167.98724936917077,154.14645495109949,132.26297732589092,24.970263174906542,141.02285565365392,159.5885042870981,169.47130982770614,151.6362488874047,134.30933268935084
21.7037821836724,143.03765405384675,107.3240586003358,170.6301580800036,156.53677435192787,137.48242211089772,27.642643653025928,134.7475043663799,146.7818278803238,173.0485386026796,149.8568171619582,137.95127405752268
23.950536806045683,139.22591162438178,89.66536119749608,168.87642628964588,160.08359638430693,140.85037093961654,34.65924472667094,125.96075673981922,139.4233147214312,172.72141562147888,155.55788375432968,142.96072838125264
28.33817016532091,126.11590566959204,80.33730174849242,167.88903874464083,161.87924729249318,143.1388429661044,32.93591071068271,131.5920545327969,131.59095871478715,173.00101998238932,156.94501066528898,143.90227359024144
29.797130863067537,120.89459985493424,107.14149568030622,165.194345096009,158.90333967601862,138.14441127728477,31.138961556668637,136.01211984513384,140.31048196572343,170.0303055896883,155.23636792015444,141.42917281560375
30.483658449351786,134.27125986256846,90.93757643563404,166.21464605340813,157.9552411174561,138.88777998959262,36.98661069684379,132.97144654552758,123.54823234060346,171.91958053393284,153.15341764484856,140.7918963276821
31.071809575116056,145.10857090227,91.61143864682752,168.71013145709614,147.17077612334612,128.81221943596105,30.76824761107069,149.9862772929351,152.8196690739337,173.9920137505608,137.62305631588512,124.5312974787948
35.79901400740711,127.39399784044618,106.74187377984319,171.65500288899474,138.36566213288086,123.84865806924158,39.0879313937273,109.93949465104545,164.23074563323178,175.8870384839588,129.68314760906583,119.86010656911053
43.17020480768014,131.8737715921671,107.63005967310914,174.2825947260343,139.38476954588336,125.071117113927,54.73189466748412,90.77676928931984,162.87228674343456,175.19963581691763,135.63672120610406,124.23038893788343
41.302689594591044,138.8759836937695,145.94629680433874,174.5975047170023,136.22287384651992,123.35861366613585,62.86827677318602,80.78430430904157,140.09876495789635,175.62273472548415,128.2650099550097,119.3280290689686
48.468352327022885,143.57010803428037,172.81793137285692,176.1476138472311,111.7403695598339,96.10707702237339,57.22165294879151,127.98928653606468,157.82999572150612,171.2156700343296,99.90798895884083,88.63855308856259
57.574933594692034,134.67155767659676,157.27695726430892,175.54877376173937,106.07521367242887,88.56750839542374,62.62084054355031,130.61461983878016,162.87580293531104,173.10042084629183,105.17280416969145,89.63927118852543
62.77992031782393,114.49717237554054,129.86607686441414,174.22669054323552,116.01409394869856,95.44763207061366,62.05163113076024,125.04127990391764,146.6409147441647,174.18086781957527,108.12001695981569,93.26467590253509
68.49327316700172,148.56866699611942,163.6914578477005,167.69910913415333,115.26791911510959,94.05777681260844,80.90047098096754,147.88017140669842,165.82939396645983,151.5541263519697,104.99520016907142,90.77815976002627
87.07601859339476,154.7404200592255,164.71695835314745,164.82768580889598,110.70407734475535,73.07445610791349,109.44471317471329,154.59203816501824,165.22341358144496,128.34707391058478,89.7580119489643,65.51798757541863
153.04922920506974,158.93533364649153,165.8065169900663,107.9960246967454,107.67981427914123,51.90806387890802,165.3187834467812,163.65461687268012,161.63096435278467,88.49909469791783,90.02239242910294,48.36795099034497
160.94007913717755,164.9775015761499,164.10508430437983,143.3550346823988,137.7853921869529,41.444870055367026,170.2406003077811,166.4448345997736,155.55407700433173,137.89324574898157,135.67729292383893,40.48798784500937
161.67382609247434,172.05240091765788,156.42187167765732,150.10575666523118,137.47582768617954,39.39559889994817,164.9183971915712,176.39926257641116,162.87064328917089,152.1309958740322,139.20845396462022,38.66760706464147
161.99888546598987,172.0401242189693,153.26493672914432,157.67115458372075,135.3699895923537,33.307186537796746,165.57563274548784,173.13754835322231,159.27328187679223,151.62208202097622,132.9685551534518,34.04673203496029
145.44344677450135,174.38271177294928,157.26835727070028,167.8560136349651,124.08113716005053,32.60402906780767,154.73271004118348,167.65449197632202,154.0499592070113,151.0597899683925,117.95377016925194,31.46829900289549
163.541703062225,175.0423940628296,152.72281535943583,161.23701989542593,134.85244663200695,29.254701284935035,169.8927311310473,168.83834926971167,151.17316327615163,168.8513872004741,145.68990680177765,30.074062355938086
162.82131732566114,175.6037488241051,150.20109370542755,157.09385580416065,139.33372915863475,29.582791618265947,173.86670213189785,160.55335187372134,142.6551149272566,161.78309333998274,147.70808849757626,34.8023906559244
160.32186869068215,178.4526125692484,152.72624077471667,168.66270182061865,153.26375641020658,28.805313090093275,173.39351532271922,159.33647704221167,146.35473615932082,157.64413328039018,147.09361524173679,31.194169876189555
158.08379888976074,175.2198504305449,150.1269094313283,172.35443885486546,160.68945623019522,32.285046279318884,173.02065169186324,163.38422489890496,143.7329095552504,173.14476933716304,155.51520961388698,30.13812043699227
159.5884594367775,177.32489703804583,150.99532930027772,176.17890410148237,165.17156091112378,32.36466248716671,162.6478324098968,168.48083400314724,141.85348345671517,175.72117446798276,162.89808733889072,32.970379132761416
153.92810674883643,173.950168159981,150.77711266089858,169.70053207331205,171.99161973945394,35.22587436529877,160.7792269610651,167.21502956189573,139.0596641445171,172.51574603918624,167.43197946509753,34.588078087238344
147.41377663326375,158.82482835581746,126.7453465363034,170.0398629180479,178.03879388023165,37.32222003867133,134.2403707854878,171.6899156568632,136.6163888317757,172.24475105457577,172.78004268211149,38.37873871826749
157.99888133643708,165.19794872485582,157.13031487210588,169.95592984391473,175.89985671650186,34.11091380563108,162.89910418608605,162.64756716501938,140.33224773003747,172.618380579439,170.7251867338663,35.25573312143413
157.83892884004686,172.56286275415565,151.1094839654463,169.0794456455882,174.02379103335093,32.32833182305077,169.76582041688894,152.00831338234624,135.23349162511718,174.23191104008214,169.1684790697051,31.44486206660269
156.44253619488683,171.53958493380577,149.0402159583666,176.8435569237583,168.04659881476783,30.447967502094148,173.06600593061629,139.5821544500517,127.40775857723966,168.03298723893528,158.81718359917267,28.062020694571213
164.1736711162698,169.81461720838246,147.0763660286045,163.3004938197151,154.02491698749984,28.71464692651722,172.91203948354521,148.03351397654185,136.51540291912448,159.21823494508106,154.07260377336218,29.20469660390031
166.8962119776074,169.0526987492627,149.4468574239387,150.9100935060034,143.16013712448526,28.950119797327808,171.3076373566168,151.57246213837493,138.31065366146078,152.05324438145405,148.15650158895087,29.219784913431464
164.8236439300575,169.8300933899851,150.0095706244124,158.32103974553652,149.62468941667055,29.456158152227033,167.20039847283562,154.5056930291231,135.79552565687106,154.91352214464908,151.14928467067915,30.54154683044412
166.44294610879396,167.98842817467238,149.21449920815834,163.7180594916361,157.61522801550862,30.798631572461822,166.92743954389147,165.33579404188671,144.9718054092431,156.16941376702303,154.71312919779064,31.186749925989318
164.91749634843885,175.2290825316185,155.4470952278238,160.46753254860278,154.52988614582347,30.533659204468922,167.16614081933096,164.26334244684244,149.5766252626993,149.85768091462882,150.16207660408125,29.684570688981523
159.83169045887857,174.1650646402423,154.37676924598136,159.6398721823254,153.56928624671005,30.297937432116477,165.42248795657684,169.99394587181317,156.82063554574538,149.97265697330585,148.9435576779474,30.271355486329476
169.19701745277104,179.17067007246652,155.84822811372294,155.38741152843542,143.94937044331027,30.11606289257566,169.58164299499225,171.94294467500976,165.1597469439892,152.85177746366315,145.72960245502262,29.961838033355104
165.34704014343282,172.08503692002415,160.18186731583248,152.0654487949578,141.9370192714995,29.55301613417664,169.45331847735483,170.5462703005496,170.79627443559696,150.16141298720797,144.58299313159154,28.277931940823127
156.00538335274547,166.13201297069642,163.8824788596925,160.77227763354512,141.80963943165912,32.42599484422079,157.87997056106803,165.41967095761365,174.35046615625458,154.51026020180177,143.50218598065476,31.907549118028218
96.98189887927326,164.74018677600034,167.4834014966429,170.45868575020248,121.05984215372699,39.380752652927185,96.39108945672619,166.8831783876684,173.75165924599523,159.06848321114555,124.83708570932475,39.33690074751306
83.2870554648796,165.34499558300178,168.41845508292468,162.5574677596774,122.19200879594865,41.68988900470561,87.25616437560865,167.57780741770378,173.882736879702,163.0076822663904,114.29422976855628,40.64552062357813
74.65779541863901,166.77378959711305,171.47843981114096,171.45855634284473,108.77159560123978,42.98771576554372,86.61912316754265,163.4214206892473,173.59959654953676,164.78689632436505,114.04949786374036,43.053548015575146
64.82159201908533,159.33583488907794,171.28927023573831,169.89842631214512,89.2183898840683,32.95987388416056,82.54359152915063,147.850976259117,174.82050397487956,164.61758881276347,90.3757112030578,37.13767149821376
59.70678975146452,156.1741641158309,172.89052728604727,168.1112456809178,86.53523279864012,32.83362856191237,77.69127340219339,136.89874478683706,177.9556034919729,166.21621272463196,79.45477778290392,33.35890988500929
58.33421085598398,156.02748457874227,172.74534939049136,162.66868255330104,99.14168401925129,38.541816551712735,68.93517638475585,143.81880181602733,172.90887993488406,166.78439757298432,94.17474279343293,41.843027973832314
54.63341401624722,158.2210210065478,168.49394589050533,156.10548128154372,103.4174301185097,38.82105915387527,68.84033178415986,149.21850082671583,172.56477813258078,168.0200437236975,91.10540244511105,41.92762487717587
58.08722275752494,156.81517111954665,166.78061041990756,164.9407107565036,93.97188512953308,36.80819060303338,67.24028063512371,149.73629238988306,170.3891025614608,168.77515291698583,87.71005797813989,37.345432773144594
49.57762430984818,155.77932466624733,154.38997643075552,162.9769059685252,96.7770274818698,44.83541252336079,58.44386892491991,147.84365024205235,166.8648734277671,163.22489111544587,92.44669338126202,37.442820712393676
44.53732312704282,153.26892677228457,158.0084713120227,159.637105347683,102.8961851512885,51.52433596134799,49.29289898377514,145.17185405901918,164.09766709424025,155.06893809215413,97.55701890379102,43.05440070992566
41.01949373452054,149.90363764250694,146.11210527703548,160.51598039868344,127.35176014366327,79.810034282771,44.808919640334544,145.5608643641704,154.43056627586154,156.35877226776248,104.04081899043307,55.933008833896324
37.00150026213292,144.0991301228797,139.44386405660475,150.69808315118524,137.2813152725125,84.90253535550296,42.635381714282374,137.17044393556995,151.25101247397103,157.7212260711378,100.71592894152539,58.198935936634214
33.25277718796494,137.53701350208436,130.70062365525027,152.61668331260586,149.09560930981348,105.09577339485061,39.79436905734386,132.62606354820477,148.79206500202824,157.57920821293928,107.58239800638384,70.48381812057437
34.446298759450066,134.25061743327115,127.1062066664727,153.4027436725399,139.7028194930661,97.49327070001517,40.92623579492012,132.54379430199364,150.7948967539143,164.67684674879203,104.81141345998961,73.54885696936589
35.46815005369514,132.35105459293,117.82737438522086,162.9127554773942,143.00770369891626,110.32258384616223,40.60744265337946,134.80849329229298,140.81821596699865,166.73937808152147,113.24898728015849,84.61959541894595
34.05945074365954,132.7408168421818,114.80845347641045,165.29893427926862,141.8113850464241,112.58171343162127,40.6129324160728,131.40445718205453,138.70468385503918,168.26965396220305,135.11078360832076,110.965294533808
32.30686333250389,126.55950389621839,119.8863055936233,162.73646239345754,146.51433694615974,118.95733970918359,40.54733429815236,123.7194570429102,141.10987829352595,162.76967828711403,151.2428156225182,124.74018468857398
28.2200254774167,129.00343135541834,109.68106518867292,170.93886611424853,152.26988411721638,131.68615690773382,38.388327848463234,125.67321755308369,145.50768034511074,166.82788218423616,161.01700408080296,142.16986390552327
25.95996531483284,129.61892303796856,106.79809766123985,170.9919844095296,151.84149910953468,129.63762871907284,32.66612951668369,134.00597124002635,143.0948163766765,168.1561598057086,160.0744706000862,142.48996922435515
23.461459050835266,132.60545978484535,107.3813207452139,175.19428321406204,154.19920675223963,137.14148033107008,29.498030037741728,137.44590866614428,143.72133173629518,171.4474391126629,156.69585543535473,146.56788125210173
22.731537244165835,133.45734363700217,112.05423332897645,178.96351167271558,154.73366619018933,141.82590297595215,27.895975223384063,139.41399438729013,145.99424983754486,172.27254834747748,157.7675362974452,148.50363873696003
21.776551012236624,136.3662171713039,113.07225999250055,179.17572544618932,155.12523614503417,143.851669789789,27.60974268523843,139.22190515070392,147.37577821237645,172.034435172285,157.90331262803755,148.99430568254274
17.3569643212707,142.57524100219803,125.14160453573083,177.72130213173327,155.27464186523912,146.4938127838862,23.331084100040236,145.21439309493488,144.85634610859722,172.89989554553412,154.14543318000096,146.63789862521037
16.857655073144162,145.87465979100935,95.380309430417,177.4201160948315,154.2602683866376,147.99710314559255,24.78834848933844,144.32124613332712,143.14224875234808,170.46906941428296,144.96879869623757,139.66469479888298
16.253876807552835,147.06121435517028,95.89293559864075,177.03620374792123,156.67956497993666,151.05694360280347,23.44730142229611,146.80582349719674,141.94591070536168,171.76096025150716,150.89678661842004,145.47167140868703
16.182060813603915,146.7729400549265,95.82866084439945,177.97678077908338,158.54215632492438,152.4677851456104,20.904157861707734,149.84070447160332,136.7833692182363,174.4402533429077,156.44229700853987,149.5761285042626
25.058610773007008,116.76301897969961,82.46888598848342,177.82386122684727,154.89207622222165,148.72620105111199,30.602226677015672,134.24537815557508,109.40068285475763,176.06069809717235,150.5739083747958,144.2053741165728
25.336950904951358,123.35824999783401,93.44902348086667,176.38144549006395,153.89664912615163,146.76613312111397,32.1964736890264,134.82767895167265,138.01030600253748,176.18460536748216,145.78130737824944,140.2257279084899
23.830570302984402,121.30621869056182,97.46769793371845,174.5557402275978,150.98281700580398,142.19656407595275,32.527869882555706,134.0787909035554,133.0296038125454,176.857967244365,147.79790130909836,140.75466349584082
22.061784383876425,134.39130983773452,90.35045283725715,175.17735285513484,148.94195581254314,141.11383397090728,27.726294159303684,144.8226278580801,145.71953422681509,177.2914789659655,145.88640518461108,141.06620968375717
20.975452473549524,146.81051389601816,116.88739525519205,174.84987176100555,159.86765966324901,152.52419584053249,28.3204941664115,137.4973138298825,162.91887829250683,177.38900499135647,155.682693926369,148.99193132796893
24.321051580199686,140.51049989309539,119.91758621508427,173.94176550054047,156.77338349992448,149.24063013749543,84.01372992913822,72.68723644709232,136.08771343634277,176.46987227032713,154.507722411527,148.07714658794035
51.53067421366473,50.7095214918832,174.9578800229279,173.2886008626316,152.90762897200412,145.02478998534892,121.16850642867115,111.37420270478239,160.1536734610442,175.76189481803522,148.83223782961653,142.28014547420418
48.41583484447185,54.30914869419612,167.70376295836033,174.56284911623604,143.31593406233918,135.10623774683933,115.21027726507403,104.60451167592122,151.6198023534215,176.49106086597266,136.00860934604398,129.94037377998634
73.5566022932178,71.72576748985071,161.8541539775066,172.64944279205477,134.5366321967054,124.86171809663595,128.32427357923552,118.08628383756353,161.58276682009387,174.7058415360739,128.68397860191246,121.10741218153517
73.89691347204018,77.35153031956774,150.93308533423135,172.7881164130676,131.60526939916178,121.36457381190208,82.12180362195016,82.64073586039903,160.1643408354459,174.61420451907762,129.7278723818775,120.79988958437293
55.23434273473425,81.83858117588137,118.30751172482925,170.5355935600105,127.43000237340208,113.1505081375578,75.73786619128857,82.85505942973543,109.28544261234578,174.45050571711968,122.88891171585124,112.29509307438839
56.75095039454917,126.16319501069842,136.6284495154498,173.88464803964987,126.09383772405846,108.82263322238875,62.174780241099306,121.1345142340479,138.46363364512916,175.6318355838001,118.6571519520132,105.00837319047275
51.58597045253701,150.3496821547264,157.3384446832486,175.80419396424483,119.73054599082563,99.84939870473363,59.49340203272393,153.47343360444006,168.45757042971493,167.7727954330983,111.158833838137,97.5438615290511
59.48333644579278,146.3613991298578,143.03945938304832,174.07993023242403,118.64474709931999,94.12294179336129,72.28015349099476,138.57822492893817,144.87412597230374,172.00132576636796,114.38776476783819,95.34855784155184
118.11015750041724,160.4727040876916,159.46713492411953,134.9621817285428,105.86819425655116,66.9344326509377,143.6667057635287,151.45163417135774,157.27045649449244,114.39924176300566,105.24678279600056,66.6759694152057
152.84501050030377,165.9246723973015,161.08479323167663,116.4629200912564,108.6465449524527,51.48409988519265,167.80418118062502,160.1404146041874,155.40882786137905,117.53435511683347,119.78934128581659,51.525250051627616
167.03711894338915,170.44042384876,161.18218326886398,111.27766307156458,116.04798884988094,39.94814187103367,169.64881925556134,164.97548807348016,155.78926409424818,132.28674871813456,137.26726013742834,40.729658694868455
168.30265334453549,170.9163039955573,161.9061666774018,105.2660615713396,110.34467893657903,38.86210037810666,168.0217412597482,162.45095655650775,155.55345767971613,134.1933997018864,138.8425811092713,41.1238403646342
168.1227893554591,173.45717039079636,159.28284746939448,110.20297935314038,114.1609181902671,41.63782342162685,169.5445103146511,161.11540296263775,151.15604445562235,134.96014521835278,137.0567729945376,39.74781805291296
166.33989677012303,173.760271255481,154.84576789825812,109.46796735071145,116.43266450402577,43.84150703098934,165.6657695656018,162.1403613620533,149.85012031876207,144.53129790619678,147.18028586884878,40.13599260784224
165.52990498761034,171.89692144600951,153.19554489240656,106.33271077744294,116.0413391793204,46.288474080473776,160.79352603053624,165.79002475044962,149.81193209520407,142.06982170652535,146.40091627264815,41.60770461929084
160.86965529486693,172.75980117378012,154.54318462538373,111.73438916310053,120.52646270849806,45.517355664896826,164.8437676023639,161.47970955265149,146.79163542470644,133.58485663218312,138.32322709198988,39.28492989389777
163.47405768557144,173.4436122019764,155.82543124887883,108.52140669208251,114.7098687453404,37.97741387374633,165.21002217125329,163.91046873479374,151.21993866847558,122.56348951575512,126.0739456334402,35.58728323332031
163.57139301399445,174.30966295908934,156.77890694175085,103.31258875324662,108.60942961460263,37.344130036115736,165.95638320300714,162.84628168103566,150.09719113539208,118.54187898986872,121.67395783673538,35.3923241900388
165.7536747894926,175.5432833923802,158.30950212774684,106.65362458398235,112.05774639708255,36.48230570453397,166.31747912666748,164.0508714477079,152.68014423117623,114.25772571008356,118.14589412202028,35.089620140676935
167.75724585976275,174.13449826547642,158.19480175883302,103.34894445534462,114.42463536493025,39.431978103942654,166.4151052448509,164.95217479626257,155.36566101907033,113.76858590591308,119.40325795884262,35.04839120992605
169.05164954995016,172.9851879152721,158.53545269636632,103.75248282269426,114.4312417046759,38.46009048128095,165.25530661162696,165.62497336954786,155.8318308955829,118.39358175461166,123.03777752879853,35.13433831010189
167.35482552328887,174.17283904053684,157.98998325419265,107.59718935266051,117.02207315854803,38.048419567634674,166.31246482723807,165.07711977920667,155.28724988443767,116.04224948623029,121.11093136878678,35.929362183889964
167.34257809033974,174.29174931146315,157.24252797174842,117.30262338833687,124.92213039631208,36.09304843001232,167.83553024995402,165.4590594155516,152.93740183519895,112.03479059738932,116.87151129095837,35.49452789173237
170.0356654515878,175.08268998420473,161.79562250765454,109.9877043184621,119.68658071407182,36.46083015723607,168.67471187540377,163.98833889666435,151.0152536770354,93.65833792061414,97.67234110486321,33.35487482806051
168.803880601218,174.6680600504571,159.76014128348518,115.72583223328118,125.35960912735136,36.18666937462553,168.6325101562715,164.21490057688266,150.79281815882143,96.07236739278338,100.51076100220439,33.58527775680708
170.66681030339237,173.88728741406646,160.9390099043666,114.70031381649333,125.11465308003162,36.34366403149127,167.6897356246934,163.76703142904137,149.72014091690622,105.64652823143975,110.15319239543444,33.834642083646735
171.8582187568502,172.72027021770572,160.97703833960273,121.8911322438847,130.385243869513,34.718175333297225,167.63546036914755,163.83927465065676,149.68289711737495,124.21697644738424,128.35159416115098,34.45904556418047
171.34569055344846,173.83439671708024,160.6981567873727,143.02839040228096,147.80273054464465,33.2799155619003,168.32546914776643,159.17493197910397,145.81792398596406,133.37383174172075,136.58955815576365,33.18642968772625
171.68088515156126,174.69439166283976,161.41354464948674,146.54761983364222,149.40012197803134,33.1881216163962,168.4697903396186,156.11516960057472,143.2010632771193,147.99907915695454,151.86729771851773,33.80744600723677
172.59675333631188,172.5305890277689,160.12518042605947,150.3700955654051,152.3420388067663,28.27574926823429,168.85908626730958,158.61622755720464,145.22822844813533,159.27295500288253,162.422142229697,31.102525751297836
170.62771395884096,173.25630767410763,158.0289789727943,157.9302381607042,158.9828146726067,28.818209898266993,169.1741248067523,155.62141296873514,142.9565974815858,157.0921549429494,159.64104387348848,30.046897600021037
168.7729640439666,175.5008046284193,159.00513899030227,152.26612214282136,155.1879291343258,30.005582811529045,171.0144680630958,163.33262129633982,151.41286674500913,153.12205835858188,155.72391252272334,29.43966710424244
169.62286303428425,173.85973536447128,158.03164968801087,151.2561676463226,153.34612605895734,29.379620409951887,170.95997975669985,162.5463184311887,150.34716352147493,149.41665313179396,151.6114691844523,30.058124521150752
171.40168554949446,171.98829213618592,158.2782169243119,153.86276703569027,152.02695864575773,27.503930518702518,170.3210511247042,167.17673493692857,155.96431758541542,159.38483419435846,159.19932247595153,30.87036073698844
167.9833671037625,175.31351024888016,157.35592579433458,155.5984958599785,151.23523596164762,26.05142797855348,172.97358714467845,155.3298973743598,146.2120396857258,161.466081998876,159.3262960083191,29.866699300352764
166.20878832965286,178.22851344440363,156.23762801694045,158.64218466235215,149.52229525014258,27.874748443930578,170.7287394833857,165.23689688632143,149.84282164116738,161.73561170640536,156.03731353731274,30.904211084132072
167.96297275117956,177.07910588523393,155.69764890401717,162.9599104282414,151.99496296509412,27.838569021841764,170.13048272023136,170.81927395167202,152.42082375792114,164.51672968047566,156.17061450707055,30.192528544188367
168.06656047412224,177.45530689584155,156.57464776460006,160.3576329193252,155.35695864203552,30.36136513087633,168.07514014893732,171.41094385708402,153.5527093477465,159.0995445917589,154.69685757863263,30.397538714030304
166.92896420931822,177.24713689767472,156.20245023281535,155.6128212374025,151.85426002733593,33.0425844588181,168.90362575104425,173.2738362440381,155.5750072650202,157.53334354095165,154.2125513175351,32.781123295766726
167.99953128668187,177.36811340185997,157.09347872081878,152.5933091422459,148.9505312355093,34.441919833499114,168.31659817486275,175.7247603939158,156.5017799674439,156.29612784711964,153.33416876814331,33.56021712708277
166.60992775781972,176.91609302805676,156.65174550554258,139.450943716781,140.55644824232826,38.40272943563247,167.33379273206234,176.5721932152379,158.1488851310027,147.63408320844295,150.71267059771898,37.62989123994604
166.91819768466385,178.7875210898346,158.4680764162156,147.29293477978442,146.03219450674837,36.16537478403025,167.84549271269074,173.59159266548812,155.82101024837837,138.37840147323053,141.07481396801253,35.72787166983527
166.25096421619008,175.09516096301527,159.0778711572907,146.01864758473346,142.01987708471754,37.26778665964018,169.78048224485653,171.6924777060691,156.1613633071392,132.578521007839,134.24629545062857,35.602774623590555
164.30127673703205,170.434371154944,158.53513246116748,142.89034440164033,136.27037689174207,40.12290537387124,171.87463242938338,170.59579886726155,157.07409032329375,130.04163295766395,131.7164281007218,37.73088276233408
163.74762461734198,170.00796521843415,158.59800563122155,137.49261184135153,130.19359642133,41.20162147004452,172.25106553666444,168.7555854794224,157.0310185055029,129.49929878533948,130.479604666755,38.34304733539766
162.96022465859764,169.75689552574372,159.73832633589504,141.73868097204289,139.04552436135899,41.768823515930116,171.85796132508645,170.96299639712652,157.92968518782303,137.21273659602824,136.62917273512983,36.14642216043034
162.42559285065062,170.26790259610536,159.84864662973496,145.9716337942019,142.33534965259074,37.231288282916715,171.6779623124325,164.73413480881328,153.174801030447,140.60910867191262,140.61035591748657,35.62652303908643
163.42816957974924,169.24659207741198,160.19849581022012,148.72511701473755,142.22104416003955,38.90110269755634,171.25395468956825,169.37257855677913,156.56675171901256,138.40103086027273,138.26494892777146,38.07008857147345
163.8158369008546,169.91952799812717,156.7704317035402,148.65995175407068,134.52563918422888,35.55343376455646,171.58333650246138,168.37095592674737,158.93367951692113,129.92567889667723,123.56337317458586,35.06571182882031
165.8738149948937,175.42358330317117,155.6467572134244,154.09341208712118,134.14089429365214,34.122021757916734,168.8768433512506,173.65343458209142,163.42574774059437,129.85546562025152,112.89348075410602,35.75200613149637
167.20254948060133,177.29351517935044,155.15238416484422,150.84794407819996,125.47295769155255,31.140380041138418,167.57668933390184,174.1933773033501,164.99823451956715,135.12063854754985,111.4670477131681,32.372058383863944
159.3466345292929,175.1607641623257,143.81833321274974,151.80308928834998,133.69382573769315,30.558295452581024,170.4160713969528,162.48050774981684,147.84708800605515,131.69890936511513,118.18114685789895,31.38624689326293
155.86693297693324,179.26086817703234,146.59222232365332,159.25026125783657,138.59237647354945,31.322644223294308,163.14857891589574,158.10457760942285,134.09078355497746,154.7251772923712,138.11676429413922,33.08921491140691
163.61021492822695,175.42384589796742,147.3196466606002,165.4561912694082,134.34211704576103,38.94191210739926,172.8268654338752,148.1311821805187,127.26086940321359,168.02127947703036,144.42145417863222,37.0108492971547
162.16293370803783,172.9872105983878,144.07791370431542,167.33031669847762,126.07757074359226,47.42066941973322,171.0774105039583,160.56928385434603,120.90857760821649,160.27941794973304,145.25981224291357,37.19250841196665
160.6447464369809,177.89652314488742,143.7508820742891,162.99680418119468,119.5614087005984,57.134696663691905,174.4948950737661,137.45981241697413,118.04399370749933,168.7198341712351,146.2106142972923,34.04043575901692
157.91136308748708,164.32913103502722,133.19240165603443,151.2584616869179,94.21053294165232,66.67091916020512,167.9559671413014,128.43878560173133,99.91941637312719,156.9808399621318,142.20037831080168,42.60503889686465
165.10947968981662,170.24023772613788,141.3716317943401,163.11073456616555,113.52794464014784,57.68081856059704,176.92723799203833,144.2274015946607,113.5826602465862,161.25607649289933,145.61607451363778,37.666466518973124
161.62516686341414,175.36356791355738,151.10527767914175,160.60422181588262,114.6492149343423,36.729460475018314,172.83310285581877,163.40515418561336,140.09861780996778,167.85948104645277,137.9730475618995,33.70112847695492
165.19950745314097,171.2375285115954,142.61370655426126,155.65116055379872,115.10760581252309,31.714134057061603,171.8798145156017,159.73290376946846,143.05492096538066,151.3671776698163,126.4830981199463,33.19912298842689
166.95291987809088,171.17234862105698,145.8649170245059,153.72340027152413,117.28609373462254,30.496184105141992,172.3511125390161,160.12070932905604,142.7865481082903,150.8378020459061,128.7595359264734,31.89926959670356
168.6750357401418,173.5169206432615,150.69771127214545,148.44585738415952,117.3289530051234,32.380680185818505,168.5619449172456,168.81638089604203,155.0596964979761,137.75800229168615,118.7054753762752,33.07410452769088
163.37942698049017,174.40137522921168,155.10885588963706,137.44210408242606,111.67848266353184,36.01829185454188,167.49181078515113,171.64276684938545,158.5526725276127,130.6683295538713,115.07429989357495,36.46779048890858
170.04198272569613,173.8420583917399,155.94434573010545,137.21711108590753,122.38068071946161,36.007672870859544,174.93071506983102,167.91525995358072,151.26025417902778,131.50965970748055,119.74330620882617,36.48449607211503
169.20592326340153,175.92339653124168,155.60691298291354,142.659685728628,132.4495732210687,35.61543339781237,176.85467868283527,162.80057744578457,146.78835404045188,124.7537906684882,119.60374161313617,35.18290965080303
169.0111486861859,175.74819573959533,157.37506678666568,135.57725365766993,136.02402789097755,41.35999514093828,176.02852331658366,164.83144219184277,150.28540565607997,122.74375988469383,121.83384309493738,36.703130273955395
167.7637814505796,175.24395798281878,156.2520676832739,100.60775776063281,104.48009766754917,48.99491391921329,174.84120374112248,165.02199998085175,150.48365409951407,123.25074394013001,126.903369744498,42.45122472046335
166.9071586404489,174.7170654306648,152.82500185917388,95.11479811641689,100.48982045413982,49.256811296106534,173.25895889873436,167.26719092104588,152.73973371239975,118.33779147163037,124.20106196568297,42.02714477901364
165.7119630376815,176.15621861185141,157.81866667707044,99.28203749511233,103.81105856650326,39.83504207858846,170.20263765352607,167.25766225815232,152.7990000681525,113.9879579558267,117.11481390021268,34.13510075279353
167.2615452723385,173.65430160353898,158.45237674555818,68.75963454479326,80.02968804944386,44.823962579791015,169.6735248089593,163.72686843222473,150.9381969818172,98.08918224384239,102.71240651278667,36.31056041390157
168.98570868447877,168.73057497700057,155.54990061153234,79.56910272731174,89.90420283544681,44.10731305354888,162.97261604651624,167.2795776641378,149.1091537185896,112.4706503612962,117.77421342043375,38.611174678275376
163.31612664329103,175.13149218286617,138.7168433293595,66.83133358559307,85.88382644797035,54.90587956777381,149.30110315130415,168.56565211639273,146.42994424255798,102.4475814047473,114.30630755193421,46.119722808515824
156.5756328369932,168.47820451303582,165.19755858068896,74.26047305728561,92.12894061345285,55.96233603003273,138.47046583440903,158.54469736756036,142.64364440114826,116.03586631467242,126.21230470201186,43.25723958759501
157.98549666992645,175.0657291122155,161.18491854569115,79.37750247272666,89.1600001125621,44.841369367871394,160.77471880295585,160.46548396280116,160.17429926052756,93.16430878609391,100.90609319745006,38.61210920983631
151.92093326141367,167.77577440365954,163.6334496511871,79.96080904018446,90.38088357728577,44.955334905846414,166.4383517639743,157.01995328438787,158.40711302223684,94.79523733436237,103.4223287164106,38.83303936018467
149.9437000534687,163.74761113534572,168.05301965855548,132.00509926387645,137.47091988941767,38.356299672420704,167.0711746998036,158.53218772372824,153.8920472419172,109.04970564411164,115.09124993925947,34.73636578436996
158.5625198490412,173.73989360389368,165.73999035093476,118.52845766221465,123.75647352506984,40.385650416718015,165.12368064125553,161.91032468231296,154.28194043594422,110.18800995384223,117.3256223934425,37.34853569773979
159.86833573801889,174.41439657957045,166.33628598192647,111.8203503450245,118.18179721034289,38.70961765943655,166.42493979277165,160.41379139602276,153.95862676676416,106.81768368173485,114.70404260420834,37.50391844355742
161.59076887361198,177.5530894924871,164.39217415295082,119.60364285740148,125.04086874720906,37.8888647831495,167.84759809902067,159.99480200783614,151.5216809112909,109.0988465198936,116.11297631090234,36.11408207939595
162.61097300884794,178.16030144063268,163.05703239417642,119.82081973826183,127.15617521965257,39.60602271007977,167.07010884517823,164.16171849464214,154.4166854689517,121.65008448841188,129.290059277792,37.136719712548484
167.49809483490282,175.20342633100373,161.66425233385127,122.27504704906391,128.49283659976027,36.95254533050348,169.65687042804942,164.26731846704405,155.53876077695546,110.54977212683866,117.98151554597641,35.24889747623583
166.73350253191202,175.06397090113535,160.22438568223225,137.1042128094806,143.12559405797018,36.02274635964763,169.9973454442602,164.47313494451805,156.92527015491683,129.3738055799724,137.1874644759204,33.94691716325761
167.31502231017404,174.49111928190365,159.99779883018803,138.28969208318165,144.78724584830348,36.24413347802242,169.26817966991038,166.85496232233302,159.55091538739856,134.71956494416054,142.84282660134193,33.9013802166124
170.71781437270252,174.0675630288807,162.27000261731754,133.31858295230418,139.71380120618556,34.90004640932019,167.40262905076176,168.4912803365115,158.5768118684676,133.53308935350486,140.24303983027613,32.46231637286944
168.57717212312107,173.5721282729983,158.59113789015163,143.06762134111548,148.55229296384326,33.317004108193785,168.94899903764667,169.91957986089645,161.35530821199058,138.60999385763836,143.77166009139046,30.762101128110142
166.05530745159442,176.15828694976923,157.81045769695638,147.17711706441955,152.50504498008283,33.80693877493369,169.35047102383453,165.19005036304048,157.72334229682892,129.0842977090369,134.53717401326296,30.638119400244776
165.61765977933584,175.89880117339698,157.43176962422217,141.60425436456399,148.44431271783571,35.20099243261984,166.87230357979394,165.04572560652554,154.891636918212,118.28932013426167,123.02788940008976,29.88426329426308
166.4773467480386,175.4667462375263,159.50392365188722,139.30766931764322,145.71248359713576,34.67100191874694,166.86714871237973,169.6480032980563,158.33060598568022,119.30350769986761,123.52231067417638,29.08174386886198
164.46116489956637,178.67355702505057,159.51796028053496,144.11708204088484,149.56367813946792,33.66767406792526,166.53820827531345,168.53729049104086,155.72956884881407,137.12489614954745,142.09518924859202,29.82430417709642
164.4152527913665,177.33512827182656,158.8117172367503,151.47574245967215,155.80171610703718,31.30255388469582,168.18846254619694,171.07734023430197,159.38213464462518,141.82645118354654,146.53848797911172,28.125681126437936
163.82501301923062,177.81550417791246,159.3238578154717,155.24384274201407,157.75971833041328,28.641049326999347,171.60041435936046,172.93978545520426,164.10439778381576,151.34997431364135,153.56269675313754,25.778772017940714
163.84242608010047,176.5934969868646,160.42527650316026,152.06768296456886,154.67443820355936,28.032098610952826,169.84395340594247,169.18533752259776,159.18079861561952,154.34327861323655,157.04033808127286,25.711263210388175
164.86428062558585,175.1572416575154,160.36199154527134,157.00327380671325,156.38027205702036,28.495220754083512,170.28499204297387,167.65898332850628,156.0830113423857,157.48159880706106,158.25815654459757,28.059686590599487
168.1360665968014,173.76651142797897,158.8660822732507,158.75160681251842,155.65982701366798,29.591119104798462,171.37428521600827,167.80154466375862,154.82716369412637,160.70678069263383,158.42514349980493,30.713568269187338
164.55048977992615,174.93990632897447,157.6156480916038,159.07099521283405,155.10653814951985,31.290461228930987,171.48505480391484,171.20087980002768,160.14508943494394,156.4129160838741,153.64277510793386,31.478138690746505
164.27564081614605,175.5281166664462,156.6450026841954,163.5382009451307,158.71145400961063,31.265576746963212,170.50280888009766,166.52053112974488,153.60471882102257,155.4239567201772,152.6776084379246,30.883498996100787
160.8008939115105,176.88219367803302,155.3812767635109,165.639018203516,160.5133619255884,34.49664062994546,171.4044192904274,170.94080466197053,155.96117394712465,159.8234119948393,155.52440301908243,32.74330660984186
169.80499577679183,173.90438272082807,134.3202742639488,165.15835156386768,161.58242602355622,36.56244150700785,155.01726972109273,179.17453336453113,148.47988608000853,157.1355449311332,155.50387417225338,33.54995243146491
163.98380873565827,176.24304301222284,153.80368694997554,167.2341267502016,157.53357805656992,29.226683196119378,156.1041049360902,161.39001301882632,167.01441366909705,159.8922200937018,152.2541049057925,29.971126936181626
161.32278498138237,174.95728851225087,155.80669625707839,174.36836549669624,160.2383685665562,29.814357466365298,165.69180136647563,163.1831744361258,152.16921820083718,168.87138686061547,160.0889024025563,29.191323254524917
163.63172878247187,174.98144769543353,156.66291146244149,177.52177638735114,168.79834185301291,31.036929029114166,163.40634475239207,164.90272607284703,154.12749498763287,169.903515396147,162.97993491048425,29.53480843040658
157.06316460849104,170.47304124300842,155.3649431678865,151.5934948061297,140.49894072089876,39.76422478162308,164.68594806275996,158.13970574236942,148.40464821998336,170.40779348081207,163.86765250325965,30.69771993686227
155.1627500407469,170.13085155637293,150.75756931344566,172.1738626192586,174.10677048586263,33.02133494945662,159.49097637049536,161.0747379419284,148.35205358410215,167.7832949084014,171.28206393099376,34.79270662044659
144.55418528885238,148.90025856652844,132.8402321585833,165.38584476529545,177.3747340610681,34.23945616553678,128.52938072592949,160.5992923712751,138.73578646394466,165.86003816239767,171.68576610354555,40.64288248628296
143.21270801564756,154.0998080842988,156.74826271018952,166.3040771240305,176.68669690435672,36.672720546317606,128.7454580315268,162.6234380255909,133.24806249027773,166.7595623381779,172.6484843175349,46.212225232219005
122.14858541735502,140.2628731896578,135.98903450249594,159.99050443971498,169.7335394546868,47.53944258103205,116.60773494902843,138.06021977980328,127.65450149185872,163.0438027541688,178.34052913026625,23.72968619260825
122.55814416535961,140.05774514368838,142.63574308173793,161.68884301365833,170.5492001657494,67.40568647385734,126.29171469385244,132.0545963241045,130.497300054468,165.87631930255628,171.492845927771,60.2679276726676
157.6102897142813,149.84260057337005,144.4201705047656,172.1143138151796,174.72060116057608,40.257048422645845,142.85850737177392,153.95375225722523,115.7112839797275,176.4310032998048,166.07411637051845,42.646914684948314
141.82388345495673,173.92087967073476,147.06970689640562,162.94101757214435,144.40404113692077,32.38835664408211,158.19714425488726,174.38093203145388,141.856661001638,167.3681291248362,142.9187953607175,32.553974590222154
147.07124523605185,174.26931577079543,142.42081038011634,172.74679427437707,133.45708107942238,32.62542854447236,158.23027836888426,168.26336505837912,143.7527239459379,161.36637620620854,129.27448749211868,32.090583223964046
153.4961753578472,172.94383902488116,155.7132773201541,175.2797688886728,148.18967535752435,33.40388850231209,173.33825942076922,161.53291041014788,147.27196950837586,147.95090096686758,142.70221601064466,33.74041432071969
169.6800972478297,176.15121898397075,157.23927194792086,147.74354261970018,145.98734069595537,35.070485323885194,171.17740371895565,155.40031523925649,144.34667067534102,137.9278758499434,142.68627459898775,36.17093859593999
165.0205331804264,174.75547056324632,158.83853617555104,55.598251743327694,78.62128634465081,55.85734940562814,168.97491389503404,157.2391658752877,146.6484385380314,98.74950531439116,117.21682927099992,49.223831288983845
162.2899731645102,177.27341378753582,153.61726113156345,48.20900359030598,76.96231276364641,60.98428910953286,167.33949403013122,160.27517162518697,148.43753352885116,57.87643203133321,84.53059112366358,56.24059128108261
161.9519055097652,177.67576179573663,153.25091194635135,35.93003855005526,59.7388750243806,51.87280540600013,165.7945115346165,163.60428885928457,154.21736198275704,40.342414598184156,62.253914114383946,47.84065852157846
162.2216988374152,171.78144159122084,154.76850127289498,31.999792433272585,48.783806958935315,46.396122223002266,164.96449717674042,160.79423959391718,151.0080844007163,33.6214624455248,45.77485340969925,36.75104383686684
160.08118675380277,168.2648920059907,157.64555638427248,35.88459974274584,71.89046333285269,66.33409399339862,167.26516579840592,169.57194383301288,171.46469587350623,52.59062964939871,66.18725679585854,38.438636125701265
162.3577019610827,165.08402895481578,162.81062974286402,48.96604511900206,110.10500529952631,106.69367444486805,157.11837917461116,171.7627549315814,175.03683753507627,55.25860500143603,89.33448777627552,74.96358936952535
94.17702353284577,166.75847137921562,172.64339892823403,117.13571779176131,130.96695096623375,126.08568892025102,93.2230466173723,170.79271099470506,173.70266460882732,114.81090977611423,115.89375415583574,106.25738651688243
36.232215603116586,155.1217792727745,170.57759271374778,178.55049271236675,147.994806003712,143.40472063129224,41.021978581992904,156.27961923963548,175.50163662762083,174.3639609241679,139.7684684062666,133.57408623528187
28.473207830193818,154.9787572009348,161.5198061128986,177.84042785440914,155.5501027908591,152.35630709728423,59.54325377935042,100.96308437629725,168.79061752502594,176.22178386794027,146.9820990735942,143.13022353754488
35.17972419440713,132.11844101881584,159.6624726135016,175.7791683673727,136.72614422589422,130.86950802288547,122.15490442696401,117.762706907158,160.16052468208807,174.5571623879741,136.6625780846207,131.24123478806248
28.054294998923368,147.54879567839185,146.8842878971581,172.1899050145055,139.49373332498902,132.25789988518247,127.77513598407053,120.46735287169518,160.3182619051736,172.06308748016266,134.33583434235717,127.22726707676817
31.71763762735304,138.73625776758655,131.20902195051502,171.46775310057706,138.3098856447567,128.71669717331594,137.18818478541283,125.97295276992148,162.13122475081775,171.93820390237562,134.78428467633515,126.18907213940265
29.058679582262744,140.43629047023904,117.27235532048626,167.5218919557249,149.17252840446454,135.0467164305165,96.18732805698741,78.06550475500654,177.30098813215858,170.63472617890966,140.4859459009451,128.6670925636645
28.467732308358478,143.54153724297288,41.019018897021894,168.35927946308635,152.24613397524607,136.16608127129274,48.38113302736929,118.56844934036373,105.31768055463337,171.79993561745715,143.90714389625785,131.83646924462326
28.054384798944085,140.2267302744254,76.32075702660553,166.52325397398587,155.87953339711603,138.1290223848589,41.14427617831204,131.42283882103803,112.27435407624294,170.1362507232353,154.754349573588,141.54733109242446
28.47036265275599,135.79164483421292,100.39788170475752,163.60044846812946,155.07372533442387,135.27648356820796,40.83405271388627,130.13707661737385,123.43771302618339,167.69271954224553,156.07451075773608,139.18538584934785
29.871495314777782,130.4744937733783,130.01492764560976,159.62001346871511,151.03067514755955,127.43585722487454,39.46858965938772,128.37131257291705,119.45890063991963,165.42054001859339,151.31632998096975,131.4076791152075
29.41488158565934,129.74883725825646,114.67754486096648,160.68633843354542,145.3772507544563,121.58913344423186,36.66739522871637,131.2438209144375,129.3762199120521,164.65420703792563,149.23318722303372,128.74221452564416
29.22837663110244,130.13839927918744,113.44472267711683,155.12500726059142,146.6261796494335,118.59966248717343,31.81664769628949,135.8646854804756,136.20445020878716,163.12358401862193,144.4663547807899,121.27838897015373
29.3299942325194,135.05390170196594,133.24915842407057,155.1120203966829,145.32795753108797,114.60532994291356,31.52481149253868,137.0676477010302,147.97211617599254,159.95678563315548,147.72647163323236,121.30845743727667
28.69874314334587,134.4093081610022,141.74102371203142,161.01342786109336,139.5514757612955,111.3336763682199,31.428983759257648,133.8413754040209,144.819970190605,160.14825938424627,156.09189015154888,131.393875298363
28.02799949448802,135.01792887353608,136.4884851669057,160.50214618088765,146.6011412410093,120.25135088506076,34.61946966724558,130.94725939462865,151.61990196815242,159.81970251769943,157.01070709292097,130.55262821455543
26.739236624822414,135.80138774910878,143.74579437229463,163.6339870013679,145.260128258032,120.00911109606001,36.17573526361008,129.19374296201974,157.40155328332887,161.25738521346804,154.59670772290391,128.01714390532834
25.34609133526711,138.3362983520911,144.3268157932029,172.83440615169903,143.43337373028427,124.73884103323567,36.10449440924481,131.02129597172697,159.70116799537956,161.50660106708986,158.75563275930847,135.00744104852254
23.879893205730834,139.7703295907021,140.42306393685962,172.82101449236268,148.40710049722352,137.07446559865488,33.86798164676025,133.75077420268738,158.85769696365477,162.29487131879245,164.35928298045545,145.94153975375585
24.08467500140924,141.78053293478428,142.79088494162184,169.98732767173445,148.01114278956555,136.52509698328717,35.141801745836965,136.33970200743133,160.3367597240986,159.54221606839113,159.591814847721,144.4373550129991
23.451285249758993,144.289006212207,147.28790292207302,168.40920983080065,148.07214068148744,137.10897957804957,34.58815656769115,139.33419119834304,162.1167815549833,158.38429576433631,150.9458125844737,139.52952130972545
23.359512812284105,143.73644718301807,140.83151270023097,168.2620119404531,147.55263266489382,137.02568993178255,32.18429529239722,140.81227595899153,159.49760615231216,160.47670419811294,147.86016429680976,136.40476064550583
22.6701941269635,142.63976108057042,139.13138150301492,169.29293816871422,147.9490177756875,137.15469874500954,31.168934017828526,139.70141119346906,157.66371341703916,163.33791764987126,148.37350346423267,132.80032125672432
25.23555708782883,142.32994478800495,144.9397650926278,168.21132913052992,131.44965176993924,118.85594712443302,33.64544170008962,138.44144362742148,160.10408430526763,162.36922377863905,140.38424574690524,122.81836583347712
27.17205723494544,145.90002236440768,151.7934074078146,163.7396545768248,131.75623074660638,120.44702882996637,34.71669219925674,140.87884249234662,160.8819742190681,161.19697274712723,138.84369625677834,120.95676975877748
25.060446561285605,144.14815387181008,151.32451667811603,166.53977281632686,130.8481908980775,119.38364096508013,32.11581018989286,140.53999815619497,162.4999044800562,164.563716353161,139.93962713348682,120.88242209647106
25.07178775942258,143.0738370058353,147.22364447122587,174.5220723633237,123.43910379229614,103.83511894607958,30.837928629996114,139.55426196316662,160.51942199056904,167.36875853576012,130.14038630861538,106.6934177861899
29.234158436608137,143.49876042238876,144.6642679609636,176.46641737583505,85.14817595804894,55.43637349238231,36.04802904150335,139.65592859273417,160.97946169593013,167.31840211774798,95.24549227334599,61.356564998473935
30.181865520684106,149.04824792849485,141.7290320612992,176.31976571841383,95.46231287317711,72.2916159639979,38.56742209379846,145.99418002204985,156.18158521153129,167.37932076837495,101.96551586395309,70.54042723569889
30.998770132828113,148.95247621529887,164.28150109412448,178.39832358530072,120.8828572244112,98.46102203477636,41.8712221183405,147.47149987674788,152.1766410901986,165.48978410526374,118.59118688856655,94.85783613551756
33.549835287417324,150.5212364200861,153.07666720368954,178.60821430451583,126.74799949508677,104.95903014019179,43.7204166941963,140.28203205207114,154.58784872886784,167.493175899779,126.04035773816504,107.3132811596096
37.772532867253865,144.63780183951562,147.65479446888128,176.12910730086102,133.1352921290814,108.31820990216644,49.3061352674629,134.11546105213952,156.53422539939928,166.93858014960333,126.78612379906806,106.57159470461838
36.61286045767552,153.26438609737824,89.46408784687371,177.41588100498151,128.2311125178078,109.24544218929647,47.98115260275655,142.1386054952076,159.8840782513873,167.88445732920687,124.11900035706282,102.99821037246
38.84263904650184,155.05584656506747,126.24115592605439,172.69991144664306,127.3943149253785,113.45609826888823,48.09900158826653,142.74878737645736,167.7428257269328,162.83545693662253,112.59687667008934,101.90745314455489
41.92668133646758,153.26139013697173,167.23432905197748,169.98441131431153,108.3122492584853,96.68713338638112,51.27338941342852,147.3958548323445,107.77779846038983,160.64558798819078,97.17745342847446,87.20552842979308
54.42887037942932,149.0984294806456,172.83971078688035,163.00716744679093,109.41659176512347,97.82347510110276,60.419969904976355,151.79971470119375,174.16048948584677,153.3062675818732,99.6174976253921,88.7580010389928
84.4191547195611,152.9682525150779,170.71975257086953,137.31284670500983,79.56642978242334,65.35392138418221,100.694246959306,154.74191748612483,179.05232606579926,119.44606934053316,64.6610501235501,49.74762273100636
118.74999720934035,157.07790051935768,172.05417830006132,103.22265513835417,83.83848996485739,69.58335216462427,136.63444646335435,153.17264799348493,175.61259944028686,85.48920575208348,65.6875511930594,49.383536633639245
155.35960576893913,159.51057637985136,172.53501955803148,60.35765719398471,69.10298656506428,55.81585426441054,163.25016881690124,155.66040030646704,172.36131431269533,56.92316704905281,60.91679204711786,42.79381777482505
160.20520335495075,163.12643906234234,170.0538882619355,57.42667528739613,62.73524742770855,46.68119234638044,164.62651993670187,153.86427088584168,164.83990394943206,60.159276769296945,62.999973286733436,41.2293384139419
159.87870317170044,162.75495681785912,166.9818197421824,75.09379012783809,70.09542393975327,39.765944953031976,167.42595738624456,159.29357888670955,167.5665773347486,92.21234484777942,89.1686062271393,36.83191637632097
162.49670965827022,165.15695410042687,165.38519292227807,114.16830742726096,116.8780127819708,40.77754860306207,169.4200170473875,162.82310198107422,169.8384577515176,103.560430967678,105.88505266115833,37.771750166852996
164.60039927287576,166.4202487561546,163.71555025078823,134.61672617670126,135.63677190741421,38.11023001750164,169.7337600647055,164.05315456174492,163.72231431627276,134.8868157567027,135.90158329282795,37.20304708131563
165.33248631534465,169.0966869409615,162.1246479796869,163.89056030437084,152.4066944224287,34.9004402067725,168.89244675377927,169.32763810379686,163.67469028327355,155.88823603936433,146.69347088763033,34.67600912955
165.67861694659715,166.75280686467283,169.42155312159917,160.20693203938785,138.00544906563493,30.301637078185713,168.00749652214836,169.68622722636727,160.32002317080693,150.380480508054,133.61818563369468,30.901952914572306
157.42127392890148,171.51548858868964,154.910088422252,167.56347252686513,128.24857618216507,30.293556445638032,164.45828229651192,163.36179041510297,148.13203103964065,147.6429176105858,122.78382811170728,31.480162093477347
156.96101547510978,175.51058728540633,153.0492466836233,172.3106397341445,133.91414169995477,32.07092326586885,163.25069410360157,162.01210049151706,145.94287283017567,162.9017828106899,134.1943320145113,31.426400287748407
163.89006408608128,173.7751729131258,156.1153240776354,155.55738809260407,139.97526906970458,30.284389691933235,176.5915182840844,165.30319071055794,151.30135588765077,159.8593513014809,150.19115493936005,30.409812527500506
158.91538855726083,173.33023137432872,155.20385177834538,155.3746936600768,140.46505207482593,29.29307673971249,171.92013723319627,155.45042247411394,144.4225170842814,145.31785627116568,135.36063821338868,29.089330941442206
161.42424762247822,172.57732759072692,154.6168364709385,80.8132937659463,68.15535984802833,26.84656139134134,175.8214676370651,172.25631023217733,166.4141350973254,65.64089648583752,55.354036930081136,28.317874083981557
158.4178577395786,165.20947042107608,155.93685336985226,92.4382475479731,75.20366848386858,28.261974997250867,173.94216365078836,166.7414176909291,156.1453362317312,167.0729666615197,154.4604660078554,34.196048360655944
134.5324467846794,139.99071667136812,153.1312563808833,171.15249046142102,162.29171482762362,34.344043995608615,171.53619890118188,163.83558386721296,177.1371512037168,172.78439711026934,161.75180695417646,31.911080523254316
137.7267125162461,142.2590163863859,154.98935600255254,150.78577432931306,128.03651876331494,25.054371183091384,169.88663519715845,159.08818735989803,162.3948207146958,169.76631982822335,165.82096698540897,29.96193826046541
147.07668341255885,151.73296224911203,151.31662471194252,173.3572880929288,158.88831895847457,27.60605521841967,167.90644684922592,152.6764240619107,146.51133278658884,162.88064963212724,168.1730869372021,31.55981510249262
145.15378564676078,151.48128449255924,143.41407469122217,166.3923808121073,152.3370222672889,29.581620293535057,165.7921390700621,147.01645263399467,133.18650893251532,155.88891954286063,164.0728688903655,35.324498513124695
150.843650517306,158.8955839763318,148.47718250040256,173.51001015657405,147.9831354658697,29.335641180422446,167.51270919811236,161.40828285381497,150.39070049964002,169.39495295958648,159.68619916141054,34.88568401702399
152.0910092577206,163.07259977671583,148.29754272244497,178.58778645375017,145.63582863219057,30.431212928642903,171.369150078233,156.44838717419927,140.11927896528346,170.46815456423653,159.3631312599727,33.976816352840224
153.98460186171025,166.18144289915926,141.76768413625297,169.05785547707254,131.8657561925013,30.561403884394917,163.6845454483232,155.63644951121393,139.19430566618712,167.25847692971305,151.97621343367013,31.845726684179873
156.87895582414188,169.3882559054945,140.70622173230225,159.6319497079621,124.9039845853936,32.13628887842813,165.62138279744235,156.0894883102297,141.5552873204377,161.41123917956912,140.34116420662505,31.573393658751932
163.40729507474276,172.12710299352497,145.77820719883465,146.26915621373882,130.23620211372247,32.74035725041451,175.0867056687777,158.5284259123886,142.50329052900224,149.31306979688836,140.6188244425414,34.10816156156565
165.9394431395838,174.94553395672224,156.70236319933687,91.69296628974456,96.75137103743971,41.970094848823585,173.77276810387394,160.10972512125556,148.6871264833801,112.10472288510988,120.72136213685755,42.316155282010484
164.5593193392148,176.12948928873786,158.25287793354534,41.44203352517451,52.56836250068842,44.464465693822554,171.21946994144793,159.283177729659,149.62593597412044,65.29702036893194,72.67061795607322,39.1080044855819
161.62488649088007,176.2816535499129,157.97065782075288,39.0676347804816,54.526409406136324,43.709841559827716,169.1120493737885,159.65874400841597,154.41834742440506,45.26213240535346,63.14166133292303,43.007547156318566
165.8877592848795,174.0853097689398,155.61247812339613,38.57282073432681,64.51294530538333,51.78904416720091,168.2279198239654,165.1725455269321,157.44523336957042,39.33474851107768,62.20077081908381,47.306852581098305
163.3592595362583,172.89378787307237,157.8370706076697,36.94929032543092,61.730789445201886,53.10061474017119,168.95883588107228,170.3120384210444,165.7318113580428,41.851138811339844,61.50803664487172,46.63431940145087
165.65068743507328,171.6961732919547,158.12619922388978,40.039849598404665,78.91188715938766,67.40888686843304,172.00661873774487,171.55130555754474,175.7680549994052,44.48816814361063,51.46892388393026,33.145365044511045
167.43882968335933,171.18892284111183,164.90142540613942,51.38578681270294,81.23420875871535,68.50428876045328,164.3687658210517,173.1091660635605,176.28989038908347,61.515023975237774,73.48607811629392,46.497388374942034
147.8348933159145,168.58565467458385,168.4993072441622,73.01409570087574,106.17491687510986,91.86929211191482,148.73620818314592,171.28613933370184,172.37460335552072,73.78056249158654,102.51684893666717,79.39237908636024
52.85322846674834,158.4476210427009,164.04820735320678,169.92158272074292,131.36585165983496,119.54090096482736,48.16549733371275,164.4918755077765,174.02775088837507,168.16981197313692,128.50026905812328,114.35790045745497
33.664121769425286,156.89611229622295,163.11782581740715,173.82526950434516,139.6408896974134,129.31796297714203,48.42259758190106,136.95822255096493,174.00188976959646,173.3465172062452,137.14145859387733,126.3939700343058
35.219412484649936,158.1201736301885,156.35339664814964,173.67774221661463,109.84129288498178,97.59330045388279,80.44514266670807,102.64867925207895,156.804369581821,170.70706532756472,122.12629605226877,107.53135739005083
33.33063997236301,154.56101856466125,146.35600047966764,169.53605587907194,114.01881696721067,98.67028114718471,113.7940031264745,104.21191397876507,152.315955069596,167.81710702953885,123.21688860204412,107.4273113003332
31.012297664896067,151.55223013892598,136.11719855133967,169.80407673112435,122.43283041212484,104.7434040029945,83.6978814278626,78.49935290742897,165.38445002234226,168.54339746927374,129.08933715931767,113.92544763169107
26.880714960498945,153.8396875690572,136.0418880636154,162.19460593135457,142.42711797039328,117.58312213068568,33.009990235308926,137.66613610807553,173.75800431154937,166.71916315802085,123.92409219119841,106.07823496132976
29.56326007835335,151.50172813551035,47.97923120344333,163.21931526726033,129.5594696275211,100.66346772146612,35.611865711390976,141.01969344817013,129.2565560266299,167.08091804037056,129.3766718878591,109.02739489191679
28.383017618858656,150.004426292758,108.96211831870208,162.47542988966362,128.65952344228037,98.95990341151922,34.360233052288514,150.90880084265424,149.3373960892903,166.87558547651813,124.5362121255767,103.47376014368666
29.677613832303383,151.46102583016776,127.28838469688701,158.0862982297423,125.32676336896695,89.38838654747398,33.410444801739324,145.5978815421645,144.1608512019797,163.52136208137557,124.95870054146746,96.761396037642
29.952028880063793,151.2824159047944,132.95565534600885,160.02107164725885,122.87992130007923,86.32400074151249,33.544230980051225,146.16803836821944,144.92851252407806,163.37259938498977,120.36801867431848,90.76088828476932
35.68094128062922,142.6908377804007,141.42668870102779,146.81159628581696,131.2257988319871,77.547376320139,38.677167613146246,138.6846263241642,148.60278421017298,163.55916203741236,110.53527408748917,78.02168934166704
40.237655817073374,137.82727649270203,135.9784132430578,156.38925485830424,116.46296234053473,67.43076009980419,43.54586900602076,133.4452376772557,152.47290285989303,165.73500580965108,93.90863516741463,64.43636894457067
40.17678726328354,134.71660974335586,133.82059691957474,157.38766232601145,124.36996052149847,77.09420359616868,44.07187110790333,130.13321827836907,150.13982573726844,164.2180808337357,102.42695396908758,71.23978130891574
38.686894721605555,129.46943251937296,117.7780325421864,161.37758507996548,144.34015700497554,106.72088824379121,44.12217691914504,125.30848195021113,146.06723903135915,163.64242610378406,112.93522603668765,84.74524440457267
37.564292820722486,129.33561559481294,122.71438041744064,178.6045193854167,120.27415893659555,93.90635012054744,42.729405909890275,126.9337905095174,146.62945648237329,161.77611415448544,114.1808951384689,86.25912053761448
35.41402678910903,130.65654476245908,122.55051456942374,174.87150970466527,95.00593016774117,75.01499496239171,42.52047748876357,128.47001133535232,147.55194111570248,158.67586396916818,94.39950826121097,77.82442084428658
31.81329943300397,135.5122167773137,122.4337733744408,168.43704223665517,88.67105021008135,78.10971852947209,41.091323536629524,132.5826170099901,151.4183378103216,155.4702681065051,107.25128402772899,93.49256396387096
31.828088232392535,133.3283077245602,124.33391474027685,167.12176257119984,93.5371020080804,82.5743300640025,42.595191960504835,130.61289840390236,152.71684080714306,153.09552509886277,113.75089778764459,100.15472827049469
29.85198038929179,136.71611225185086,119.18417123419668,161.2504632647917,120.90360412349696,114.32034921956107,41.5146951832517,132.03902296149218,153.59218147153197,151.13232253136673,136.89567268959047,128.21441875426834
22.212595449123345,144.52761478245225,115.18625426319579,165.04830973072416,133.5459379262431,130.20718450919446,29.237542661538697,141.8023759580231,152.92522753639926,161.60603750448766,148.54484495779954,141.81916438931245
20.787353356789048,139.59102056515536,111.90029902770212,170.39882536567197,132.8863794647053,127.73462227297732,26.620404210224027,141.36315426032255,151.12865855909513,163.965327609636,147.1775086991627,138.15093521784934
21.348661385059142,141.05269637507874,117.31432772565186,173.54744689115796,139.35492898200368,129.4095388298062,26.21599499128506,140.7877500087094,155.54865452457773,165.76728188647715,148.1930083318655,135.63777456355407
23.736435688610648,137.71816116969072,132.0350875407248,172.01645420931172,142.82929141436261,121.89398100332072,28.126025065887667,138.90566255694443,152.88871161415,166.17339519078018,150.26684336856212,129.89967169720475
28.31357324983207,134.81450983046605,119.45200150688818,171.1312653164565,141.5801881256003,120.73208475927663,28.180442375847853,139.6214677179448,149.69497411979523,165.88616786955993,150.49957692594413,128.45145990675078
36.924730576044446,133.7076412658451,110.48450884074131,171.0168174167938,143.11463057570475,120.78398031618579,31.199078511577074,147.94684661938092,140.26105491286896,167.31906561575872,144.70281058604942,122.91485337560869
32.387618362513884,141.0252784579841,113.4070228844182,171.6093465370025,134.37505390499746,116.89910199211612,33.35152718980662,143.33394929794093,144.13177530021653,166.8076010507789,143.9745376820647,126.15388059552768
33.6651236813067,140.83079158523316,105.18740917435942,169.62549275988937,148.04965573883158,130.0890672582055,38.88731007912912,140.40109599343035,140.27075919174482,166.9756586444435,154.92623903236296,137.1756156526711
38.19993529846948,143.22309926592462,116.96878564106567,170.1614843529446,149.22507287888374,130.2490581004579,51.691374857796156,136.68879341162827,131.61013808934263,166.65380179699176,151.38964754618604,130.3546622411965
43.39824590119379,140.39703648582108,142.13442627935828,175.43878028661123,144.94345322361963,130.38129241612143,56.863147129406066,126.45310060675202,157.34300145563355,171.4985291639216,148.31892811601358,134.41642850795014
53.57243372631922,137.54795092885425,164.0164270010938,177.1314016884699,122.19732173670967,109.65051709365629,60.519605938588015,132.98278988996523,164.25925545144202,172.2512593709553,133.7914882415264,120.67344629918367
76.02908519089215,136.68934512111892,161.7712555541384,165.0499519793984,60.100745937029394,48.12088806795186,77.24058536863217,105.40013890827414,104.51632990830838,167.47900905000074,89.67685391300462,67.80030415633706
119.12970685826096,154.2081507136935,163.93759103537795,139.7620459513906,95.97002398798587,50.864946617507634,130.82881910734798,144.8282180788121,166.66451408354786,131.31155508113417,104.63558538736164,54.00300964168235
115.37905638969826,158.46512958142142,162.12623010057519,134.38087152740968,96.29901870794954,59.773570943485254,124.94541963771154,153.0107018541715,166.77930198789218,118.48193845597912,94.7259917828987,62.0725498100154
165.20917573113783,166.7359042149506,159.4949821036917,111.61789341031411,115.91099060641535,44.181852071339605,164.36577079463058,161.67081326094467,168.48109592671744,102.1473525636421,107.94909306449406,44.222790160969495
165.9701385932274,168.89359962869136,159.8732366167995,116.08130309702243,122.04333801661956,45.182136711998375,166.70712431817543,165.67986677476094,159.5390690534494,118.71944790360912,121.87663345730523,43.17627046520974
166.29473802720926,172.23047663403878,163.17562533995095,136.34290271822024,134.91558529997255,40.39121707551865,169.14992509641047,172.03253657784137,162.71265065498503,145.50163760023094,142.39095735449902,39.24415081816846
167.3540848414496,170.63037828426332,158.41703858550068,146.867968226442,143.99054684301228,39.38419993863586,170.04141522795237,174.5403472186374,162.8291946150928,152.25261906475538,145.52383590413598,37.415019989254084
163.5091824428684,172.49024872167956,157.28017164808986,141.64899394007392,120.30209200742637,31.570328108271433,165.0640191846733,174.98765683629279,161.66335518511823,139.29133810201623,115.43766099046402,31.01848510057266
166.45484142024398,173.23548903620895,152.4887896028057,140.79892441843475,117.6631771874809,29.976490898266388,167.0485113122299,177.16055649427003,157.2507582597177,157.6720022359019,131.24370995294836,31.074082260368982
166.542926197224,174.6078980678821,149.50416480863527,153.96439989572286,130.83014628622325,28.06554640512851,171.7612630038245,173.8997527288629,159.92087073757452,170.54914429627274,149.90494917791395,30.905934167547233
162.37036952380987,174.70184267336458,145.65350153917365,158.7660387713014,134.9387856057719,33.377345662056335,168.53443485754485,169.92878479693837,141.93564209282792,162.46554132056744,143.31287422946662,33.149191613122916
132.03060996327224,153.5846723113586,138.45168014404268,177.40004963477293,173.52597792936174,43.91093546849626,141.57200914890794,153.4783035583038,153.71862635974537,176.04758652350162,171.78400282588518,45.417462701873305
138.74231456384038,158.53622826139957,143.6191700139748,164.73002678194993,91.94127671710726,126.89473937907643,150.285356008549,149.9051483670929,141.89566392471815,166.99647625123347,122.56594889367085,98.8331777994101
145.91289000148524,164.14720454728305,146.94915335001147,170.20589966437853,139.97557529144552,93.2708159285244,126.44375021990186,151.70841739021648,115.1101047067973,171.63436502837416,171.49024622942346,79.13811036229303
159.27476431712648,170.35103176761714,158.6387243838444,176.542005977369,167.97663556498568,40.788495206993574,121.00657506230033,136.9313888722859,150.9934366053669,173.52240248460905,162.7851671945113,42.19971012776908
151.9906728378209,158.69150206679336,156.4227766179624,178.16031742438224,165.21285663751283,30.12855023583936,123.66290575970315,142.05167517894293,152.45324257256996,178.564389830473,163.16980514701228,28.94904879004629
155.8748307341772,171.92772991124383,150.78126522532378,178.40060852227577,153.08041773050215,31.985985751197365,162.50999402428351,164.2921253816044,140.8280176465416,174.07244110746709,158.85331823357242,32.25486806213921
154.49906301046002,175.8769317927274,148.21812812782318,173.15049853358946,147.53001478554955,32.053613183814285,172.3970251134914,171.22892760443,147.45086062211894,171.64710116839316,152.928592548811,34.05594427360299
158.44472223451547,174.2733826380681,150.28519676564514,167.17897101817292,146.89146477464638,31.534173251525722,174.47041460663937,169.367432808652,154.40650123360004,164.87387003174328,150.22383771075812,31.382960230639906
165.76385107228123,178.33880893073882,150.65665864021082,154.5695216102005,144.81039824945097,32.60289934631632,177.3407665744327,170.6225618745491,158.17277299905217,153.05228712185223,145.33255583095385,29.526838056264673
165.25054776569792,178.62884986694272,152.95069212834423,146.83607333373604,146.7040622076545,32.23271620109286,175.16260180723756,169.54695037901658,159.1947047346037,140.5412665387232,142.6705868210596,32.170182415848366
161.39047662780752,179.2824906663165,152.7100963645313,141.65356909266444,145.76846262525197,39.10710789762348,171.875767716303,162.5263038399492,150.50835893236774,142.95621341003664,147.81743382790646,36.405770589915505
158.21208087688782,176.33184457834454,150.2181833145828,144.19965694304486,148.51015188565825,36.099020431901955,167.8100740389621,169.42267926772692,154.41590058481518,121.51993911450158,127.71047023259258,33.52662533588371
160.06670647101498,174.286369307893,153.13916383231162,141.22529639054986,147.74991312340478,33.48886603286019,169.98510792660255,171.58132294303047,165.137198846944,123.10283578086909,129.36718076403736,31.177932632241326
137.40377852920892,146.41995994361457,162.8829279689932,79.94527534162386,88.54403452308527,37.502429070210646,168.5821670480386,170.84471000882465,165.02457521817942,110.75473490332911,116.40342689414724,33.61333535508485
159.00963092205396,169.49500768884525,157.58115763298443,69.61620233692868,62.63056079676106,45.90521640023266,160.7995107334476,172.95264462204292,173.8356278170263,74.58006570088428,74.5824181466412,44.64997709313637
157.92062981440884,167.36204868213443,159.3648311034303,82.30218875480314,85.71115323011564,53.74512623827784,156.1392421495962,170.2068653019654,174.21666270561624,109.36562432388659,108.5659736696065,47.30854737201509
131.23935927309566,164.72749244278444,167.77613725666254,101.24688456367349,99.55613595274512,74.89117944810623,128.80166921441986,171.0309101288696,172.23571692605452,106.05046668711203,104.15044311460451,70.18220286974602
73.07582663275231,158.12185865260722,169.1077302051381,164.39081924292736,105.39711938780098,77.9181867895617,67.48096743265724,167.17971807904462,168.44671278074574,160.9777790443163,108.89926736471432,79.36780368123354
45.00538891853549,159.79103784037557,169.721917111944,178.35324385172797,129.84345319335978,111.64368690351891,45.087287409760954,159.80247553446668,170.1554062564138,172.64200987867176,124.22562972094417,107.26224511708438
53.12697253985179,158.1042526757154,173.3323519268408,172.99457321436546,164.10146478953257,143.09669948222663,60.238148886770375,139.79433073444392,168.26362593306456,169.81372808244402,108.70086239030697,81.05837472457068
65.0668275542983,155.10147200834896,173.76453900402475,173.17685999397256,77.22549570916101,40.59235668041719,80.25556073227533,118.21520782028931,174.7876109275337,167.85295815132815,76.93864304671006,41.7927846650673
58.72227365540469,154.6116850927657,172.9725861913122,169.99399353481655,53.964255015983866,25.557328372056155,65.27138799497978,128.74031207396956,174.3623647853301,162.5007919669146,53.34118857288474,32.092730123244145
72.11654090595286,157.01893139455154,166.79589491116025,157.0722962549349,53.50584968353151,24.44980085485305,76.06532276836289,137.9083339639681,142.96918391250978,143.43185944992067,48.27760125573569,31.79057370753308
72.86303314056143,154.7444694547722,164.26226254400524,155.71245458484316,53.06208295299051,26.059592548869,75.8525187111733,147.8080102430043,163.94793887322896,142.31578692086103,48.03363382032054,36.10171758394877
69.54994576708613,152.44567225956635,132.04520864217284,157.2560688145064,53.1370378187646,27.95377978102681,75.42527280172685,150.63480468334046,167.6194258276528,142.1786745936057,50.17438488690431,35.31994917302775
62.781254387100056,148.25285022925218,146.75617079622697,165.1341153969664,56.4336868079137,28.659765744229322,59.19630127064679,146.87888840056053,157.05486131052436,156.71321026906503,51.36113203108286,34.91643136810623
61.4742433397186,144.48749534571627,159.15924995308296,166.7884820759349,58.69204220449666,27.109124168853203,57.386626211858996,139.78085593388184,164.7317586797327,159.52646879798132,53.52809112851894,31.152979468491743
60.8176276966093,145.92156370643823,159.39931309540447,165.79558392479248,59.99702037252971,27.07103256319549,58.41416324133982,137.65108773880456,165.70533023734015,159.2953993754435,56.3954192398537,30.33284981136578
60.755803149670626,146.64599914077797,144.72887120673138,164.2540692098172,61.951338613397574,29.541663208786126,59.786117735932315,138.1819874125568,142.2308895481501,156.34942869562184,57.31378037657953,33.08091683290389
51.01524418961565,143.77493157188283,134.8514871376324,171.87130593478255,71.15024669356168,36.91044662210028,49.646460390483725,132.00833506066024,149.1633496304753,163.7955658674688,70.05018899226232,36.43955088108194
41.34148724354093,144.58623027294226,134.87613737026948,172.61809472703595,78.47574698852658,44.734617717739845,45.10289213973843,137.00467043296098,149.662416609557,163.16184733898046,77.50582186595689,42.43348400630522
39.60368458190489,138.54547437314227,123.85065139639175,167.8928554345136,95.79457560232265,59.90627529777995,44.374965696992106,130.57859941339112,144.1608822283451,162.55532831768667,90.74289255648006,58.289265012474665
38.06900734282457,140.07535000593424,130.54105055457813,168.5272286314484,123.17224630670786,88.75741596681101,43.99134912310974,127.77136678530032,143.818538542116,163.3289997678651,118.23318081580274,89.9367955224043
36.45147997645962,136.73873347679108,126.39645694789463,169.80662446950245,130.5027640559929,99.94770499910808,43.17044873911073,126.38590921054512,143.57728103862718,163.7234370626184,126.11133473045646,101.57052214675255
32.97711514460959,136.03869645221104,124.63286012572098,167.68619702018924,142.43876852710457,113.5752679235347,39.16856787813968,129.21580129559814,144.61239789855833,164.99906915003785,138.08806376924733,117.28265654545592
34.38966749700565,133.97242194978497,113.7902082963723,174.32478737015072,147.58482906630155,123.7038229773291,40.293367834804954,129.23868854354157,141.9735776273076,164.3547427800498,144.42829529819355,127.25804836468443
35.364175571256865,133.3119014343425,122.0847625520653,178.51417908915437,136.09435988787848,114.41854365254798,42.20876711972464,127.25075907424063,146.23034467226685,162.46907312818587,139.3674023627689,121.42236134432461
31.281285770408026,133.36340210777593,119.37260315117527,173.62553624841416,147.2188397547698,125.85135474537486,39.81066058105292,127.84305553522884,137.75650481013437,163.46340533683465,151.26372489924694,132.956767537754
31.321488058927,135.4989054417786,120.12867648448183,178.87973675482138,145.98208239613902,128.63956171794214,40.94345045241702,127.83173398275338,142.6715994447127,162.65324620443923,156.6866311393598,137.62795629452816
28.284344699567704,139.88466596351094,123.68675515446253,166.5219731746284,122.3518645912002,115.11889863816972,37.22098868217634,134.34466186293218,145.73227372131976,161.45361457940476,144.3762539080919,132.34236721534666
22.984577444818104,143.94697378745423,120.65550499138891,170.72007598758861,134.2706164314323,126.17287141783859,31.13794818628003,139.05427739531277,138.7611574231334,165.5604943404266,149.8396984728703,138.17477844968994
21.31388966706459,142.64987193785856,126.59790472819667,174.6439628889198,136.77937780236593,125.86601685907162,30.537248445576257,138.82403050367773,147.05011511789291,166.54891861325214,150.22070036462478,135.15418384714204
18.451910222385226,146.52803889486813,128.28141146536228,175.16146323598738,154.54181814714875,144.5504959648436,25.123619141147007,145.87088505240675,144.58928513402515,170.39959366972195,159.16090331068875,145.20902312464347
18.79721649512872,144.23465635089963,129.76079772484223,175.13742149433236,150.53224275035117,140.90484686479965,25.674557959248457,143.89784876378835,145.9819082410955,171.5027114220094,154.8249041114525,140.42696662614856
17.996113624277758,146.09726337801652,131.37921668582916,176.19938020634902,145.94127105677165,135.86084454724156,24.06613447256411,146.3089613382951,145.97129147905957,171.93745223704278,146.51070189481345,132.7518153114255
17.801095144246663,143.96934265781238,128.96990301885847,178.62659829498185,162.40009239079566,151.47794739794313,27.458455562000243,142.54376871111367,150.39334098829394,170.55423342932534,148.38750324671597,137.11972445091206
20.305935199662763,142.09871810226358,119.89275511240938,176.0827351948706,168.03437895743315,154.36634494945494,28.035642088501202,142.08686750169318,148.28341363833525,170.62018086633904,149.0656274126151,138.43891093977444
30.79866882889988,136.78169072494126,127.74042616981086,167.0113104150294,126.98556428561521,95.5890345350952,37.752380085010586,132.01826247403127,151.6302522854624,167.55553968119136,120.02276564592998,97.41008917394947
31.7360522342901,140.38494281852692,121.64313849293357,173.31014317632003,120.46343289472038,96.9634199042077,34.799700735639156,135.2456085895491,146.6078365997957,170.0187914566957,120.07139648308738,100.50949349317585
28.554136310418542,143.53887781841283,113.42534051894528,168.52571589506044,142.25462733317568,121.38669580912705,30.78336427864063,141.0719146528936,149.16575079545834,171.55345697441524,130.19605291567572,116.45796371086088
31.327332820424406,132.1993418766303,105.00814583209922,167.33545316391374,152.80907730331,132.24679737932797,47.49360943813811,105.71257057508417,142.1859701451169,173.516592269588,141.38738055260103,129.71973805846352
33.53776112099211,134.753436912432,111.74213096508717,169.35843772532579,152.6772032127886,134.29046970427578,59.98712416708469,65.04914886912145,174.090828309379,175.51570618695536,140.25226107839535,131.48860427521305
48.400566531603914,110.11467970353053,138.77390037966907,170.43680539139308,151.01892927058176,134.82275291301204,124.94197586391434,113.86824654565008,149.96033036585715,176.21464258900932,142.56090443878995,133.11461630449836
62.06684845685688,86.49449042996615,161.19334158175127,171.86453585879886,149.43138602801776,135.14890098484997,105.10580691106807,92.82833625058441,146.3697380459212,176.0465267415245,142.58298324997153,134.03124724843866
47.20304007222506,135.17454213450688,154.0583402675674,175.2938203914877,145.7860525260405,133.1119872311148,56.39210346036797,48.72704339960339,34.252670817760844,176.16377963431574,143.957583460563,135.7989849003945
45.6413202730508,152.25970249972738,171.9884341428753,177.1137059410513,133.22501265415917,118.87730051848119,51.0537486952597,131.17414457826598,167.43690465933093,173.31390224203483,127.60052366451309,117.92405923156643
53.077458369831135,153.85637806944965,168.67676027873983,176.14926237250458,114.67688339965927,94.68772475996938,60.66540321374898,137.9843144664992,171.49384141624233,171.03863057526428,110.44392159258983,95.16816757611814
72.03333188112452,154.10647445859405,164.10288930065133,170.89677028408082,104.28750537841454,75.77388847420859,81.02213505861597,145.69337390050532,169.66114006237513,158.89375978626416,95.95597312687846,73.57829038345228
80.0313542461593,160.70960755975224,168.93261347660547,156.0144296217944,100.6486959989671,73.33895708729752,94.1616614796886,159.96312842562713,171.39532112104177,132.3981444966457,90.18783697277685,73.70308203902387
119.9042200550924,164.280641399451,167.67888413791204,128.58400052296105,102.38455629308943,64.08051429273135,133.12082442860637,161.05926266722065,170.94356578827728,102.1090765074038,83.66931135778913,59.0300691248256
159.01251970151233,169.36616274798018,169.21953935502222,95.07367694252507,101.19161137653744,54.46688393813227,161.78902473265228,163.42062118193599,168.44028152464054,76.99718199526991,79.0136510833003,48.73817108360977
166.79838461301395,169.31670400785913,168.9308636667669,116.38237629388966,124.82485330836225,44.801832170381715,170.56677987557916,168.6070077057831,165.1893239960762,90.03545527772796,94.17018882633424,39.62938285613738
169.38871990043077,173.08784770460056,168.37477964520835,135.7731263443304,138.7528180036527,35.216611613953226,174.1779532894911,166.70978845373472,158.89999876562524,129.99189274589142,133.72419253668411,34.37790668680443
168.14510194105344,171.950141906695,161.53902836853325,142.22566636737096,134.33452793817497,33.839110878654104,172.8173009875035,163.66906200566854,151.68014696411024,145.72256673997487,138.722094339128,33.22010370327607
167.96998898349304,172.9739166994926,160.36024632429206,146.87744513718457,144.44413912028872,32.88718999486616,172.80798116671096,165.9818247907586,152.68848086848388,147.9116825774874,146.3823485822757,32.84803583420056
170.30779151216666,174.20439226064218,163.9374368870517,144.08939092558478,137.70435254022374,30.053262106054824,175.59250836177029,173.11916753700393,164.17352061759672,150.33325428070918,145.7340490144601,30.42237581014889
167.88560898612175,174.97678045097456,158.26805940560044,147.8129359971299,134.60331662164822,28.174179293448063,172.67717340779677,168.43153315655493,154.21000125771366,157.706298337189,146.64031878143786,29.94127328512062
164.83182088990722,176.02432494411323,155.90500840011222,158.63182133500092,144.66290172584252,28.518695389812763,171.54835438720534,161.05400049073054,144.5364952188804,159.5731005993712,149.56861539644947,31.49067507248351
160.81967903638662,176.0127589905348,150.36874340085254,169.5417223664646,153.8459510599371,29.504304556855583,169.58893916325505,153.16949774876807,136.7209588307527,163.65086741703058,152.02579591920843,31.899404735453842
160.01321561287108,178.88580983533427,151.113203179008,171.69667050930246,155.41406454475137,31.729964421674914,166.9855097922777,156.29136935084532,138.7805113347841,160.1243248752782,148.10148165572784,30.67818149404778
157.93829839643305,177.04533201584118,153.75872371955225,177.58527797856027,168.49899264163136,31.699669508681545,168.43317113478633,155.13306442175175,140.46924222524476,175.4426791965129,169.26707265010626,30.50792431951324
152.94911281695693,172.29386338954558,155.23986738378937,172.07463045694251,175.31782482995953,36.81921103140609,162.9554905771719,165.82444141912603,144.64386313914488,172.47631801116322,173.4392948385076,35.695236564051704
135.02212884105737,140.34727151256388,145.06345910845596,170.23249817816819,178.23186496219503,38.579934259147144,137.63768056768396,161.121423120507,146.56153549074645,173.38425491352106,176.545243362281,44.92872746370998
147.9009535916677,159.57976153386082,133.21135854372807,172.1425354602594,178.80922063145863,39.189087206089205,135.08974702147472,163.2096734878618,153.4259595549855,172.2794123925127,176.11848518539435,47.027271355523396
135.06951298243476,151.05580827061266,151.43342366080736,170.73856583626966,178.48430150130366,39.28890677467131,131.0831401375802,156.1169803528337,148.4445922502567,171.90680944689632,176.1856271729315,49.59873236326356
146.46925516360432,124.6125572625361,138.0271941593396,174.01023747008477,175.27187788020018,33.9794081840382,145.82903719481695,168.95963179824096,153.4757669669007,171.6931097551716,169.3923031549531,36.75151522659652
152.351520527041,169.46033622478734,147.81583517861034,174.34533548375958,172.92035029460527,31.29811160593387,159.798655681169,167.7634831938976,143.40926406878546,172.87861868296505,170.56377195410425,32.629299206192364
156.2380785814556,176.79435916716045,149.02831257414638,178.8667538169167,167.94080915499265,32.0767169694133,165.872539768918,159.12373597390004,140.41370728110292,168.3263624353987,161.91485193515777,30.332762386126713
162.4127921015819,177.27418264968142,150.06543566203138,165.39458935282602,156.87701441921362,29.745229662976506,167.13621703886943,161.98722986229396,143.476374536788,159.91825608394785,155.13295804695318,31.817694193397696
166.20280201682766,173.95446707536215,150.65168507061927,152.6710078191266,144.04320469950912,29.217125009764157,172.14293653050726,162.5324562459916,148.34646470315437,147.7468036156904,141.8334101270094,31.640418573590527
168.06953881006012,174.6768643309545,153.72747386652566,150.2931207796794,143.46310959009458,29.828088467826102,169.64837975497744,164.473805638449,146.4339946518617,147.47544951351185,143.46214235561183,32.04503839563958
167.5760286819335,176.37225717620672,155.26439075330003,149.31050224102106,145.39403136096928,30.935604774921227,169.87377889171975,163.95437448641104,147.2573245836519,142.2039650164045,140.5622318250477,31.968211760078777
166.409034957668,175.01607799923636,153.0911908407747,151.35920384376462,149.16899031526017,30.9903101958184,167.66478690120286,165.19063473309578,147.3130743547538,149.44373543479097,149.47083905758404,31.54939390099961
167.4893822703708,173.60322537074072,152.8933754363662,150.808738352003,151.4020547197468,32.98628898863238,166.6328376831108,169.24389371508775,150.68564598664992,150.2543602201551,151.32032854895408,32.76414856720156
165.60453706211143,174.4946335393531,150.69651217834192,150.231061210722,150.78843080756096,31.03552519338859,165.37047790561314,167.4618215508724,148.0155820432178,146.7264306881177,149.10558630766994,31.931057596108843
164.39150111442726,174.46658494960946,150.076164442819,153.33236140122122,152.5802768813767,29.02592905220064,164.21014497027807,170.23249120089793,148.39282767770123,147.684796544221,148.23896894770567,29.121210058246774
163.28400257113165,174.80740343292496,150.02227234962496,159.99196458293494,160.01252381989988,28.71664863209813,162.11187214349752,173.2172070945144,149.54284774389635,150.57672926219087,150.7158779411197,28.375705923323675
159.847680820786,176.90204234697677,150.32502893534544,162.05927263456505,163.26628161348583,29.971604478443183,162.9754610931445,170.87719461745698,148.93109296725063,141.668121401987,142.43182571250324,26.287179101808736
160.0630647631846,176.3657133839081,150.31568811286058,165.29406327820044,164.48485212565518,28.900980786060423,163.9471123867033,171.30958335203093,149.69821128312,147.84542111435186,148.1493955644323,26.29593725409653
161.0777653330993,175.59890106739888,151.32659692824396,161.73931912036412,161.93068263096274,29.803455670314026,165.48845218593084,169.85393890628202,150.02161521475784,149.43026488355042,150.27596966252318,27.726607925492818
161.79175177258696,175.25290915729158,152.12207448834067,155.20506848350266,154.62056454616834,29.711727970271994,167.3263130506259,169.19603692577027,151.78689142408894,127.28746392120908,127.56590409440592,28.14823173331656
162.37388269243638,174.82679800068232,153.21823567827306,156.0405386143843,153.91775528238531,31.73098875118355,166.4028241917187,172.75568562770871,152.97301837872917,137.24464729914075,136.63667467668992,30.34186950184214
161.02033753139878,173.60746772208364,153.63435717797324,152.1560855722815,152.15200687693448,33.03726787413064,167.41751864182532,170.6941880664689,152.8868635769759,136.29918414313204,138.80075921975185,31.066376538097135
162.2043819671301,173.70130125966088,153.67513646835687,148.99095372998596,150.16403693269106,33.67928084751088,168.7080099967315,171.26177104325626,154.2447646154096,137.23379652286272,139.5685116498201,32.04520075713796
162.26482857404912,174.15099492814778,152.49134006396628,150.12031887187362,148.8949613109141,34.80920455379229,172.60117610479895,172.11099492115153,157.98909492061856,138.89974696327687,138.1288744416582,31.385189236628634
163.42099825850508,174.4162988206353,151.17893905694305,153.74444371354713,146.46527373931718,31.636561732119944,173.58055185055642,172.5226255476031,159.04685343438132,141.25122224735017,137.24066960382245,31.392045943740797
164.16701964556728,174.80356578349154,150.51395431116293,152.8399752392864,142.00743327489835,28.004361454902813,173.98186362478856,172.81133791826028,160.93167569100416,141.3435347083337,133.386791771475,28.856026809047883
163.75772378461,174.14755771102506,150.9349852925696,151.8037820674693,137.60171971494452,31.134306996250327,174.09444817431992,167.917483221478,157.07085334455115,143.14272071357408,132.53750682493722,31.43989384910519
155.80960340639206,169.87907539816055,150.85496680207228,164.77339894642617,148.54761391703397,33.297802500021525,170.39182412765834,166.69977090540237,155.379162137659,152.36927393569093,140.65612593922324,30.150897552092466
153.01803639177902,164.41132788177694,154.3534972921301,159.83023409634217,144.7582412119923,27.413930261545016,168.1781103442414,166.6038445770136,156.0458857487397,175.02456011856933,167.07941356620418,29.791184079538247
148.60638820146877,156.6662807546662,155.1684574983981,165.43019799992325,147.05175709520233,23.59641653106191,167.25578099866223,154.19048382436324,148.43314327434842,169.4154457061699,171.63256569314808,31.929798238945907
141.606948219159,145.34682384613816,149.5577559098079,171.77158848866497,143.63150124007433,146.99046355502927,164.17574542663996,146.98717593695278,145.0325600316653,169.77903063220685,158.29811636430756,150.74460750327785
140.9403428035706,138.21305241177018,153.3362339998022,100.43487949199141,55.0978952157626,169.01712088752564,163.16787176193608,155.47641994003592,165.11480924883412,91.79324075467488,55.57024680034938,161.46747891414054
140.70949269999053,131.25953102426809,154.66531546022384,116.08401832724746,57.48703855029984,165.4736816951006,157.69551403501976,142.0455507864036,149.0705008840795,98.0139528404003,51.614466987424464,170.8268230652859
141.90921586242698,132.4856306111705,153.36859595368134,118.55345900494488,62.637805775538205,165.90487845557067,157.19145063931055,136.37998902235427,138.6042322829514,120.12818897243172,67.34141378760313,167.26230040944742
142.72763822489128,133.0596388555627,153.60788889197792,125.17468550374656,73.12993760354874,156.47456164026735,158.03349609407545,139.22114002201488,144.68179492989734,104.66401330574068,57.46706061622979,167.42925057242576
141.3367064714072,134.9639514209071,152.11471427141947,164.3964853024613,111.57859965548322,128.02268422413655,152.60515661771154,132.67148903163604,137.62390505621013,138.5309514038027,84.34396410593112,157.93754266085273
140.5570393178872,130.17636122917335,148.57676840751515,142.71106272871077,160.75714697437763,34.14246655679895,155.38738592313013,128.70313882601172,125.86076015800711,149.4653180363579,164.60717523328074,41.52357115679534
145.95269384026034,145.86133411621208,149.82499161762132,150.18612206254699,157.57388375209848,45.95946483887665,157.89675563594218,147.95538556636927,141.15443024846002,162.77840157563907,157.5272190833012,30.372911734506594
148.97272375453167,156.45624158964947,140.74493044980704,164.28813390028003,148.2906896808189,29.52693221416903,148.72969180957412,170.5728969655595,170.9329914416147,167.99570173851723,154.36554191998306,29.037726408175516
122.15244533649158,158.2000166019562,132.4341020106638,160.86513104974986,119.21301513456288,31.509538971673784,120.62180091390897,171.78205411442897,169.2316710274467,167.45774235441826,122.95270322423599,31.629031324507118
111.56375627452546,165.0702686913349,138.02217811986674,172.8197894181522,92.43198537505361,32.67821057955448,108.37109894723234,171.70693238380167,165.31485427295033,165.8561392259439,97.7317809640475,32.09926443743921
147.07866057572016,172.80214996313356,150.06503899177602,150.8553259379409,111.82071211319828,34.11085396420663,116.72092057359018,168.5851068997955,160.49833843108394,162.23018920852104,114.22222282644836,34.14338726854551
162.603770649315,177.84499743820734,158.53955567705935,94.12996256680017,80.34478635305621,43.42973583182353,161.33999220753756,165.08536398487624,151.16536337205824,110.74148244715332,104.00749509671354,46.80084754702143
164.30397601857308,175.01507557513594,160.15387663779768,44.61131351109587,55.124086236158604,49.63976033511872,172.72494430934302,153.80846462487824,141.33386139380295,60.350262948445774,73.50182995338781,48.25921753686911
168.60848439109083,175.68064215392715,159.05720330269992,37.35167325070118,44.06262480770411,48.329820473136735,173.86340660907882,160.97972144305555,147.64821682752975,38.29444181110965,54.3825007118174,54.48072346258858
167.96921823518358,176.71029151633607,161.31440572467616,32.06218877347244,42.7964430318785,46.83892101726768,171.28480883671628,165.88778147012167,155.32931047932027,36.148436549044526,52.78334982411429,51.1954720300075
165.89979224384692,177.89461525892855,163.3960112439459,28.864372254811407,44.82354874875411,49.184297240729705,167.37931894518388,168.2814315752145,159.39832729488586,39.70997496086996,48.513299864711634,40.231062722099466
161.8283254821975,170.1556758216492,159.83604324221875,51.11714688950263,96.0241491610325,97.35795649734693,160.72736207963524,173.61432182011856,174.18461511882307,56.094958833426006,72.48178271608374,61.44660470172013
59.18110175164492,165.22421059469525,164.60150664179574,155.51425091403885,128.191131570339,124.5400814740414,55.3789968581593,169.94927532242684,170.84333661211622,158.84868153352454,108.82504214129885,101.05046601805026
53.59063450019331,163.46728978219102,167.38949130359055,163.54226145169923,117.73960433897577,111.58879089328079,55.2932089772555,165.15462124194121,169.627144454081,159.37342275980635,111.30345404401739,102.76221003461644
36.494421938605846,119.01072498893481,153.03285064114348,175.50635846120664,154.25746905546376,149.2956892134483,38.30018957444175,140.01709378494436,169.8175714133037,176.47925043930127,148.89406500356523,144.37630744151187
31.90189936484287,150.38803797960148,149.4703082661035,170.2736501644162,146.86332126459246,135.2652641326972,104.42443736419041,103.33017599174303,145.64864437639747,175.3672519515241,126.5359508551244,119.23525108279026
34.836740374198094,147.87069092873983,148.93873996521592,167.33006936699934,159.61195977567283,146.55125232740556,127.41600837230622,121.16408475471299,152.69141670094518,172.43651943362272,128.07405411523416,117.63766054216701
32.75791707174809,146.6340620201398,139.20769929829308,169.09226308382694,147.64465312353394,133.5979558596296,106.60750519237884,92.77457034010882,169.39491088879166,172.00930395788632,140.45747977946985,127.73145862171319
34.87547660983934,150.52061852287926,131.75100418174466,161.8777710506842,138.15688276714326,111.62582294671998,58.419084106562366,124.49843541592033,133.43559649155557,165.5531656875863,136.68916785944663,112.38176142261986
27.457618897785352,159.19993647071587,146.1498402850048,156.76859704658915,130.82839779129313,94.81215246257241,33.19277520468266,154.67316237011863,147.90493589718787,162.5674828047179,122.819794196989,91.81972109526032
29.13995842011882,156.42904974305557,146.83161628377985,162.82634775167915,135.92007371475285,103.64768924910558,34.70212388378772,152.7768040365279,151.51449681024363,166.80661866508507,128.68368118573846,100.1814348039277
34.90944107085943,154.0311903116927,153.20550931775787,155.52134433202204,114.52241286324548,69.02958899448889,43.00010594126799,152.89678392035998,160.98615220912308,169.06152734283117,105.42366214631801,68.6513825190626
40.16242297048264,151.6838130012235,151.7735795138699,155.62892172353898,129.89168994584261,78.53599892073242,48.78011491167236,150.6623593109848,161.33605217313197,173.07817130070615,118.1623478108818,77.83982915810618
40.45149668901619,149.0252324439251,152.08192887570831,150.63265098034148,125.26526176785957,68.91342514955451,45.732981240273986,145.3915721263913,159.52241248538627,168.63339935962605,113.95567695638739,70.68236626373049
40.36485704100464,147.16557697012183,68.17859715235909,147.80375474336427,132.42711574502943,73.34603142410842,43.33750553997631,139.47477903527607,164.1228860600196,164.18502948245495,119.41794843610639,74.73931057895686
39.88174548479511,141.40807063497877,114.57635166627347,144.59030733735406,134.3570590499412,73.28384705261598,44.10359678285453,130.3454787868248,161.5685488011624,167.56703844883359,115.07566104964764,74.3349460839725
40.83588396915178,137.91508554775095,135.27915357914534,146.61342347554464,137.12622506556426,77.65250727511732,45.26788670838865,126.13053113466218,157.75080707747452,167.8050605946369,117.37730897653631,78.30543784232448
42.01354143651032,134.30809145355335,138.0063452672588,146.34000906412035,142.38481398805897,82.88630572853465,48.658394746963005,122.23823020770719,155.84895182052102,170.54876286819652,116.73540925938187,79.65604090562593
44.66070859630491,131.1062466822659,126.95155390952213,155.83222742420716,140.1914451777253,87.97394574278022,51.57299523383892,118.07287833240396,150.41339558886617,169.56407818297487,121.14102438383397,87.51716396678799
45.98829535203999,129.9851199554104,126.89124154587951,162.5654939127065,142.83020200143991,95.88419525740642,52.520113093368664,116.42642963456532,149.0619031869399,165.33283024995575,118.08058527218468,88.22400092739481
42.28529315815918,132.370832742266,127.59895669109972,168.49001169222035,138.3850397672505,100.1204748897981,52.46181409031297,113.43930889321318,150.6930752082576,162.88649176806334,111.05340898346087,84.6494942423562
41.02577117519004,129.68870457672364,114.7213437168608,177.21386391177168,137.74512146252403,107.77563506014492,51.167594055916936,115.99724875490531,146.61524868295382,163.6529473411496,108.49859876518826,80.53118858747088
38.693115592313376,131.21123631723455,125.1707038017794,176.2055392421994,137.4810730754251,107.28041277047134,50.36730153296158,113.01045118373551,145.59665766089338,164.1037028224226,107.81536988974358,81.45409516644678
39.04076255468629,132.93040466165345,128.6339389031343,167.89074495567232,125.34166172037067,85.03916922100846,50.21496028084912,113.59628874303647,128.66264867925287,162.7883924116894,104.36319767441964,77.38929442196277
38.66259378012236,135.34921754676674,136.62769310515517,166.89857354931988,131.47172278061467,88.87491270354964,49.163471539008675,119.1809725907058,151.65588708812314,162.11110432151153,100.19282566106125,71.35000671661057
35.56133114052797,136.58290769356393,140.47017216563995,172.8866794122625,138.3244268680987,101.8585035249056,47.860001108524315,121.76873787969562,156.251002005771,161.9644280428499,99.52832718716441,67.97074946411747
32.609896781309914,138.8000636366849,147.44456172152877,176.23234477653406,116.5208175745866,86.87939365280295,46.81932357279819,129.54209077429388,160.29170730404928,160.38925604053958,92.67915553256846,63.14109372098755
37.20371737189767,142.76624606765725,153.1511949683411,167.32729582556038,94.87437117322338,70.66568007591216,54.52047461750383,137.25848659834193,164.4613237868493,153.6745628342956,88.14243029277681,56.86661713375964
37.29265673112328,142.5540508361531,155.03113772792747,167.31145566430587,87.28685898019351,62.72051710195459,53.674027055392244,139.72087915102992,165.63995672515676,154.9568969780311,86.88445643016657,56.38160746872263
38.55313101185255,144.19584264928795,156.32950805892634,165.68717702339293,84.5124475258593,60.31222612499221,52.98950876192616,139.81808547547482,165.5886154346889,156.86174191204725,80.94554909869719,49.19055312477014
33.49606573017163,144.0616824550833,150.06955026731234,170.97321212871645,98.80571578335253,73.37017569451936,47.79231729772967,140.8949026003153,158.73301098540574,159.68370814732282,89.16920492741474,62.33049763534967
33.84174749809418,142.28203314007246,150.3346729064066,166.64295578028012,88.75895105694163,66.86034324488271,48.119437651974344,140.06049305116147,162.43177182196231,157.57821402915732,81.97165672430741,57.61158335296262
34.27953388358305,141.71301957965755,150.4630550829875,166.31455706335475,89.46799374578829,67.74075851748579,47.309858146089915,137.63375584248578,162.8450684258055,158.16164646764136,84.80653455354675,58.800650692602225
31.228712854130862,137.13380673674078,138.24794639849512,168.7972484332253,108.77072214453123,88.61827103992461,43.6788631517105,130.2903817998085,158.41191840938487,161.2735580389971,86.89866459805828,60.67334507505287
32.790653541563934,135.96899420671616,131.2449787825077,171.09073373098434,108.08719570079816,85.68567447977019,43.89478303834446,128.8232993211393,153.24606116740426,164.19488930410404,86.78683148498988,58.61824554361767
31.889500594800623,135.66935215717467,129.36772280037658,173.4469294333867,125.0615924953507,101.94063874440208,41.131639505812856,127.38870996622236,144.39985607644806,168.25850628361948,87.76506066418179,59.44728681867684
30.097126612987292,133.13191898068007,118.72448660093171,173.54652921486215,150.13191968231166,127.7117578763756,37.81657997815451,125.89201382500632,141.1521355455749,171.89910974512824,118.58253654037092,101.46657111457131
32.25448202089763,139.8718696550038,64.533779743096,173.91996560431656,139.41991883700388,116.15303327996226,40.851027269864794,130.03082710572207,155.17719307357996,170.70762161567063,112.27042652732341,94.60394541856105
33.67837166427866,140.68310786728722,103.62514829652743,173.36413025663344,143.9473517222172,120.23549574425763,42.42367162749684,127.45475568320413,137.26263240959034,170.7811146277258,115.2396700641772,101.87821740816513
32.66922378513611,147.19882769455248,109.50937307670078,172.38011966286194,137.12531448772557,111.76378221000238,40.78291646131389,135.58473555412624,75.6684055791941,169.06953961688012,107.72105364494115,96.40618030819284
35.2449716982219,141.06710080010927,102.75237686906107,172.71773586554565,134.0536997678844,108.64240679442585,44.62407617715374,127.15308577534029,115.81073129247326,167.08947835095805,108.48861029393585,98.59319860094007
37.57724759724231,143.60445916476198,104.11192973720036,173.06898284254075,132.59775879994146,106.83218200116751,46.933871318225506,129.04736523419152,85.73549015962857,165.33265314096172,108.48910938380362,97.79635449584218
38.81139082117739,148.57148405602797,134.13137817114955,173.7771705366484,134.02388448737335,108.60881299536376,48.89503404848624,136.77135850181452,139.5973360582792,165.75120685390206,117.25393603184422,104.8864170180125
43.031024044282006,144.55023030521315,135.1286018397687,174.67221711439174,129.18791993548024,105.42573830031647,61.230889643302206,108.9105421261202,155.46533449811713,167.40595614924007,110.85624389767517,98.39017566776711
43.28784704737837,145.3317365555718,152.59400510291653,175.0643609097381,139.18115972357464,123.65104316608975,61.702005889583795,110.8854177986142,168.36104726879137,163.8906151043922,125.67858355757247,118.39761346860027
44.36870660542253,145.20654992400682,165.21978712129325,171.13186490027024,131.45884482650945,121.18016348980028,66.39413609385628,104.59959777709138,171.02198404832532,164.11827561938085,113.91534509905065,109.8833847800499
49.05598714579292,141.92648949065958,174.40007073541702,172.4701182582864,117.11331801189098,104.66354637476445,69.54289857639863,111.50596728085189,171.1383720463582,165.93530401574168,108.84502424694377,100.66487578467498
53.71352101572538,145.5564086753364,171.94588716324415,172.56632414698578,126.26961004562516,111.19313531757008,72.24001799377281,129.24542823882447,120.53602897292298,164.9237556667856,114.401364720297,103.8035104026603
63.53738988601737,145.39317632955627,170.90413318282467,168.2705452525161,122.47482257123289,106.86567115936023,72.70236899358491,129.69654346519272,161.33170416935064,156.26614381698076,105.73246370609267,98.21638079982183
65.14025998116522,145.7458987093757,162.15945340355512,167.07451479087237,111.48518703572437,98.21207440307604,73.36996048395595,138.18780155005442,161.4716297903102,153.59983145311017,100.03822248282052,93.43228542285463
87.55901269426596,161.11166967322418,169.7850508894626,137.7587559029818,82.6486936660657,67.76267963005398,108.9794785020736,153.748792545691,168.22352454271072,112.93738474277006,68.05001877884696,60.19833014468974
125.8350717184663,162.45984076859193,169.3531127324746,112.89250640702079,93.00072144670364,66.6086817074325,146.8903125117132,156.58865880848688,162.88475620998767,80.93247895776534,66.50339021976855,53.07306834121765
152.70312640255918,167.86706248168002,169.94575913464183,108.7324682735186,105.76678282946624,53.80182059419742,164.28974061567857,156.39386076924941,159.64068590163254,78.71020272767821,74.60756086332313,45.58075678136773
165.9985481666312,170.73764427089583,169.07787887801788,113.80368218253282,122.92420574268644,48.10565765836557,171.22142373132797,164.71128411589245,162.61426149291015,100.84267575698662,105.57683620497693,42.893096138948934
165.39030230460884,168.74789094651578,163.1146280727821,131.61239970845517,133.0291602493164,41.80182384462446,169.08868841000157,161.00009224709837,154.4855014546762,134.46430972987102,133.9496971990906,40.741893206673986
164.57283155014628,169.4052221789784,157.7071303835932,143.54127047720797,134.45430713927092,38.75998724749105,169.8254220376237,163.93180683219893,154.7442778903732,143.70338202274976,136.5985835493084,38.86598599136428
165.3971368241415,170.09446931941415,157.1354559478999,139.47734049969768,127.86860984138971,36.80641580249308,170.13635988157807,166.61879989770605,158.0642181222475,144.06213181662446,135.05121721538563,36.72956332122903
165.86125671546642,173.20156828074062,162.90724021187654,140.5222928326754,132.61338085474205,38.59814881471545,172.08198650262824,168.98491878683438,160.24559958713525,137.42496353691783,132.23099967644978,36.9253052099081
170.3053332790509,173.80687632467667,165.19042637727193,136.13742046813974,130.93346877445455,31.96905772028283,174.9507851561298,169.3129739639043,160.82179741035125,132.36295738435228,128.57579117279516,32.447733189188334
171.77119206365,174.82878157096863,165.20414961633404,128.1181791620283,125.73976837878669,31.33015632539144,174.77015818882776,168.39157603577925,161.43425810670013,130.93229333945249,127.48188065873441,31.385122697833154
171.91174854065653,174.20615672061837,164.66940645998977,127.18939398027653,123.36040367522013,29.555736912311502,172.77495567989493,163.4398616039529,153.5063997263508,138.8456173625855,132.91354156594616,30.511041468630424
170.6269775276124,175.54921054680324,164.0256385325366,136.48286005213768,131.4297390140008,29.50609135256057,172.44059005491184,159.5800630539648,149.81186045491322,139.96844508673988,135.12290300587975,31.322859770739548
169.94886560728668,177.1664274431016,163.14875211584226,129.26007133452754,122.0372997357668,29.80860515289847,175.05358119958234,165.22292429739264,157.29131463742817,130.3136962697245,123.66464289723883,33.3354419667363
171.70352723663643,176.57203005648847,165.81147969276293,127.4500165017723,122.96719164292124,29.016943920519633,174.31233754712784,164.18281723020417,156.5036476482663,123.15952694196199,118.78146933698511,30.558850904148038
172.75999294093617,175.02167273150857,166.45616103424717,128.27247495701673,125.83715901981043,28.12876348586188,174.75620607487863,164.8100713153858,157.7940757721832,122.47024742217145,120.20703938445716,29.20057503852588
173.74492181403346,173.7695923237856,167.2240631131871,131.69581668864322,133.27770594595404,27.800887787728644,172.94014907560006,164.6972734523627,156.73675470854187,121.99221441335101,123.03672842005405,31.930282595041948
173.77020090073825,173.37720652434973,166.18695101205617,133.17046064281166,136.4973388970892,30.065121131488024,171.47938796578987,164.76717064165237,153.93692353707073,128.74807943098747,131.71313220411014,34.14885831281447
174.6890787572495,173.35345435608556,167.18587345900812,134.95533514465626,142.2851184171807,34.21119492466326,171.340062001748,167.62057992699647,156.37717421741357,134.4035983668073,139.75206225074422,35.15057504905841
173.90818172309042,172.0045795098393,165.6064458197191,137.25089469109227,145.06241932279949,33.61832567080586,170.70391929587706,163.24701160628874,152.37338263989545,135.4774453974654,141.90567890778382,32.40681147219056
172.63062322090354,169.51620650581117,162.98471047525794,136.8253119206768,145.0209598706608,33.36314461980424,168.83312515405126,162.57394390525926,150.4178477914145,136.34409402466287,143.33618953390305,31.568692489106603
173.3628626121975,169.81134314010345,163.61423082856052,137.5061366776617,145.17788456243917,32.565257007123535,169.70682950431961,165.38518783705976,154.45958089667926,137.01642019100004,144.1036280408157,30.931893395598035
171.6658896431341,170.24046895146864,162.03119862349268,147.30769739893043,153.2945867195281,31.992493253031455,172.2082081337757,168.43315174947207,159.97764951938612,137.13763989573005,142.33538865230278,30.066809371878374
171.76858482074365,166.68419188785685,159.01406368069513,147.9593235584684,152.73208949516606,31.388900809075615,171.7221024441449,169.01127849780764,159.49555729553998,137.17628256465747,141.3922249125081,30.26293889789491
162.59771841138758,173.31658810230903,156.7265965658507,151.60134446145577,155.41354698730694,31.03447216965664,171.55186862378386,161.08659284543936,153.27704300047486,133.0136967115107,136.5551629906126,30.03146416805833
163.32175014308962,174.85311785822523,158.05127016883904,154.41418892308135,157.71234851665892,30.24201641940289,170.2473096931743,165.66477546324103,156.24803957519535,133.08605449294438,136.69044478482476,30.029778930130206
164.16546827349552,174.74244531246381,158.5301643101675,154.3371035089295,157.87808113482612,30.88420812410081,171.16915546654118,166.22948134462712,156.72662417234818,145.70412090524195,149.24586827535182,30.023887707995858
169.2589965923239,176.2651700406214,163.35907964601515,154.01971212347257,156.64206795923062,31.542715527584743,174.11093377436066,167.37196569786724,159.50397885480606,153.930341952568,157.84158488397568,31.59189986781662
167.2992867867662,176.5997563870326,161.64217359849704,154.38677651276126,156.340392840632,30.81491080354718,173.6553333283136,167.0281193654971,157.49709061910838,155.38786527091446,159.55117490909004,30.896701945122885
167.36356868806257,176.33155146676415,160.56377300107962,153.75597773371064,153.75200191209092,31.225343672120037,173.97956763360847,168.4466254363977,157.11767953569148,156.09716185649913,157.9504550906524,30.84808943403816
168.34079914607605,176.00653473607167,162.0773880343349,151.79692440579134,153.409339280305,32.24499167920214,174.16392874764998,166.2080875531318,156.4300138658568,152.98351581795723,155.44765089320245,31.11610322879581
169.33534681386263,175.55978578308427,162.457593275182,151.16596162037763,151.70992333657017,31.680731913933727,175.28110312056924,166.86587272933528,157.60597540928956,151.39302102654537,151.8496783570391,30.982647276124915
169.43926979406865,173.29217607880173,160.44664783313888,147.51604287631076,143.32516762600724,28.953700914754123,174.45352488025208,160.61470800188857,151.71770469336911,141.76410823659992,138.91024721010007,29.238709473207212
169.5342597112959,173.12203377044574,159.92475657148526,148.77759175661362,141.6928854083472,28.844966226066173,173.89407189042998,155.8307523335879,147.13320853724184,145.60552823880496,140.9096533001485,28.291572538812357
166.11778226602846,173.47040550429054,157.6045997061522,163.44265502778956,153.02460341765635,29.925880195623847,171.63185658960958,164.75714293066437,154.346403529628,157.70971191549884,150.5051051299961,28.703508453392654
155.27462996611624,174.92926190513865,155.49953856194776,174.61478653011363,170.97584129086476,37.50545242361008,170.7352145739532,152.91623519956997,142.5848892295321,175.13617787303215,169.22435420205673,33.48337803620476
153.5474813909958,172.7188895694373,153.98549717857375,169.90816573560656,176.14387841977745,33.02678163168778,167.77933618087326,154.5834801065175,141.8589166411295,172.76624615261267,173.57405828687897,33.08788035876293
149.27597522182575,166.10002157953465,152.6457458503971,167.82843298442236,175.57164805021213,27.844252286622233,159.4927757508912,157.39783496910337,138.0106148408193,168.15581973183134,175.9276707688327,40.275898944057076
143.66319190842887,156.29505582424204,154.8374755744148,165.42755400997223,175.00173525439115,29.181683040660808,163.71626163003546,156.806194017549,142.07637883687974,167.79043618955313,174.87614328328465,34.337760189591826
138.6376729311045,147.9151191262985,155.30940670923815,160.07061471603888,175.44280742779256,39.03122444606123,163.32522845745729,160.9593488250647,147.17528264081173,165.52610163919294,173.2364027478316,45.85131184781498
138.41602345211695,146.9094473231017,155.36578665814022,159.7167504496996,173.35497442766086,57.185789049130264,159.80700403193063,162.70258942485472,152.07796538700686,165.65113638483402,171.70614974760585,61.37836779762135
142.6939708454014,151.21249409044734,155.09926018018876,161.17845161376164,172.51816522237914,56.14082390383735,155.39333865888705,161.78200776297953,149.05791960696268,165.22616457945708,171.8493060346708,69.01708777340863
117.20868092597655,130.55852939106717,149.33047158727143,158.14995437981324,170.96075435942538,103.80988144680083,137.39058615201108,153.2464754681818,158.52335530987168,161.4262202546612,169.2324421894114,133.24998500360155
122.33624167780744,144.80115904802292,151.90912852606797,159.5572525031139,175.05045325412829,26.45477389674809,137.62378716897638,152.6744908394714,150.86926125162958,164.17495530176245,177.7982736886382,40.07885409994108
134.86076830621516,160.5616492140056,138.30598028220012,161.96176547179007,176.08353822070197,29.42141497262777,153.4468639525874,169.4459339711104,141.85222902980317,166.0513697463699,178.59555588503486,30.7962620623307
148.22558645401654,168.35206272368688,146.22560967181553,161.1779898878679,175.86421532824568,35.95303878326731,166.46615254718122,152.11889509705176,131.95037178382935,165.06157935775553,175.41346946721848,35.4102292826675
159.27931744269895,172.91982754022126,147.02375840905862,169.6445845931883,170.88165151367355,34.37561986414184,174.54786273476697,149.17170959161794,134.37499708672212,172.75498538001827,169.0189462761063,30.614583983078923
155.64118818079632,170.9018926810254,146.57117693661414,177.18747052413892,161.14034576229668,31.392277947915098,173.12657430063592,157.2098315334355,140.75225223239048,171.39372120132626,162.43132163743041,31.679414824594136
163.8978923673192,174.8386807677562,150.03185303711223,162.4550737421033,143.46241859234436,29.804384312955033,173.92502006963372,158.0578185301691,141.1380086388355,162.87533278917712,149.78982228221497,31.00937274893312
167.41716475542978,176.3305061255503,155.25178532989915,156.67074870827994,150.221121410498,30.408410028025553,174.22187133566538,166.54754157731332,154.5837030544368,147.4319570424597,145.1004569456815,31.418107423524436
166.30886109779237,175.46756169631786,153.88988838791516,147.49250496710695,149.22841525971594,33.52065851695902,169.3708798283683,166.6266440915476,153.1730405666282,132.6559163238835,137.50195240308182,34.533307898920526
161.07120417162525,177.68347870431793,152.27176725483397,42.32434581620889,57.91983739607068,49.498960587362504,172.69041394221134,153.08827113373238,133.33143267206424,61.88631303983864,79.02847784661789,46.25337650188141
157.6249940288231,175.77719250469744,155.25665546151708,39.131684855151256,51.061085891889476,41.78982525052825,168.77786296904938,160.54526910430425,154.28660540982278,47.8330243892964,64.97526175784694,43.25103735298528
158.4792844561953,175.82153921941884,155.86822354149973,28.87762825408748,41.441448102829014,43.635828882462405,168.27174825335746,165.5926074355136,159.89650447144794,43.398524989853186,53.05840453451346,35.95797470216288
160.69811853168028,171.5643953897282,161.07023575822157,30.44800857072024,44.01007031934493,49.004210982792415,169.85140477137733,173.97507646495842,161.6278666120797,49.59611236862665,53.81182884292346,35.00969523524718
162.42146499961788,168.08122356611182,162.53547507119936,40.66557694247068,64.37175102519302,64.69190210178016,169.07560200038063,170.0762521777856,169.9310372230174,80.74365251073648,76.26425964800413,35.289323228657594
73.67247978478468,163.17457014965606,164.03358068406655,144.25184462400495,129.8585972258163,125.93181765115759,81.55196865819575,173.2290816949663,168.93273278873386,131.92624874325816,103.73641637647047,92.82179387143344
48.936870321811604,159.97200940624168,169.0817645515616,169.6328386961372,126.81822193718284,119.51392325648946,48.21899094761923,166.194098843682,167.8239876254361,165.93128023478087,117.12218722835341,107.13672973927501
40.6286066862002,130.95769811410503,166.50945900691596,172.6857289216881,147.570622624011,141.12672707207042,57.99306205216936,115.0445970834726,167.91799433612545,175.98962073195406,133.15641590851254,127.84252612753897
32.866890754870965,151.1073112986605,158.7531433618704,171.97254969210047,146.54708943637408,139.0200658188939,142.46715428864707,139.67429854038278,149.1306927599272,175.77816715361436,138.8889787752042,133.39119630254106
33.90717344718955,145.44319796839108,157.14081584854523,165.67959889084497,141.58839363988855,129.8943870961356,141.75993792735582,134.9912716780586,155.51271112717518,172.06698369756722,136.39829811507917,128.93532064416289
32.198501418260065,149.68957930602392,144.48159153517958,170.00009425817447,150.89746726598858,140.10765576490846,127.82232079777386,114.81657447539048,157.40454411693491,175.87236375605107,145.9303729715995,139.04647479709035
31.706600046982476,147.10180403365956,124.62755583696331,169.40721820541032,150.18222155381392,137.48044737144838,95.17878710493135,75.45498701715664,176.59543665170625,174.62603884231197,146.71233189683494,137.0259351823059
32.02182502345717,143.2913279091687,118.43135353351983,169.42034901529456,151.72847335220533,137.93301347929648,52.62190728203547,99.22535370433627,143.76474465395933,174.34195838471922,151.44802863408745,140.01316596225402
35.13266201885807,134.73261623286936,114.39159426132831,166.77368223920982,154.6992966898548,138.22304803770874,71.48751095954208,63.10069035442099,152.54370281302448,174.1927855676412,149.05178895123126,137.56143807550478
32.520864364643714,137.23817790200394,120.06751229122878,165.4373058870424,155.99321449309477,137.8986748686923,48.61986199170159,107.84794562690594,119.62387589655003,172.0972045149726,149.9372861822705,136.54800745355035
37.39468352942227,124.70024266769556,114.89122002121289,166.0140165608698,157.03494012630674,139.886140536149,60.078588201530636,92.67457149685607,130.8971182634605,171.50947851483105,150.52220429487392,136.95329009567644
32.94893130413074,131.40166775642993,160.37591955448227,166.52915921185436,156.01545136827266,137.7332643721742,52.42776003918886,116.95306330966082,135.56416910374654,168.53583754699366,153.78707106640854,136.62832466364958
37.487271597638525,119.93129637406413,125.00776056839561,166.24170202738176,157.81981571074888,139.81886166748714,56.28493077026104,104.28175746583021,127.68793003775644,167.56927348560544,159.42578631568992,142.09245441742823
32.80168478670248,130.36761962348646,121.46062446426798,167.9978611375052,158.3540748938198,141.60901828334033,45.42047608626975,120.37512673681006,147.041412883243,170.14279259361544,159.0950418515877,144.2199176987335
32.828685229518335,128.5566150484343,119.89968087219242,167.60831776803042,155.30781968507097,139.10952523738976,49.636900022430076,115.03054873382825,146.97405119136425,169.35311324187518,157.71821306472964,144.1343548694193
31.187946572890976,130.85999783241542,124.62610211743261,169.25258162221485,155.76472170977834,143.61465588897153,48.661797213757986,116.49131541533745,155.57397352699851,169.17370731967313,160.5232977342625,147.94090735377102
28.976714771427794,138.41396011696906,116.49537287137143,171.24017416618415,155.3157056029428,145.94310646881414,42.223492868097395,128.90024037070484,158.23612556104095,169.2665053700427,160.60858171126796,148.1944231378292
28.84072091668174,136.50894445889048,126.4524556583307,171.864298827917,152.38033702964742,144.25745582871124,43.263783028764074,125.56226223662895,153.2508760422963,167.86457392443867,162.17986360184995,148.28334808552663
29.08924575173669,133.26984988316062,122.5480141251533,174.7140676570966,147.53277413135197,141.81807434695597,45.1520452573069,122.90391820593845,149.27584457383966,167.81448285168563,160.91851602494225,147.54937977744083
28.447972630970384,131.5967295168193,120.11799498102371,176.03856047690536,144.88822861357946,140.8338466798924,46.0565505530452,123.94083324418341,146.38920863742965,168.59804253577175,160.49973805636483,149.06295137981968
26.983211706047886,135.14700527952922,96.6267851797596,176.8126979110529,145.37213524405277,141.2132554018835,44.976788625331096,124.69686055315917,142.76561741107037,169.0149547961676,158.49913014020126,148.06755314140236
28.783990298683797,137.74963060275584,98.34706804527285,177.90494719286212,140.01558437468162,135.52528483559817,39.96851566294444,135.0413339699157,148.0765201050653,167.744921552481,147.98083403568072,135.86513070950966
29.679066880349225,138.42538360595609,106.7686801486825,173.23780796574317,128.94551052707652,125.98559070852507,37.69544977211554,138.47193146028962,147.87697272114264,166.62898144554953,138.44885702308105,124.8056594258341
31.313539660984443,134.13626095784326,97.3621004370314,170.13908439395834,125.93572747477877,122.98801557086142,40.33615435871599,134.09437416888102,138.98137666767255,164.77673595111852,137.2676349756511,124.04518134782592
29.98173368450359,133.54050293674086,95.42545081441858,170.83092763143523,135.30956802596074,131.58500493374032,39.220012577147195,133.23680393177753,130.43548727098178,165.87612774467956,147.77777652373254,132.96312953511625
31.061931599762932,131.47316757485183,98.30186082447415,171.29005345764958,139.81843457841484,134.393571307808,42.38687035447081,128.92043709765156,133.96462724760283,163.98137362458996,152.09706236745507,135.69807350302588
36.49636718520881,130.87963754326609,101.12263169758253,169.3398588488202,136.16560569616158,125.57518882008789,50.28884950880203,119.76807115406822,137.15714665283102,158.74162364588983,147.0440038453795,125.25766594532278
37.0527550648292,132.1799452525646,114.17896352229413,174.10837360181188,136.4203234556468,120.3349074188159,51.35445024171974,115.0541001332636,142.67315411366104,161.5695214554598,150.68771209268388,119.83880457439106
37.727732645416886,132.78539427528494,126.215498357573,171.03966917237508,119.58853818671598,102.26001290766264,52.308915175469124,114.51357206503032,146.9930107071695,160.46416664561502,133.40452734469432,103.94593647738944
36.65664957986279,134.26552811823444,134.22888218382658,173.22203076519133,113.76878555526366,93.68642994980418,50.73065227756397,117.63993164891927,151.93737509692156,160.90640043403806,124.11611435234695,95.15317666076207
35.98356281552546,134.57348061374157,136.5001326844613,174.73028908670227,109.79449296912021,87.03378991629388,50.48827749178086,118.93342957608041,151.79522210238906,161.13956707677085,115.84021624390225,85.96305535515665
35.369587589014394,134.47398115081694,145.17139773639695,173.93086268622187,108.278410738667,77.31960110881474,49.20039667979624,119.26563878500444,151.89941769223074,163.3326832005685,112.37951123614994,79.02241532344293
35.547954775833404,139.25207487403102,152.69470761946232,175.15355827676075,112.51182150807253,81.41802679861728,46.89746897323718,123.06561546617316,155.81836369560023,165.04325305343784,106.90638799031983,72.02459791975832
34.862513898355495,140.17649837345297,153.32547304629367,167.5133539884837,118.91923445918704,79.71304595391186,46.54110240348353,123.85617213967565,157.08378013915376,165.70687466771744,112.91661748468505,75.91533926589022
36.024798056382885,140.29830178873289,152.10893734618628,176.99160590171442,111.96958335720635,78.97603830758042,48.77823236372579,125.89949994927935,157.5854747602751,164.8383217433476,105.43263795359152,68.33076830171383
34.85984838317474,140.04010394263045,155.03418600197665,174.71822269910624,108.12114760118658,72.59847527986375,47.27688158582564,128.13814039184584,158.76444148046158,165.4834410822249,105.75893613459792,69.07760455422381
34.427058066122584,139.41676170053978,154.39088787964678,172.20412378696267,124.68824832916725,87.35077539462209,46.42504649378219,128.60169590404203,158.955133698455,165.97064417155252,112.68980966005947,77.32503669162365
33.250179823507196,140.91562050483955,153.16007079479607,163.64805699806985,125.52483059633964,80.33930775396662,45.635965678941965,129.32601740751204,158.6737771723678,166.4469313131381,111.14928465648808,75.91468190137157
34.78872257972657,140.98259936612308,150.8593635670463,161.150265831612,113.8841858732959,63.598417649736774,45.7405568867348,132.40331024429608,161.0175031895738,166.59052170268046,101.21853616760893,63.671226682659025
37.61709213967918,135.77858858072085,110.27047337659884,167.77912397580366,133.35215977781954,86.50429493032453,47.12759496840213,128.60229805425092,147.39728037769012,166.5818581224089,110.5917399528198,73.21236028484915
37.74314833373855,128.3326265293374,122.82736390458321,163.39559776915738,138.78537178029146,88.65652380237056,45.658066463234995,126.40649950416896,152.07739620682153,167.47480810455164,99.61691058322623,68.62603844471143
38.3001130685945,135.95480458255108,137.01719015321086,160.93640355471817,134.4933802254586,85.83635141187047,46.971381124692655,126.80014283829587,155.9660202371637,168.21814844994486,103.47960313923622,75.73293860554588
39.853840149076305,139.793339504421,122.7634809245063,162.33108568963354,127.6810911621983,81.76949896910621,48.4319797438939,134.5889704112735,157.08929050649607,166.0797540651138,96.41827567865172,72.45447411429477
41.86578569529791,151.26340784379798,149.25466353299987,164.31590612172553,123.1623710584531,78.70495857851984,54.000265439432134,147.3783359154751,157.3404287978118,162.90315051051132,94.54834788535447,69.2774970012316
51.633316557703026,154.09972440707975,150.99173592856988,169.7055781444768,114.00903565002254,67.05932099055894,62.727431325471095,150.9467176666361,159.3380681445416,160.29798465400685,92.88300309580039,62.25931656277209
53.21531225330921,153.89542184540153,159.70605935352808,168.33354198037665,113.70269665065858,67.34134304976925,63.10777459856577,148.88001810855218,161.76259881291463,166.83186612333262,98.68385330576713,63.188395630398674
50.10235615352403,143.35054407166345,169.7450361172225,163.61513433031485,104.86513100557319,62.90355815032005,54.278066507639195,134.67700385540593,170.572193738991,170.062796585927,101.11236783516803,68.31942829024227
57.04166354203286,140.11281255417384,174.66655896745,161.13875380165237,104.48778099006196,59.85338944755915,66.95642029530212,122.11877322945072,176.65435000342774,167.96115002607294,95.47841343037489,59.32344141416933
62.05689437543053,145.29060253692538,173.13563853151092,168.01317890890124,94.30224628675171,55.77981169729967,64.1991669652835,136.82238727057813,177.4692845902986,170.59521901482995,87.51508524357808,54.98399989801088
75.09762953878192,145.20496591003769,174.53173371503368,163.2137593164859,103.37598901738318,53.54944687868369,76.69743211714342,135.85367889777206,175.71532715012702,170.66843767376724,85.54202201250386,52.24718675936184
77.89935961954467,154.62114516161571,167.29802238223195,171.67675258596293,87.83445711730276,49.02549055084512,87.4548784692047,147.40540476585798,173.5686757278589,150.5145635542496,75.8641432718906,51.442238487701324
106.35586420792393,159.6146377761482,169.74040341478127,147.34014071960274,86.03202715550485,47.1626866020047,125.83833386279572,148.6567428491417,168.55912296500208,116.02874505106315,72.79473478816632,46.59887380907486
154.0381959000237,160.0703568093221,168.02139782999583,114.33320553410364,103.76603699991566,48.277162059660846,160.59279609516807,153.17246268572976,161.36612325080628,93.61614221546922,86.09435378004972,44.60039545243841
161.76548658807224,162.17537680303164,166.77927401373645,110.02707598596749,113.67292984116175,47.75591732476968,165.5701873165166,157.48133469188505,159.19664811172566,87.34858309166026,85.65578949203329,42.40581931632033
165.92914818727692,166.34964270874246,165.94750829322072,115.01305680165356,125.23240962626511,42.59791317317009,170.399679586322,167.11380309464457,159.54831941052274,101.1492205610234,107.02784780307714,40.215470361228846
165.87388532606516,168.55090104769337,165.8939389394681,119.66068586542372,127.88364065748085,41.85741907527149,169.78935239176326,161.1896336296952,149.53054004853487,105.38758869190522,111.1559232673756,39.317278429521274
170.85872253482248,173.3926823303087,166.599925939096,124.03476248734673,132.2739357307528,39.225353573445275,172.0888435153773,165.6360872795144,155.5671612816511,123.39176099805375,129.13795054664806,38.62465544009937
172.05369685253092,174.22268196446925,166.54311105129625,131.27868318583492,134.52354179097105,35.68202705832311,171.3292993940914,166.43108153943297,153.1679696807874,142.7297482798829,144.99862893931459,36.71258550938116
173.3103089243725,176.30565753300516,169.1017146220443,124.83784649517563,129.84275558835827,36.62342919369751,173.15164700651,165.46096968988397,154.43146100467186,136.200698338529,140.96950445212062,37.56072385928459
173.07549966344408,175.00994988714828,167.29838805452513,120.01371451508612,128.27662319686988,39.01018715595167,173.45159641914043,167.63577152457378,157.5092219259862,131.68468427344644,139.04006374783404,40.08596357264855
172.1263675137652,174.52816470797546,164.44317100219394,128.36900570992566,130.62605220795365,36.12433432938238,173.15550421386962,168.24486464041183,156.2650009655566,143.2470755710947,146.48619074343566,38.230630532762845
171.7282301598789,174.46808454478503,163.9306373702919,128.40846591422857,132.86839997047477,36.76795701983122,170.9903010845671,164.9742880366063,150.53919203347684,133.51384837880633,139.82143910064516,39.23281816508489
171.28437069249497,175.52243898521934,169.5539899494943,131.70655819532894,130.97621550230775,34.92225327528442,171.85243306313149,167.9164177071951,153.61843531575946,135.97629021014734,137.69404829486803,37.15232640678038
172.4957761552629,176.45044122703297,165.477958261372,133.21250485712926,134.90235632158024,35.292647270938026,173.4225504901675,170.38558701887146,157.15684685930609,132.53371022925606,136.65872593349903,37.64822146033972
173.03785108385136,176.48243726877223,165.16023278293903,133.1853091396063,131.18874803896344,32.45274049238249,174.00962795372575,169.59823620162453,156.6746699257728,130.60043011537377,131.11368584743875,34.527686170547675
173.460577661,176.4680377130679,165.29456819268117,133.5633941946549,130.8569871979063,30.752498832988163,174.4978720759638,170.3001979260969,158.53719588193158,128.39823180002253,127.58329421208124,32.76586346778267
173.89074969638995,175.94248252759067,165.17189554609305,129.61014551268858,128.72230778406836,30.25006885393086,175.00355293325825,170.97013250024565,160.22795008063912,125.59137030688284,126.13580692402289,32.30192325704619
171.6629467369705,175.99332466866164,161.6794518678307,131.65963473751484,132.1620364743889,31.19492801706804,174.08811016850956,170.4996813340556,158.51056874006275,127.09010953146179,129.15503674257653,32.674729969188746
171.74602074653737,175.58218629984069,161.40457415561417,134.3391888393565,135.1914566069129,30.2767656600662,174.03604390838206,170.16367643720204,157.75470145690443,138.88324631373322,144.43565226961428,36.00120636077947
171.58048422715785,175.16774066315287,161.19795589608003,136.93758410690702,139.4012069506587,32.869381329224744,174.81220677028057,170.09630058309338,157.22349453673652,134.72263770695423,139.7286153921579,36.03755558632092
172.54354938847843,164.8884924502869,152.3217385761493,138.63023729524554,141.22140073062766,34.32794396481948,174.7997844814859,168.92693577203235,155.76208357500573,137.7381653343348,142.9058684367475,37.29300329994171
171.17375577203413,169.55176804538615,154.96649176430128,120.86262604495619,126.79444295066116,36.97949750401639,173.87291395342518,168.0222045232176,153.79933990050776,133.53992535543387,139.3771297454098,36.03040050680443
170.86221664559437,170.7189784877325,156.14095149212966,103.15140411590892,110.93476321018213,38.495980706474924,172.95499271781551,162.85086755414406,148.59914452930184,112.71472107137845,119.46024504687885,37.666907522938075
171.1148926107275,169.22665801772897,155.0567618306013,114.24081707631866,120.21885563129955,37.188380881749026,169.52378025002056,165.9146121716295,148.3552422850273,112.31771391669926,118.286070746247,38.31912597176822
172.21525168223397,171.2998402405468,159.44653706425484,118.7218487980242,125.93971549752241,35.86856142188686,169.44859994311267,169.3263159853092,153.62313617013118,123.87322472023196,129.65440914570254,35.91186323646926
172.10160267224438,169.92296001297473,157.87461025151097,135.40083969840495,141.49588154447284,34.29386874707068,168.71447144546434,170.84151242879892,154.85806756777208,138.48082705888058,143.73032085976595,34.515674269589724
171.9644610883681,170.535924556919,158.49033008645728,142.20233736294907,147.6463552596385,33.91234303558167,170.59253735032289,171.8123644896826,158.95872669968207,139.25069691155767,144.08914635405094,33.73930454414419
171.27097667701392,169.77401183510608,158.05419342316523,145.5522489374119,150.47094214651136,33.51242465203635,170.8411347644633,170.04026476649793,158.7780316318127,138.19112155967034,143.5842433601339,33.73220627654888
172.01716825081675,169.90918380653636,160.40115851965717,144.67462098776966,149.00289726368578,33.26813106993184,171.32741432110885,169.167107956176,158.93977292657183,133.8410309987141,138.68574953131386,33.30865583562502
171.3200863463652,172.01725827999158,161.63891968938344,144.4307805839539,148.4808588368825,33.156287019792074,170.94611411153184,168.85156041786735,158.7823816846759,134.28118195962503,139.02751977907963,33.5712002768244
168.81784620954267,172.60853136000378,159.9290848778518,148.46341704944476,150.1687109749883,31.168680308815397,172.70744087858697,168.92709444867816,160.13754786371652,138.2498911797763,140.84180745091302,31.986723300777317
168.11410021366294,172.80718714952573,159.32725004524076,150.51575013403752,151.46235652486476,31.160447622642803,173.60309550843172,168.25428330958053,159.87746649142852,139.99324664710815,142.62206961453245,32.078231233180915
168.43994765552875,172.16580513422014,159.53164820599866,151.42959141745303,152.23520222321707,31.610965526775015,173.4755939055568,168.42895669597343,159.28976657445017,142.41261562492596,144.4084986753256,31.72138034321763
170.26669128889426,172.0647643902915,159.55886544808527,149.5717331443999,147.27932490560795,30.429787518974905,174.8791077303502,169.01525169217294,160.99608463348432,142.75345413765277,142.0287824189445,31.401282084081657
170.67749636239978,170.72943636860566,157.25573639802855,148.8882842656484,144.0803625821557,29.17191413758122,174.9525817090043,166.46691895239286,158.54799966128775,142.95563295971886,139.96483665303336,30.43663525252819
170.11135311470707,169.94164982681934,155.95244159088966,147.3310725148511,140.39036332339322,28.354706560342176,174.5675737386064,162.67556474694823,154.7446590417048,143.67648970132836,139.3021985278489,29.379220873218877
168.0718927221728,170.99186554432822,153.18729161026445,153.42580218815112,142.60012770357375,28.8939659284693,172.0476815285219,155.74592422228451,145.9926835590573,146.7691090332065,139.56576839809424,29.681106560621362
164.42134905875145,170.35573290360895,146.6443147013631,157.7359562385247,142.80416976955792,29.978253165607335,171.61018188939653,149.91227861565483,138.5465784602653,150.284916334779,140.64669111189176,29.75808956631962
171.08795175674715,167.82865719334973,152.18796120737397,171.06722153836685,156.30473270935573,33.77082130559241,168.90325779044025,131.24492051944827,115.88416830435207,162.35407354423143,154.78436102980854,32.1576124175759
163.7093058272226,174.02665215057104,150.3173416968113,130.24028034647625,118.86942711463455,23.036153726713472,172.59951854476165,140.72609468508938,135.05685925228906,173.2270187314736,167.8495313046105,33.441125034839146
156.71864274970565,178.6132788366606,149.32394290296304,179.18941442328745,168.56144284937784,37.16385149282667,174.10452055759268,106.24073282910557,104.02307937125896,172.7704969274004,166.77003046868612,32.77660827410429
159.4522338716397,177.88672012126136,150.40853024622697,178.22880484384459,166.5985730288683,36.2736238587619,171.65683480239636,134.89109223269585,131.79980655654705,170.87551597010443,165.23819602892954,30.43489950901677
158.5115362938123,177.1660947813156,149.20892391294066,174.5870267781614,162.83343079476023,33.846851018394595,169.68995210385873,134.7817341665479,127.404186017602,169.07939766873665,163.5296081242952,31.529033815585418
162.5465430749166,170.42185832815093,144.52109405927644,171.3309239502246,156.60785819693112,28.102612071574864,169.1736927734355,149.38975240335392,135.9001185592205,165.09409376701214,155.9890440070203,28.287200318991427
164.3021746954172,169.09058511700178,142.63248388259822,165.0213403291749,147.9697350742269,29.741599451528497,170.8384250960736,150.52774873863316,136.29041270655839,156.7539906119206,145.5596680486527,30.723528515521895
167.6109017359732,168.24620966609453,147.62121889537542,159.54951994100233,144.27811419427204,28.487223771091124,172.6574609688885,155.14701093833466,141.8898413399436,147.19565530106115,136.70373925149013,30.216570671164646
171.6728576130211,174.09262501128617,159.0264471724853,152.7748427984248,144.49015280151394,27.31552545711105,176.988702920014,166.53736016253936,155.34507569391766,146.27335782682897,138.86502382277766,27.744237670244516
169.83106621407666,174.5341264472919,157.63138610308096,151.15222013403934,142.88922513601602,28.928330858807357,174.4771963306758,165.15127123676686,152.23941714064193,144.20984510822936,138.32984377707285,28.671571009076356
171.82115187748744,175.5906608226096,162.4364966608676,149.64053829652306,145.44178804196042,29.405421884843353,173.6022724836517,162.6128861555802,152.73874944015296,143.1618312197157,141.18579169784314,29.087873050269216
169.37485198555547,174.5309895419012,160.67868950571142,148.3483262797739,147.92416865823625,30.873842730878867,172.96377017179597,162.78203295523238,155.24525872874796,146.91963938546348,149.1468878443291,30.907312242510926
166.77537309313382,174.55629360361726,159.06225574902365,151.1180902980144,150.35441215091768,29.824361887233806,172.12823337811128,165.73109398587277,157.4323451027735,142.63553568366763,145.23559092900928,30.5325731753063
155.84180609303047,172.4391524010569,159.20254924830328,152.8835400611028,153.90704711918107,30.926362918384886,171.74785537004686,164.76763019625858,156.72742414240426,140.19046119332603,143.8275385768457,31.021316315279954
161.72799862310058,175.56240801981795,160.7924779779818,156.29852269745297,151.84282319402558,30.94234710539034,174.83021101849403,167.24609381693352,163.21342233332788,142.74950468191776,143.36392115921123,29.938317073787456
158.69924203867674,175.40224763737018,160.6672046719029,155.60043963036526,154.3940594033205,32.1362537443385,174.07936543414104,165.92747047250964,165.99046585247288,137.5828982875394,140.2190357577238,29.71106041486551
154.4467923685166,170.8543195502082,159.5150943807856,153.35454711620685,152.30456210732072,32.0043550329605,173.27704063116232,167.2901466831969,167.8928463835717,132.14747201843474,135.1201486034658,31.603954211533285
147.35932742294025,159.2084432138367,160.7136409249691,154.85487743402004,147.72239977798807,31.669602998922503,176.06249105449717,166.57118327440114,172.57480353607443,129.10790230221096,129.42557676697308,30.06850412405791
138.55651464001974,152.07894905865695,154.84283062593894,151.42479286659693,146.1209408618356,29.28391341330245,176.79408024298286,170.0426523461574,176.39765249052283,128.8435740882306,129.54359934273327,27.760341059224487
149.1700536287791,158.7228112227562,159.19304418520048,151.18822435616767,144.23865737727115,27.976819769090515,176.67036299399533,162.83188763273287,165.57310674438537,134.04398151840684,133.5548671436548,28.77675237441251
149.89509231222888,159.24283216957136,153.52636461197972,149.77963681138982,141.13010087618284,28.07756685406608,174.80453693844123,166.75272405469738,170.99535684261173,133.07987252443752,130.29001401446064,29.506272528115446
152.83032331285835,160.57803283928277,155.79526104942886,152.53821967260714,143.39883716072572,28.229072994061106,172.69284932702934,165.24594885082684,167.1405701458205,135.11946960930769,133.9811878162421,30.278268155059084
156.96424127811915,163.31292561403367,151.79446791864217,153.8870593402878,146.66349199890175,28.281579600358526,171.27739150836425,162.48567565119828,160.731860956677,130.61261805280546,132.9329454612427,31.450240626646767
157.49204345435868,164.24511567700168,151.02792601540003,157.3120886750057,150.275557189861,28.3466014035014,170.51405412694237,159.6536565796607,155.79970781148313,114.44339843007688,120.5373072364537,34.901376364221115
156.91617848611082,165.80363602069514,149.34648975636574,159.6199799216995,148.0215887771311,27.832669524117595,168.08300703887699,159.03072600971095,151.6749255764951,123.53917535745491,125.15377659089656,33.05625362324447
159.56555505345568,166.72578813688526,150.86866293574178,152.97396177325822,142.05477018048234,28.01634457007167,166.75845418913883,157.55735565137778,153.56371324913957,125.47553519123103,126.13699829406832,32.17328186055964
157.25725893465534,165.88772994825143,147.99751085116958,151.18613718117,139.91305026693556,28.32968861546659,167.40111008491687,155.71474525577284,151.8287340667359,128.2729937620159,126.27054374311066,31.029914424387886
163.67922924269567,165.5282584676924,150.89492181372356,145.71181183977575,137.0003952871311,27.901765140701343,166.80137165685565,158.46989833948652,154.43185614517466,116.1933580874225,116.2287024734884,31.352721740094005
166.5519247120262,166.38474940626463,154.27228267922504,132.3307764569635,122.71071617537937,27.61729452591121,166.31518297963757,161.322383958675,158.1742871685076,78.17959948670622,75.26960029197586,30.370924676564446
167.71368661061794,166.64469772978956,154.06627728487294,136.07002432356944,125.22121576373206,27.787477789885205,163.48640546994088,162.0902545225099,158.07118301137308,67.68290681468773,64.60998350973567,34.593613984180124
170.14641418542382,167.25388171387266,156.35812919249636,138.46582591047462,126.72182344879369,27.910873673889014,162.8452408797539,161.72936413182393,163.97784827918616,56.39075927871172,53.65514180270335,36.11613357654785
174.19222252871518,169.75213381145144,160.92453920403656,136.86331367843164,129.07323411926757,28.081142208929563,163.61914416166803,164.2583292082305,162.06583386499852,52.51712262970667,54.32668608288598,37.43190102335236
175.7072456390652,173.89558314721128,166.01884945520962,85.28863337426901,81.52433020963684,29.62780667421415,166.8315042375262,167.79686070033313,172.3779261320953,51.086939421439844,55.16113867317994,37.10288041672848
175.92076585548426,174.54184770865524,166.43030998300677,92.52935917095893,92.0648960338398,31.61772911199399,166.0956691213997,167.30303779146013,174.47839711833794,59.908964029371695,65.13774592556435,37.66725198213398
175.24566879057946,174.98919851025443,166.0842743698788,134.99146278128669,142.08492073941204,41.23240734775232,163.6011174966192,162.90759112072027,161.39946281306908,64.58974203538168,67.52236920368728,35.720776156114674
174.82259713894788,173.42638552893956,166.13313058963647,130.16968524636937,135.04428049711092,36.65329757327498,160.9722227783874,154.69481989240077,150.28953687937206,93.17562717532857,100.10474516317932,39.3188211940719
174.0241039836714,174.47978822473547,169.11479868082932,62.73268258838051,75.81630372868968,42.9161586667013,163.13838004095703,163.5162118684493,163.20215845290775,71.65439423425283,86.29557605272181,45.41592287812747
175.18617321013355,175.14741182724862,171.35114799722427,41.75920344888952,57.23759877753241,44.77909397788232,167.03798029183767,167.33544022647754,168.08403527861086,45.018091409014865,61.664253803316505,46.99385268748861
173.67041239903267,175.0205991115281,172.46999501795585,45.14438818830481,60.448755576215746,45.239776400412445,168.38521105365132,169.42663211130855,166.58191716878375,49.24190873806388,66.09163949962839,48.468108814157546
171.6867530164224,174.43683331807733,171.97396197146503,42.48294486773304,60.054265672365695,47.89167315683671,169.19088923499817,165.54645013453305,160.5977282449355,41.67895846057805,60.17129968738853,49.709311801436755
169.92058203950847,173.91321825177403,170.6789097248486,47.412458323763,61.42663731979941,45.49644094913038,172.1412832069029,167.40820960902423,162.93746953722214,49.11428413271318,61.24001666320603,44.36926450874923
168.35315450317424,173.51744419619502,169.53943798059635,51.82517072094184,61.79206120110392,41.96174844335577,173.47068864863542,169.34619371377127,165.21536521813618,50.4646367988578,57.296280895828275,40.247542635764916
164.68047353338963,170.80464744408724,169.03935109379157,53.77249815632468,66.34552948518848,44.98384100376927,173.61694883856413,163.15187488898107,159.9226723422689,50.17576315269457,63.38635464586291,46.06831408842702
166.06656785059434,172.25650713681733,171.29664841893688,39.49726710699564,66.30787011980875,58.44007885873482,173.5529192723179,156.9498844434598,149.97183705830255,38.81319397840157,65.16261572062562,57.295649809686424
162.44819810599583,169.49183639716733,166.42975671385722,40.03804523166904,46.650170936779155,41.924455075588945,171.05869391333783,155.83925304541165,148.70707691501119,45.335405501674934,58.86865895237775,47.86288188335761
164.01351692529113,169.67429098784157,166.9529166205829,34.5902504731124,39.179240780507605,39.94009557513775,172.59455139574774,158.05325156881213,152.17858819588136,42.45439599442807,55.79427543954942,48.06823005609661
165.0675409045206,170.3476838475499,166.10046680482907,33.66397093111286,38.59081097378074,39.998554839663306,174.33958851266095,157.90745106213436,153.2098895241595,47.68191717537856,62.18634396452054,49.366296486832525
165.66935297802715,170.00799579769017,165.47742014637137,30.64950474524144,36.93288593247489,38.96136885420226,173.10933593694756,162.4137433332018,155.1201298877046,46.14498842067995,60.28819092916573,48.13372591233416
163.35359509188535,168.93543367618472,161.54105845063424,30.348478295357626,42.224023108721674,43.13705648267444,171.7146977137821,162.2614895968625,152.8444036168364,45.91972865947192,63.207135824385375,49.60869699336988
159.307074795565,167.95412240085724,159.3739918876318,34.48673956285172,53.591305985039696,53.87431766561957,170.73111300940846,159.82082190372378,148.25080335680155,53.124908440638215,76.89626975959635,56.890883504802105
162.58993718104117,170.0616533167917,161.74668980525888,35.35457714962485,65.96150015224633,67.08244242647206,174.52682480107708,163.6942272220891,154.4287726435696,50.23712035642557,88.57980792292857,70.59488162838763
162.3059824167683,171.2509858559603,160.80637173489305,35.957455396971845,49.176327979471935,49.38309720349239,172.65152352054312,160.95653798696063,150.88961378414623,44.981442528920134,63.80556399012488,50.48136564240837
161.73217211681975,169.77844950786394,162.6235905052438,43.56796644896315,53.21397544632708,44.36828220841512,174.43795191077504,166.53138438685096,157.3849733686041,63.86326186261927,70.206933182538,37.47671683699238
164.9522528487157,175.34513912939724,159.7120583628402,59.52607270018858,73.58310839345334,45.85908377367025,172.90947134098667,167.7859560417057,156.20178550362712,100.90555313985651,105.2676696512094,35.412784937492525
162.572116648142,174.8109082136741,158.32821937116958,77.37044500327907,88.19298543552392,43.59026400871487,172.63360034609195,166.46014517059658,155.36688568570213,125.49869116900979,125.71957678654924,32.418110994878475
166.6352540409664,176.75017327685114,159.35271972248222,82.77812964226106,91.22628641083463,43.20145214729431,173.18263185468828,168.25188829671208,154.6862183286569,135.38764942887968,133.05898493832112,32.460741820310886
171.55581854717397,178.53966302591144,162.80222074219853,148.90947989038023,147.74924828328463,34.44973101080159,174.3489726086103,169.0106079425654,156.6480465630472,149.5866709735364,147.4264476976575,32.355711468609556
173.09237691653246,179.28312716417713,165.5254471324203,151.79064269430344,147.58261986997377,31.53977923278521,174.47924406668525,169.28655094765057,157.17676735962596,145.62998065461395,143.60316825617107,32.2518917409219
172.38735425356748,179.18527638092797,164.01012605675166,142.94248697679876,134.56281835081538,28.56379322764407,174.94316185930356,160.2727875306296,145.30917452446167,140.83475017481234,135.69450407257315,29.867532942955407
172.80201276417995,178.98156154473756,163.32828802896202,146.75996281023458,133.69429745895545,26.049372595811477,175.30754912295188,164.4049008654737,150.58456092682,145.52798319912026,136.30420058500525,27.228193298908543
172.74086631399314,177.7981895822202,161.53237625108815,151.833458625496,138.38085891681072,27.804188247402653,175.35383999517464,156.53732126537562,142.45062016173605,154.72610547933493,145.38750820671743,27.994749990777795
169.62663881440926,170.55085460282137,152.2457989397511,155.49466373744409,139.13542101330242,31.723255046073362,171.77705864887258,156.80730038178243,141.5011644629199,162.4277314480651,151.13418263062215,30.118059702499373
165.20994779178505,173.4372293757149,150.79049933827503,150.59475791603936,132.62075013259684,34.628551288997386,167.17518862031753,157.8440647109023,139.6864612916555,169.71135374328065,156.32593657088623,32.605782083556505
150.0514263234668,164.4363141064417,141.623926632256,168.51595160508936,170.57791596240435,37.85989341824396,142.8558156283746,163.2916091146399,148.05083801063137,163.88531658417836,175.17863043383406,43.938705269772186
147.2950653979889,149.59715721820675,143.43477752409262,163.9663550197461,176.58453542320876,38.664009210744055,141.28327684069362,170.4025911654573,144.74477968375578,165.41820588394194,176.7828899822321,47.471817755704976
112.31122572100819,118.55664680639585,158.23450888085185,163.24710283227236,175.1083077094097,41.7096799572217,140.45551751757586,162.3381929193137,134.68080658079694,166.76816797727273,175.75132453232388,68.16222729979803
114.22131576134983,127.49379188671392,152.47254424312354,157.58742880283657,173.05269017806992,76.82353535027228,136.1764612014116,150.11878346805852,154.35231298242687,164.99737121631654,176.54078991532123,64.88205619699194
109.6473633463644,119.70197474572504,150.18412383710205,158.3449395033609,175.4656515333314,86.26136160468559,133.2925496759002,151.58188233895328,154.789480910306,164.6710447855767,176.91967459464047,82.16377089270922
112.80880433343225,115.54957433863888,133.84823604158186,160.11279309330834,177.22751136923063,47.45329933662776,132.020643507055,136.14844237121235,136.20109564073783,166.66587328754878,176.6089587715752,81.36533606249051
117.33550221984478,124.1208794795018,161.86045952796385,160.29033445672948,177.82442161737004,57.06766940070823,136.54932005146077,150.99669891992176,160.38587263827213,167.11495557100127,177.52569132700592,53.438892541338944
111.016084064105,116.26113266117513,163.00117881034143,160.97584031873592,177.5008478127497,51.16910379226134,119.4226910737905,136.0760677477363,158.87895322426016,166.16137736600342,179.46269332122725,54.038708927758236
144.71527913597652,145.68617868511686,148.14061718090755,162.46369352451515,177.6723383982116,38.56472549349949,125.15093818889333,156.02510609265053,148.5700388931342,165.20017748683082,172.89609550787043,44.66309568208206
158.45909438394656,160.95089548229288,147.37816355314212,165.9901912899862,175.83613039362214,32.15024140541938,144.13889087149445,175.78355698318467,148.2313291209631,166.20304625790743,174.797510463203,49.349476132762945
163.95865200256895,148.64459046872693,127.13854883774333,179.05040751363447,161.88883565591001,31.261904354905273,170.99845216409815,146.4270383552973,137.07201956224068,168.3715042246465,157.99642101200877,31.540237228969797
164.38456243209941,168.68075968590028,147.31619058527338,158.72051943576747,141.29387042253822,28.038566454567942,175.25426749371937,155.35592100119638,146.66968918264183,153.16417351884573,143.46661501496098,29.997858042576244
166.25544616114476,166.42717887107452,144.54861407535296,157.43127069712486,138.12868188625478,28.54186338037883,177.26275835838717,156.0570234851412,144.77266216717817,144.65255579726568,134.23018319950043,31.382888713799197
171.44521512793696,166.3130917837229,157.05949486009268,150.4301096915707,146.35400334184905,33.275624157702275,165.42622033616442,174.51995723819095,156.7603070971345,152.62558439598328,150.44322799841655,34.96011914640495
171.90356587436284,167.71938644785547,157.5062649792746,160.45560066233722,155.1556442234785,31.68117161099465,168.56153758365556,171.63639318675672,157.58199619483815,74.21056680223197,74.76872400869142,34.285238462615446
170.09268277993738,174.7056972621895,163.05242039659592,45.508031760503364,48.945099937861194,36.88442782727009,169.1487687200143,167.06162732627504,160.21050078850314,44.66564914247235,53.20877016954588,37.42131839709571
170.41081412191426,177.59780433251882,168.38421443932043,45.50493516376245,49.25372374683149,41.74661933999232,170.14245398767568,176.36809778302577,144.00391437809884,47.68523437574733,58.89542406840031,41.77888923667282
161.88290648115975,169.70652666714102,167.6437054790964,62.249448206467264,56.40091249627555,45.431526669292616,163.84248137432073,168.92791077574148,167.54967843690437,78.18060511958679,77.54714489802832,40.99166920055933
153.14493713020823,162.84320752266098,165.5738883004508,85.07164237881307,77.308351803309,53.08789889973487,156.17652291634494,167.536342662441,174.53652538329325,97.9223857955217,94.58753406353415,44.669381158738126
127.06157636216933,164.18354214027102,167.41931640264696,93.28804192635849,82.35089437012059,72.26183716733547,131.51092172760323,168.3932214295368,172.42015419033527,87.59277181395622,84.56931167380274,65.79302699803405
54.57296204590212,160.5896748606491,168.78867269332295,176.23506708358087,102.72734302763438,82.73771712196721,50.25983819896072,163.11829350562007,169.71644035469805,173.09921091063217,104.1837740340089,84.84969031070787
37.34026145481499,151.25127104861483,165.96751905706057,169.12229669785356,136.2256552002795,120.3233044725494,39.156135763350065,147.36605237111664,168.41297881816715,172.01590571709008,131.874357947442,117.6371261290834
36.11183886099178,152.72510397238193,151.0217918287594,164.57608681494972,128.50787686008098,107.60248997819555,63.03242557161591,99.16780778795984,167.12310359079814,169.32745519480466,128.17982070798647,109.9571385747751
29.46097609865406,157.44425454930288,149.34771273073187,161.98137456242813,125.89536600580806,101.9672103046325,54.44362215863254,94.66990466055223,167.4919503094513,164.92578522555078,122.46539207884345,100.0566469979176
29.853823970507843,152.56267829806677,136.52842122088978,161.44659026968003,126.69216464690707,101.54909796275514,50.08358226171913,87.95803938981999,164.73392431968077,162.77964738457484,126.22180597522578,100.93836978158699
28.5260042856251,150.80929991372014,134.80638907142634,162.2967706972571,135.43252064349969,110.7844548994942,39.89477793351726,121.19677667887494,144.81999624038767,164.9747165237868,131.151385085669,107.19582462159185
29.520281924988097,149.91550662602947,140.2426886827443,162.21555894970805,119.38697029452574,94.00140540503911,31.643937276303696,141.32683917968782,156.4342551780295,163.21488635286906,124.82589383358255,98.77145081563988
31.602905272698784,149.22402563999512,151.42636645107808,158.7862356943344,133.23913863736158,101.9161999825418,33.234104438243776,142.09846007975034,151.30056797076716,163.90026065993834,125.70271106089969,97.65411498248628
32.6201821391641,148.2814154541576,139.12772147738045,155.7347420674547,141.23557884170276,107.54202719975133,34.853160523249485,141.46368895840027,147.92582994834365,165.32801125596876,127.1459654544814,100.28429748763392
31.650217926847922,151.64065293087205,136.01742258510976,157.23546422210322,144.94153390703931,113.73221892796482,34.81992759438095,140.62881096455672,143.80256937509088,163.6089238776641,132.42185530087056,104.69442577934545
30.988481241517828,151.05691071743638,134.01970464137466,156.48308658634124,153.48561369132776,124.5473431817464,39.392844481980084,129.66522649581282,142.54758174866464,163.26665926248407,144.29700010427786,118.12439730301182
29.556191071915002,152.62721076636842,129.5912433295145,163.87508689325063,151.0421176543553,128.5653306086512,35.08218542415104,137.4824929029965,142.82952072260076,166.60547901579332,139.79281287517438,118.91112793782523
30.959016213184768,148.790716572061,130.097040999487,164.1343144513787,149.01108859477205,128.64575187959224,40.30834433925098,128.7325329888518,135.14237130121762,167.0336547900622,141.34921395762638,123.33761245851254
32.390806453169226,142.5470358173086,120.4257553720305,168.3533740603637,150.408533818346,133.95102381946302,45.68010423447247,119.34467683985045,144.04594909511857,172.2163409394581,141.51086836084812,131.2650542780688
31.568902771675475,144.69665764934666,130.94758878097247,168.48127036321583,152.25657279984998,137.07259849363334,44.963599434112176,122.60324235050405,153.70914807281216,170.8691999333829,148.08514790936258,137.81219921479607
30.063496715750517,146.19111400860754,128.62281596584225,171.20257902001782,151.99422524648222,139.98660181875582,45.43653629836862,122.9988540600776,156.20362889942015,171.66391111590409,145.25887147610922,138.72837099893442
28.74925477608449,146.14168878064464,125.54533014876888,175.52147480529626,147.66445391476367,139.77072225054619,44.00024623994446,123.9035222245671,154.38657785941274,171.80479989723028,141.77334255171948,138.20810906728548
28.09313091176618,145.31455247534643,128.65879442057744,174.13433211148597,148.01518513351618,138.95971112257175,46.29228987124359,120.96099816381512,159.37670007276307,171.06223823147062,142.21647226773112,137.54518949530564
27.53935289980938,145.00955155615947,112.60764810744799,176.98808044797298,142.20677137178114,135.99090687570057,44.67909885062678,124.1831265377403,157.53365417999296,170.9760218382485,135.96249577053626,133.5181288760641
26.604495257521528,144.695127248491,124.8481927827358,179.10792441354334,130.90776048565124,127.42830949103349,39.48959103220973,129.45900182077165,163.1921502079788,171.05335387968495,127.9207910028343,126.99670946548721
24.826189016650787,148.85572948479202,128.58757829832294,178.80280502075271,118.3862481488972,115.32321197703178,34.59250790091865,136.53680696613168,157.2558299553819,171.03105256121168,120.56224912340984,118.9241407186123
22.98619273687963,151.1696362310018,124.06132804573338,179.31679033893585,120.46685732261595,116.68516240818211,31.67628858619306,140.73166696399926,156.28666480761098,171.10927626550816,116.57134236885368,114.53515650386943
22.53709356248507,150.7166680096961,125.32299432802202,178.74761546486155,115.17970841648628,112.26873981444032,28.49451101923256,145.19362870191497,154.43807728916718,170.5671392568519,121.158947498907,118.33559178792491
23.699946220199298,146.55923719024952,126.14919141992375,178.79192006674327,123.6936921041035,121.21458119398542,30.300223410606456,141.21277853668786,153.291458975005,169.97156645620055,130.16084989397905,125.21985508628254
25.8201510299349,137.46573835487064,115.58054335346898,179.01076577481288,126.0558281258741,123.64228869031281,37.78247552726358,128.78664898752672,152.7108704251141,169.4944736234083,140.9007053872975,132.85180546509648
28.69415333951467,126.5134778768618,103.40001364035766,178.84801054688134,125.35366729354628,121.96562070420745,45.06693464850911,116.46801712108375,143.32207570432558,169.47697639154845,143.26079598317745,134.4803346713508
31.15881586138545,128.32073659788782,108.77852518149486,178.4656406320104,105.81541058624826,99.35113048768237,39.530329780273604,126.62021285983236,137.43818648444346,167.5799271436615,137.30378813012953,123.47384734928212
32.404763471854714,126.22898377867429,101.03859340377649,178.9217010974932,119.01063222568678,110.0660473936244,38.431551217396084,129.90704917047407,138.77390715029236,168.57933258521317,132.90652865568907,121.68530553642573
32.839176351157306,127.06000969537484,99.4611324290133,177.06955660465724,122.74837523226299,111.5616870609812,40.23859574692901,131.69435082494195,137.84196537020176,167.1402725327995,141.26559291247125,128.527249726382
36.8323950415296,130.25166156157044,117.43475476161636,171.0857257386682,108.83017732693085,95.61766760175031,45.22439651766252,129.0984817699353,147.5061571125256,162.73109876821647,124.89606213896484,111.72369471246377
34.12680885677615,132.51797700072134,124.76205794325129,178.3468053219929,124.9324614755164,107.53275396486873,42.324146266654886,131.36704326940168,145.0209475960152,167.77744481641318,137.39818592768427,119.69741957895727
35.82096797043218,132.69314394672756,126.91557212991832,179.7801868281068,111.13442453223706,89.81349454604872,44.31946158940851,129.93685615462468,141.4965218180784,168.35884186406003,131.94848204655497,106.8616095174477
35.599458960514085,132.17689000518712,119.46613027980749,177.63176141305632,114.67710096108823,92.72735316863226,44.017550128815095,132.01359056786345,135.34226816325497,167.80749190496186,141.24472987141814,121.34698216688962
33.75762170737675,135.70272824665392,122.2764623720301,178.15730894943488,126.03213193810687,103.5511052792694,42.34331846939199,134.05614472864568,133.33035720468402,169.34461694991896,144.15826419519584,119.01616723340295
36.146401138663485,135.10173744157672,136.500173587286,176.6235545402807,114.67643087653016,90.26779933634711,46.36213831943543,131.07265232896046,136.41734526574552,166.71202016410987,133.60206740978012,98.5216997321983
42.7411653278495,142.58686782324642,132.6441756337102,163.51151295404844,91.81993638106692,71.85525181819419,53.03728835844512,138.76033821505013,138.02357701219876,163.90114332021918,103.08437919049796,72.48125212613687
38.791198748852864,139.56235527720213,123.0574263951235,167.9276851213871,93.95066953812083,76.09875703841153,50.49548130808225,137.94296322972707,139.40038413245938,167.98460056341304,107.38224694734733,72.47786941567078
48.12971159445837,143.10478389189626,127.39026240558528,156.42196621870968,80.6808704674703,63.730358330785734,64.10557453367171,140.60691175031656,137.44011031090213,160.8845906579662,88.79490620738117,53.29536503224377
44.295035819867145,141.69793419001053,128.8955556633285,161.25030329790587,82.31480222393047,66.31490093387603,62.70226266529415,137.26944927369854,134.8779668883682,161.99953452791587,83.46307808125493,50.764718197838924
43.414968167108604,143.96134889395017,144.3463102481801,177.63942835854374,91.66933028859336,59.671776487249254,61.21283540519686,142.30738350342665,146.41389353472965,166.76212782965325,95.37765479892134,56.436385837852775
45.3413588418176,147.9258594262,144.64273691928125,177.57336399129187,104.72937050842931,67.81763005998366,62.43172156604839,142.85993757733516,144.60707173638832,167.62244806159825,102.85267287874191,61.903684353174775
50.26139345596119,154.04242492721195,153.34229258871957,175.33070686775613,92.5790784193614,58.71417481903366,68.39390807892963,150.10804886086663,155.74117471262582,164.85442398239118,101.69396283239847,57.953149359394615
58.10792995991375,154.0657662621329,159.9270526203765,178.35159039588237,92.98788647502364,46.76414815122246,74.23643294191542,151.13598212386415,160.32532854311523,161.81737927796212,93.30696641715875,48.634786193248345
60.24073521670106,142.99860554163925,169.7151722032152,171.23690046003162,93.43601352106707,44.18387992148839,67.9974022035558,146.395381086338,172.419810180413,167.2579889429485,90.99392366777116,46.3886332514652
59.659041122330116,133.59864702162577,168.70819238346638,154.5031837779409,105.33312953302324,48.816566488249435,65.35356880409809,138.1763739808692,174.3287998619958,167.40354143556382,94.89750848028237,48.156352326913435
59.955232905345845,134.46892297086166,167.52939222472756,141.25068746816896,121.44611318339106,53.332886487852484,64.95799653183848,138.65284383686068,168.9602382735215,161.2842656802448,105.47777851689563,53.33421399671278
61.15909287306876,140.64417196763654,172.7536564797594,143.14744606564994,113.64991684755817,46.6935496286959,67.41520106987429,144.19055316725337,88.57170211408099,162.85427109133292,100.38710907720267,47.46151364014812
68.73381513757607,143.80994713439227,172.5819853734216,133.3588480975973,122.46720662808981,42.346231044985174,76.81644040559954,139.97909778785655,175.8882879826996,160.67127975287616,101.51829289160794,43.22547234818578
93.68080070129669,136.04857113456714,171.77155595884574,134.6600466771626,125.7465781191038,35.05980399567683,99.58598507572565,139.7479580143137,160.74653076748274,168.2093946994318,100.30190557549626,35.853026459520976
106.69603888194487,153.23757495965003,171.5381354999331,151.23829821304037,132.1666067513638,33.9581748523704,119.41956520828909,145.8957497528716,169.56918717099967,168.93207492593544,109.84125942744312,34.66491863461347
146.0017735450858,155.27711294486312,170.70177974032154,168.87042798114945,134.80464591051705,33.573580320569555,153.2302531330574,148.58311230411474,163.76590989543234,139.4778352441909,116.02345445606521,33.8382686761294
159.24953417641004,158.88488394273307,167.00567151127362,165.97039921443368,145.59812173352006,31.009286013393016,159.2589630846302,155.21150470121054,159.11065036847626,156.92454308106971,138.8617138700271,32.2651625364737
160.30830315007069,156.07434823576443,165.14879804753892,160.8542565934738,146.8942072166548,28.46046241908385,163.04774529906985,157.6473195471602,158.04156053553402,155.06854022546395,142.7152912609717,29.49373567237208
166.78397556638646,165.14863904486896,171.59249471926591,152.53652516928994,139.4228701783981,28.599033922700738,169.90189270870457,164.55588972921421,156.28095498718812,146.52807371385526,135.53751391730037,29.06464834908555
169.2674955866787,167.69827941386973,170.95533021956473,148.9139091280727,140.18144544321538,29.07615302086829,172.61011527801355,166.40888473290556,154.2424406744904,141.37894123201926,134.24361265649623,28.860815610476404
171.21417508949787,171.28887244122348,170.4405757430255,141.48920824942064,133.0670873061424,27.935269580897423,174.38891984210565,170.57142556646926,160.6132545808196,140.36392582477183,131.38241027632915,28.38251975543153
168.90028732195734,172.33214507756517,167.74092593599187,138.92160705823457,134.00364122272717,27.97896854806295,174.41660903802568,167.92381958001386,157.83049045819823,137.9816327621283,133.45045174904521,29.013579208104126
168.7737699366668,173.23155227410544,164.49154531891563,136.0848706118786,135.76234563268721,28.888235034772986,173.91579088908637,167.94818216566952,159.03974919888387,137.8759150455194,136.1768421072265,29.488183861712375
174.0699861005491,176.15284062217302,169.66518237699776,139.50873205213477,140.87691741167177,31.095166700129656,175.04313671784826,165.9986880870444,157.0686105050241,137.22303148464613,136.04391240602754,30.254908206239854
171.19220108985724,175.21666283335293,165.28808186448524,144.3476401070475,143.8353726859094,31.37939730228079,175.60816145341434,166.6191427120103,157.38996628187817,144.3050805717275,142.18934355589747,31.165779464386926
168.52890370464746,174.31252028818227,160.33291468524408,144.05006017139337,144.06406543647066,31.774481595204293,174.84926168634098,169.0615184859382,158.79364629225464,143.96098975376327,141.62043403077408,31.739330360154263
170.6287697792999,173.8007165164494,162.38955484406583,147.7345589126179,146.53237342855837,30.778190034204155,174.6265930253641,170.18415147593208,159.10261627920693,149.68681212981932,146.60090169913116,32.159353008881276
169.76247250734153,174.67604329868166,162.90915861918918,151.26164620497525,149.28165153789857,31.905106124361673,175.46651332357695,170.73043757663655,160.65068709727367,154.57098958214894,152.76935372214228,34.235985565188834
164.71748825637906,177.75490412938896,158.40601657030103,150.02206743428346,148.49846772894125,33.79495684644936,173.6302019672501,166.30768348297102,153.6555364658938,150.65711930317372,148.17060023822626,33.98002104421731
166.75414814341266,174.40963247556695,157.4816069692265,147.76494910573126,145.2906085692852,32.457508879902136,174.89101123823065,167.00655416739562,156.66339724643424,145.84143430101332,144.30428096867132,33.57088627327131
161.6115066878229,178.1639235587771,154.42397941232718,153.887674400989,151.00123518113128,33.59818299429961,167.99518478390536,169.15855367506555,151.6292554249567,149.17408405998134,147.73813860938296,34.122281548562704
161.4232451679313,178.3875939322506,155.11561023853199,154.1171529778327,151.8670976575863,33.995017769913005,169.8685467665042,166.0072476585317,149.75278961172643,148.72893142895754,148.021556166188,34.33262383588988
166.43931371110622,173.79331927726716,157.2546653307361,149.89904792844646,151.3029735663236,33.71607979250305,166.8494091320413,162.89458021694,144.78699272524395,146.74731799211392,147.6613002292937,35.006682245328044
167.62053788685833,172.43416777819996,157.13523739792367,149.07976762218658,150.45000673923462,32.91277266698207,167.17095440160963,164.9875559428435,146.5297846084645,147.95249375134176,148.3250293003454,33.9706682490127
169.02668716956634,172.70691373152798,158.77017679904833,146.86094859403212,149.744728958706,32.4163962563254,167.41952332821847,169.56640722758627,151.19556753543137,147.63142995565448,149.67796793961432,33.84620446071335
167.9029759610332,172.03822530939075,156.9974242011223,146.71052241484605,149.93410811456206,32.41394105012015,167.0905405683947,168.9631369356619,150.19774019161665,148.71570886785003,151.0609774974138,33.80529629752262
167.19834858831913,171.27495624445555,155.99335614189533,146.32123763273265,151.32667354976326,33.80908459352135,165.75863930632812,171.28091838915674,151.1916692923096,148.78043878407735,151.89964379987077,34.166940340796664
167.4669163510379,173.08912632969748,157.66899881705055,142.78997257175737,149.0154776374423,35.11263219089663,166.2266438893359,171.06677031190182,151.5594529382743,147.81103795832826,151.75698152970858,34.8591599112407
167.22076160652352,174.29463398766563,158.43688965858266,143.32876502993443,149.06213323927153,34.58570566360742,165.28860297789652,171.27984917706235,150.99714202258343,147.69756844697932,151.65046585256061,34.453499632850786
168.11946362092397,173.08035020836118,158.83302057469135,141.52635460084673,147.88253335836515,34.04014461085109,165.73666309544151,169.69940939244185,150.53982838641605,146.0632247281923,150.79193787062866,34.341650334936716
166.51304178355852,173.67706268687718,158.4368825879249,139.7355186890679,146.55665777022753,34.20029598763995,167.06971944630143,166.2939157354563,149.50322466263114,137.8863253075109,143.93673882548254,34.21892572903376
165.67583390781044,174.72132960116642,158.63485251037676,134.1833337403384,141.7270227686272,35.66053537394636,166.44287376867305,167.67675746385035,149.60526656802358,136.3371571688912,143.05819354608073,35.80968585607881
166.47463359473724,174.8196989667622,160.535491122335,131.87662563195013,139.67565571910941,36.38803983030812,166.67941655565312,168.65108823019298,150.20399201777582,136.51112822565347,142.98246890216473,36.080571932156126
166.660783432253,174.64066757080087,160.107959209477,139.05412961018484,145.4253390875034,34.100563320528586,166.6371251969659,168.02588620940608,150.6382813933779,138.17456628494816,143.7850387689825,34.8046854968122
166.95028272281374,174.7296684264055,159.9089184278509,140.46168680191653,143.23258741427986,32.837528854560006,168.42392555193712,165.15392780859685,149.74649312556335,137.80637033001767,140.08788624883147,33.58250974554826
167.47159148005866,175.23448524848504,160.1818832520991,139.20638200414385,140.52799309191656,32.188588108969554,169.41934917021803,163.7827750411281,150.42719436747075,135.19683681649937,136.05596753151548,33.1496346629257
168.13922274079331,174.53653572229825,160.46137327375553,109.82828685117033,111.26821624402575,31.672291955106196,168.327207293993,162.6845533229993,150.1809241228963,129.67937561630998,129.15963206624647,32.29327887579944
168.15337200554143,171.7539696265082,157.92799916774686,119.78713213522362,119.26909802537821,31.166334432627313,165.2974821597284,161.28561368715046,146.62498167841588,132.76324739933995,130.14573928673065,32.74864120884335
168.17678010949126,170.10104429300938,155.71996478834797,124.59819660280944,117.8987739611706,31.043985154687324,164.64122618007633,163.60386068796066,148.418652478094,132.64397615296153,127.31942110765021,32.96611530745969
165.76038670944817,168.04107215717042,152.50733913029217,148.8288103539921,136.96885239773104,32.39714847521975,162.9663939459052,160.81409358224784,146.0546088228708,128.72633721168918,121.26615083819227,33.53729970765995
161.08087978961217,169.61259296124038,149.46160880962728,170.65001471847793,156.43485050986658,33.72121383440784,162.95974286176607,154.09897688363296,140.46635992311175,134.8019198152554,128.18187533981072,33.05723799026352
162.7625427600887,169.8325248988859,149.22106865471122,173.81856302983542,156.23996713979048,37.23238742617747,161.16554514687414,156.64544279357278,138.69336259340233,142.940570853548,134.39436898435721,39.617386429364636
164.00202848038077,169.57974093219562,150.20845856729818,171.44440781070622,152.31697110994708,39.27455556091163,158.50403581989056,159.4270358016239,137.3749867578295,133.65525470847206,122.93924482183611,45.73687294872064
162.026814789533,172.34239555382098,151.88387307603062,174.88213826215272,159.31521301828153,43.01637306655142,163.7771331599015,160.64519956661974,143.73247168342635,126.27748488427942,117.37903870232603,37.60781385595189
160.58265503931614,175.42696996677708,154.07461288240705,175.08548805680255,164.30017300366885,40.463177300448294,163.43073392333508,158.94946617998974,144.77089022878457,153.32873907870467,147.75687466902005,40.57349919071731
161.11207983965338,175.32647610919997,153.87610829681645,174.6279699042148,164.52509362810548,41.7128098979158,163.69746011666732,160.21598020086125,144.74702698817526,153.3266397973473,148.27266804683717,42.48431995666373
161.68573721287578,174.5847855075664,153.7155595082872,174.59648944829382,162.09814445985347,40.854340527348015,164.05818904539694,160.53993299516446,144.69239274221206,149.9049225494228,145.42993983408854,38.88451516291652
162.28079030849432,173.88687286833652,154.14786524944859,175.1624114739912,164.97786487214358,36.801747186582666,164.63046397760198,163.18552380220282,148.09407761446104,147.94063390980398,144.280012195839,34.283660941659946
165.30376673798816,168.05328313056734,152.85287951021309,175.919898132352,167.54730934084157,37.255601842031716,163.93094756835563,163.94573617655175,147.77236529171256,137.31968041712366,136.48764266141723,37.2850053598204
161.66171843415347,166.39074213456234,150.5208758995015,176.40954469823623,171.05973896314424,34.21646066963804,166.17331851521013,156.444494126826,144.97151103536294,121.60879253280955,123.63333838528155,34.885131669411344
157.9508261113366,171.65346025685784,152.96596039452555,176.9230521460696,174.38766690679986,34.144532821303656,169.23827090478457,152.35474350004756,145.46589941598916,126.53794646684564,132.669449280428,33.524407934780676
158.65852243029062,172.8617873020976,153.26178909435947,174.96653448785395,174.22635788759405,33.91926150721378,170.60806515009668,147.3240634545614,141.88174632409152,136.25914624746767,142.9130825889066,34.26797079667279
159.64132850221566,172.78771890943275,152.40186712452024,172.4872870751877,173.05313113283154,37.20739690899995,169.94488416602047,148.91230173473886,142.42072341956333,138.72975667602853,144.45425121510107,34.788113568940354
156.92708352118373,179.25927781222694,153.84832737169688,159.96906936517044,156.84868147789194,34.649842549523925,174.24685267534983,124.03706450288713,124.0789576627938,140.42424984890368,143.8349178140893,32.053244945103586
