left_shoulder,left_elbow,left_wrist,left_hip,left_knee,left_ankle,right_shoulder,right_elbow,right_wrist,right_hip,right_knee,right_ankle,torso_angle
9.940041353886352,98.38084324628613,105.79875546086073,119.52529199938442,113.43432965462279,117.82271469840072,9.68446088656268,155.42758934567334,108.73905360392722,179.18311615431205,98.12174605132186,90.67222146823569,10.152182400739548
6.1651867580192,101.27201819693863,147.62250317050922,95.67096419036459,90.56235204958291,121.09723633800186,12.086600559481772,129.80691639381396,118.01673143928446,174.3620795251519,86.87663686421067,85.52638439949756,12.310392863104553
4.753550767321462,104.1540923938099,156.5500892092222,94.69625624264832,90.96331267227063,120.95568662194655,9.760158472102926,129.90529387701696,139.2069913459224,174.02893469310695,84.63240530302846,84.62929752924781,13.287527490943933
5.43943932797032,101.69547854564802,158.644954453958,98.2509278783207,94.4656917388049,120.25960654010558,6.611723822607789,121.59312991216942,145.41178390288422,174.13095713260566,88.47983864919784,86.8925546327256,13.818147125872398
6.254631802506773,103.31533179835493,150.9606768810003,125.01123473140873,132.63920484040693,129.99703059368227,3.5676551736849005,124.93890746487251,142.1484992578511,175.73085503366048,93.99837650617206,92.70354913188902,13.893718556423915
5.731033670108934,102.11657055391599,141.0574706049487,129.7741237811017,140.2342584946479,131.28410257637654,1.1701197988960343,117.6168011268759,150.17278117306503,177.70100686999774,97.77445004428174,92.96502592392484,13.760047275978748
4.522263604735283,104.19650769732937,155.22347052606546,130.39954864404453,141.91329552672406,131.9320408757264,0.08601275876707593,117.02916191915095,155.5795469701174,177.6747278521142,101.1662825098554,94.96350428270364,13.931120799852248
2.7635069546196567,106.78786043365385,153.62997771403843,156.93537877723438,134.78039247051638,126.79348316246832,0.276106091268998,115.04802448544116,159.21546710112764,156.7751295785453,135.04070690963604,128.71072265923826,13.763786482660441
5.098759953721791,114.76367879646298,139.2389168769366,127.19518816002588,116.4969506650993,121.76363492292478,1.3863774813965646,121.69420813874501,148.90757504360846,174.77408865781052,121.78905468717132,114.18224945496138,13.629291647387712
4.850216612198886,105.65205292239094,156.4400765680039,128.58905636097955,127.00387732656552,128.21025293420215,1.0260707299461405,122.48197024255869,166.54339422869575,176.49141491082685,121.23891108306617,108.95374691929491,13.811700237135463
4.249502336310428,109.71075378676916,157.5642107324614,130.80411513145248,132.49531818887147,131.1994350948318,0.3853935358999806,129.0761815884679,157.0004597908054,178.954094731264,127.91467875149095,114.46549975013768,13.102538149047037
4.250938328428152,119.68507920029418,152.1711807290906,134.34192486314234,136.42901211659685,132.38167385403622,2.034461206454802,132.51811274509467,150.23841702914729,178.67767500614988,134.90459292936396,121.35204878659276,12.423007267225389
4.793190628730558,128.45085425216442,149.10989464621025,139.07542568686833,143.01223348714927,132.64250129689944,2.692356291350329,141.056662836343,151.91395385322016,178.03419761517293,139.09612192511855,124.78017446809648,12.015909054295008
3.6658255965108366,136.0991218204029,153.59508952880535,145.33542179528354,153.01846336953452,133.1468868728793,3.8843664169843444,146.40782799322554,147.8867843999806,177.10655447717977,144.13233660416378,130.40190565298712,12.059503484327585
2.8815268793992512,146.03715566971738,169.54309569879965,149.98600362198476,160.46818731693799,128.6697096843059,2.974404346697444,142.33663998028078,139.71663076432375,176.53457029892846,149.1421584544944,135.75202481323458,11.831808459394756
4.883776468497911,151.499818592458,178.03606097416133,154.82899863275642,165.55105694966753,122.89666882215452,1.070379721277076,137.10204559135053,150.1563667036287,175.65593954624734,155.1091654813239,125.80314167265776,11.16447284360688
5.6335404842178916,156.0904317660955,176.82456937602086,158.8171741677155,171.67239199082857,115.18216611956049,2.906615945734164,144.74871804214473,138.6151373626222,173.92000680502252,159.11293817498412,119.16434820545463,11.014061305986553
5.4780136180660275,161.38958689126696,179.30041360996512,162.5226070157737,176.46237352577666,113.8320828706471,1.2613846276290877,157.26551361929708,145.82062612779387,174.0075147360328,164.29568249512224,121.09367424294862,9.97102770797085
5.490715775451287,164.86485100590087,178.12438383492668,163.21349875712315,178.53850484842494,109.29290595292028,4.5287033951507,142.07034008580698,157.96422885923255,174.45639097245373,166.05920044527133,123.0331039083092,9.410061839761088
5.648111137112891,165.952161360267,176.66197124970827,163.35660455605628,178.98902679630586,104.06395419418597,3.9380324799418953,139.3965888073127,153.47783248534495,175.5299488589851,167.39430694581398,125.44562680201282,8.656668261566644
5.7763047900878535,165.66513636572415,176.79054056710626,163.92041997147098,179.18630785128144,96.76479487457381,0.695048396144711,154.51271567391925,168.44137392112808,176.44341851392383,168.97414921084177,126.74443303550392,8.156874389011323
6.358024346052209,163.2867101830029,177.1493748318453,163.8856110118209,179.5246860561794,90.09998025969651,1.359794579493739,160.61414113851174,170.7899095677518,175.76813347791165,169.7452976860226,127.47532866577608,8.0402992474628
6.148522341211429,160.23617763694463,178.53149608702404,162.8018114785109,179.2780171817204,93.0859094126856,3.6708511617817563,159.42005319592135,179.26027107666573,174.416370050854,169.34225693325143,126.64206197505017,8.425035051270552
5.783103907758343,157.66590763392125,179.50199650112782,163.9535507748552,177.479192603645,94.36801478282804,3.610690264494026,160.34496822202934,169.18327052722483,176.3008921148503,169.23316607820456,123.66459327031225,7.455230863961157
5.971075980596614,156.04878994122436,179.78124514388372,164.4259660472326,172.34894097595736,102.55221937889189,1.0021295392849816,158.55945874247175,173.80410921648792,176.0944281083207,168.57834792742548,132.09241589259122,6.871490530346518
5.963334441561578,153.57710186765655,176.07208625876797,166.07724420456591,159.60616210485557,99.52885948608085,0.7808036898239559,158.04955336320904,169.0044526743513,176.46513548988676,168.1198391650103,126.95766492532961,6.182792916709029
6.247773341666053,150.37428108902012,172.5677551563103,168.1394780665429,152.72601932543867,113.81527510976608,1.6259472009315008,158.36816590088503,163.10710072060994,176.1156442299927,175.42501382498818,144.4330231538464,5.264246843183381
7.057227932894087,145.35391664726043,172.76287750241184,168.82469705543178,153.54013277953078,124.11159655696653,0.7004437705955076,158.0855479727626,163.3209889641225,176.50419777033903,177.92203236234707,152.08761077759797,5.187934487259143
7.2321437539585,141.6548542621215,176.49628614324655,171.12646796369512,154.02004578167615,130.34217787380646,0.17337732340510062,158.49356886027644,157.68231592651705,178.36476684701339,176.5276255600079,143.28667042725604,4.896906572681232
6.01133567713812,138.73733837517827,164.8716440547434,175.74224881310607,160.63476932927165,130.25151371156426,0.08772376609336356,162.60548542836415,147.70430744966126,179.3720478286544,173.0845556944242,135.75561125579276,4.401418639723742
4.947403674574002,139.04998150509797,159.90632353439145,177.19997457551247,162.78189224744474,126.62829071531819,0.5564532061586647,161.74512353623643,166.26021876585372,179.7287335018306,172.19412783762402,132.3286577635003,4.2442036858141075
4.315037866616364,137.77050361020798,158.63361108036403,177.70047356632475,164.81906599683126,124.41373123417301,0.9560034205043779,159.05345346565935,170.16468368227922,179.5805899742513,171.2835702238385,130.30815316328315,4.428875860911757
4.26024901375797,134.88776016277754,154.6627477671745,176.12811968972795,163.8122935738303,127.13274376966018,2.0169010791115207,161.76588200668238,171.18032287055198,175.9411801164181,163.86287144033233,130.19456339820735,4.814239142306937
4.311893647011277,133.29284432852313,164.1282950460544,176.96938966543303,166.56692750810058,125.7693365540344,3.237586549496073,163.84849738074482,170.75115323523053,167.67793139594605,150.36790452517315,131.7522944985501,5.159816359120512
4.003560269611571,130.6393940830162,176.13649028839893,177.32057956519537,167.27805484723504,130.5271894952665,4.227799914242635,165.75097519911697,163.28768165066975,165.26206356575057,147.46694979228036,130.2492992687727,4.895723221144502
4.160102802278127,127.93421325643736,178.45816931458,178.27546187591008,168.3332233047601,132.11172184356005,5.047347126848221,165.98743059747335,165.16741315548924,162.1905922382262,148.26676607081558,126.63097940561381,4.711657671563988
4.317284547526655,124.36312569332185,173.3921005201268,176.8619458025223,167.4699315238335,130.6460291188826,7.268579292728327,161.84983205657386,160.51420122007883,159.1554244208882,151.50066801132698,127.57473979739311,5.593248736995933
5.2324983789405035,123.49396653278347,170.40576733089873,173.72300583321746,165.3881520250756,130.68464013683405,8.495859814567721,159.5868161980672,151.67616571340162,155.68683699827432,155.01322201833187,132.6245039343062,7.05070432857595
7.392129397307632,124.18725111922315,171.77558563672056,174.61482469413613,165.3511410441153,127.30555002185068,11.076228891451777,156.7135366550574,154.40888355817148,155.32115606452513,159.71806821103385,133.71297534166848,6.989453259611037
7.938072333857416,127.95788661023765,173.41598936912237,174.10256716257012,159.76032062115846,122.84657712565358,13.06718772135678,155.63165449961932,160.18331970939747,155.81868458057082,162.26782315133494,131.18324456694594,6.43981331963787
10.676427956608297,126.45587024754265,174.19569842004313,172.7241149688976,152.45354980724363,117.95563726047388,8.39571943617482,153.14112305985117,170.13260252059885,152.06183528852551,163.01509424837383,126.51807254530038,7.220748289588646
12.060582491560043,126.6432014432896,179.82048464319504,171.69263320174358,146.1026930061098,112.39883264981019,7.0209833622900115,145.5405336025764,168.82037178491254,149.5739329894537,158.8261603187088,126.37706121028977,7.4853156380193635
10.83711193035592,125.37970858361797,170.62530948409386,168.2346532917324,138.07406036212473,114.62847938891203,6.11358188734929,140.76008828240253,154.69037401524352,145.18202540720264,152.2283980500687,130.56392445943246,8.585685272757745
10.818364684801569,123.78071761956106,157.7900949339077,164.10173646806584,128.15315559030597,118.84035246181047,3.257429312555803,136.3043121887955,150.4368243092552,136.7372980565787,141.43798804738148,131.96142785951776,10.136494177373914
11.01388750191465,118.73259087067729,146.01460498440582,162.53830649648054,120.1568729872374,116.17450336441867,2.331956091970734,125.30818313304012,152.01419337679027,131.28195849539188,134.73080307294717,131.46591955122275,10.997021915289164
9.095130893589886,119.79309484130727,136.130531381112,159.95932326156932,111.81529827471962,113.23721529283695,0.17868303480429196,123.43958039230426,145.86156659084168,123.33325848569939,126.2257229482086,131.22120051517035,12.579514886331632
11.149335459862586,115.40348751510317,140.86742998633463,157.71611109150624,101.11609175597643,105.6104578706313,1.516092284254803,121.16933418577142,150.56273144446834,113.40595099868088,115.49540584392048,131.78504344502576,14.023242927433104
7.554590447146209,119.87320626646762,136.08095890008977,154.4462957734512,89.71976494390714,100.577595127495,1.6651969454788755,129.59101023817772,144.0900579409232,104.4051550250394,107.20570242730683,136.33240439626383,15.068584078811034
6.9673266962636236,127.05812540838663,172.8335030467565,152.84100471316574,79.7867460918709,94.60047195650905,4.742725832277496,143.2484030612194,147.24731563168112,89.5049474120142,93.51323918449205,136.09986513328914,16.3937599333106
6.814369552762465,131.02965118715647,177.94930961594815,152.8661857640483,72.318036816382,89.82988730182545,7.606869252839755,148.2542520798146,165.7347414156052,81.72926153533044,85.54940496373405,136.37068242322337,17.086248716033534
8.334854260878227,130.68978101116286,179.1931024771823,151.40116601563756,63.7292747142455,87.51092921876096,8.701983488350587,149.89514445671296,165.51153397579438,70.05473502163673,73.06984176555768,138.99353445718955,17.310462604154377
8.959050512368073,128.209554995946,175.857097836962,148.72012568244756,57.43121169492838,85.50101470521182,7.506189150097523,151.39084672162326,167.7214822729234,64.35039953701713,67.13752533674226,139.1004920739481,18.450072840995887
8.014441326343183,128.45647255525336,177.51376270302393,147.1038270736565,56.65235184227618,85.36192003968061,5.633514145532213,153.54927669104202,166.30547730804975,60.49762751726621,64.0402665242924,137.87177287569637,19.813618775928877
7.333668554351855,129.49350577312322,178.75073279688644,147.0140496284804,55.38144262338183,84.80142231962563,3.6687900235522943,150.1164108318918,164.39373119869563,59.54015246394048,63.866104748233894,138.22335314969231,20.060698079058255
7.803417306318161,129.87475203049982,178.4414766306596,146.6581857973281,56.572011322590846,86.57464395599573,7.302388868119129,154.76909371892205,166.29952859243562,59.363199720527184,64.25687252420146,138.0304021803445,20.161713358956188
8.285068694256513,130.0937304117067,176.75602229223614,146.97082598483215,61.79535265916075,89.67499204526746,6.32665821768244,160.1217112039658,172.08471479140704,65.5902040409525,70.37175332677157,138.57637553828937,20.00020771210613
8.185935635868011,131.99509366469925,177.4657255234922,148.64919651530997,65.37010299134641,91.05366533363735,5.913448735510892,160.10501380136245,171.44624517845577,70.01332344465982,75.2286346472031,138.10937018987184,19.185436708172904
5.593389947835979,136.97976324097155,176.18655056678136,149.7024369038271,75.13926556433111,96.68979091857744,6.088482477858782,160.0718859795008,169.87213574591652,70.29202496015583,75.95555104977095,137.22418174227226,18.609158669609034
6.221156380629982,139.8055451092653,175.68610567049387,151.14602310332427,85.13991431762729,101.54532080619704,6.697184735953462,151.84143185612797,164.95206836554365,80.7895953621913,87.00467670860967,136.50233627815254,18.106584721770165
7.079833500999924,140.51538260351586,173.36276931190085,153.03103246517622,93.43630557516272,104.67774185772437,4.177332513283481,149.7161457451109,154.9819101738172,96.6687683691383,102.2255736369847,137.6971781743131,16.75523281546371
7.922727549063125,141.06098236491286,175.52634822661648,155.70990502247994,102.59806104135637,109.24104445416027,0.23216297708499706,139.59714664121995,161.85606241751128,112.40548110097565,118.62147258581595,138.19976384994035,15.321822542640202
9.395077920485601,138.21302925704254,177.09871445293734,157.0981464211587,111.10863059201252,113.40879652271863,2.077182382388843,132.68195658246646,146.30076454103659,120.41180313939279,127.11606744329869,138.75438553258817,14.072095223209866
9.355729768859172,137.54298733182816,177.48855985330667,158.24897929426996,117.94328359859746,116.40389132793351,8.457060219338448,148.23501259642856,176.28118570536114,128.37281626500013,135.50552732594392,138.0097389676745,12.674221598840104
8.345554698739031,142.42696032541846,175.67711964709827,162.01439307763056,125.52509999788312,115.766660695712,8.832834605523338,157.96401303183262,176.36728202665034,135.55322403910228,143.302543623344,137.28696492278425,11.254969704577388
7.791916996631351,143.18977766754074,178.35786494032232,163.25178591422917,133.43359996297195,117.80045858724198,12.50291410402219,157.92740645903373,165.14036962614733,140.91912858545544,151.2467114891689,138.0590369253544,10.580698030198318
8.795753790365152,143.31243186291672,179.89369250832013,166.90279677119594,140.67188371608214,118.83915346759484,9.115289985604102,161.56950269980925,169.73786084704045,148.61306851377358,162.04072303974172,131.5858178693154,9.060738786703219
7.953675546380039,141.69422728696784,179.44144268380742,166.36602648856572,146.53386467785242,124.715911071676,8.437723165766927,160.0106503901637,174.66216069707227,150.16113268940958,168.90538040369495,125.35095505415283,9.385586028801464
8.977146943781792,138.67162201365588,176.43724445071183,170.84757526491725,153.7197499763675,122.58769863222851,9.241953711334867,162.6055465769191,179.55283641288239,155.4949467666836,173.73614825785788,109.2848012438695,8.266264408085663
7.817803140881795,140.0978340396474,177.05850608893874,173.4786736462275,160.7124933634082,125.74146588531201,9.080216989960178,166.19635515098753,169.86002644002494,159.7118800744005,177.26162576771577,111.47009188314043,7.561037959687381
8.750360122742153,137.59807698582523,174.5551559131461,174.51701905060483,163.1229562526664,126.26005818337237,7.2465158020502916,168.97672812757693,167.08700357544427,160.97596997816805,174.1159218653185,113.34635204190545,7.054041820286525
8.237509323879832,137.64952625355198,175.27885706536924,175.28278205461507,165.84551371598698,126.22365751246402,7.525138521840487,168.2556921978476,168.57452107011733,162.99689261654802,170.66377489959183,115.15470524036576,6.744072238738085
8.90881971932184,136.83053698472636,176.12485316001596,176.86860221904536,168.3681092419011,126.44433427915722,6.852299870263565,168.50169693843745,166.81701795155516,164.65651316464783,164.73804841673478,112.84433948254286,6.026478566267389
8.579178498378498,137.65678451720802,177.07514751131617,177.454701922179,170.27437573096194,126.84941136826379,6.535560913013047,166.2185436302083,172.0926177089219,165.92075926500826,160.8173014269514,124.63782129426427,5.808377120265325
8.187836457625664,138.62593493223096,176.86419422417964,177.41556526153812,170.8956802888894,128.41118153910853,5.3615114875559255,167.89640261611189,163.89564331711887,166.97378428096184,156.48861232296028,130.08035647321452,5.512306713245416
8.037170562878948,137.71917648405463,177.52956558047,174.84187020663498,168.38329312765148,126.88793457289079,4.895093600830472,165.59717456749132,167.06488261534716,168.59380243857925,155.74971411006658,130.680813801345,5.792790699495257
9.233789753366475,138.32703766098433,170.4685617081183,175.91693269355142,167.79174867154356,127.69170332716855,4.974628081671928,162.29763067645132,169.05716859169573,173.75375562610552,161.51329960495136,131.33746556155089,5.08348068281029
10.459041392094639,138.8772100502496,175.2817377512745,176.11333925208487,166.174687944921,127.6155242974623,3.589044789333111,160.12796608567336,167.80666524944775,177.25399542245412,164.35972643977468,131.60552609783258,4.47249070905069
10.335229424848517,142.25835345740734,179.06550747926545,177.3041822397045,167.9319827144031,129.3021348068929,3.1362818592475223,159.62131803336558,167.98476231617855,177.98525565409759,163.7055538823593,143.8043178006718,4.115885261805591
11.544863151772976,143.77465098272444,176.61734376584877,178.36415262097367,168.16264508442447,128.3169855868656,1.7988522312620914,160.04909601894076,165.11578377451212,179.0384223855832,166.2056850436264,141.60031188320582,3.9965347184104965
12.32944864100722,145.19042765269973,176.97546564589433,178.4580803227564,167.20969147197744,125.85774401246316,0.4946658731497532,161.6614347242505,160.5480667788834,179.22548497146843,166.56261339373464,132.55272035397368,3.823224955875334
11.949116743648686,148.30634831567232,179.0244126680135,178.47324059155684,165.77122321072085,127.9853586673542,0.940893449289788,158.49694960054435,162.31578819414685,179.74966483647128,168.29734851161385,132.0778809694409,3.5789899434344203
11.867845859528968,151.14554223441897,179.09357200299718,175.5853690057228,159.51619626851382,127.88646139759622,0.6497871880671737,157.61213458859436,160.10274378159966,178.87959335890736,167.44656990056333,131.88358238171162,3.5925738922313286
11.87171560714081,152.4421521864402,179.29998344599935,171.2641326172927,152.1663816998797,130.969203648858,0.9071574840796032,159.43827274054735,164.04401836832955,177.708152135659,165.85717155083412,131.44400121774277,3.7352498301686006
12.470350199895629,153.02303807728094,178.0237410647255,167.16835685438028,145.0397626493396,127.28424312243419,2.3068824354243724,158.0670559593513,165.54483581147994,177.02802234240264,166.02218139479976,133.42145801548577,3.792376517280221
13.311717368637806,153.19661660066862,177.9193311220557,163.7774198104312,139.71740643652558,122.78732024285833,2.4551400431727486,158.664327783262,164.9145310244098,176.64212911830546,166.2155879660685,130.51273521136454,3.947221094079836
14.12530191555567,153.49937133049852,175.85434427285387,167.72378221948182,142.94249075140212,125.17299984621599,1.3826345757048064,162.39163523903622,165.88316238515563,171.09732150470245,169.8478393163288,138.4011631415262,4.259702327597511
16.163912966289956,150.19178382383203,177.0829970567843,176.97922084194977,158.3958481484332,128.63049035719487,1.4988259183777362,163.71375953319162,169.8832181870161,166.43726497864614,166.91521123574995,132.55021339667437,4.270290797961184
17.213194629022166,150.08515399419454,176.4252156807422,162.06881446343883,162.13520778144954,130.66471713145526,3.6314002844450175,162.56854641096,174.3906625623909,174.4526334255384,160.35313533555671,120.86558340693297,4.937585883293591
17.685185720179685,153.0036930960643,171.75864754052554,160.11581357271064,164.12461301641864,123.12832727100599,4.313165169630282,164.22323999167403,174.22419406332983,179.68164880911831,169.21127981903862,130.7233237693129,5.1199197087689186
18.646868969134676,150.37375455483746,177.0012218178323,159.403046329226,168.49819851824634,123.61637889506383,5.376745929130946,162.89723878459765,174.59232578085087,178.88804009239266,170.51091010492675,129.72298738484005,6.010957724430856
18.054863560529657,148.22324314653244,177.59242600602474,158.26605246120408,169.88919118142425,118.46618811926288,3.1941431744403244,164.73213780620205,171.56217844067578,178.76071329604167,170.31792068260592,129.09399071945583,6.6813188323090165
15.738778772479524,146.55947625247842,177.28436604051262,155.76374459882825,168.84703521079692,119.32919415948342,3.500047751438703,163.86837185904284,169.9315288373942,178.67028375888054,169.21195543239432,127.5710764884708,7.428943048335991
14.249456492902338,146.5623997344748,179.12345484830604,152.41622591824427,165.66674861236447,124.25698246507412,4.339793745277469,158.8792092239289,171.19208628803952,179.1956637681207,166.976289903988,124.91956934712967,8.367385644970016
14.123496543134957,142.82780117764298,179.74467707201353,148.24492635157193,159.5486110888558,130.95607173986429,4.109490897322691,154.07147796053087,172.76688560539574,175.21217145561772,154.2159909657896,120.62424616090836,9.437269280711083
13.082034369036517,138.9515284182279,170.56180396260916,143.56750882672867,154.08862123904785,130.8032584385749,6.062138677856747,149.03132727712955,165.35520722423843,172.52209904961205,144.94817112229742,115.01729787439,10.628112935126147
10.582798786683712,137.34141789956197,173.48726019200893,137.65360918291393,146.96464516801205,129.2090598918116,5.835849860525378,144.76672867548834,170.71855606077156,171.6211984627096,139.93782498574095,114.7218224182443,11.455821710760619
9.46143927948193,134.4549625002012,170.13370051362247,132.591934312928,139.8118523535511,125.97306581635216,4.221206920366041,149.2373206557475,167.21132412355533,169.26551084853529,130.90891207855225,111.35577005909438,12.58112491088404
3.2073877209743284,135.49324888711004,143.11452700505072,125.54343382715012,133.02351856300453,127.31183415759114,2.2134853838963573,143.38178099581248,161.80593368678402,167.11650833061003,125.05133202149187,112.31378739441966,14.655856360107514
2.5442043601601463,131.97711229759514,145.41427955956073,118.40572209125858,124.69157183777654,123.90553570123218,1.4406704144432658,132.4258541407828,150.3758235376757,161.2523064687541,112.95255324319984,109.53709210085451,16.403270058694208
1.9544339455930897,132.36448210402003,159.27432865569816,111.01777433966406,117.09605528293855,124.87576812080113,1.6751740372661195,130.51783750953888,139.65464109880546,159.33897233676677,103.5693636880936,103.4191765531826,17.417146977958026
4.153926997551583,129.47982617150547,157.56676561490295,107.32023382455014,112.32269352389962,125.39938187296838,2.9657776093263464,130.03330593815377,139.823227724656,158.47038518738069,97.3025656935969,101.32477631228957,17.957687821846935
3.233860281152291,130.14102184501084,169.7619555518672,100.25799901169006,107.05649711726619,126.50854903625184,0.7388889258332207,128.7517185047422,129.08409523299756,157.63646848617026,92.17847197483337,102.18348012414565,19.38207182752884
2.5225926294432197,133.29277745104616,170.77974121875414,140.85668162333076,98.21302782529783,121.77424427906504,0.597137846650326,126.41055150059462,145.99907042740082,132.62667388225356,128.23234611159467,107.94121616570717,20.770512048349268
3.8336638487740333,131.98198902119543,173.91317495742445,146.70253709581715,91.54429856889696,109.891197043649,1.7918580961116906,127.79676369598934,149.85233914123484,129.49456746598756,131.3625676368053,141.25975913241476,21.218352024476182
3.8838923881905183,134.16297722502634,179.30948608387078,154.95781752347605,67.91489676723353,79.1926033975092,9.677428634518353,140.30748052118707,136.93663218620858,94.9055261106022,101.01121268198887,134.075819172582,20.537317087336692
3.5211339727917284,135.83382446185954,179.70333816894475,129.00694940921264,98.32394859366785,129.2682163483083,9.375113444908745,131.8178809330819,157.31365814806153,152.3114703122338,84.68837097842287,100.22570369164531,20.86494273776981
4.623486771112583,136.39213237751616,173.9878362750621,150.86256462846666,72.74441261128467,87.13632918413566,6.747806566079441,134.70249669723765,165.45622464921323,106.57532015008992,104.67857416635708,143.45673781433823,21.02838200642646
5.397763427746071,135.57824165595503,176.25848412065758,154.66654296155883,73.9676942245177,82.43858734305248,5.443465355543679,132.19522275157811,178.32400952827703,93.01671531359891,99.242653864412,133.81620223408106,21.12128012744173
5.235881605970469,139.68754289853013,177.4086640301908,155.5715197318661,80.00389551319608,86.4037239126662,4.123303416037895,134.32287733158614,175.41105549196644,92.34895200950466,99.6595978859261,132.11758289107664,20.87759390043396
4.540842664457328,143.25152053170945,178.9871640211438,155.68463206502307,88.22408208152122,89.35272231087622,3.676418951806179,135.4435099198278,171.15369700186275,96.23298706583233,104.99455989381944,131.98204932584613,20.74651111573051
7.6443622733352115,141.69933349040383,178.49935450135504,155.92316975158494,93.44853058869954,88.16998190252279,1.5435122278166389,133.28630366773206,164.19037233599298,103.62530593644574,110.43566355265013,116.93314738033757,21.266679712006322
8.374575160424106,143.23933831958817,178.0378684895631,115.15802582064276,125.55751412513332,130.63081953112044,1.2626398163386336,133.13806243828896,174.83175233221937,161.91275502612277,122.62727503471456,113.70305365905203,20.895319441166567
9.348055838715709,146.27392915289252,178.3282948235783,142.30950508163497,163.5749463203826,163.13692690113203,0.5522186130711245,133.41089658697786,166.60874222940473,151.02454729848233,137.66622948917336,142.88380342108277,19.799747262715915
8.452021260445024,148.66144507010625,178.26214594516492,142.7164158512877,165.77446728622735,146.04743502891307,0.9318818984217472,131.62442495759265,148.24094024104485,162.21721035699053,127.4040779308018,118.58211613491643,19.31794633690743
8.001457299188072,151.37074274810203,178.92076781318306,131.36344473784698,146.38907265883884,134.11028502655262,1.2174476531934189,138.3045957420069,148.3867025551401,164.88318119481386,132.79436247210563,118.42189267111982,18.789709109447173
8.522925320244005,152.52669633049237,178.53349328590755,135.2920442862737,148.85093320449076,132.04485812101638,1.3283364507823265,138.95475194363337,159.3773907706071,164.3273388907112,134.17330559359175,120.87732734113449,17.685418748724256
8.69661104170339,153.11785799844625,178.2169542020031,141.0904732411165,154.29602832300986,129.63942174704795,0.2277944054325171,134.61451660653614,160.8061740132171,166.7287606314161,140.72270783061416,120.77476515410495,15.912179521401118
9.910564760141886,153.74830076770056,177.39853163639992,143.0220321781594,155.5949233147995,131.2125474147883,0.46345320925515393,134.32520701269922,149.96360340067227,166.225838259326,143.68190648029827,120.59870672258302,14.616912696920688
12.29126697172715,153.46101760997968,173.64732440645716,149.0193847588153,162.298912288461,132.9317389762996,1.1849064763487414,138.32642749261737,152.89086793857825,168.7738696875982,149.76105664394646,122.14194420184114,12.977608048143212
11.657406220215819,155.1215470209161,173.03565036544137,153.30732033579886,168.92501171095807,135.84433335208246,1.4369462297167417,138.81739055275412,144.82061594750772,170.37042206550166,153.98032168454122,124.22364519756648,11.87509537897305
13.128149988597594,155.2547102347431,174.87915979690814,157.69519381892982,174.93593480870996,132.70580703329185,4.001626363938005,162.51462623120239,174.90588873696825,171.66176252963425,158.4884736281657,124.20748448047097,10.818911718441289
15.00936481313388,154.8143804084002,175.35148889247293,160.82448734466556,178.52098898994052,124.75849865941017,1.3452445183187167,143.12962820845735,149.52318407455624,174.32124313112527,162.61476764213978,124.400322602407,9.414466290394238
16.669532754459322,154.70544425670374,172.09830526442317,163.30067292853653,178.95473292527393,113.5925010754143,0.12771110961076415,132.4974345522816,154.61451841576016,176.0052408439875,165.167325348822,124.66615833752003,8.162913992379055
15.966251857459326,155.0645582966108,172.34533350536378,162.71922931724922,177.71341107931616,108.26337675931356,1.6699066540772325,133.2853443386052,136.03258819843072,174.29444923897682,164.4685275958102,123.408803041901,8.521962939600913
15.616027796025252,154.96023452375923,172.48947134615136,162.6272187332434,178.56032517419337,112.24633243915828,1.6037306861145533,138.51490735138952,127.18013250506495,175.93892218279439,167.1003392933853,124.47678006215138,8.057676465984631
15.248767470423283,154.85772051802599,172.7607635559975,161.94560881758738,173.38465866245306,110.04631740980562,2.188054687271558,147.02359562571326,126.03012928373359,174.2861393534889,167.72541035051245,126.60435667248053,8.621876441169587
13.43237129589057,157.23174366737624,171.4520229242691,163.0412394826795,167.52431217156126,115.8267241088142,2.359863953453616,146.18486449766635,127.20052597596373,174.63658476650468,168.45815175776636,124.47260189884172,8.115756134931011
12.433239101960273,157.81299716731337,172.33953530620332,163.54792057307168,161.30885878379667,122.54983079759704,2.0999615297922474,141.4754007518853,137.9757041888205,173.50557510984066,167.5452101789925,127.77145009559997,7.893887387430528
12.556466557459377,157.50170351767625,173.1482508611002,164.16488854641983,154.47897758143287,129.29300051728168,1.6000500877028354,138.64469960553973,150.09450755525836,173.73994690686294,168.1818788744179,129.16147391646427,7.506989017029534
12.614687208663437,157.2491124813266,172.77784538135478,165.82097073338616,151.38406935913983,135.77425431454702,2.1563872323356263,136.18093602628787,164.9544192797191,173.65526378988827,168.24718783169604,132.51007507125854,7.218968822223383
11.332860510075484,157.4189417239847,172.70585422212523,168.45398597240762,151.95996331446875,132.22701087959106,2.5009600523575584,138.73840244220202,165.11876370807977,174.61565965777422,167.41640049610623,132.32515311235062,7.027884335438917
11.13464761672681,156.31459303601764,172.8953806387928,172.08350010058163,155.24848819269798,129.79804568890611,2.1068207978333935,140.397536925905,164.91345439970846,175.70817057654057,166.9708168557759,131.2811136510434,6.707845958776568
10.249624881410641,157.4212217015991,173.12073655316357,174.76100853395266,158.94461371208556,129.4729679171883,2.323697725706117,140.90604176457575,167.38060181144286,176.1490338798224,166.74585242346112,131.2172393570333,6.537735644195051
9.079564108220291,159.00510468617213,173.87357889685234,174.80201948900648,159.78193147935707,128.93810434366478,1.8698432405109524,142.70244517310758,172.98521491604916,174.33506511694645,163.55796962648554,133.7203349623974,6.5926361187328375
8.785561047137918,157.6509271881637,173.70416129244342,175.14603072791613,161.94418314097703,134.4030903539852,0.6858146248253117,145.50642371870012,173.7247628388224,169.45578630169308,153.4102322550061,131.7326390985853,6.439351417930097
7.815421409654578,155.29946848472446,178.25479198599754,177.14480548263398,164.6245942487208,130.3268056500713,0.6175536933812068,145.36405829657545,174.0186213107567,166.3657196975576,148.20048480361461,129.47745320040474,6.021597441609652
6.035514080868613,153.81091460277668,178.94628374779506,176.75651843003288,164.3642744365062,132.65235256091992,1.779342586323757,149.00467851156782,167.55999007848908,162.68440029820167,149.18280824494522,128.6279454536053,6.22251132724456
6.867823944774132,150.34506123781267,177.9450813637694,173.82616748576174,162.48449982324377,130.91571730275533,3.370452184893934,158.51644411932745,169.7676411732448,160.18153330782144,154.3086130198927,130.63283211556507,7.38889525096058
7.606116472490598,148.09510626248186,179.17983584324546,173.27341500801853,162.6065416140231,130.9905187625755,4.694859426185421,160.05010794426752,163.09235506085722,157.6689002795035,159.28601739468672,134.02251713146126,8.141906296361547
7.673102890077262,148.5789725717973,178.87344276905063,176.52932552792586,163.83806100608888,132.27496098514962,6.8154095892565545,157.33797585182964,171.860085454546,160.72174757048847,167.3865495567178,134.75562503560866,6.981049618905317
8.004847378088662,147.56297354831543,178.74662201451758,178.25983868869017,163.2155091070212,128.79158976632905,10.294942802075367,156.5205900952398,171.97525553428002,161.21241111189994,171.23431192119907,130.53641059087033,6.635264049112623
8.913219007746333,145.9455041856012,177.91728641349172,176.61132305475812,158.57754803626366,122.71210037426307,11.617624857480221,155.42921746848435,171.79095403564378,156.48471202123847,168.56706530736415,120.76178565738635,7.696690148234534
11.289968880472268,142.5429508233257,177.27391822759552,174.56370554541778,151.44112170275702,118.42994379781065,8.2925525637517,142.3691851825968,176.69918115455397,153.08555645279654,164.55820763756503,120.83494769214272,8.368139088580353
11.241808008367451,138.84311394486303,176.90251262064803,169.9140908538277,142.01088896358354,112.71502746254554,6.573441233211071,133.80681400554374,171.89669528709726,144.45356570220383,154.51250523024538,122.28679460844783,10.046859198715836
9.096322847875697,139.9319671368012,172.45738085249712,166.85361430228443,131.3894851388612,111.91640428279773,3.210057493953627,123.9572529608783,178.53401473819594,138.15391534872737,145.75885783111778,129.3557702524485,11.226040377960492
9.21387012094633,139.59809381135653,173.7735824179156,164.56667780112784,123.14320101754471,115.92477644601233,4.0658470551784935,118.20929207533213,176.4029754022863,132.3738566774584,138.62223458538915,132.3340916424523,12.508272767972226
7.283783031833096,141.34850741499997,175.66247139090737,161.5084633489841,111.81832446980873,111.28887120434712,2.435909904532083,117.50507405782852,174.20889352003627,125.62393145253532,131.22115638432464,131.6440233480721,13.65768946744389
7.829961651009632,141.86682486526237,178.5514878545675,160.4465594301233,103.43840103761593,104.79267608690999,6.109121558215237,117.22696724360118,153.69661687086565,119.63589451652021,123.58768034598351,133.76776325677073,14.508444009839078
7.031918521653744,143.0696736125402,176.94811596135784,158.80934002151255,90.56240033056987,96.39749843463902,3.2159195357627155,121.56245370228274,165.02631530704738,109.08079681408353,112.33835350943593,135.88611916515654,15.394815323785892
6.069156712385532,142.1499633230195,177.58402532718438,155.3556519384272,80.0134792710689,91.09951844277793,0.971898109034981,114.57239535609969,158.38973583944767,92.8715380203412,98.31495009229386,136.16936917600682,17.777839475322615
8.575229336167675,139.52668597310614,179.95635409448292,153.5423935957908,70.92268672965254,88.15295131432003,1.7643199134029828,110.90182364555056,168.2774848612377,81.96299324941879,87.40468949881269,133.48112946252488,18.493206121368367
8.530961189196626,137.14347295489085,179.39607761647366,150.77701922470533,64.91253202806217,86.395205260161,6.3276535283580815,124.30055440474834,160.35523335529223,74.48445820158082,79.65186963088466,134.4702437226685,19.07687084129743
10.832010265083865,133.47342718454513,176.76589979242556,149.66740914909641,59.39964742623381,85.41997417092702,10.103487904340469,117.80489892578576,148.82910635033758,67.2824113529909,73.59391290476886,133.4374912429347,20.51190320908699
10.516063853997215,133.87190582338255,177.537798231082,149.008854987968,57.50078129264362,84.62381705135734,6.431985811021045,107.48246816714105,161.26191037036003,63.18378301654584,68.92918289542588,133.07869446073002,21.27436394094061
9.903292470865896,134.5128117011642,175.47769633269345,147.45911041861928,56.43875247946389,85.09425809030346,6.027449626870577,92.24308830883163,169.55129509587317,58.389717347161366,65.32426949621424,134.3689169564818,22.176324866718947
9.369518998573081,135.59986222858348,175.85738426431604,147.1231343031965,56.47010893965606,85.3857458139462,3.1861746722054023,150.44681175976567,178.08900288602663,55.383672935118625,63.820071504272214,134.3709065892143,23.250185312305906
9.786975755184004,134.97012828275868,176.17603526250778,146.58674128474627,59.87251692188962,87.55507077649695,3.3690369784672693,151.31328553095292,145.49021862333123,57.85710419881757,67.29758139289778,136.84514916739278,23.672113108434363
12.099819472275325,133.08761236311037,174.40659581484638,146.54911267421727,62.80287678366731,89.44795116423492,3.2348238375086846,148.49785990143278,168.61811169230398,60.83823014849201,69.90305288869409,136.38479885808565,23.56453074716901
11.168532522097284,136.70750183580037,173.2069400111673,147.9307924770014,65.51565066556412,91.146616918802,8.820257362073319,142.0690735830359,171.73836530444777,65.16921622867136,73.50406236658961,136.5013080258624,22.56972936266967
9.986114074954873,137.28563951520502,175.2511806352183,147.00618462743486,71.9032026303581,96.24421181254856,8.261280999507115,133.50966366578683,175.16928246696634,70.97149788349721,81.41439548609458,136.7128465569342,23.679061869392594
10.645944002973133,137.58285093150073,176.51262987903522,148.1819209716284,83.51603006274593,102.15864367837231,3.532239784194581,127.22407005238105,178.9382259155337,79.9801559008547,87.97759646454443,135.03387969178482,22.424020270134193
10.470968785920734,137.59962846164444,177.11825298558716,149.07566227279298,92.72394998882751,106.68291714592154,2.6089421762846348,130.95041750409052,165.93989215749048,88.84910996005173,98.38543267195988,136.7496147926412,22.137812179456702
11.94693957679331,135.91092366213704,177.10033283996876,150.95076088428817,100.43719232668688,110.0870398056876,2.1860956864391246,155.35091654707816,167.29784344807044,95.89927050704169,105.62888324748985,138.50464432467982,21.013532994830264
11.98581307703375,136.39670979343288,177.717746055875,153.4079891042724,109.06336903168388,113.62926992773944,6.990310915015225,142.2357356380547,171.61112359484252,109.20694940053296,118.85726716467857,138.23710526586885,18.93269389915458
12.737648792176296,137.3864105181984,177.14556621346355,155.8028163315989,114.09674466348037,115.33748555797199,2.2618637131703703,130.6694236371705,127.80140987724204,117.7180911537409,127.93840144335122,138.75078568258655,17.203589865495807
14.37262978128892,132.95648195485236,177.58686660257453,158.98177854960846,121.1219320536214,118.30005748361857,2.430453622038229,120.37062694063539,148.43149255767136,124.84169487725448,136.8206495445423,136.35049014540132,15.82551249762442
11.195408659017193,135.63167807576696,176.06113863922772,160.86154552767172,125.90859982344809,117.58124576717157,3.882937473553169,145.23367555444221,137.56646316727776,129.33013868598732,141.5552271774359,136.6670523048215,14.038069083252639
12.760271977069259,132.08509276744724,176.56172243536784,163.29852486836307,129.67556670797853,117.11591276579219,8.870733116938958,153.69253260655512,167.76287997155913,134.70480298283647,148.21710318233633,137.22060986255372,12.464838006126312
11.365736928196016,133.21440496593792,171.04830412030606,164.36359342208488,135.9916029554717,117.90841600846744,3.498287834552356,162.557219705521,166.9748033403513,140.12232473233666,156.70977902419816,134.57168895370802,11.634251096245064
13.226140853947475,129.30605383982407,173.16352682579208,167.00038676861632,143.94277900421682,117.21950901997508,6.100068759651497,164.3233506174192,170.08930402047403,146.12248885625772,165.38839971210635,124.05054269820567,10.872258433059033
13.76273424716981,125.41547891502287,176.1877039617727,171.0570815134284,151.039102485086,117.22046335690672,4.57054874020319,167.86139246649418,167.28253512714696,152.2786824151072,170.80356206931398,106.79250991995798,8.984139861088321
12.295702495656181,124.68966349130936,174.322721734917,170.66878155289223,155.5770006350433,122.2855100406049,8.283440457641001,161.77940736306167,168.7696079251891,155.20317035500725,175.5078149777534,99.08918812918802,9.207550063523879
12.683941657109505,121.79284483863971,162.7546685800778,173.62759367265852,160.11018034595747,125.34408837375491,8.639843746414641,165.05449183002912,168.774830980622,159.9969247838754,179.47992253515702,105.545988578208,7.582600570751763
14.411738937711352,118.6368480225253,162.70151243180908,175.7892702323593,161.95469245148743,128.49848440031835,9.696595724114035,160.7465592309884,173.60826412328814,162.440518676006,177.8283041010209,109.9397483258487,6.428850209808713
15.075269127830763,117.08292119610086,162.43109443997614,175.89025036613265,163.84505844094755,128.37609240627677,7.972840441573767,163.21181875046344,177.85136981386032,161.00603569055886,169.66706716404877,103.83196241518571,6.208438498886429
14.056975656488111,116.29605016960697,162.81179957161262,174.96358807171544,165.54905919721406,128.34543907907184,7.379146316204261,161.7150081127924,173.56745754070167,160.43802102111664,163.20145117805458,113.36024618585336,6.5617210892772215
13.418571464117884,116.41207813668247,162.20543267398668,174.21661032876605,165.38199366571666,128.23365970107017,5.634516136904076,164.0902010874442,171.78046405125914,161.06722470348475,158.85888762294553,118.35451545783701,6.477678101929724
12.264151782055283,120.28304544595501,162.91572806903025,175.11279876375016,167.00121356776404,129.17882836872772,3.7571537485669415,163.13529082046392,174.59304897813996,164.90551137841493,157.67681673379002,132.9141335021933,5.755311798233123
12.580540139569289,124.70998272936932,174.53238586415569,176.5382103191176,167.55759349122465,126.37676916129801,4.9891019039126965,161.25045259015715,176.16249430059344,169.9114412394754,158.56527024058866,132.31339902403937,4.407152097889703
11.300178105772675,128.81316354997134,169.30623638677932,175.83130686964014,166.49636265985515,125.80406120985724,3.0662091177922037,164.99319305444004,167.44634824567706,172.0162996359766,157.45918641070247,130.0241189820617,4.139664080445531
11.573185614250322,134.10747273059465,161.75066385628188,174.8294925332895,163.10018485558425,125.410596357235,1.8469707182788553,164.44625599330388,161.08829558069527,175.33238521595771,163.62171331661037,129.73552752707042,4.220890621925999
9.67676370653949,143.1852312344289,179.70775083775604,175.809954590129,164.7035454108149,124.34450546006624,0.11302670980370125,163.27407699265626,163.4224270157075,175.2321045004916,163.25972278547206,128.58438919725415,4.278672155256458
10.46191245305832,151.25283130664405,174.7203653425322,177.5995997089859,165.77769305722458,123.25531373434686,0.8298448508581551,160.96450695616986,154.90762199914212,178.2736787610269,166.71731397225906,129.69349162206194,3.6427423479543206
11.31399421244442,157.22149836838423,174.22572180959767,177.96153233563933,165.97235284391158,122.2949718365056,1.7657157470514746,162.0076881781962,142.5470421799746,179.13550269998765,167.8358939285051,126.98295827952036,3.4261947314823016
10.721413480964404,161.64940352810117,172.92628055942117,177.22103986086876,164.10424572595036,123.15955364258177,1.5718638532992866,161.49034911090683,144.59585019413421,179.03731831965723,167.0090240586007,128.15848641343644,3.0642846206449486
10.928845188780805,166.51462644242974,171.38444226816597,174.49925490235393,159.90321123566375,127.89095207822753,1.1888037444856232,159.13170599594028,142.894331474161,178.6633566821658,167.6052222989718,132.05741612551537,3.2143279626846333
10.700895652226395,169.65791426789505,173.47158645960414,171.0546024807331,154.72993659653258,132.30551689725297,0.3192817580503933,163.95129377274205,164.48935624100892,176.10668018572633,163.7700913042894,133.6459551272784,3.3887084407990478
11.486327632116629,170.17030221562226,172.47015916120247,169.92462141108876,153.23199708976523,132.12547847924046,0.007588170098814587,164.44672081980397,172.27691625861894,175.02410434783187,164.22293647048457,134.98179856810077,3.6553390805603594
12.445713517605888,170.26462379881158,174.08486169197897,166.0868258250925,146.54282068581767,123.6102585664472,1.3119021968484275,168.39892289653818,174.4594657008896,174.01247931953534,163.30854643020828,131.5699927866813,3.6221271302863207
13.369868786130564,169.7298791632156,173.486387529305,159.66379583693023,146.03359987875382,131.16059369757647,1.8579798929748192,169.69171071643567,171.63816428953533,177.3224200578387,166.30866437549844,134.03587623898488,3.7605939927836016
13.954170713147754,169.0644417224649,172.02117180403147,159.41191140930528,151.54488979232195,133.35577628066244,3.0377285823058475,169.12852481744085,172.30697858190683,176.60042818020267,164.8703508608848,127.7278185450318,3.710478869724193
15.090623246842805,165.9549688556732,172.6307619064737,157.72445426154493,156.95097222235768,135.4880076060537,3.7294344084176028,170.31176239038828,169.48065957211307,176.65909348731444,164.29086149315145,127.26514775990672,4.0921087227385655
17.203658365129165,161.3022239912885,172.35404968935342,157.1581616097263,162.4684830795793,129.0949695810014,5.203433401889075,168.80705687867675,175.0417660615107,176.51031666684946,164.77792944803392,129.01818551789952,4.827063519447028
18.715665314324045,159.93467992794382,175.004627534023,158.4625110564006,167.03044853943734,118.53272236168968,6.330193477838682,165.7518737168981,174.5097832809731,177.05962001343136,165.77682320594985,127.81020776546414,4.7100244168358
19.27234675648275,155.48820641164878,173.36764096436124,157.78255215846113,169.5285658077897,113.15098440107452,7.50605874675887,164.17600810937105,174.66924041815483,176.2896803224068,165.58357599847818,126.23510545230123,5.556649220934412
18.270360958485476,154.52385497141054,173.89981346576133,158.6318054684852,172.94506196730129,104.57288214287986,6.9688098258083,165.09340710239684,162.14510512681056,177.8368597387856,166.66641816815564,123.54151828332246,5.832349919640725
14.230155001790347,156.3520204481919,176.64744855972822,157.7055584942108,173.8411660262423,103.07976963533952,3.5094347267912984,165.3014053785933,170.0945366364589,178.406473658486,165.81286504617412,121.80663952361756,6.296606716068193
14.194437230181329,154.41766558210665,176.69538682272199,156.3518720400025,172.1965276857731,103.51484118839298,3.006717550992795,163.23046502354674,169.44399800057957,177.36920838774364,162.98161550782666,119.60274497229165,6.879154233430273
13.983412405300612,149.9182285503272,174.76178152459624,151.984587756164,165.92612315825124,119.90192269432215,3.385778754362645,156.83128747191898,172.0730114722648,175.2169433045858,157.4468675625737,115.6617806849995,7.577330120386221
10.111033599138615,152.77746240022395,176.21243049988675,147.82435123680517,159.95966364968606,124.82031706346365,3.520175929298369,153.274084633104,174.2036853079455,174.10568552652714,151.43072224244358,112.50874285805612,8.053246863223265
9.338013991236977,147.79268517462356,179.24989511181425,142.69277357550362,154.31698542134848,129.45516547928958,3.0556068783943133,145.97430509982593,173.7334114089325,172.13592112892934,144.9010716082162,112.00170323632221,9.589957479834098
7.693037134991643,145.47160729926424,177.74012638311885,137.61162922199492,147.25970851051764,127.27325472481328,1.389448469523628,143.71838919389174,158.76407740983427,167.72024104901928,137.1606324323283,114.20168359388911,11.11947462771626
7.512534311228353,140.57614223350666,176.87281574585418,129.85860792437876,139.91973584277628,128.9409490309738,2.3539919193471794,137.04237968107014,156.3472124916201,164.57478410276934,128.49267772342367,114.93959041181581,12.910512808421025
7.340694500534462,137.8253572894418,176.58931386076497,124.26603220669806,134.9199452076762,128.78795734064383,2.069318586060449,131.4491923829445,142.4886427355802,161.2876262251099,120.08893223330774,115.12348642405341,15.104182743314558
6.0851421568981605,135.66397370657532,171.97856540469877,129.25786019545848,147.83379398251685,135.2926892306966,2.815837384619491,119.49548980886276,155.626788383733,152.06554500861094,112.67021055900692,120.14931613254932,17.814038036977866
5.713250785370196,135.86770124137897,170.95560670501249,115.33910076568937,125.36534211676828,124.61360214610487,1.7225673106085755,121.78168371717557,139.03552326824865,155.454664075872,102.66957095777346,103.1737142980202,19.53395541648848
5.91949829606062,134.20868789791874,177.4921613699892,107.44530570380846,117.41469686027237,123.44363634630237,3.8402507940226487,129.65479225757656,153.7898929276271,155.64223616886295,94.44486578752755,96.18544379524955,21.461899099959282
6.039085680677394,135.2032499853516,173.7929406306501,100.82594712396951,111.59759206880557,122.97626550797395,1.3679228861415265,126.33224495647634,159.6288335736147,155.21966107041442,89.80840779050224,93.09925707819356,22.769094971750697
7.330316336944309,136.07726199724667,170.16619208755586,147.50983860479766,86.20235124345777,95.25015086758694,1.4539923754422388,126.40308454394409,161.74528094454604,105.16025524644651,111.37514848527731,116.09173095131797,23.58437790511106
6.175288791752135,137.7586024962456,172.4339476480251,147.0137019294915,79.18736277727946,90.6778380685893,6.049131000800964,138.0360853350262,143.1942076817906,96.59515049825113,106.86534343576228,148.36681584266134,25.398039671438514
8.460703952572477,135.05798176269118,174.09570674777362,138.62499173070998,91.85877646545393,124.55871085640905,12.02745788408441,137.68033528040812,161.8185093075185,112.45467669204113,116.99415651636946,146.55777802752812,26.155272026977165
6.200532309033412,137.813429750446,174.041962933575,95.2204327084129,106.89223080849095,131.3246722672142,10.699115140938659,150.62450299253456,154.7018588243761,145.8673612900076,87.01069643334696,104.3401209929434,27.06435288068089
5.267362338352513,138.27484021908148,174.7516492674418,87.72734238470646,103.32412363104574,129.32384473134496,12.32888937828442,156.16856065294962,171.92786152057502,148.80129788946726,81.92439377274592,90.19398340923019,27.748585933721518
5.657055706498514,135.79928002114633,176.9066620969089,88.4381627265237,104.45183688952957,133.01238995706413,9.873905002046959,144.4604357542512,171.48605791309873,150.27639275676813,83.70199785669446,90.08752468196309,27.618626014313527
5.60803290984687,137.30379443372914,177.9603147194088,90.95951346818708,106.00656303788766,129.94639943136522,10.152526894143673,143.15454904317062,178.82790708036129,149.4723590390184,88.84800985865546,91.67731149925133,27.126723060344396
4.509292168237327,138.14908964837346,176.46998527634352,91.96403950837858,106.86014331516046,129.94057521442036,8.978498956810627,140.27683351922946,158.40356764489758,150.3581634227943,92.3294617113248,94.89175978988149,26.228389631458327
6.656287580338783,137.06845197110835,173.1892639886911,145.05466834454845,101.85582388186299,106.6043901929001,4.12132238906761,130.9827640875784,152.56465774541962,103.25860955926328,110.96722313167939,146.3466473990987,25.123450904816597
8.036536125600765,135.37492722209475,174.1573130392938,114.89400580890062,127.39489651771528,132.84641207765918,1.4270371137295903,120.24933662082931,163.79433030556555,151.08536537920145,125.64469130955048,127.62632265788001,23.819185557932357
7.899701259870034,134.02075140770802,176.5093193493521,148.9257755165604,115.33023182361558,113.57624140086875,1.0529180964408216,120.99172201718443,153.5859115944514,134.32756243144354,138.63445415212618,140.14617149122193,22.11057016605953
7.910033030399582,132.37646303457004,178.99298738905193,126.72312371706424,144.06475002576548,135.42700203428362,1.1568579448566267,118.75611715793556,153.13286405792164,154.6181011463089,127.89776868367764,120.02042175948539,21.812954065627846
8.054340928781423,135.01959132199357,176.67058621612262,127.50065780582501,146.63220334321156,135.52538716797136,0.48142534016454247,118.76272800256258,162.9017049069834,157.3968376305925,128.51340116596424,117.94848338696022,20.6791619590804
8.70585320182291,139.94204664599232,179.25318606298327,132.65205942719578,149.6814346092979,133.93922658055354,2.231356489866133,128.52744638198774,145.14192390195925,161.0836583994667,131.4934355113983,115.00264466906239,17.79004723683461
11.902184649290229,141.90076151958706,178.62711079005842,138.08459252907005,155.54935077157458,132.0176633043846,1.927161301165903,127.89028874355817,144.31561460448074,164.28502027065414,136.70263233136222,117.25528102639011,15.465450054617287
15.115957229879696,144.9070305423508,175.0049328238389,142.44293411719778,159.914264634065,132.3635742713309,1.2393067378575309,132.8691012383688,132.72323992671352,167.01055972725842,140.89059326772656,118.22944942371852,13.214658520430568
19.159315021212294,144.21574704267417,174.2065885990351,148.869778693068,167.07301018099338,125.79673617831789,0.07777120989088299,133.13803928031533,141.526923010736,169.5464341111825,147.66820549056163,122.35993160135673,11.358439845006895
22.448194731749787,145.2230561931261,173.04457471650312,153.829468539263,174.84585204492933,111.47570225675221,1.8664858502185213,128.0631138654331,153.84249438881477,173.35107457421324,155.12730712018808,123.80953298063153,9.779229021457184
27.518870645760614,142.25487569513905,172.65485215433924,157.03949694312777,178.95734231130513,98.67224767290453,1.4536784040976607,138.94493415014819,159.86661795729168,175.85372409878698,160.64645257982693,122.94195204529272,8.518661978142571
25.829715622799256,143.58999636252193,178.66602684718126,153.20967503168904,174.18786980790554,92.78763821826804,2.5483791806675704,146.05998472823336,147.17896072504314,174.59344728722203,160.77434234676903,120.59180719013017,8.968980069261795
24.306278722889655,148.93133915330532,179.29922332947874,156.7249018554733,174.14439782680043,100.58916748048368,3.260902311369749,148.73208585174646,156.5058368866542,176.19537311492147,165.5780862949682,125.34035112624754,7.988951429620213
21.66878972599001,155.211017475664,175.9827907769232,155.52576879132695,168.41829165247955,99.64566700083586,2.0401207225647378,157.40979785153095,165.14907636953967,174.83199905377495,166.56627511897503,128.8246694349381,8.222962821218609
19.554009567885853,160.1188188224198,177.4548297321103,157.40734232289307,165.38120210046068,107.1222262978871,1.8700538000062885,155.1111379494761,168.04387231547886,174.08948801215894,164.51781768865757,126.30991648216225,7.440967369407289
18.41621558752675,162.69799299477643,177.09392612563235,157.8090317728523,160.82597109350687,112.6909571016215,0.7630248443228083,157.84495697697594,167.91812063080351,174.24999192119387,166.1160161693225,123.36948016593782,7.5605335357543035
17.624909043574196,163.77194533622352,179.9201999166563,159.34270160670744,155.80618835968892,122.05975919989488,0.3672521328323075,161.45689326155716,165.96476600336976,170.6884420590186,161.63845271179918,123.4324033329896,7.320924743117963
15.11995267116745,165.477354997341,178.8467781625051,160.5887663968815,144.8796407286788,118.06329991163165,1.2248517747446257,164.07450820496277,163.30496478851794,168.86930278109008,162.73095880970706,129.21069862727703,7.203279343404227
14.766818995059557,165.346239435657,177.74670627744175,162.07971218564356,148.3526308651782,126.91492238765338,1.3546851900572763,165.76475217902706,162.96830630649683,170.6397118150774,165.46976876056036,135.83778988667893,6.990267280886103
14.965714119024351,164.2129442000405,176.28629103174612,166.75211459268093,152.86504351543303,131.7540407512589,0.7247826107617706,167.05976515711507,167.76453584623923,174.08780927218308,167.69017318631927,130.8082914388239,6.201835409395624
13.894373220341542,164.45769502422004,172.9838095207729,170.62941266478134,157.19933110875175,130.823361738589,1.3363537167940185,167.24414336317656,169.34647510872583,175.78434140874504,167.29773510204342,128.13126067251383,5.585804907217922
13.48728053751751,162.3934379363212,178.5984432451503,173.83895039442797,161.29604937021398,128.07762332986442,2.1058303117482793,167.27930363837552,172.59114461795303,177.70120684011792,168.75844692295823,128.62480862210845,4.981436283014526
14.298560605781466,160.70604132679594,166.57094517666368,175.7100583675957,164.28089397037203,129.00338043960363,1.8418923733902488,166.54160157673385,173.9974668833471,177.7902944609311,168.20251145932002,128.73176096094772,4.643936426404341
13.271173310083176,158.44310929038247,164.6934721259765,174.8010013493135,162.75303142782414,127.7699327687979,1.7949133706265454,165.0810311768693,174.25973724587425,177.31474676299965,167.1497748985806,128.17885108217706,4.509587370928557
13.026680048552963,153.44481087989809,171.45077204764976,174.04375618441748,161.13487582853637,127.03350545261038,1.1816203540450323,162.00248115477976,175.9740860475339,177.09678886636127,166.937850642028,126.99416846208715,4.466450854172939
12.490541901544272,149.1226353446676,177.03555880344604,175.93017034737497,165.5552070606183,133.57792974220965,0.21382353463409332,161.2447843026508,174.53417703207015,169.59711368945275,154.11629579902728,127.25114932382239,4.49226951332355
12.353837540643665,145.3741344151228,179.94999748917016,177.82173662610046,169.26385129068603,131.3707735598515,1.214489439828695,159.75319155608707,173.81498270767102,166.09630501586483,148.23752754848707,125.32922773146271,4.062233839364985
11.568077627970844,144.22260524049403,178.77636757369942,177.35008105234382,168.61392768178365,133.884971897406,1.8823474419214425,158.37407369080387,173.18007073656207,161.55500685311478,147.23206927325626,134.98720987510353,4.1625777116991065
9.53232047842125,144.16564573099888,178.12384360403897,176.65261179235716,168.20707566754027,133.1738515475708,3.2459589875172714,156.67696726937393,172.50360582690092,159.1106451911081,148.44681186694663,130.20125444506664,3.958091693597508
8.515004366463907,144.54247414505787,178.81275158153096,175.81199111342548,167.00518931062362,139.05421132637707,4.391601800415042,155.01352465423875,170.39922210605008,156.81702842616016,151.08459818495473,131.06963278389952,4.259174012196662
8.08164725848416,143.8807947989264,177.80546760116505,175.11270955823682,166.48344334201784,133.56712308372525,5.683274473915473,153.95034940075325,166.45322471755142,156.4917068163687,158.2189889313087,129.8713375003986,4.770395679597255
10.008202527400265,142.77440411746662,178.07086642707785,178.7671144215856,168.9257019913365,130.8055132366124,7.378710989105672,155.50174095636947,168.26227938878242,158.4481410556338,166.3049117440973,129.09599261274732,4.345520741491034
11.242288260085685,141.78791254217074,177.6598896950403,179.5997892504022,167.30513962007518,127.51535566489069,9.549330037136672,154.42151800718568,167.4527216170727,159.329386510474,170.22042974962005,130.575993223558,3.9922516425708174
10.592182591357949,144.04422222566834,176.08446118284016,179.27860110905846,164.34044747651095,124.16957311553571,7.611663706135719,161.54059459292284,166.24485932182438,159.24511750250358,172.6992270405017,122.10672514112863,4.1981839863571375
11.00345259536239,145.0604581203639,177.2295891060391,178.98607182522753,160.69147997248183,120.97963276704542,6.967900565602587,162.06825724094148,164.10500242525842,160.1736000234386,173.90172627039672,118.7985143212135,4.024420641485415
12.459663842781413,143.84434374930478,179.60075020365176,177.83243709555092,156.27721220486484,117.96943603315019,9.966738111875763,156.35442671995418,169.1106284124747,159.53763699876598,172.62286595682508,118.77123622709625,4.158902294345214
12.296084019498025,143.9944486512623,178.7327822108042,173.45874957301527,150.00003103488638,119.49020260500336,8.427904365623446,154.22355553588764,172.3018915651105,153.51417208067443,166.20059251995497,122.1662917681283,5.888205313927963
12.141861596198881,144.22222484197292,178.29334174132404,169.82885607472144,142.84998076810697,121.97220106276086,5.4282394395237805,145.19564144185574,170.29889330892811,148.717988491638,158.93890668587403,131.07278850359896,7.261173802867208
11.001722354023132,144.17639799389536,176.0213984224738,166.69760343758543,136.00625786174356,122.92561119907862,5.273134079433432,136.25297371567666,160.02291050549783,142.29221815251327,152.0371955796022,132.83460078861583,8.964411408404066
10.401330341734004,142.97379314013756,178.34372476707168,163.29309943731934,128.68374784053532,122.10554462053311,5.0352101508861,130.79036923918116,151.76735602619692,135.8863096631764,145.06039141098563,135.68451997501828,10.562870188716229
10.001371304695237,138.71069041240364,172.51268203111778,160.1515355220165,122.58587545074549,120.41906169998857,2.170886895529493,129.89035924632287,152.8677514177143,129.5561439543713,139.86937433074766,135.39988056303153,13.023928432462489
9.66833776897409,134.75090720126647,170.82389543002253,155.19571675142177,115.41898267408118,115.62078227552074,2.111160098315925,120.18631924966093,167.3800823288042,123.57443020621801,134.97880819660088,136.1131781968935,15.86044248076679
10.224206468945065,132.17583223195751,172.58689561669317,151.70014152864385,107.38863849684178,109.8987297549143,0.17895868884466898,111.1347550105045,150.57645838580547,112.99974731062736,122.90282692597938,135.24760275517218,17.371930927877425
11.86899363145378,130.63159911357562,174.7252875920876,150.2406853149441,100.30771090263659,105.97952318332669,0.5727155111395728,116.7126577729724,165.19577664969623,106.78880890045122,115.3864930084991,134.95145160960035,18.450285998018334
12.636447462613681,130.2544745543492,178.9478632156017,149.67353980288541,92.7761964486234,100.98126445280336,1.7247742980700171,121.75535017129958,161.5257464320228,98.7235271075615,105.9579708526642,135.18593234779982,18.60629103500463
11.948288474678007,131.02359460046912,179.49833772848754,148.29311325038051,82.96127022598687,96.98008722111331,0.1543435276676342,118.15926816471058,168.24061691417404,85.82257854937976,94.39306779575384,135.61345759881135,19.502124219280727
12.785863968070842,130.6805373426969,175.63016298882866,145.80732877157908,73.35302534239197,89.51398659476186,8.456636652647253,145.0745452105979,85.7526407303504,69.66683414802192,80.7676462150418,135.16815032843013,21.787936013937337
13.51455213982742,130.4451955681579,176.24445377111584,143.56219684111824,64.767290864074,85.88059324359965,9.841145854645628,153.28936746038872,146.64110571127512,60.863663247208855,71.59313366076965,134.3052272561164,22.789035500490655
14.648133734611518,129.99556809764172,175.200223709225,142.2969452805963,60.85479954090498,82.68780941888342,6.232600925014359,148.49484576214354,176.0560963202358,50.393438183042086,62.22393327909861,134.38123177915452,23.471873446310145
15.773094404087463,129.5502046663745,174.8251777912509,142.22265878497808,57.142207275111524,80.42638238207603,2.1377683450284355,157.9863431336424,170.28726508273698,52.04914097526399,62.13539071832333,134.5365848456713,23.050789551546732
16.539477586067214,129.4478882636685,172.56664577515932,141.8385945858125,57.308675226527185,82.68883682873297,2.9453665332641292,158.48125902343074,170.83503143503515,50.278281401018404,60.65879605076247,135.02282922295558,22.964824165453102
14.374378724165847,132.96103115571074,174.65008917042638,142.29429944680686,60.31695567689943,85.46223459458575,7.740669892098218,164.71434911775526,162.01458272176174,49.79322651534273,61.87355513729552,134.6393071681659,23.19618135288866
15.531595926297342,134.08442594681765,177.5186583648674,142.84906592265102,64.57535504860805,88.03634235183466,8.070547628994218,166.45816294640537,158.1809588586787,55.51306286946342,67.1677782352425,134.36469029184843,22.505712686139123
14.289738216767153,137.99259135867638,174.27383790481775,143.47258472633126,67.507608671405,89.47715774272346,6.0455985817586315,162.67230176022358,162.71384291958213,59.894857983041184,71.19094627191436,134.2753435827273,22.141345285586358
14.063827746433743,142.62474673048794,170.29758380442314,143.80152379965494,77.17766432592921,99.54326352296037,3.480823052493681,147.5300426391729,178.87905891309316,68.71337212558012,79.16672096889232,133.84589123330232,20.322778050508095
14.241501148642348,144.80413794953103,171.30949896939416,144.76168258557362,87.90994220791875,106.81331406716987,0.8888215705950759,122.54733099461279,171.9353944894197,83.66762891473716,93.7120184786323,134.30425886300205,18.734126273783453
20.07068198142859,139.8757291312114,172.8053027770686,147.8697449578051,94.69043916223598,106.3815765569966,1.5966898743242361,116.620449169566,162.6445127172609,98.42480085364346,107.59010024967313,134.50987436171124,17.198239385777487
17.820452111014987,146.3504918359706,173.85597185263595,152.01466719898755,104.21926490844565,110.66065877118177,3.095071052137039,119.07387577213252,159.50551260790198,109.47112746228679,119.7824022220127,135.92510701211773,15.258930130279929
15.592435656850272,151.64461602198935,173.4283763819659,155.2183900615922,109.86385324340134,112.98639194839095,3.044536098073797,124.97929753559409,149.34686351457702,119.25015283752572,129.09263343593943,135.11144475081375,12.749525270773223
19.9044777901877,148.73426413646087,171.76539049253097,160.08882744505146,121.18233229709885,115.8192830993967,5.6910438150787765,129.86115934093215,156.13101580235067,131.44977625940012,142.23568254135384,131.2696159530485,10.769998747928293
19.522597925484465,149.53063121979898,172.58827924442434,163.55988818289129,130.9620458676159,117.67813920064911,2.958342970984888,132.09668962936135,155.92249780104422,140.61675281287265,153.44984565099585,118.80238038773088,9.150009538320635
17.286124027157953,153.54329570855796,171.61966212429698,167.0918489987252,139.62767207351754,119.07646474810049,3.008827668517008,137.4788905544513,149.08490321079287,148.12575759680277,162.41663661644895,117.71022549875077,7.6533800917416395
17.780235109229274,151.81870526319463,172.27598818878295,169.86284280148539,147.49236386980579,119.47269808201673,2.205046213077667,147.18563330060013,148.04155019141206,152.19715912194994,170.98982174279573,108.08959513662211,7.739367492593853
17.553859906243595,149.94024933533373,172.7635222309182,170.96103257227975,153.77516587053154,119.33531302893645,2.466765888834992,147.26242970147752,136.2559669587193,153.59157621245808,174.285335994171,103.13152632710627,7.912898602446258
16.064469265331866,149.97782847812067,174.3560032027673,171.6172111241044,158.19914614330781,122.12385009804319,2.159329561830661,153.24836873695568,150.91057163081302,158.23272804729115,179.70498717084632,103.87502025317282,7.541715488313462
15.35598997090193,148.1867124776207,176.88843237289956,172.71263914834032,160.21149197442526,123.3523334460986,1.1832352590024189,147.33596267155212,157.02175118543613,160.58667486474988,179.5833770546385,109.0913501007595,6.997339480759371
13.479883757849835,148.422123302145,177.61877667502532,174.2559392565514,164.10234453590428,128.29661962072774,2.664575241506882,150.00028533511235,171.69608709149125,161.71463762117517,173.25302540709845,97.03741683349475,6.51977547214271
11.932855387101908,148.0407577223152,176.50497126785825,175.79096800914564,166.81909207394585,132.16147721224712,2.487268555922611,147.313355875358,169.90155806803986,162.52011888974053,166.15721092639058,108.31059074538165,5.787516548076055
11.79793438895862,146.696275243784,177.58512553347845,176.02524259910857,166.36898548154736,129.35367621926017,3.2474406349390743,153.76432034346215,164.9809023482403,165.58329247124104,163.41536892146385,120.88352493826903,4.889743567093973
10.112331840235088,147.425394127338,179.9495889169687,175.7695224310485,166.92691757430276,124.25225843546463,3.5580229246512296,145.47105194044707,154.18790952427992,168.09988729448636,160.56142765026797,128.62975396628386,4.2242678251434045
10.324813672677234,146.55046730169772,179.3041994361693,172.7917754135427,159.6002226450058,118.329059737173,1.9291602140168465,142.23859091559626,122.42704067276657,173.60062284575005,165.6563966314317,126.2396708647545,3.7612264727001246
9.932636163091445,143.81681555704765,174.70544786277216,172.5146782931334,158.9791050714377,122.0415028683628,1.042657302118267,137.65280247044947,123.55112233461327,176.19343566070654,169.8081263401287,127.54195692344345,3.494701338530794
9.29616758777425,144.30464773638533,173.71366932622914,175.74188775471734,162.95313744574736,124.83379439001742,1.094094115722771,133.92706957795502,139.91208636728865,176.85748236071532,168.2010007818906,127.90772766051076,2.762011724159206
9.688130011906381,142.18042769665112,173.5371524500632,178.8273270213024,168.4918366776581,126.7381024430487,1.6860949940045262,132.08189034928833,145.8877958477168,178.4561290491958,166.8998457531697,127.05659836567023,2.391333758467641
9.560631505926453,142.0582744188002,174.03933850163736,179.52701959732138,171.96480277418297,130.32849656561402,1.6511988921770528,131.32323207836512,144.89727635591967,179.91422006118097,167.96945213973035,130.4375812672807,2.2173115123871376
8.524062460150247,143.99104976174556,173.91570326311955,179.12542186972325,172.7602055331386,132.73832524699978,1.1205887151233334,129.11173240094476,150.41279117553913,179.24280068424952,167.85636969427307,134.84165592064346,1.9525741306759339
7.389307020586529,147.5998397661906,177.28289228644815,179.69279506483915,172.07137544919453,130.7002669854753,0.6854284947701076,129.6739467408831,156.06234862264654,178.96825471217838,169.23724349446329,134.4104895312529,2.0181974489270376
8.13056387420423,148.03957603139077,179.88250222442005,178.73142920938272,173.22154104470863,128.765064926443,0.38483337268755685,126.02667212851824,152.28543932969026,176.76750262053062,172.2068416036924,138.01358162149037,1.7204429847463714
8.010689349702965,149.65554383696346,176.53493104977738,178.7137279029377,172.30877352316412,127.1160645389445,0.027513612133916926,122.29687776183518,158.68079618286615,176.31991451996123,173.6214752179727,134.96782154347582,1.4585932752269897
7.577494957117064,153.52959422474902,169.9180203862224,178.19318982287754,172.51678896869217,124.57370633422681,0.36813702317940133,121.26029043113438,159.49150863188265,176.438863156523,173.9737719507609,130.91890249045207,1.3163366169555504
6.911999411996757,156.81169452437032,170.0590225617557,178.44389254777897,171.61875348171765,123.03976843524637,1.2657056653645902,122.58625434301247,168.8627097921317,176.21816916948072,174.13216474852058,123.402274130378,1.2179479416373908
7.125448169512045,158.971322813183,170.8414999871636,178.69869433090295,170.9115482468129,122.77377499162917,1.928243729632554,121.76480727766737,172.80758091854116,176.87105452231964,172.5759701550477,122.38279760291692,1.2637737096327966
7.003988798356097,161.49822705918558,171.20005806900727,178.4495193213883,171.0605927122431,125.14621778754714,1.8564103812882924,122.75566835823071,169.9747557381006,177.82318142810155,170.75571622593725,125.52078882410926,1.0658586537170678
7.10972379611712,163.32683537790754,171.08585791084417,179.50412869423135,168.30096815317145,130.23508941995374,1.3847995615898785,123.11185771563986,166.06001234605853,177.5099555159434,170.4483932812903,128.01232206393544,0.818726177613578
7.013394153406903,165.3797683159062,170.27201225210803,174.11998404763585,160.62845782548462,134.49318473295915,1.2392667964039776,125.4841500724236,168.13998176674227,178.44705055759118,169.24650131773222,128.91300210223775,1.0654349244368884
7.24097335619959,166.5153440371621,169.18976635014025,169.9508186494128,152.79791652872098,132.944381895932,1.4671252936680612,126.17341610820746,161.5918914718354,178.3681779828873,170.1692363099536,126.80931945053025,1.1425935228031625
7.66165653662639,167.13512165203613,169.672165201682,164.9237631656481,144.59211293758096,130.11156742657587,1.2664594760053398,133.0231606415133,145.08718181566184,178.7150277076638,169.75070300287035,121.99995647224708,1.156788047688659
8.221557056403693,167.6681065511386,169.77851930636558,165.6393305657028,143.21867713214516,135.39294540436663,0.9920035954189123,146.1475294487213,124.4862237627353,177.32482459484186,172.523306279948,134.12287333273667,1.175587837549858
8.7556102605318,167.40859635998106,171.55607746467805,161.117829489666,145.26919126961096,138.96967989419102,0.2443977645467553,146.0570505972299,134.29138685168948,177.74446691679668,165.8366238634248,113.43431151288192,1.2044108553567217
10.526423042492617,166.21780282547155,171.15534725227513,159.00949405663047,150.15786468523035,134.8175421682843,0.25410067892450683,147.85093063624646,128.255945602011,179.68722809982452,166.70814012541186,123.42194362589035,1.5892347071356052
12.340105173425721,164.59297935280532,172.45166417708214,158.27263919478432,153.03776277972747,130.32324348825412,1.2886473863420838,146.4390271731008,128.30046756998945,179.41371045522962,168.5226471140873,122.91745343310025,1.91025693366739
11.398282602908594,167.14890139965343,170.12823378685331,158.41318152239697,145.27312034708058,123.7245249541476,0.9950165824292628,154.15234277349015,136.73800967964334,178.2084867436957,177.25039855452223,132.2296359720518,2.20391395269837
10.685762893393022,169.87551240348782,171.21249020357354,157.86066757166768,161.80107309351044,122.76695354535185,0.3505173210682155,160.24923424448542,129.8072555299888,176.5529702289331,174.53143058464144,128.69241151778186,2.3099326476241018
12.036227805404053,167.63255884090395,173.69010684596753,158.91149432986754,167.3320260806114,108.76849409676576,1.452406754306914,163.18289909761666,134.43298657881093,175.03941050151022,173.89026181001233,128.63182991510166,2.5183588624255684
12.6445174289384,165.6250488142604,173.9267946147368,157.64291513356196,168.37013578133548,101.99038284351428,1.8244601062112547,156.02573178785386,132.0381366851759,175.9664499701369,171.73198533562498,126.7412011072385,3.092919883510266
12.740558172536453,164.75995330088682,173.22947242900068,157.48061738941638,168.94666790017374,97.64559269721575,1.2130188758697238,148.78252742658998,139.2034896631561,178.2219760947851,166.38331896393328,123.76914974052767,3.366388211238592
9.48510070855349,167.01836674822147,171.75438639536696,156.09771075061724,168.77143916113536,92.79447085248192,0.3816027066694376,142.88527751050796,150.26960585482936,179.9059754580523,162.067792979578,120.15828220137614,4.362783793179934
7.791073701290235,165.30312722153053,174.12818999150568,151.71876786265182,165.05111671793782,115.04043824826124,1.026290922466991,141.9563340583843,151.796965123111,178.79235757419818,157.93824275970496,116.41139836453374,5.524681210402871
6.876750772957782,163.81177497967337,176.0553045392234,149.14133300242375,159.84378215303016,129.33406451006766,0.3771489709709607,143.5386323570013,128.55407358059207,176.06028752533368,151.66625377571324,114.20971781134878,6.012397156218297
5.872710999924742,161.99488595849516,177.37303516344312,145.25757263488492,153.90267126598832,132.53773415995283,0.5506145692595362,133.55477974492038,151.5549332616382,174.71069892424782,146.63807943329033,117.43734731812584,6.665023291692366
5.155319842357358,158.00258848267399,177.72925513046602,140.51050206673136,148.2727970682099,129.76421823359004,1.0670461048092763,126.62621736082865,131.76282662992315,171.21982417731573,138.76479558728622,117.23468542626803,7.951012402317325
3.715328286794298,155.431260440676,176.96509159044118,134.5258681973316,142.53741628721622,125.9520157154783,1.9519510378188325,123.64093583316533,136.8617958844203,168.95124272229108,131.37516667495447,116.91548786249541,9.587248070445769
4.052739618689898,149.91782131623788,179.7917226203902,128.20044531435101,134.49108083897124,128.05214462689364,1.111772994740074,126.2304067555753,134.30743179708466,166.5758051529218,123.58019385785605,112.28146728194565,10.975554865909707
3.8772871400607998,141.85913917419998,174.55014893685293,122.92515026758892,129.17713047803207,126.76171554802772,2.7038457654266237,121.68472360808912,136.63976371223205,162.6788628435405,113.65714381864007,105.40214026508083,13.35973705168392
3.0118444573764216,138.33627920832512,172.31235398809793,112.47377288924339,118.17059526570966,125.77741324195918,2.1268626958755092,115.32257415018432,132.42982690921596,162.67646471425266,107.58227365290321,101.91269221546777,15.155240911219153
5.207809679882752,133.07465613573802,177.9509483376283,104.64131851728966,111.22681297200471,126.54168696460029,4.418335680808969,117.5634080648821,127.80633098862054,161.0593977416829,101.58973458889338,98.72766949427314,17.184386555231313
4.185509100267129,134.10363403358033,177.59189800464722,98.37416881826125,105.34280150282811,124.50721672889377,1.8929089244387853,127.671544292228,132.78206484757447,160.00480830780526,94.76171128529226,95.17678486677731,18.348144301543464
5.403835079514963,131.47907171268838,175.9250326745222,91.94519673737602,99.85773453374051,125.70428846942436,2.708620543651302,124.97717577892513,134.10432900528852,160.6361643710686,88.32386752918254,93.77490258012617,19.091241488909322
5.769870049450331,131.50852050405712,175.70638895666897,136.27245308571472,97.9455593559053,134.14398191497116,3.7684085932017704,128.90684147320485,120.84880698329441,141.7836730167205,124.0073483553959,126.13166477828842,19.187584055917377
4.7444870249913995,133.75357469959687,175.89236628928973,114.66026482511677,115.38111458081407,117.85868153821494,4.491218067910858,130.28874513689112,148.0718358083814,155.90702118204135,106.11713382455763,152.08407986646117,20.268932478572257
4.796963566495517,134.16234056806513,175.88440882672836,156.07808268029777,80.4360444757473,84.22811807275892,3.9625681796094145,126.3780221969107,138.33367683177363,100.73379189507325,108.09764712623402,132.0991879332175,20.793141051473157
4.617524027218536,134.29025277826054,178.0190912412172,103.69334147420358,105.09148212409116,122.39770230512887,4.477466870202775,130.88629664169684,145.33566248484541,151.2458557573275,87.04152935254218,101.817159712344,21.75453106092939
3.7284213309234224,136.04733223826634,174.37239825530065,124.8301375366872,86.4499359759483,117.93327957686306,4.812770245523546,130.88646504512064,158.4254058312285,135.83458166722994,126.98165865722173,132.70535975756192,21.625477287307017
4.307113036200586,136.15422037599504,173.8716338420781,95.96531403885028,98.06931568088444,126.42116957977518,3.8415082862574876,127.4902079018899,151.51519540186192,157.38845364079643,94.59514006638516,98.8417522770638,21.0714377230043
3.294808517716659,137.34952043965785,172.42919925756578,150.79140704117145,99.85464173779572,101.60641972057162,1.972240222217296,126.84464208974816,145.19688751599216,120.54903667545874,124.03729343941134,118.81694844764685,20.675524841718424
2.7995870257173485,137.81311283739808,167.6174820567085,102.28717420945688,108.81393477727916,127.85167578302803,2.5065940481469657,127.3190666391463,140.38903759472464,158.56315828345848,106.08508290675337,102.95225461739835,21.18407369272327
3.2814123735552942,138.43402666844617,173.20549657521582,104.80713600211772,113.99577491988573,125.63375260317662,2.370183529077043,130.3353450819714,141.08827451727666,159.34597224367866,104.15964783488137,100.4289719426533,21.30638110696881
3.1163855283836317,136.64760221395957,168.95059220663614,112.49266650289556,121.83804123181493,122.79785862341811,0.9528318064984265,123.32302139930714,119.42624153092274,159.8688451783256,106.52307542396521,99.813792182727,20.64249764087924
2.550982884251218,135.14484416753967,168.84476683197855,118.60399490465424,128.3084678100264,122.59777091799988,0.5647203135398114,125.9627006430899,135.99861408385524,162.13313943313,116.26600895641995,106.64282028196763,19.198942721294856
1.500887079098743,137.87661278194005,167.960672086955,123.5932790612018,133.33347764923064,124.80332968919183,2.54668685939453,128.2227201632392,144.95315270526675,164.0392486033303,123.37758666713817,108.94935691724925,17.904726467612118
2.6800242446092737,138.58384185873996,169.64579584549415,130.83825697759545,141.87719632302452,127.60249095677851,3.2071434390936715,131.87357523880635,146.71231719714342,165.60168219978672,130.15813258544986,115.05606656472192,15.964152135005772
6.17840107009336,135.2876791664002,171.04475008405777,136.02045603629628,147.48252872572598,128.75189253610554,0.006925823347281141,133.551500332761,142.23427416940882,167.8121889669371,134.33074399396372,117.04881572226739,14.069188779996617
8.028488203817535,136.47440042894243,169.97515163646293,140.80572124618226,152.2624159197574,127.98608218533683,1.7289726414321136,137.7608758902717,140.64867215893895,169.9150754981395,138.33571506488622,116.51602321502521,12.205321435446077
7.841446668422838,140.9475949123892,173.42063587668375,147.08933620356214,161.1379286173609,124.97846932681914,1.7488547969231294,146.95139194343227,130.71888290579574,170.58970816537806,144.31179181931347,118.75706621733006,11.365754180048281
8.465149763350611,146.47946225334815,178.5513218113264,149.32298315439957,163.4330094782153,122.0796199448065,0.8068720727382681,146.087449407102,126.79982603934526,172.40828629781862,149.28129866692103,118.93326967194467,9.974654883696436
9.90548168532969,151.84460009402534,175.62598377220078,151.52789201802688,166.5442804557054,115.96742454883479,0.6000928356833459,156.3963942886388,161.06385246658877,175.6702439845278,155.34261712651698,119.50115952420116,8.536723104731598
12.188677853117799,152.2433934402055,173.47238126923176,155.04719956074035,171.36971418140917,107.06745236080411,2.327116384855686,139.5610466365439,141.76540910493677,177.48719748123517,159.49478446030807,117.11327809315132,7.227928122629085
14.315640909294837,153.85454029630276,173.26340867843768,155.96540858399604,171.47738575086703,93.07911851550881,0.5104809962623099,127.43838529196584,152.80025509319827,178.6837703179544,163.64199130699816,118.43458745880963,6.105557702684787
18.702203584298065,150.29428897419913,172.30591665361698,156.64482016896056,172.68311842593718,83.922582167589,0.6923974596530381,128.53641277311053,156.71415014384965,179.31570278715668,166.25443857004637,118.33759909683504,5.520969273405776
19.40904450372199,151.24313792929968,172.62814308854837,156.81332733149915,172.3238159913173,87.62762136627619,0.3672938095400541,124.77245089093265,154.08999415451134,179.83071555086252,168.21314082511475,118.86884150807879,5.1573456525670105
17.702459874204198,154.02886203756006,173.17159985386837,156.67562700679193,169.7391800377685,90.71308470140467,0.5191171887760685,121.03882558088357,163.68275778873422,178.78575514405486,167.59150930301038,117.37137043423708,5.157739084477545
16.186631180331545,156.81653221936173,173.54996591435443,157.5372010750599,165.70926675418337,93.2210146111843,1.2714366787813696,124.83998927250639,158.2850441835965,178.41916563627828,168.01103046865137,119.96360209577868,4.600140412089261
15.031628997598792,158.4682476972605,172.4789567948499,158.9703417389385,161.91416139045447,95.47809210280593,0.33039062380777434,121.69003001413108,146.5077257625053,178.54057115815354,168.9511214600484,118.23116932492877,4.061432120058067
13.700412063215117,159.1760953407034,171.62377527403834,158.68611871665072,156.83156737110815,104.63929115622544,0.5518219956860754,119.02110589076977,143.3874138938669,176.9743214736014,169.37229728559404,118.63466127129557,4.490707388404954
12.901715453229627,160.05643915433654,170.38251386191382,160.90103382848784,154.70931369552034,118.09243349283706,1.3051752162569108,115.47580801971573,144.07321287315668,177.5544416844295,170.69350813751547,121.72661188783349,3.8875895061409236
12.75741351785367,159.1488845302329,173.45767745196355,162.75709057867715,151.48563224355468,120.98487036085355,1.9242746122256482,113.77604656084206,146.55834175028315,178.91611785087628,172.87818675044963,121.81325832116251,3.488945228170186
12.946962192337088,158.3762672668049,172.84031832586646,166.22164006769248,148.80269889790728,122.87340524964068,1.677986379256482,109.06473298680022,153.6498510864259,178.88871599812032,174.6608211389232,124.71652142135143,2.6239132325841594
11.997738373764443,158.25857061567623,171.81070537288335,171.51009892562325,152.5676643615918,122.53690847392517,1.7058182597527634,104.4267220795122,158.19200864088677,178.70762545516985,174.7819072590419,117.65514471164089,2.6331077586017835
11.092692358419177,159.28994564204757,171.48224864144134,173.8218930753528,156.88855507937058,128.4401612222685,2.7012650572723165,102.81353010758363,160.77969204107464,179.42013511794948,174.62387652723862,119.91558260989335,2.74042492659083
11.441811513245367,158.39565779842582,171.5880641385403,176.0913249464272,160.62838373463856,128.58730612602938,3.0481060213543105,100.4101086721078,169.72753350718082,179.13538313956127,175.02876265933483,126.45111947956335,2.8676465680418866
11.179277875047848,157.92184413079107,171.3013464395253,178.61117305354776,164.5841718767505,126.31305807184923,2.4509773056959765,100.62976626967892,169.3093581891272,178.79252195718638,173.67059202072974,127.46469483798667,2.5530561335249047
11.448946342179505,156.98267158114,171.0736108950493,178.4319137589797,165.06807200917243,120.4801736607101,1.8740734371924437,103.54294125785684,164.82192282915108,178.56400775862943,173.41930035789701,125.23961782780934,2.737114587837468
11.82686446050972,156.51679015914164,170.95127924367137,177.89984154907174,163.88512717678222,117.50759626188182,1.107826437792603,110.78159107317579,156.3244412552211,179.58765089115684,171.11630351512886,123.21953200616385,2.592607788742629
12.10729814354074,156.3433721509909,171.93085301327616,177.62754791162538,162.62780611691767,117.49868175907523,0.49587614865251156,113.46540993152102,152.88007175126225,178.01754970642122,165.5009355166778,122.7046159803787,2.281260389732384
12.131853915120404,156.32520756075488,171.90907780301174,175.65275602467733,160.31569961015128,126.22601673094857,0.35573821162182445,115.77256805620827,150.03842632670552,177.6344120171933,165.13666203538443,123.20825894004419,2.2492715839031456
12.34414950623686,154.01056923828511,173.36674426112623,174.72239398420598,159.77389269255815,125.62591916373948,0.568906794653112,117.2179208302178,148.54305382726005,170.9676477096933,155.9533882045263,122.21652579824267,2.1718779782846864
10.33656832142341,154.12952599096414,175.2476798517267,177.21621463658462,163.30793303014786,129.38448820723815,2.3692072850419046,114.34687834152845,157.70428040388376,163.73709332180434,151.04171345589768,126.81150653241096,2.5953471646172592
9.12392887186349,153.5196305117563,177.48916161758777,178.32683621322428,166.40491185206767,126.44017601737362,4.313442600988824,116.59738477665594,150.61918221033173,160.41211151030177,151.947935121299,126.6528100618609,3.1014058567582863
9.24531167563412,151.41919397096783,179.7810688826317,178.89848007613267,168.1125801917996,125.105750520919,5.191029992990224,135.7026154289163,101.31081301001434,158.1812873686304,154.2329241949961,130.61486706653238,3.567177633618587
8.665056464148215,152.29288768979274,178.39122026770744,179.62797056761931,169.47760161193887,125.01049296304872,5.764137116044262,136.597710754595,122.08681342945393,159.38305676289983,160.17779037257324,126.10995527849752,3.3217605915561683
8.955671288693457,152.05404566043634,176.61482965586754,178.81743336000596,169.7384968684276,123.77169672003298,4.695797585501084,137.404466601376,131.7287114617837,159.43379506161563,166.49298220643573,121.52550112898139,3.677140976788499
10.24239431044556,150.98479525345732,175.3844435371322,176.55484792756567,171.76518584812544,123.46116065128719,5.326170133321579,133.04225357486138,142.4026654447199,159.1355654618709,169.83855083804605,112.24060024275985,3.6206500695322688
9.959021644963105,149.94025323693546,176.3838501509616,178.45475961604365,169.107317894459,122.36862580737943,6.764741829941868,134.845329729648,147.7165852906054,159.3342224174501,172.2240214348892,107.97527029677278,4.397823975976235
9.421576124521698,149.50437958002973,176.8905191570592,178.44919606050573,164.07495023332064,119.81098009870504,8.362085869922481,140.51536217134873,141.11030573959007,157.96420672876633,170.72213652668293,114.02660308401722,5.143953957481454
9.978087256386111,149.4532140608374,175.67463546911995,176.85005310118328,157.81401145216827,115.1801015162896,7.385791995252845,144.75968909265714,136.36052890364024,156.665303441332,169.4394649093454,114.18481277284195,5.357577988154247
9.931687291400797,147.9257186123733,176.99463299103317,173.849558709513,151.588129485196,112.31731794995757,7.582045277023446,133.17648268100808,140.4168352883381,154.6883250452615,164.92485832017064,122.13221008237282,5.972511430735794
10.702854056041168,145.90902794019976,178.0533327616147,172.3207564755852,147.31120447882253,114.95760541802409,3.7134569927256744,127.4904387783581,150.8475210930779,151.10993897857344,160.46055157170358,126.72597662522222,6.913587783074347
9.066002408016384,146.7772824301813,179.35006091303825,169.2417529544715,142.4418162953624,120.42159697500416,4.225233407779891,127.52872635001567,149.971297878457,148.6296659636506,155.63760200378766,127.02116303010577,7.993153354033276
9.036449161886157,144.74234201708362,176.68219580642634,166.70426427723137,135.41197490198013,120.32249455104899,2.4301655311646053,125.09092595170667,136.4060675876181,142.04857175596345,147.44092553797682,127.04628075828442,9.220011186797144
9.137934978169758,143.81628210555212,175.0913998341154,164.0621027041882,127.72002487987329,118.24192555632646,2.666248248072827,121.90052916106882,145.15517285672738,135.37607068158275,140.41697378870236,127.73125784290544,10.967216270301824
9.724807671693801,141.92823787324,176.69363704404535,162.49646802478696,123.11359744977356,115.89224659069995,3.777718077267389,122.07397470532932,152.76429189484233,132.4286485574973,137.45298056336713,130.2259484595579,12.89422654054017
10.491669636577138,141.36523635236193,174.28933240476735,161.44735377591456,115.06173817611601,112.22499755476908,1.5004720915842558,124.33244029933175,153.0635037811712,128.9196163105963,132.55565202891788,131.13151181697046,13.678911396261425
10.910024903871763,140.28198326154055,172.16809903210938,160.41734524875034,107.76972339310042,107.91955179082724,4.6225131821012155,116.8468591281029,165.9462500917092,119.27562636863773,120.10337756194679,129.6717030684642,14.545709497983403
8.17404004548568,143.7249628671588,176.14497165225228,158.955918116176,99.33113229074492,101.74504737981864,5.762086746104629,116.28678842722306,153.86213155772782,111.1153605006182,110.82468847024525,129.99704300417977,15.809039365231564
6.486073822052789,144.499238895571,174.8694373290272,157.31435511525953,88.68858454424172,94.32442225731555,4.950437634915014,110.98518140823063,153.1041741427294,99.80907795273818,98.63406057746829,132.41905792803226,16.350565713295307
10.490201240091915,140.4676226582585,175.13026318315903,156.7078153350218,79.64478007768041,89.35750160122942,3.457123592938888,128.9620112256185,161.25796324919634,92.19928154385475,89.13961891894805,132.4617583035881,16.70018130646902
12.62924964884536,138.18212027737417,175.630230268967,156.95819324108479,74.60994719683714,88.83107236064764,3.1345925622471063,143.30638499954867,131.26397122543912,83.66419981772434,81.34495438896495,134.3368260585613,17.030419773247285
9.700731484365578,140.47756200250024,174.78842876456378,156.36295553165988,72.68637862824927,88.3748317849894,5.069505631187532,153.16359883977847,165.80488527108565,74.06026807302801,73.58198502044999,134.26756930666426,18.420308532374627
7.817754203773467,142.98453640764382,176.35253258776032,157.24988981486717,71.354421125163,86.21903200970871,4.355258844009564,153.7558493971568,176.57854180636724,71.96038239031039,72.02119539367861,134.72908943467166,18.745183994089437
7.077348305292395,142.8935424318466,176.8344814286422,156.34432137423286,70.57314180907414,85.2080358480381,2.4379625527068813,154.4168885051984,177.3636150712342,70.54950448174733,70.07244953836738,133.12053173039448,19.36667160989563
7.590955290262384,140.73800455182572,177.67154970101794,155.6452935743974,71.93522642469716,85.58552971208528,4.495976055009253,158.45540886051995,173.74588053678698,73.57861771271395,72.85859183247477,133.37390218745517,19.95626515857804
6.7777879160359875,141.69279254524037,178.25926065332166,155.26798658108564,75.95636500048386,88.93081218743649,2.5760516297733003,155.7799656434895,169.7387506921087,75.9505767924439,76.06081491871062,133.64626782396834,20.60073754199334
5.532825211996567,144.0249244920963,177.15062249746424,156.7379095765499,79.32565193684461,91.3371758493677,3.591021475954573,157.5985543822416,179.72446702993355,80.04539390037905,80.33538730432107,133.97248767487912,19.798985151931216
5.262586731583016,142.53347781653406,178.05408845367805,155.35419978635292,83.99927799724723,95.5538637132582,4.912336350334539,158.0329982588317,165.62344258086318,81.53262729633191,82.02121559089821,134.54914837955621,20.549070964282617
2.6838661231000795,145.42814101984814,179.61175087640797,155.6496048790217,93.06810898313314,102.48906841399416,5.870549531272248,151.6770750738723,170.2199087731976,88.07886893735365,89.6392653796546,134.9058178509729,20.577078382942783
4.520248404931657,143.07041465306037,179.8214856652001,156.63157068445443,102.82644123020587,106.86421021997526,4.8923764053439,147.37132119606204,144.1669042724173,96.08853253893865,98.0937584036831,134.94776650533925,20.847614146388995
3.8028955627348853,143.8874481644271,177.89861702411244,157.62102871102556,110.27714517793567,110.33943361546861,6.168516916675675,149.48491046417996,136.29211288048933,101.53500993404843,106.71599519256277,136.55127955809724,21.351009627130523
3.074959115642137,144.33374862969052,176.68847704540988,159.14052976897764,116.96852645907327,113.05246781897165,0.4133794600990751,130.45385274851375,120.43163926005883,110.83786949117582,117.73637531782732,137.04168122249231,21.17556009258009
2.737729857464401,144.20114500759487,177.09988617035685,159.86581991342155,122.5312058374377,114.50655921204404,1.3838296086551363,122.4183768306109,149.32487822899702,117.71934212333893,124.40035754778532,137.58330587889972,20.444603866474257
1.120665723202984,144.51569447801245,178.7415873293057,159.708757600571,128.06576004441496,117.64585605953565,3.0262894456948364,123.29095993240631,163.22527743831066,123.01302520791852,130.058661787524,137.54263057577882,20.02941493688362
1.543382356662824,141.94885501432012,179.96467632340932,160.36356646766228,133.2386333774208,120.49417977755638,3.194641363399603,122.36445499004714,153.5902404855583,127.56826924182424,136.06120390603488,136.80863498737298,20.00715903384694
3.7632046818448233,139.7051447904258,179.20441637499283,162.30946799843517,135.67867684522992,120.1119971965727,5.680656401543037,116.45470968642859,150.50956098184054,131.66427231692097,141.22265149062505,137.0438494181083,18.515059660722176
4.509173929780747,137.7231327207736,178.5340960890185,163.61406027482457,138.70692813432456,121.85346344236132,5.0343895395763365,112.13999463248494,146.31094552423474,133.82657142613667,144.33796976210482,136.90315648248153,17.527808326460267
7.248922434498859,134.5995325578621,176.96259948766738,165.936003842054,140.3755006326937,121.77019797249815,4.000831780128111,116.50631413098726,128.6531994149268,137.48541728830557,149.1855884595658,162.20095088522848,15.700037056134109
7.553503125331941,132.97895224694687,175.61633760787615,166.66190103667282,142.62187317490162,120.22805351261935,5.091074702780074,114.64424862262383,129.5851741101245,139.99357244407315,151.79539762422547,156.95372307556244,14.410703990354294
7.666375600896813,131.8618464259711,176.24050488514428,167.95204761111592,145.1777756302107,120.36713329058816,3.9184975110535567,117.15975822868964,130.95622684682863,143.5836083428288,155.95204435900177,149.66517381748955,12.724339973276788
6.5785264981484755,132.90903210982344,174.02759590458115,169.76913267236768,148.19929918617493,119.9850706200607,2.9934684577983206,124.44343172573663,116.31168648282616,146.52492222296127,159.46496178856407,147.34081363121388,11.185933169902128
7.266592835438113,132.4643823046219,175.78274110877487,172.36877527459933,150.72968706512734,118.19907740132312,3.40365983600595,125.29372936077228,127.56735513081489,150.28742614618778,163.98496860926804,145.5841424924523,9.450080959456205
7.266434055360777,133.21944641713603,179.12107995181657,176.03747689213566,154.50363949879284,118.24606940808181,4.048938807509282,143.89137404585915,117.77251257486647,155.10991217906525,169.55488961436274,143.13658463991226,7.360381812389879
5.245304103261916,133.65411622980477,178.94449350610776,178.03246576222634,158.84859851872864,118.64305054649321,5.493051044674904,149.9642306909838,127.57222440052207,157.52999639189176,173.51436295749704,133.5924535865257,6.622346260307608
6.047991214766093,131.46160408829223,178.1834641173201,178.06937460875483,162.14155627823482,121.18679387491424,5.795082901761319,159.65526709192272,168.60356618616584,159.20908842583887,175.71098973065645,120.92607480443735,6.444623732176868
7.885620438905543,130.78987500011698,174.53008495103458,179.4283143109518,163.89432744501448,122.66408411837085,4.779265796346191,150.0459298275656,171.53298279846632,162.563422145681,179.29919642006604,107.42317704273508,5.480460360893105
8.342055147319044,131.62276495894463,172.31892918650556,178.2776477303646,166.59790648992566,123.42105162698417,5.093106761860115,151.1357610539728,168.81995113794062,165.148540081587,179.08369257799933,107.38272092525213,4.426610980078247
8.335596451878342,133.45404759958464,173.25469115509367,177.13227682525263,168.20259595120456,124.43103895570864,3.7853095013428564,154.2431645887656,176.86323054564969,166.14759212548998,174.67122960751553,108.18677496498265,3.7202175426086606
8.245819205319476,137.5532296843698,173.85266065865366,175.67845596112883,170.49224983057073,125.58284712317506,2.3603130191821102,152.62078342500416,144.35312977032984,167.58774861401173,168.8987164113597,110.71324021434225,2.959705893963636
8.393028134785384,141.13922299012026,178.4743399509377,176.6949288410157,169.9492966751278,126.07905160435773,3.674059203213742,141.82872797887117,124.54996977590882,166.74031302191258,163.5828500726403,117.24752738381865,3.1106283724679247
7.651877795296724,145.91106239473697,175.55998481315163,177.60911707828205,169.20406615245636,125.53637874994673,2.9215909745837774,149.7054330240978,144.27680933168264,168.85663731168017,161.34166543652097,122.37235924042261,2.93676056086101
6.839779269553728,151.53129132696546,178.7492259837464,179.68144510385312,166.40858609995882,123.26266787437942,0.5691791587763667,147.19741700954935,115.77280685151526,169.298608926597,157.45040146115,123.24481446800301,3.256201934434663
7.37493695012188,155.3011626234569,176.33327443194972,179.812452585758,164.71574727471233,121.34139267399199,0.6572554499742912,149.78342503412173,95.19715431881345,172.84271845119054,158.8259458200498,123.72321346321624,3.1089935087870075
9.954981958653194,157.85234320434594,170.88106744947953,179.96903103883668,162.56843693148755,121.69921540297698,0.22145188119444612,136.67052070489774,126.25889645859242,179.9053280073578,166.00008054787378,128.6344943125432,2.0457130506448964
9.972076827508529,162.45664471193362,172.41701169092008,178.98750720483787,162.55553337993206,121.02217075377325,0.537088994153542,134.91224747586799,127.47320019722179,178.34876938224718,166.28901807076497,128.64868503012588,1.4532068084853131
9.777151907150657,166.87616460311426,168.93230578415654,179.12984758037265,160.5657885224152,122.65415690470104,0.0645540202541595,134.21245874981648,125.20823474651243,179.9452544593382,164.4777746350066,129.7482482069157,1.784977690454367
9.023642433034976,172.43218196110803,167.59729603956723,176.9762167815014,158.27506961587383,129.3692057746979,0.8168648937256572,134.32260378949132,123.84230922952348,178.85128242795372,163.71523211418148,133.72802661018324,1.9535784342423423
9.14777800199768,174.54744713186048,170.8912433750414,170.50621106402974,147.51672675710094,138.67398619719222,1.7032095522804824,134.29498296224642,125.66507929093511,178.8800339623631,165.8572247915049,138.78534778015484,2.148587910396429
9.208273742572603,175.62288638648764,174.09180974683244,168.80579748174011,144.87174139445668,137.11583963433154,1.0735326621365555,134.77341222004907,130.31376778494385,179.19795535500813,166.75105616680068,137.95420421667785,2.0534007129438403
10.00140875292907,175.270060452969,173.84348477677102,165.21876953936325,140.54113688147604,131.27262271956468,0.7911018333636783,135.3563359284334,134.81521541750442,178.5317080759049,167.60027350785134,136.24849542591951,2.182463548988815
10.127484769520384,175.1979499112893,171.86818154481873,164.93341682034924,140.6555630213084,133.09706076884135,0.7073975423906261,139.54342982842377,144.58453415439251,174.41670299169868,165.15501592508534,133.8084067708575,2.3839699366307068
10.533033433570338,173.06143917134568,173.35207721834882,171.6996245874366,151.08375976214256,130.93859745229582,0.27707523578784976,150.87247026988865,146.96729918131973,169.0588350299937,167.14023806565262,140.60805791461254,2.689611961045379
12.199907416297702,169.9198915628018,172.48837853816266,163.68136314988385,145.99726183916735,131.1866324558929,1.69305470161323,167.84656420915056,170.956677530594,174.73162514152202,161.1658020058449,111.492472967751,3.1313795558305366
13.205737987062873,170.21794317442456,168.54914391200606,171.72340090652526,158.15792588057866,125.62876627753228,2.1863111188309614,166.74341830092052,166.01399818141368,176.41225943377876,174.9080892922942,131.73412605040352,3.448330272377206
11.278103197322286,168.98255303768465,177.27005992790222,161.46113235167098,169.15172258859394,131.48118474609433,2.2426520559964955,167.90895558246223,168.720924869812,177.99900204595068,171.71452262039935,127.61769767848565,4.486952495068995
11.647357594352776,165.2562686764552,175.80136843517874,159.23697718929597,169.18509315062042,122.25310003967289,3.0708283321286376,168.6150829839438,178.10458650094273,177.43831182300934,172.77298141707303,128.46695385260705,5.250136695797912
9.55754979702233,164.51392368019387,173.57433644965025,159.01608696996115,169.87794059040374,126.39987578379342,3.1909373502144773,169.25203837796505,174.2452754848874,177.91770941968724,172.15494730496505,128.07494972006273,5.784869928594634
7.7310195663464665,162.17994397756732,178.23827946101642,156.36692964081456,167.37499001662175,124.8294161844876,3.4240623496238913,170.35184052060927,167.67417638439,179.57073917131194,171.26229242266356,128.05936812455144,7.292207683615854
8.281733899880276,156.92697714992462,177.66605778488773,153.63550345731065,164.55663782134545,122.73460298444873,5.117992149545629,167.10069745745972,167.0415239509784,176.14045926343064,165.49470090072452,124.55311294897704,9.1224032957273
6.890706666725838,155.58418523272522,175.81620554877279,150.29820365417766,162.4243607280069,126.5283142407433,6.2886296329461775,164.884830054909,165.4374954245922,171.9289228549442,159.28307199473315,120.90986805647596,11.159403947275303
5.353085902799679,153.13914042976725,177.12251339617004,147.24485706059065,160.11813769768918,125.86159058741401,6.621368511732742,163.8971357771235,165.0576039429004,169.53767414575196,155.605126435357,118.952974871648,13.048503609789563
5.301242152024659,148.16298523014623,174.36669226759966,142.96331387391817,155.62066805000075,125.96443140686276,5.148466319941904,160.31024977164705,171.5762150068816,165.88964291748414,151.94849911102187,118.05771133765514,15.521667042529076
5.063866234627241,142.46642943235543,176.30954172803564,138.60528858515917,152.19372444759827,129.56527964910507,3.962114936994646,159.6351048010977,171.0759004429988,163.17399407134863,148.75368184241145,117.1042383419759,17.730996128510114
4.986859197647828,135.8988955385452,178.4241907823972,135.33730931615023,150.78548669034095,128.15770701897594,3.7543401480868646,159.1797644040356,173.1910331601963,158.32017918777214,143.87496223491928,114.78282657627317,20.99121021359056
3.522993591702466,132.64035614259078,174.97347755230805,128.72653174766373,148.5330940491099,130.01159067399942,7.836396120951088,152.7613277719543,174.143937722307,155.16130983120044,137.97719174916028,117.7370741890675,24.390443715635346
1.7532700740264575,135.04379398749992,176.27811989256216,125.75571040341738,150.9187912763519,133.2864147751487,7.617146275599363,138.79707636809502,179.29231540613333,150.5965000951573,130.2605950194622,119.81381684720583,27.523391276975364
0.8512638674309811,132.4328607909713,174.20285546254277,118.95967614075504,145.8092889856097,134.54600723947775,6.405053855138884,146.57560275579846,172.2557183951199,151.40150255880968,128.83653689941877,118.23438274649016,31.02231415242213
3.5384660041259224,132.5630731695952,171.42073802867037,104.96790225335383,130.7739718166802,131.18756013165796,0.8137579546918376,146.22449476141284,167.81992714410404,147.21041058321504,120.71498706342376,111.74092519500697,35.31599891161418
0.44457073918421636,128.89535720026197,170.60587832471032,135.5294451362703,112.20720272789276,113.12921984523712,3.8935553005571797,149.61879012033305,170.7674910664558,121.39964024866025,144.33426556719365,138.69509830225235,36.06243804518088
7.15234298558529,122.55062674207106,169.6479779770501,139.1575467682964,105.16914866444695,100.84282766949751,6.913441297362609,144.4166688397275,176.96254526095188,107.78049797106362,131.92957509243988,133.74745752836824,37.74410428427706
7.693717957919744,120.66185507291473,168.80273295158798,135.09604879577049,102.25926032815897,98.61425320159469,12.996260838951995,145.84174014734054,179.94654366698146,103.58905599621427,133.22485910687394,165.01009708482425,41.59967470231107
6.505852992218428,123.24842466010995,170.55276881980942,94.74626118695981,117.93014652317693,134.27638005599263,14.572274223197056,148.66706014764742,178.54385865345384,135.7306234287967,109.88376917767994,109.10820810102832,41.602957039870645
5.851892532736354,125.31577686558425,173.89887317023337,89.34660312232111,115.40616964231413,135.04761788920717,18.014104598672645,151.95192911724232,179.04459545803152,138.78302574775824,106.1540909165921,100.19174637674223,41.53479563372305
5.130295209624891,127.18188771478749,172.5198103098246,86.16486987608315,112.85952202658036,136.05442285560505,18.240992213173616,155.51726877179377,170.8723661095661,139.78165835196617,109.45263453915517,101.25661106000543,41.598212082275474
6.0203770775730385,129.41660326063294,173.70697533702779,90.0598432380845,115.93470629525366,136.61057252612878,18.249550971415218,158.07557946344733,169.0596623664921,141.08798100616892,114.50758479416606,105.62636754533344,39.922613550013445
5.315844333997164,130.51215541406512,175.24657882823377,137.5980572792618,121.57633580063211,117.50357057752089,14.041415291202924,155.12972433998564,160.2303438107768,98.14377751968459,125.01931541241883,136.62918345465434,39.2716200000491
4.492842810499713,131.47013289498298,173.36882971695033,139.89865384605383,122.78965181330197,115.94708554835749,15.89659625841206,159.7355492572085,172.3909658920002,104.94742580183681,134.0334863581761,133.34113196731735,39.286334588338036
5.11687277634198,134.96024372104816,175.6332691318513,143.59844380454348,123.58361909429892,118.66068689489431,3.310291193021126,116.96352805440121,165.317137589663,114.4213239396703,139.98520097121627,148.24963660807245,35.44100557883688
5.5531068939589145,135.4552311825155,175.95449624037207,141.4811619684522,163.06934085134347,142.44076048066086,0.004080996948579802,136.08302356953155,157.589815819398,147.51027311895945,140.12538338274226,135.06512395982324,33.43306510301854
6.677576325116046,137.57226450562874,174.82308371021898,129.2374405589211,157.8458287507216,142.87195552831895,2.3261644110554505,148.37030807035487,166.99554808450154,153.75700415564663,141.8892521346475,131.0346639040624,30.20701008150994
6.263189952753061,141.53460347754492,172.0235539556081,133.3073342809239,158.2168344618115,138.59382599219654,1.1646668014786195,155.24253426619472,166.69716199536072,156.34366677636572,143.8448304230815,127.75530605795022,27.14043047732895
6.8557885329317285,145.72721539580527,171.66672018334032,137.35997967732584,159.29506283367584,137.30198483330074,0.8568154974848154,156.96082557120303,161.71020388086336,157.23038727931512,145.6703872936639,129.75674989020766,24.046627276325435
7.608898598233706,147.7981566886645,174.4675556846383,142.84358614776625,162.89944422951132,135.0651394404843,1.47570496907382,154.8679345497909,162.49591955548823,159.4692607140163,149.75104945468934,130.38162703849488,21.533697772549235
10.906505629572866,150.58993976291396,173.53126940983776,148.22446724104796,167.47294618589072,137.66105052733838,0.7508644138506569,155.8599020079624,165.2283532011064,163.39308110180127,152.1741672486004,127.68526811972848,17.92979324185165
11.566082794186572,155.94230230919237,178.02406654853354,151.5010598659715,168.06798132407232,140.06080517419065,0.9518643844784676,158.62154030176077,169.34214952728232,167.87594489899826,156.09297390280997,126.77450168694192,15.010312878549271
13.075890036959638,160.3248318213966,177.95403691570505,155.38073448333947,171.57034588559725,137.67778710462562,0.2283017173108016,161.55908059849997,169.38358986096992,173.48001505703732,162.0733340507475,126.31146928364214,12.352395168328114
14.410648368057696,162.11419470097667,175.28206603379962,158.04046870733117,176.42217039052576,137.6001952008362,2.9343763351475793,161.2362381341322,174.50747422828488,176.15759986279596,165.01587742393477,126.4440205215318,10.950807385368295
16.94276208892317,160.98703687153136,179.4402409368349,158.57463216377553,176.79502681975276,134.04418703286518,0.46784319369499255,164.792794926357,172.67232837010962,177.98570983023598,167.71704155835886,125.2962513543469,9.662938738338642
18.598089894121994,161.2286161142197,179.20507425262085,161.37911703976766,179.96030709903889,125.51060091799484,0.5305424154198294,147.53290178324974,175.9140593044008,179.23719569262465,169.65558924163355,126.10983949513648,8.297205711702947
18.508947877926925,162.99282411656156,177.67090432583927,159.68314160231748,177.05214486072327,111.23631979236445,0.49073220704339704,136.7868090985708,174.49667222391855,178.33876490970675,168.12997789789873,126.23057283439474,7.545289512799473
17.128567221595674,165.81145978368053,175.84356680693818,162.14206329960172,179.05846240402286,110.48117578999026,2.2643527074034244,124.65162413590262,172.79179764303566,176.5597677354687,169.35991369001,128.66185873763155,7.635792217532191
16.456082264556382,167.58270100360912,176.95236570263157,162.95713751513705,173.43786636415788,110.65008809255959,2.838465429551609,113.33303886866774,173.48424737690874,177.68842446772013,171.26807949525818,129.22945486812108,6.607523220195849
14.65081065009096,169.67208200908166,176.80951390651666,161.82457412365503,165.52989519080634,108.31101116122184,3.7395821691344735,115.15527898906001,164.9753749773916,177.79840351436374,171.76022390008472,127.93970181383231,6.151594053001298
13.49270429913717,169.0502215408421,178.93836233876277,161.4574986993303,158.64468480170007,119.54429787001162,1.7024210738036305,147.51115917864126,153.51156829176895,178.1809152058184,172.7493612431926,129.4862641744255,5.62270621983408
13.526661383792966,167.38940586490742,176.6820667535037,162.9739325116086,153.57321016542065,129.33132547768164,2.0796389032736196,129.08527797065943,164.79164849623996,178.9256378109753,172.94843367597838,129.53955499308825,4.755565575041225
12.941627896538671,165.6317406282386,174.0384811233607,165.258863568771,149.48380606558158,126.1235094242035,2.2902315127564536,123.9606748671324,174.89977318662278,177.31315742279145,170.8347247598868,124.78718723856235,4.785265882561714
11.44393459030366,164.441047207136,177.21161977112612,169.02178628183225,153.12912879164045,130.18821083604584,2.6569247855637794,131.7140008731391,167.18086378634433,177.44696848201903,170.23170551184452,127.41665337903125,4.466025498646787
11.634692278330595,163.35432288395998,174.63528081813064,172.7084461231265,156.1060562754398,129.31136011694642,2.3479899832122246,139.37791735041503,161.32773645318625,179.61610201407603,172.52009348922738,129.41081199364564,3.9358313624489334
10.945674681246379,163.33969583913964,165.42989367905744,176.5987665736647,160.16178688786184,125.82984884809541,2.9478799792295223,147.43375676987208,153.46561274005418,179.42638246896354,170.43955030178557,128.3452351571234,3.4083983730436187
8.762482447023832,162.47299875960564,167.1609678437131,178.6743843809208,163.9419962481167,120.70785118414722,2.651636118042052,157.71357920893053,172.33946024337988,179.70804029896067,169.85965930702733,127.40401842628552,3.2109028895347125
7.286828791498257,160.19074971584675,168.88369136504204,179.05706128091137,164.6286345163031,122.56912581775805,2.028757194670911,163.74175901974579,174.93143793586174,179.00705591937583,169.12913808425725,127.32393335328186,3.3068702555750433
6.721409848137718,157.34591060853322,172.71859900810097,178.36090209550272,164.05106333236523,124.78061697775965,0.9292217018333481,166.9126454069933,178.03186648856956,176.78914869693503,163.8953196897838,128.70967416497618,3.173811926796854
6.557398575555987,154.44104984144533,177.8456994258808,177.99556903267583,165.81919994035965,125.74633721317421,3.3486782532864843,167.65913085053091,177.53450964910363,172.29404257216362,156.2154494593541,125.72027185686346,3.589291598440568
6.368551844074758,151.95746302186456,179.3904540587924,178.16835726265214,167.11203246330263,126.90853814053702,5.241908611684267,166.18569109136737,175.46783906279575,167.09013856584713,150.46802840905974,134.40572310811632,3.7646957553324594
6.787911583656866,149.52197584419892,179.47635745537605,178.7132810345023,167.8498192848593,127.810198019616,5.756588487553328,164.57609960380424,169.76185020451678,163.5874911319161,149.2419500555854,131.18176490168236,3.8753476556859443
6.4487275765592535,148.15101684472853,179.84828877677964,179.41744444818872,168.59929118055237,128.68221781121312,6.111672196068979,165.45164876483082,168.03318642481827,161.92655329362685,151.4735983609774,129.533474822167,3.633130317943595
6.733269565919738,145.6859091775702,179.66534546418544,178.51737800966532,168.3175073500482,127.2548140793251,8.089205231515551,163.99242121284746,165.2594240717158,160.5124890295382,154.10954259171194,130.1538594569903,4.097183306262419
7.480547377478777,144.54015687143166,179.7584908192406,177.9492878560291,168.7743049063705,126.66711825870122,9.01232847387934,162.97402655641824,164.22622232654626,158.54016202440343,158.83683398630728,132.0493389639722,5.00534102446499
8.21410361887664,144.33691453542494,177.14054097261916,178.73471229973944,169.78493366545587,126.72274698521367,10.506122978018677,160.3339329086436,165.273953926443,157.82158750418444,164.15836580376924,117.70832312250056,5.326131497903838
8.382739287297767,144.69750297874708,177.61311070782662,179.22068504192538,170.3381974369103,126.34864270883274,11.005651329944788,163.02710085091485,164.28713136506846,158.80199562447294,170.18425588285317,119.3287038064951,5.793239619674038
8.578017295446887,146.86675597725215,176.2004955485481,178.8359180649101,166.41577356306425,122.3926082891323,10.845195690210467,163.15874861802163,165.72357019424976,157.5126755393827,172.7483052573292,114.01959769590066,6.067060096054236
8.36926854262749,148.08508253020565,178.50418320448443,178.97940350420177,162.4973288725347,118.33246719223779,11.684270405215372,160.41905970211027,163.4072876991976,158.7065577557987,175.53243611934658,109.30085424711515,5.910608643096323
9.631339000332767,144.85192270691417,179.59007922742575,176.84637175732246,156.6327649474439,114.13601812810248,12.924774158394712,158.152400584635,163.5045291270698,157.76671666213383,174.5396546775553,111.08830070607205,6.543257416342515
8.6351497773777,145.11330704690602,179.88082099433026,171.86099072662338,148.9562847990869,113.5267192573331,12.608622505410885,156.91207192601922,164.31893483785976,153.3209185437882,169.90807427496452,113.19455454910359,8.318292058057542
9.796854755129859,142.68548492351115,179.7838203862825,168.93777182514214,142.7754108562095,115.80212407776025,12.420265134485437,151.0230795103971,171.0383829793808,148.91060333988435,163.58397396772654,123.03344502384805,9.694476694265276
10.646473616779133,139.9309243000407,178.9258810680996,164.9140841035984,134.38630381160905,121.27599602398996,11.253104835342109,147.7469686132043,168.27996154135096,137.88210122963267,151.27634628772591,127.98319954044175,11.789053703145875
12.360249683640749,135.38818400296992,178.9828744662367,161.8838102843397,126.78375349054336,119.01949625901788,6.995307707970393,144.56278477703984,158.06047407852665,131.54140069558133,144.49696648950078,133.22249433095254,14.32991306733814
8.995730056455201,137.3953710431482,178.79378005568518,157.4330961462389,119.31008383836088,115.7513377503606,5.8141064978457155,137.49043460704823,152.55178150622731,124.09231973741227,139.42062118923752,135.63236981173682,17.731981392758502
7.2336716844257305,139.8762360379566,177.9153322500952,153.4133736270031,113.26940507529055,111.61656332908935,2.9753070857794626,115.48345663680854,150.33322918164058,116.01321744632757,129.35833072637317,135.44794829862929,20.63057758558603
8.063343351341304,137.55146146479757,176.79405933676765,149.71997278421165,106.09705470102996,108.96609014511192,2.6428379341788264,145.652384820091,178.93033185340218,102.22090656771006,116.92917292658309,131.4026870925589,23.719511187510786
9.671604636926716,135.8842971540296,175.00211457978583,148.88384879321745,96.938675292456,103.0750947530317,3.9155105824420504,155.54987702954367,154.6893942478036,90.45840989157941,104.4842053620984,133.28913827233433,24.552534678338095
10.778042866739451,133.61335864038568,177.95123703421345,146.95491356409258,88.59205097734893,98.69822387127607,12.522981161290026,157.40349776683559,176.07316117131225,75.89200017378437,93.66886591369926,133.81195394765643,26.81922116396941
14.836643933320156,126.35503642074546,174.71740081274473,142.12311223795982,84.00638883413774,95.86756362217766,9.512751313310625,154.7498489047012,161.68535102162025,74.74755974172633,94.00357169926457,131.9187850259792,30.512002132408202
15.715051226482258,124.29651184307886,175.29842415268357,140.45995568250046,82.04563718151408,91.13738434377467,6.092503517140181,156.20009356034595,147.50459978128538,69.95380000944152,89.75127817336866,132.72411216842053,32.53213083455432
16.913645169075092,120.98792958276798,174.08274567441086,136.16331565584252,78.97597948840757,86.66130175134145,2.5172671428138336,152.2245787197479,154.56044562305482,67.95827864951517,86.66447524148214,132.92169040701054,34.95508609024893
17.861480930954485,120.66208605192172,175.3001897138255,133.54756878445386,80.81843193610095,91.41390343295788,9.673748581335646,158.85405114816365,163.52387397365393,64.56881342642315,86.23604295841544,133.9950066050503,36.67274750180229
18.64101936892498,120.82942367752845,176.32293905405214,124.48842112497762,98.82504832255947,118.48597445607156,10.128743662015461,160.73090690274023,161.59109524344177,66.67647450880008,91.15896226468251,134.94235991969657,37.90915001785339
16.6164996043946,122.51486826344377,177.51095606997018,131.36645623797202,93.12065092123264,104.45089627376882,7.908808407778213,157.64372515991732,165.0551466919576,69.23268717427048,94.20807788022697,134.85952409803517,38.51572693514642
15.300325726011897,126.19489445476675,178.04481197063583,135.29850108242252,92.10702387902965,100.4848086507779,9.866894964674596,163.1348313100229,174.53797248221113,74.88975017080621,96.22277325056493,134.01657374313334,36.24081241008024
8.52626713514385,131.24961464220075,178.82147390581125,134.72763778514135,94.1954129131518,100.78096839233268,9.952659221550247,160.6618323418541,172.13471878238516,82.26965500448692,105.65797081806525,133.38204080515197,37.966770581549454
10.373970436301619,130.74103161981407,177.84066810268195,139.42642038408601,104.06283601031252,104.53747117938484,12.031587097484362,160.27572031283637,164.83168009897523,89.73994844102631,114.22293282265336,134.1319187413679,37.40039672201658
8.871179261556154,134.4130472686078,176.34215186891697,144.05309945879216,113.5730418747411,109.54798361952062,9.017162517433903,162.11634068566553,166.5272234480666,101.12154075693792,121.04738488999956,134.53441560693992,33.8549111262993
9.863714224952698,135.1256869209225,175.16853758125944,148.88549599640874,120.87482049817126,114.6648022829607,2.5477211177265797,164.54753404424187,178.83714697036794,109.01277235130462,126.49824073443463,135.77171433832962,30.941710229301908
8.151058495331837,139.1098952347414,174.6923829829576,153.16616987256225,129.29702277355548,120.55697361693156,2.136935350677926,162.79940291294923,174.2696395778136,115.98803257070277,133.73499003324306,134.8533030431362,28.474036630195297
6.120689062221395,141.2783380003421,174.38181359868756,156.2115892103735,136.07564223752084,124.05775918300641,5.857973159827086,157.9929808878425,178.87866809723997,122.00773807639858,139.71460580900322,134.4183773740157,26.968311230584835
5.031741200338353,143.5410110825817,175.74955084711428,160.59159458185812,143.1433786833177,128.06740227798042,7.684609111122411,155.86368466752484,179.49438528572807,129.9541170507688,147.49714730920323,133.78145679915642,24.928683878354274
7.131764747546331,143.43427310279714,175.40178310336242,166.29931076875485,148.11885765583867,131.57979920056343,8.689139310237856,155.82253388068037,170.98826786717132,137.17596642745357,153.5365887323061,133.81473328036535,21.65940756443128
6.428384700250451,146.3704669517406,170.7621459291697,169.6932093355245,152.65325709011296,136.14284247774287,10.832384568323882,156.09319160394597,176.11883017280311,143.6435492147091,156.67356825259492,133.90052860321794,18.746825256480374
5.45412671084447,146.91699899270597,169.05589654433248,171.78855885048367,155.61166883262615,141.4245748985716,11.414602069157715,156.8827462468046,176.96222160893447,149.47892589124908,160.25980079902718,133.0491682162279,16.74535396800432
