left_shoulder,left_elbow,left_wrist,left_hip,left_knee,left_ankle,right_shoulder,right_elbow,right_wrist,right_hip,right_knee,right_ankle,torso_angle
22.952599237665716,143.19017550630127,162.41994599391367,178.13117675311975,167.92846933342972,140.24978962108403,13.556407587438159,156.13448295710262,177.05545021339597,172.0304628384583,154.77391374517595,142.74430022282903,2.483222123423029
19.199227215008158,148.01625065058198,157.96415175237252,178.35471923387425,171.90953169404742,138.31683153087428,11.712947436370593,159.5528793246852,170.4563269308783,164.7921211615716,145.76087172503134,147.70384035956536,3.4607800778540723
19.981669610987257,145.9942762250288,157.61249608334484,179.3686132056919,171.5278014455538,129.1338279526545,9.925363780832866,161.2038113634248,173.93936392202525,163.9852157077376,143.03746887067143,147.82740997882604,2.5360487573296693
19.22715054102255,147.3846008897038,157.0680080377501,178.85638694693154,170.38857464044887,125.43681535864337,7.704500819257063,167.00806475880225,168.8334701259831,158.54420439337554,134.84181049307213,143.97813807722164,1.928085075332297
20.350002372839693,146.73612588220496,154.80852120342462,178.03100691672867,168.49045379352953,130.34331753005765,12.472452513363562,158.98792132641796,174.34943558329454,158.35901906447396,136.48730031806633,136.40566099117567,1.0114367327196747
20.308879208097757,147.0452725725721,150.11917304171635,177.02011121908777,167.55606975091553,128.2430266853919,10.62592637896571,160.26652609381094,162.66776599849578,152.90876512030223,136.86931279573668,129.93837076747343,1.0172316097033274
17.396760453556254,151.67086480030042,152.35630029380056,179.35758267625408,158.81037042456128,125.12973561524126,12.005509219186866,157.7879020083765,160.05442318876493,145.34363860647676,138.8896661752862,137.6338316457338,1.4729533033279805
19.66363019286554,151.47423337412792,135.4996187353941,178.9583562420716,154.9235123385417,121.97719004434418,13.779283221661688,154.99250521557707,164.90682210410438,142.56525774246592,143.65910827875229,139.27769540413505,1.504540134477054
19.98866015973368,147.02608424196663,147.95069123566745,179.2761218249779,151.85449509200808,117.73137516265766,14.412248789911272,155.1043645058988,164.2735830829814,140.85899470051814,147.29143360818577,129.62691728028116,0.963383319399961
18.422291508553812,149.93591731358615,145.86293263907277,177.77506569323685,147.47821493333524,112.1190641358875,14.512160339506424,157.56400305408235,164.6182884702399,135.90621930046427,144.7610606214849,124.38574890486491,0.7997967447139258
17.601921953340714,150.3932276240785,152.49186010229462,178.10071924023154,141.19416147700525,109.71578050686479,14.87689040666602,155.26575760883873,161.83804862405682,131.4268322155448,138.42330483780682,123.13941772943056,0.858949501651092
19.175768635888723,150.004130357159,149.60429784539537,177.26900388245855,131.28196419649112,105.7117232719413,12.066848297097298,155.43265161862672,162.02106084769002,126.91164283285656,130.22214705285506,126.15014172511628,0.7783919463664274
20.112946790754243,148.6158311011019,151.15992490676345,178.2070050507459,119.91429433734788,97.07175100702705,12.77286457419198,158.41146460911793,169.42343773536814,121.14296022691912,120.69969697578603,124.74772383491135,1.4179982562842726
19.076236859492422,151.85793658572632,150.9992487535804,178.18190348572426,111.64621132778831,95.59537543442913,14.765446566216248,156.60743431378395,167.44346023808166,118.2527979430389,115.01136623602454,125.05255828030538,1.1710712425415353
18.638245081563685,151.25220600851185,148.55872736824574,178.84812384153932,101.734305522353,91.26012461567423,18.538052049386312,150.69435996509677,166.72771214821248,115.68794183758725,111.73630631389732,125.23619193399392,2.508545511554073
18.49177751843398,150.5764795089994,148.9988930580012,178.22822006622266,97.09124925599563,89.87493540384574,16.823336477615808,152.29495150515706,165.32695307531517,113.4911946094405,109.52360169461656,123.87780861011694,3.6578464475899706
17.412378134151755,150.259001946575,154.22452701401602,176.54880528617252,93.86232843891443,88.46309572092919,13.13309247695109,153.8107937518508,167.221978775055,111.09561637042617,107.19663479788706,125.37652423741213,5.142600891297141
16.332147604882035,152.0763478830891,156.3440635815684,176.25153628932784,95.62149973710045,89.69877661132304,10.245422231676109,159.19004413527114,166.41074017722522,108.42630329361845,104.7806526057165,126.91742718748569,6.327462066035491
16.343780255531563,150.39573487701765,159.94591566493986,176.1143289831431,96.98971916787437,89.17531130378885,17.713481914824143,149.75509761766162,172.56489251596633,108.85835118640655,104.40150536418228,126.15011952708034,7.080747438569114
14.736203674757798,153.83220401331303,159.8400531413594,176.83684893177423,99.41024695909016,90.49031308385607,20.416940632621763,146.3526688747264,174.6345867343973,107.1536351188815,103.00089560535497,127.01775786274746,7.7379825121120644
15.675927617654565,153.00864693081527,163.2051075000786,176.7760959798409,100.2230963278039,90.44292426648921,28.130757725917114,139.70456002952497,165.12946814140426,108.87056754425612,104.54394281838786,127.67929296657759,7.954875829422817
16.791824076029826,151.11808393787905,166.26541057548832,176.63578397884336,100.2362245397712,89.87678360270827,33.27406541839982,134.4317037668224,172.04128687915815,110.56958510899914,106.1946738248706,127.95017023018202,8.050786996864833
21.62492172733237,144.5776922817553,171.63322844787916,176.9995668319828,100.4549935101074,88.97810451922794,33.23024147496998,134.3163455924848,177.6225044408855,111.79270423899662,108.10670260982329,127.68334634163581,7.696459557511433
22.260519537446118,144.9605048332348,168.57290465814322,176.1433725000029,100.05927582876556,87.70639685818931,31.35954996737944,135.95983332232495,169.91530022597985,112.62100528453239,109.55985378599334,128.31393728074121,7.396215548128811
21.397395117864463,146.20008634098338,166.12861500970533,175.89442618723217,104.46182584416634,91.72094154874547,26.494442716083235,141.76545126930145,176.4466026256984,117.72166961156096,115.14579182139875,129.11997569396777,6.9520715317583575
19.38381919955291,149.16233719948565,162.33705456714665,176.3311042386498,109.3117314578118,96.17004734723655,20.54849901652672,149.18946221839573,172.85979992791036,121.36094392771021,118.32032920044965,127.42621833661529,6.379881978347321
18.689383655214563,150.4284645311296,156.49503051756034,176.08184519797362,114.82762468148503,103.6801777957635,16.603941810464626,153.58903059260538,169.88960247790686,126.99631582045346,125.77705571564455,129.84023491276218,5.489912180408483
17.463215765843827,150.59682639360284,159.2759045457105,177.6587616934845,123.59252387999098,109.7655582476443,11.224558531124984,159.96900884352272,168.7794535563975,131.39746910552748,134.41306485555504,132.2573161197322,4.9786665790473785
18.344446931331433,150.5532194713761,163.48286283850018,178.83788535103008,135.19554115650598,114.44846755194553,9.751625052884323,161.28134318591054,168.4180718351556,136.27485899225027,142.8176238802806,136.81450420022617,4.853915326876266
17.372807374562015,149.38101040566767,158.990924163637,178.4720154143143,143.76919872306266,118.32709473746772,11.721164757417739,160.68257793411343,164.44562245406436,141.2647845227763,152.49485595517413,144.76400681007235,5.280808551798847
15.599870209873384,153.23919153222644,159.10218678939708,179.48138887994511,151.72371277225022,119.69475795110431,13.672633078338352,158.23881638938477,163.72494131034196,142.64695731712158,153.9546178185845,145.50798072424226,5.131847548326849
15.92615832882761,153.21296509952327,157.54874430103283,178.4049445192953,155.54650328343035,119.78579550489053,8.805694175880776,162.88505647300255,163.96222434215747,141.25946270122293,148.4637701229598,136.0685098749606,6.096205901976841
16.919248091259924,151.69165949697722,153.42050755472144,177.90955026689457,159.777013550422,122.35819339105589,7.821361318674285,162.95113699843637,168.05741144921853,143.81088729469982,146.15618618020628,130.51178734365448,6.515604472535122
17.8113872829007,150.73398386158541,156.33905164276982,177.68586270431658,162.8793180185686,124.10316902156174,11.067632275249766,160.75772882690035,167.3139491522989,143.4626846437881,137.71600342537596,130.02400893729097,6.953146107057021
16.16117925194047,154.1343664694909,159.5667372610907,177.96974821531606,164.63716387767323,126.8990315038794,8.874410202639588,167.40398350087997,169.92569880024,146.11087909159585,134.19155713515946,130.6444763374141,6.834050522149051
15.929923595703974,154.883603020552,156.09192464017778,178.43212386967437,166.16334106581436,126.67484366082553,8.36672771384899,166.53249912892923,170.84307280227176,151.50726368131447,133.38349754386113,130.87564219980695,6.673207871535769
16.25777179487771,154.37802620959417,158.20307472836214,179.24728990183834,167.58313789473758,125.88185558238247,7.595903316037912,169.84931216012862,171.03362317703525,159.8998625126456,139.28654479247012,130.77729098859038,6.14200220041193
16.921768046811508,152.67365155819067,155.07327021781282,178.71481415904765,167.52765780221054,125.55774954897558,9.318060962289696,165.06820982316466,171.472345872519,165.4947527323021,143.8754867314459,134.5102116176463,6.249138542268723
18.540036558222944,150.50307592130827,154.87078460481425,178.20470064140443,166.36276852091032,124.94524191332928,8.11715563946825,165.9392004603557,169.0963841811559,170.78921795853978,150.94895698405838,128.726729737248,6.19591185943472
18.448401263729366,149.17796249371045,154.57253707613634,176.32041570313166,162.2694748103186,124.33194496527064,9.269809530343487,161.1992055298202,167.9171378400052,174.08609042989892,158.89287494804591,127.37186490929388,6.583115776925101
18.90905404411988,148.32978282927465,158.4315139970204,176.50991941128825,162.09690149908408,123.39701309476023,11.07543984441262,159.4855868869887,167.53394051873386,175.5708061372125,161.54065302343997,125.17314806526629,6.433097075920015
18.690329661762096,148.14766044255887,162.0066348820731,173.4305133495486,157.0785874088972,127.64796238953791,10.312458678022846,160.4401551822189,168.34598398486392,174.23875781390691,160.24651981561567,129.1748448431315,6.546674637039807
18.58041048492191,148.97780742756467,161.59539736998005,166.32890360189987,145.32987048311938,136.49821327935334,7.394542467362788,162.59183847923643,169.29710509327785,175.2493683948944,165.69664194372857,140.86316383605876,6.793506487439233
18.78322032618993,149.4677634754552,162.02247843794115,154.89594670828473,130.28835813923303,137.59000824478414,4.059580495014857,164.61671023159943,168.81259752428124,173.62746374210442,167.77054405193476,133.25890676325454,7.77848609320893
18.81399427971496,149.35845108461717,162.76301429746866,148.74161085281017,129.12067791990555,140.668015766406,3.908797586713999,164.87685700124243,168.591375648901,173.66555292984398,165.9620122776892,134.6258948949976,7.7941842923538545
19.6209382237789,148.65145207166765,161.22390254109249,143.71040967747012,130.73318109365758,136.4933884767129,3.072946938545689,167.03074829135525,166.5528192825547,174.83381555405174,166.22653516076306,128.80820047370796,7.368064071866527
20.674552288004048,148.79256899979205,158.37359413771483,144.91388632780527,137.6323363188133,138.65480981153266,1.594739530853786,168.54554602580794,159.7766370630626,175.36552464005737,166.02343512447334,125.17816507500164,6.341273630896418
20.28496879290534,150.34397578640423,158.34208696680395,144.4293163972434,145.16151287585564,141.92514357007298,1.3235974631739844,171.05848933321994,169.73702863106118,174.4814679381556,164.4865043750979,123.29059642569614,6.19462140445352
21.24112578433092,150.01446891916498,154.3227817335813,142.68129797210267,150.7820757776889,142.88634770269093,0.8715335938650609,173.2496787277414,163.18051343399438,176.80516298677654,163.12496287589173,122.2942103042664,5.366443004261817
19.62631389178585,151.95828472425453,146.31956437600846,140.71829311655048,153.05265349770806,142.82549570708528,3.0408476092559775,170.62263815125166,162.9983780945156,179.87106371689623,163.5261745653221,118.56529947651747,4.540656851944045
18.383132467372263,153.01896977332058,145.31642669354395,138.9493684330534,153.5582194140888,143.33892575134433,4.7735852026678876,169.53371759361616,164.3168774762354,177.764040058071,158.6185586262125,115.28879032463134,3.563375170260635
17.37104349077037,153.21951797121207,153.7119013841047,133.0017538797293,144.4506314323528,135.5146162439951,4.921825359270622,165.99260474370521,168.6325658485108,178.16107688531582,152.1630351606664,109.54362635672551,2.9983800283558026
18.39816016729989,150.94511981448326,153.63313338355024,130.4529393469783,136.45841747106772,123.7036358610707,5.991588325024655,165.56756994764257,162.0630942338744,177.98509488066256,145.328833059415,105.57110053999605,2.4887940939619226
19.196912961877917,150.91615297726992,162.94987242624407,127.4902341638597,129.78432739762596,124.00855342725151,10.581238157743503,160.21556158958467,152.96008836341701,178.3718604798577,134.9295973431496,107.69508354237911,1.605530366842962
18.690029202092386,151.4895935264242,164.20966329330443,122.06373721094162,121.04140610277527,124.48234531674187,13.40020587644853,157.03457611322258,160.54694767294183,177.22571309958332,120.16823103698721,98.67149400162842,1.4884918579687079
17.834620449962443,152.46260642592205,162.27862800073686,117.85679350159597,113.57428817782504,123.05400304563251,15.501789559971465,155.56942456684143,174.58226059607048,176.52955048071374,108.90720303050158,94.68025394516803,1.020627851764433
17.42082996671036,152.31544445240647,166.46774250790946,112.84418308806632,105.94099138460167,121.69133949191107,12.91595316591669,156.93798600321747,168.83362605340199,178.53963979994197,97.40590377835046,89.77664925901769,1.3361403802699006
15.353571622398196,155.95184053385077,160.41629543502327,107.34166289301648,98.18206309266046,123.28617062496427,11.81151533655543,157.9747854351362,169.18677903531915,176.02721248886942,89.75337889239265,83.18618003556088,0.8931488276786491
17.220327765720455,150.73182860748287,157.21206792204254,106.17780116839475,96.5133565425972,124.15343825844235,8.946745815719748,158.5125139248912,170.74610681072267,176.71114440481387,84.63820971535733,80.0959369008582,1.7536155145591636
15.80461205305542,152.75602285154184,154.33229064194242,103.2960714835053,92.33223754514637,122.38671623302999,7.780225398644336,160.43956139927724,173.77496515420995,176.71153547059205,81.22463556882336,78.0820963226835,2.2345830062093226
14.591648065009673,155.12755608817665,146.42039636945748,101.68957992536684,89.04245137322953,119.97704775162117,6.760955196231185,163.33765541741627,165.29825972498736,175.7784984672043,79.75824653108252,76.4810070911379,2.349390568620352
15.928849772257164,153.9664203045296,141.144969552434,100.02836827755873,88.4243602180738,120.413594980822,9.177485481411312,160.27917384022746,168.1473678205373,176.41580636710253,80.96028745702321,77.75575985277098,3.156094358825668
18.230135892153758,151.12233973514856,141.396451668868,100.99185892608976,89.33214563264895,120.84099916308365,0.6983979409188468,164.5697037680966,150.19667766369173,176.54003728248586,84.97547363156409,78.98828727368343,3.6324016235518246
19.048165436935918,150.5333580404341,143.37045536602278,103.00830045759788,91.82413994816139,120.85811681196589,8.251424584568548,158.16635076459443,160.02317769697706,175.8220232888724,90.1118735469493,82.11191271207777,3.826137265445267
19.575570876517716,150.53819147301115,149.42961751385093,102.54118561904616,92.60772751468548,122.2168633336825,10.025938263981104,157.08317788072117,159.96666960133504,176.3921183113154,89.05744780088503,82.12751522591209,4.39921332541227
20.244560278995184,149.26926261287866,155.54209418752478,102.32197432811512,93.65954937936786,123.83860876246618,12.325563708299958,154.93305785800507,158.69399636006497,178.47870023904406,86.88622407498875,80.0073810595181,4.725348173172536
22.01501044054471,147.3658895667462,162.05806078049892,109.52038615308471,101.95009855962428,124.79836481566403,11.589049743115654,156.51348986679724,157.37624709062476,178.4792867768755,93.31574869648945,85.39543314515002,4.851539507690748
20.702737539368734,150.38015043106597,158.67901481592915,118.7315731058826,111.5494000121023,125.48450576262866,11.546174710377986,155.93035868398482,154.8602849090873,176.99612017181082,99.85186140540142,90.7268367744484,4.457615919455351
20.836384790460986,150.25096739131473,154.91254934915602,125.27954069103194,121.01596514797531,127.21576247153654,12.30013575036512,158.783411014285,157.25924820396884,176.26899233258524,108.34599591228509,97.22349758723355,4.247625297642137
19.71269947655564,151.78571136434294,150.89385847104427,130.6974151619762,129.25252826113294,128.39748561004163,8.454905070255899,163.40362763880574,163.08617710239932,176.3489536476518,117.63713846797734,105.3474890210294,3.5898734065989344
22.108534265329418,148.09624308335574,147.46278327705588,139.39501849383774,142.28632022533657,130.78589012613602,7.3854804755979115,162.76604705113385,164.88618675919986,174.68038962051511,123.50623543695518,112.31609484173929,3.561778723236215
23.815534421413172,146.1280911703624,152.16407157712945,144.6528647080695,153.3359717433044,133.33957048349194,8.457972402284055,159.35697408897897,174.22842687151925,175.56833556566144,136.66382075003617,116.87357836321007,4.387031879382801
27.25898584196266,141.4930261152069,149.98244689379473,146.91936161360704,159.9754427811646,124.97606402796166,10.421772558257867,156.58447225350034,177.48282741325636,176.23020997807535,146.47305958923968,116.70943761293775,5.531883328312564
30.232636258927823,138.53277204652184,147.4611647544674,148.3911552874432,158.68962109764985,119.90667724381457,12.355029702185448,156.15866379880305,170.73804972032366,175.54592496621513,152.54720552808334,116.2131783438196,6.422142484673426
29.66803442586133,139.32759472166387,147.48641206075038,147.77380042448618,152.7343531100057,123.81233959191667,13.54118515396923,156.24841008714992,164.73076491806043,173.6232899206641,154.49350748783183,118.17115964246953,7.295561126031187
29.6139597936893,139.86797034939693,145.51176893173186,145.95626329842838,142.21125199478016,131.9951385243032,10.671374658128189,154.31897929985928,174.72092089064185,172.39393452249425,156.8084284463309,120.72856833240776,7.917086978627195
29.50800673795703,139.71922802869722,149.0616674981273,148.92930534596806,137.85705759155127,133.29186128339387,12.11918586585786,155.83659114173267,171.69015791593168,172.85161133362382,158.79351872963377,124.03641887701215,7.702088770904551
29.23962092243686,140.48382740342774,148.37336163044884,154.37471234213803,136.9741913005875,138.49726545103866,7.9106750698190735,160.23586803747037,170.65574339105893,173.82382422891035,161.82613522820287,125.2588278916465,7.283031964107545
27.473333284240077,141.97366081163202,150.99172739099848,162.5346813628936,141.66088303629266,136.9923329286126,9.398507208760973,159.19121739420484,169.01222382045214,176.22524256500336,164.93030487959376,123.01581318520161,6.550139774071314
26.64526969731253,142.5389038209003,153.24105296522805,168.0900598049534,146.6520682531162,137.4853949329407,7.211819193196337,163.12764754352008,168.02471886970224,177.41436545576732,166.6479247603199,129.0544343528106,6.240171419368413
25.215705790293324,142.84110203230202,149.98467855009014,171.31681637155384,151.28672609391498,134.57190553175016,10.129103321783907,159.58788455882615,164.37470675305886,177.429486280429,165.64661495662745,131.64684040254505,6.290072073938575
23.891392442974652,144.43607306091673,148.24202240020213,173.9794297122172,152.96379323724756,130.60868201355086,11.491825710489907,159.24138473043837,161.44815434613736,178.06906292524283,164.46484357672924,131.6250428613806,5.842497520534878
22.907353010684307,145.6938282979635,148.81475363321007,176.1701711732295,156.17437716333117,127.20661273054893,10.340577033033105,162.14371992305064,163.19907455895896,179.02317394139556,163.34569799469386,130.40832315812543,5.256111842355583
22.472270086778334,146.37800616725772,153.72808478007119,178.24444467023756,163.65420190703387,130.33591637227482,8.125346875683011,165.7412932203101,164.96116910471244,168.8389653931243,144.02822765887854,131.06528434378637,5.4537700274447705
21.043801994146214,147.73592806214788,156.08645991328956,178.94386715401262,164.6676675553675,121.01890865832213,7.870377835167183,165.04062208852707,168.0803360932756,162.12580982941788,135.06049824658263,140.32384124667237,5.670456524264334
19.724769053231526,150.05084890126585,157.55287682054004,179.58247323751627,165.9492215765123,118.0507403773977,6.6773135504629915,167.7299727668176,166.2438801796642,154.23473165237402,128.12548904258585,130.54084715457546,5.692966546241784
16.918762799479868,155.18684426448496,153.2369596648834,179.48172136388155,163.04767933276457,117.18258817599983,7.38865622327447,165.4986173471558,170.12984103801327,149.87535870355217,130.46968660669992,130.51184092466855,5.170015626824861
16.43557176804597,154.924953148689,153.78089176784536,178.02133404971224,159.09567034878532,116.94498351212857,7.423513922321857,166.84938980631154,166.63909315459662,146.76746472350595,137.22072578306273,134.8567719428258,5.081185905022644
16.117468723719018,154.07006381890733,155.3113710817219,179.1547154318859,158.57474796888332,116.8631665895266,9.670965816629174,162.8990052347677,167.02116515708713,144.93370965377613,146.4444302467238,135.5884255563929,4.9052628178773094
15.629242362263378,155.71836197403454,150.52922455799904,179.770111517972,156.3744991722782,114.4269148695821,9.027936665224814,160.81949723867237,164.0707043237927,139.91531730850326,146.47355944512896,120.21223526588822,4.714005707644219
16.259814917255067,156.49012410912886,149.7843824644498,177.0057947469546,154.90451049615618,113.72022801436822,9.446518608892335,162.09374615178044,165.99537178261255,137.62899853193505,146.2115612635969,121.46501218419844,3.7273118491145953
15.783987644558852,157.78609916713046,141.84821488297627,178.74791812780728,145.15455014741025,107.85338978747238,11.263972185552563,161.6571771218224,165.0356282937497,133.82979869942102,140.19601029858273,114.51203882491056,3.7563054857228155
16.70021866768248,156.94811799500818,134.33800985233003,177.89780892120413,135.55338250847393,103.29967097013888,10.707794857920177,162.97880271000722,144.05288446816235,128.48849051016091,130.52721886435768,118.54995655361927,2.8877339024565343
15.350098069772912,159.26439905079707,140.1882832609189,178.10691776470009,125.30324140027399,98.2240327909617,8.984660577316658,161.48872217266265,156.379297484902,121.41759703384939,120.57405089718564,121.9570444421981,2.8890141143665016
17.43524741338479,156.61226928843422,152.24124275401553,177.878273892839,114.41828028431691,91.18289311915396,8.759488720106196,162.0509675658865,168.03912776849066,117.25160815063207,113.90504762381777,120.66291731521702,2.9552249683646754
19.546378325364177,152.97606269109198,153.768115195928,178.13227633634673,104.86256671516588,88.20876733058002,12.039144669573808,157.98300751540222,170.41834146735368,113.59626504935002,107.8078669292353,120.18395020921476,2.8313387881682117
17.584458936754622,155.14999179290157,153.97266997304328,178.5543108172935,96.25563328042092,83.67252001285077,13.607389563846837,158.4209815377418,163.30791681155438,108.67186629475373,100.7982247144808,121.98233622590362,2.5732446806724156
17.134513428161327,155.25236121137607,156.3728252847165,179.75582161063352,89.64032172910727,81.44233326839203,18.000989545171056,152.62748082487587,167.6920325340415,103.89071891966445,94.72424437289038,124.74862204388738,2.9548392237185346
15.817148103717077,155.8807151131545,157.95987155947316,179.19415637004164,84.36301040986989,78.16094169739078,10.013766764830345,164.96975050164755,162.07507220841177,103.28956626138867,92.51198770968404,124.39060089475055,3.088990039236535
14.776415029704644,155.87652715507315,160.90256280026244,178.88123885390388,80.6998495551919,74.56396652246652,11.48988646781389,162.19238934666697,164.7777648015861,99.26400293079949,88.81063812398398,126.49662953936236,3.7983719585299403
15.598267142890647,154.11832133532627,161.6023916084586,178.85522186788052,78.91229545242557,73.89954252126348,17.01892999793788,156.4497704708942,169.55534668528165,100.66773401832812,88.62134306767516,125.87476470704371,3.9376990960628566
14.149385172174107,156.42253434912595,162.97801118033613,178.39646693833294,77.95847206946776,72.75554601949915,25.084123562259872,145.57007000976475,179.40646762954708,101.05586427367085,88.81301219708827,126.3917662748139,4.276234875418982
12.918600155325766,158.21824218171534,164.16339103033482,178.54218701029225,78.7240590459391,74.04652746333862,32.5402012293207,131.64508344050745,166.54683825221053,102.71954278735596,90.82931109526955,126.2451188461193,4.6650553865573245
10.486220843827878,160.15341052983644,162.21502098755914,178.04357199265897,78.10704311773402,75.09520210520581,34.41280264837423,128.29107746642413,175.12413984056195,102.59195666421572,91.13210465247218,126.31987088965562,4.658794223770757
11.505101848878637,158.90889086325393,161.9792123511859,176.1816354794533,77.82707998615474,77.06698908718253,34.94682633500719,124.56086493952536,163.27158050474452,103.40478706418975,93.26642292905025,126.291291362076,5.198497308167668
12.754545359074744,157.47325122492737,163.9836740079835,175.99808977308544,78.75365698554451,77.56471069182494,38.29434022038742,121.70704357828275,171.38475729552974,103.11620614552564,93.96842800919728,128.76969533176396,4.9643700654224
16.33027454644197,153.98790783655838,164.82303753013937,176.10404218869792,82.42261063217336,77.85678166030151,47.20124707060224,111.31174186024262,170.2963301404511,107.91218435156007,98.34343747593972,128.158849457865,4.562852669536772
17.93872463199791,150.82071666736533,167.2753662171928,175.22734065240266,90.55548819081689,84.70158391180753,45.754462940393104,112.8679696620378,172.04657351041124,113.53486259547432,105.00248182872241,128.31960126733304,4.7631160969241195
24.373178974257172,138.6671689234965,168.9636915160832,174.68946197779346,97.88567666804293,89.46114149756238,41.19574301285762,116.5046768306388,176.43535148268734,115.51895730156751,108.86281218947927,129.43494909452153,4.94562272113036
19.69169248506169,148.58204178617137,162.37203957936458,176.0797598940632,110.03802991354449,98.79399360266622,36.8315645323091,122.15031280889849,175.28009199581567,123.03582790884344,119.1544905012481,131.61634934895702,4.377272182802298
17.0642236720517,153.8485639093809,160.24947175328134,176.04911489985778,119.4993684692692,103.7605269089883,34.34094513142098,128.81065341813047,177.82113807928081,129.65021437564846,129.4278896076026,134.6915406565599,4.409458542114541
14.532830763744176,156.2025389861278,157.4282220453929,175.39485710798417,130.336239323041,109.83166017467659,33.994273359421435,127.92273252915389,172.06237481110506,133.03878992722193,137.55533403469403,136.15166780471534,5.240946936037504
14.206834004336335,155.30861201903738,159.86091290894757,174.14626621155398,141.00902346059956,114.80320387095581,34.0443989619647,126.64510485676686,170.9482014946763,139.61833059115898,148.5725389876927,129.70513618057268,6.33493601383702
17.03415872713544,151.84568734047588,162.91013489699387,174.19286622100765,147.59239384112132,117.65919598139392,31.02604589530271,133.28902507309647,168.81302180414647,139.9398878575815,147.2595490198283,122.93987918086896,7.123846527433591
17.45571402309699,153.34561390668912,163.20035846383638,175.12634470913528,151.82893394480598,121.43452310925592,30.063395707104792,136.52840950441063,174.2738390406618,145.161153486326,146.7666913375255,124.19721372243619,6.672529279613989
15.663362246793396,154.4992566134296,159.05021384542522,173.3999403599918,152.43163921708071,123.36208968670893,25.94797437453547,142.35536392446875,169.41700096346742,149.38679145876304,143.65483716538623,126.12391379415014,6.959246276712579
20.30498499047219,146.21523477101488,157.55081626331292,175.24086578187263,156.52605146995643,126.32268208393863,27.96496313791452,139.97600696924286,163.59284856318732,155.30820086195402,142.87498300664888,128.73128183502843,6.400815007444107
18.1756768382197,148.1680016294016,161.72870186334308,176.42938217047848,159.06479348611086,129.31620960518632,28.51129334227534,138.40254628940627,162.90424789741715,162.99569614466046,145.18790026392588,125.35892835936322,5.6333773057921
17.473397411329007,149.21439262596556,164.7512426502105,175.2074753140764,159.8420881831206,128.29043278343585,30.611329334157343,135.26836541097148,171.67526053899326,167.56062503635593,148.49314092118732,125.53365390397298,6.430962869798584
15.401127641386747,151.9610863447935,164.60692094476283,175.09533674156424,159.62416788789466,125.83786223034875,31.384251752930105,132.01406999639565,171.97189754362265,173.15439933734808,157.32912738744162,125.25036171978795,6.534756582935617
20.689617920714326,143.01833234224986,168.47484985709573,173.06081682854995,156.48429309488196,126.22897050468762,27.94841896714438,135.0589813516778,169.5983954835068,174.5041780566334,163.4968529110273,123.63347500891496,7.344213911194837
19.222076747066872,145.39626383886215,168.36917765958202,170.84507136951373,155.51149189193922,131.46630417997952,30.651761172830973,130.34523931784503,177.22201002732749,170.02791716654295,160.73096485255726,121.81712252077179,8.884965766901693
17.59786292933983,149.50455695096997,168.62232350583466,166.57733001113246,148.48203323376316,136.52376666481084,34.356696164869625,125.98021101584241,175.5159316873538,165.68381629470835,153.77850571221313,124.48718700579558,9.170776850845531
19.087809314452645,148.87618760902802,172.73157912980056,160.64429250201334,142.3861278824448,139.1352037176366,36.240510722933365,121.81172243207143,179.54776562545717,164.01495105179237,154.9700680375403,133.62317082426551,9.814131769348174
19.985602063209093,148.63602404658306,171.23239093620523,152.7431067925915,134.17128803327628,136.10782827435293,35.826137291584,122.70011373229772,175.64905805142183,164.52754072232742,160.1697540119774,139.84591335992047,10.122174695985601
21.57990297952995,146.12981892159198,169.54572913155354,147.9196871452895,135.34143851441198,135.44018110787957,34.89215718958859,122.90667258125724,175.54215385713127,168.46807477326968,164.7462542782458,130.49764003960206,9.715414781886857
23.687145139727193,141.02165082136605,168.9587251324128,146.12870703879344,143.33947792408566,136.8400959881846,27.307940546843017,137.0612305487511,167.07438921847483,170.15153208146194,166.5741563339043,129.33112585524083,9.661119127150375
23.66997395977152,141.8821239156744,169.97719626601187,144.66217125914758,150.07974432240468,130.36585428487365,19.776009768721995,144.98546237289713,170.28320393814107,170.13240448126155,164.96276077541216,122.85943256807232,9.50092713918682
22.66756015001824,143.61110865686925,162.45446457613446,142.93747796354404,156.68349282930012,133.1091124436519,16.038538672482407,150.08774514114415,167.92561648353666,170.32443371276003,163.2406667478992,118.60186334319337,9.1195493591489
25.04866792386719,143.2900843008716,157.68043919767322,142.27547026199858,158.78208478319146,120.29046999190363,19.387369345233093,145.9931057301241,163.94219895144187,172.38189996943416,160.94721594043935,112.61845422135379,7.547497103743556
20.13900561617835,149.94500460975289,157.7128476427714,140.0228417343327,157.75393752331019,111.43609376122,23.60655053854233,141.62343066009973,165.3158372561062,174.86782684654074,160.07172078044258,109.20732058639136,6.880459503151246
16.880345943106185,153.84510874898774,157.9306405294917,138.22038912109375,153.7262576714385,113.89780641374801,24.575902823450015,140.17916509934042,172.7806795360568,176.90197007858535,157.66529035768858,105.72152524349059,6.008871144505452
15.306332909942377,156.894261755603,158.56502395207906,135.18331948333125,147.6009889307344,118.10625342499284,25.22792710743842,139.2346057867854,177.51938480495664,176.89491815159295,153.26087252675228,103.98712691723969,5.479972652167961
14.308878298928875,158.3509688574049,157.1610728673819,130.20616838573,137.57187543567952,120.52895376076533,27.32001854950297,136.01887009043617,174.06153380532007,177.7398248653903,147.52746034549108,104.24238164841826,4.801204041213379
19.136768399334986,152.18016944690487,162.88913526244565,126.75927075938304,131.71526253707276,123.7182767158646,26.614979714186823,137.20905162178508,176.46580275246646,176.26484655904179,139.76669935839428,99.91568217453758,4.880082688381705
19.3523927494426,152.1015281936182,163.198337261365,122.6775751876603,124.831057165874,122.97371827537057,26.511026407295734,139.3371412203424,170.68699640053703,176.3369140542683,128.32415903004352,100.3213400517799,4.768316608851995
16.387474136583172,155.2457542523211,160.92811837579583,117.03204794428437,117.39242325123674,121.1115787220765,27.649878047886883,135.07807021920314,167.71864412205434,175.71697027237863,116.57813737549516,99.57202949839049,5.366861568384499
13.045392221272273,157.89063011410113,155.48707323818144,112.97406149425046,111.91625988377932,121.36255790787202,28.480788046408655,132.82646361559438,171.63694851516055,175.10616171188627,105.18005614480873,93.67133933645916,5.906881914635072
11.402084479704538,158.51552044982742,152.86946283821607,107.97865278940677,105.39096102454198,122.20084357738448,28.212732464382714,130.87252100058564,158.8383223172251,176.16330656698173,95.04942307681844,89.28740012515074,5.469926826520807
18.09764592270841,150.77844683908063,157.33418190899357,104.89304944845175,100.22369064127808,119.3737291172936,26.1578977157881,135.50365796832193,160.78971146181348,177.45073286023162,87.36037751484137,83.52825798232726,5.582725308123124
19.58163278678615,147.47377010019687,149.31104610448526,101.73529081931868,96.60679002879985,117.77857812056173,20.39567890060324,141.59025294791843,175.21654943969213,176.83387167474754,80.01934901762709,76.9173160800179,6.585393909542425
19.868705850034246,148.96350232310138,152.0611680922103,100.32592004799005,94.82131274301466,117.22005915279549,17.9216778560326,146.48589138583642,167.36007224893882,176.72345714512952,76.19240521260174,73.49917294544333,7.197079657419406
20.45276891578056,148.53050257183787,135.25164536826372,98.91235486095019,93.26232501824164,120.635881818287,13.023043893466095,149.54475855379323,148.92296901896478,176.11191798092932,74.53143500815511,71.72622184501141,7.595871373517531
20.1786029972589,149.36776079758627,136.48821211840644,97.4675685786122,91.5392181012,121.2950812559343,13.834221819659769,150.53825022067934,153.91495792306014,177.45910020932385,74.68990359384382,71.9360038736171,7.450509675879302
21.433150698469678,147.93534996216925,135.55908118650058,97.72823688845884,91.40883333508864,122.04237352345083,16.09669520496238,150.14066935494256,155.68249990179044,177.51358687369262,77.57811025074447,74.21796665104831,7.421043647366764
21.978039022954327,147.1814164943953,143.86915924613598,98.77179256021338,92.52363268258203,123.45629738052364,17.55418313909984,148.46040331014913,174.09376996629013,177.84086978431196,82.84812858664522,78.4300998933769,7.277841034234233
21.499047411146407,147.4176928158429,143.87198635500607,100.01932874182786,93.9996808139851,124.23758944442757,18.319883917343564,146.9551322552915,159.2685287910767,178.66308101840048,83.53218875047641,77.94007795766528,6.8390924905896595
22.559314156235253,146.41697658500667,160.13868846649927,99.78716635825951,93.97063117110328,125.18504112599058,13.842614055387136,152.05303191661469,158.57370256080026,179.60005948487924,91.9844371040283,85.26050289026708,6.321613116500298
21.70408686041147,149.32555412048518,153.59259928160665,107.70765265396265,101.19381181675483,124.0051497680198,16.594829152732018,146.0831425313892,173.2619402961133,178.62749650346674,101.3722849142978,94.0284631826752,5.912955877050073
23.25605013645484,146.58302617916556,144.93570522897102,113.77834873924452,108.38074274535002,125.82792568200911,14.017629933069676,149.03018733468755,167.96053111279187,178.1674047426773,109.85361048540057,102.51372065825815,5.019389128568216
21.06144274842885,148.48536714610464,154.6255982454273,122.6174652192948,119.62497554348842,127.82926437078805,8.91832100130691,158.40067526013314,168.98981932102873,179.56070917457407,120.69455998165778,109.0406890924939,4.001044538805664
19.986907780445563,147.62661641484206,157.46928041008044,128.71676832156336,128.47960668856456,128.806093435231,5.868012359019867,165.39315587131892,165.57770399340703,178.7184650948799,134.67874178135045,116.16569245348592,3.8085361284310135
17.912249723178853,150.86467174246303,154.88391580736382,136.880677834206,140.39299999284358,128.8180651433078,10.74763018538361,158.5197390928537,171.61511088356983,177.9069921092721,146.34670764119832,115.47672963096504,3.3885903617356457
19.689649384673693,149.1703339971809,151.82331549171616,141.90713513561687,148.8739737380627,118.18632772189544,7.818703642538811,163.39669434660973,166.51180145921023,177.09152900322368,155.78248762408737,114.62346398508653,3.46054459899295
20.976844896573063,148.31740803066668,150.68450614336993,142.58279664327847,150.0762804782225,113.10400539547874,9.636140576222811,158.30442806391588,168.12877275139843,178.16850921159204,161.34155423065735,110.96097957900619,4.213213282539539
20.45007801846759,150.02038603466661,157.25489974349827,142.5313259682807,147.14319105690066,116.25474431383981,9.113275222596435,159.9861476841555,173.2127320826212,179.7682068879679,163.37219559648935,110.01729999911989,5.421415655781409
21.379159000380007,148.95362661338245,141.1443854685149,142.82395373986938,139.8195360983919,122.72032555354168,9.935842787344868,157.62753807924165,170.40643405836227,179.92898033965588,166.10192166313954,110.3648140114248,5.331921016040263
22.159746326850446,146.7550336546765,147.212982100483,144.7759822293673,135.30451595846463,122.29513696924819,8.391585694801467,158.63033422555165,172.87241557250226,177.76431679763695,166.3697819144185,114.67347858496483,6.017877021365251
23.85223753356477,144.5763465177636,149.30221341642692,148.37425973125045,132.1965840369246,127.6970664736963,4.688861389460644,162.34462953306257,174.94450908847452,176.45619287774613,167.32105668445323,117.1685722116081,6.60696934723465
24.297583046884135,144.2379563129223,153.07124755439384,154.59624716591927,134.13896053454113,133.17875070898972,7.405483842683022,158.66112026315443,173.11076527414022,176.5479906639032,168.08489925312526,130.44920950028725,6.426719677912004
25.26177571519503,141.18557769633497,148.7047775172027,161.46082328022194,137.8593505324925,134.22104653714317,5.843589391705226,159.72606343967132,170.9482091565483,177.3465397451998,169.87865338644585,131.40488073640861,6.36044465160117
24.98913474760577,141.55448154129817,146.0035097283827,167.57372129588424,143.6148966956967,131.27763996651598,7.204811036271539,160.182728329345,169.66034464846408,179.82893516466928,170.48447546666617,133.32527518601032,5.6456159767234
23.34639512458979,143.22724383687506,146.42384917840158,172.25462941147535,151.14287593672435,131.01471582874535,6.956701659364904,161.40766554591752,163.25868144271666,179.04661743215274,168.58894896357512,131.85765885500837,5.756710687449948
22.8450690572279,143.5592832181173,146.19409984606526,173.97344389923654,156.16878525959186,127.44578021991515,7.511042052413746,158.4961405249592,162.0561760182449,178.5279379306473,166.60532080781815,129.9252706935663,5.94562760621571
23.273634719804942,143.1383477420651,146.64310216747117,173.29309445035233,156.44438640654562,123.50598315786972,9.146578170809736,157.91188508561697,164.52695572377485,177.52549264092318,163.47868299450926,129.77594117142644,5.950931228624059
22.792038880746478,145.46487343682938,145.70319644778425,172.80911876216302,156.44029896535335,128.08103885338315,9.904342233179674,162.45315214228475,151.2838579533769,174.13848243027624,154.22951705688635,128.05472584373135,5.650681928730511
22.473610365975315,145.849305870532,145.87506706544934,172.44205395661632,158.68863610367487,129.4613723778856,9.012090404144654,163.80456409689052,156.5728294162561,164.95581328639918,137.66099731877537,132.2311597781425,5.975245780649013
23.933984488239187,144.6731974799626,143.66481056833788,175.56363166995035,163.41310749886105,127.50720276902763,6.767264077388087,167.02598774726943,156.14139169173754,157.2665882731855,132.1664062438486,133.0968618309203,6.004628931982004
24.037026987487117,144.29297281673516,142.82144817413788,176.61344278973897,164.1261524334493,129.26496121973994,6.805592664692288,167.6047054400151,149.99729156899392,151.3235318957037,129.93116084964277,127.1922483167835,5.933902496422597
24.384616511654137,143.63896274173587,143.28984535867045,176.28650378657824,162.05201599207786,127.08152899353237,5.993013385565077,168.51713502433984,150.82296920583047,149.01215179040378,135.21621942270048,131.46586632881767,5.202340865523655
24.92407200223224,142.63603769323302,143.5340986045417,174.39746958918587,159.49392841025852,123.60844204213089,8.331836148705744,165.40231415402937,156.56690636404178,145.01475636773716,139.45235435208085,135.0651812307719,5.179289249250599
24.324008352063004,144.0760484624905,140.4979794902756,176.17278091611178,158.94926126602175,121.22535353722532,9.38567724625923,163.89795797997616,157.78603672490868,141.57032086910982,144.74532220980566,132.47505529614637,4.5299997949806405
25.104155013766277,143.24963659621014,135.94231438946483,179.73646227829582,159.2647026154679,119.88402625281144,10.876683552632372,161.0866535430899,156.84674480768288,141.50575457910398,152.2646083793029,122.95999535358831,3.7459439161567527
23.144788547007686,145.8366300559946,137.50962549836717,179.35622311357199,155.35975747445622,116.55645756160783,12.393247700285425,155.24591623783888,159.5441704632064,140.7549374239039,155.8347746463184,108.38245991775612,3.4037807781159626
21.72213804959881,147.97010932182982,134.37825417365784,178.934740771494,148.2141326250763,111.77060674835943,11.385372773322258,157.0339453459895,178.64025692145796,138.12608914851134,152.1192419045081,100.25859130271117,2.378434628722786
19.97290010729295,150.34924939444707,131.34025227391302,178.59211321277954,139.4578803205221,104.18099033403458,13.001769912580361,154.95967278042474,169.466310295462,131.72602567528492,142.70378922809536,89.70350041128714,1.325365194561921
19.983112704337934,150.47421967464197,129.3929632853072,178.00012584592966,129.99237476633442,98.23728814956596,15.760199828579236,155.1843301013213,168.15399662706474,124.23339088862357,132.33239185566717,122.94924712036574,0.7812144619500899
20.209427051759796,149.43692444195108,136.56860529272728,177.57565306314055,116.69000415900115,90.98481525783689,16.525055557709237,154.54728904546405,165.25641811896398,115.92967187023662,119.37607766720214,131.10839395688745,0.3432137498847518
21.251495525183948,148.61968821232006,143.26193193998876,176.83962145377635,105.64585781518346,85.06539370695496,20.950299135130305,149.1836213736254,171.28143120714506,106.46797320116178,105.52066606863329,128.87426846710903,0.045235764914138436
22.711356497810375,145.4847850870899,145.17438892281868,175.4377083606735,99.68738838493843,83.25987029741732,22.76659406827233,146.92609941309146,167.23649645035613,101.24992377311916,96.98278768966857,128.03921738644382,0.7579428119586376
23.750570347470006,142.96749860215314,146.34410723706375,174.94720094127115,90.29277100339306,78.17401255543791,22.498615956518837,144.81884249330977,170.66807170660118,98.66473984574652,93.05213829943334,124.20449281096474,0.5097868427720201
25.795843023416708,140.36500238013232,154.88630146787537,176.12164469090268,86.95473843066267,78.45689794161997,24.128840095170737,141.8895753460114,174.34170740492803,99.9354548015381,93.02796416067365,126.58835648566065,0.2330381892134345
14.886704961852047,149.1467002551422,162.31176764254218,178.54207366337016,84.19128131780192,79.50939992768355,29.209410231025096,138.70596166373176,152.345634877652,99.89695553351028,92.00301887594264,129.34053164975882,1.3226464228218469
15.274882799150541,150.8900179462052,161.8890977510337,179.41778786558262,84.67011449814197,79.94282867711884,33.077911052279134,131.59660258744407,172.88685259265472,98.5832962592937,90.87743673792576,126.90557457388148,2.397799233335058
14.242297932290622,153.41813335231066,162.42396103450267,179.4869222020984,84.35061193180258,80.44667448389445,36.91654200717664,123.40276722250604,139.49326236169725,97.92607356530829,90.18692415593428,124.53410891793594,3.2822717055936637
15.409228841195414,152.1187678110216,160.35466539219627,179.32567876415663,85.96803671155463,81.5432308352793,37.96018456244653,115.48175752562078,167.7962481839547,101.10366321206043,93.25525616537395,125.57918048925909,3.897627177162869
19.997740844045474,146.20217006794752,159.39758116071988,179.84978083314505,87.8796104492002,81.62096508746777,35.616906279655716,118.86913631213486,164.42475812133054,102.02651895163821,95.31977508257299,126.51412688142666,4.401742288290914
23.676964955967907,143.28301641866435,164.07527658400906,179.9039811835437,89.6870989034357,79.85821608538423,33.5589744163256,125.25267173477889,166.99019674155974,104.09580029841904,98.59374025216718,127.22251500188223,4.535967849325435
24.78807048011144,143.54871127126282,166.5307593047786,179.44454814405444,90.8338955926001,78.18638035425028,31.108968067098694,131.44275306715772,172.61223136560793,106.73192714568557,102.55579255726393,129.02766691209683,4.567136292554432
26.134143347777986,142.38107477114966,163.79270596686527,179.30765464016002,95.68306437148344,81.81873598102254,24.34380299689087,141.26935923169125,173.77215367851707,114.25570538926202,110.93758748610435,130.1673827351675,4.322409921716875
24.56147660845503,143.03817300194532,156.22616202687865,178.54988603451676,101.9427750831347,87.61908275549672,23.269258042405216,143.96736668323672,169.94736907957972,120.75665058051166,117.31083988238285,128.87237011042635,3.8577963158446935
21.252480004029547,147.90807662609672,148.28234547102946,177.26300595536625,109.34539143126582,94.97483539151148,20.13819848099779,145.1019072414689,164.81655070813545,122.42558414527377,121.68822013219726,129.6878404115643,4.3400427761809075
19.94331252832257,149.16958622775485,152.26225226911671,174.92335588223253,112.82867748421367,99.8036322810854,16.086624442158225,151.4953911421878,165.7850477877857,126.5423290756835,130.381239679915,131.84301259832242,4.610352132387296
21.201827286997446,144.74976247673973,154.90118702552073,173.57966066703003,122.80008407462894,109.45808305215817,14.44195089690279,153.26567444401454,164.38457378902675,135.1470156963071,144.1044134096226,136.28488206374226,5.305421430897854
19.690996559625255,148.24629604079945,150.12681060483635,174.1428522970236,135.15462801273685,115.24945863051396,9.508978389840745,161.19100454458535,163.4331132724486,142.462834001925,156.2939832473792,130.10339383777375,5.5104231815757565
20.42959250209089,145.8083345370062,155.18664709449084,173.72891577424036,143.58188944968217,118.99508690618202,18.09446487627281,151.6513783161649,162.5759038611018,146.9586587013907,162.76091585302015,114.47495068714957,6.073033796758332
21.372684746222166,144.8085911549196,154.0165531023269,174.41606736484277,149.58247006118384,119.57785427393266,20.37038291364274,149.82628292778404,161.8142510707087,147.7802449356996,161.55428963092518,116.91584244094607,6.643442713618915
22.33812501383273,145.19426445979587,147.19935860886025,175.4893914003406,154.04675918278443,122.9636355627554,16.62292984541885,154.03348196575288,158.52192739101469,148.1135600692992,153.7923845116143,113.15725976755434,6.443499667337641
21.268954857032405,147.85506788932366,146.08707790471388,175.9394493670306,156.93870528503263,126.09089761792913,13.4544042234822,155.40252337003795,171.3392176620914,151.86246280412138,146.83843503358574,120.79046986441763,5.980276446119436
22.107353672639167,146.08644948299454,145.1350878763439,174.6181266739629,157.16000454342503,128.68211757074775,7.890382843010325,161.06135346347278,170.92548313818367,156.41932554218067,146.81410674645664,127.26457391347043,6.375192434434406
21.276975586138338,147.38924559961845,149.41170732041712,175.1522041842686,158.96202226523584,129.15820981042538,7.732529852628737,162.1231348538833,171.1368248655203,163.10446694591508,144.93817410973188,129.55601960899938,5.668186356990024
19.899354426877466,148.6025043228437,149.04903208744352,176.38405039309492,161.2403155103339,127.81353704441146,7.943432684507165,162.94461412388586,166.98177576311417,166.9730361545986,146.0242430060675,134.34281839901502,5.418971055173384
20.55675805598854,146.22871205600097,144.0476271745855,176.9117890100062,160.44573851276635,126.2480686106305,10.615651229163879,155.51454124116566,169.06474398654393,173.00346735662802,153.4559489841967,134.546134817488,5.0381670209605085
22.377157237921967,142.57932197164746,147.77914074842374,177.64309952885156,160.1677357602745,125.72364034361357,11.144930975144165,157.30534136738657,158.64756316974643,178.07455502590958,160.0541078894099,133.24230628032691,4.3447505789501175
22.027110317790942,141.9566247838776,151.0152426579145,178.8284982541869,161.0800028268209,125.11560176936179,10.630543945188421,158.67435845629578,160.14193983932745,179.95810878742523,162.35878733168286,131.66682083280526,3.7551845380145483
22.357582960513533,141.29397795971823,151.93168469827637,177.9302571229824,159.21309156128993,124.89599794566922,10.11956814244574,157.35374117254653,162.95280072489908,179.32645410205652,165.8195798740835,134.29547076703793,3.8993606282150894
20.80862589159636,143.1611226982513,153.05141740503197,173.14558856856124,151.08205158020846,130.9500399861827,6.7576703864026815,161.57678532828774,163.18971904683735,176.67651082333413,173.40961368809982,138.81029994905836,4.145961480024756
21.184281977253857,143.83510071137715,155.038948077757,165.49494865911618,138.12631546384694,137.82207279387748,3.055106876411765,166.04180847879937,168.0132598998487,179.17217240160068,172.5316757874239,132.7878499026593,4.904771366175204
18.906040565496333,146.8985685432722,154.1066715055303,158.97255286692982,132.47923335676685,143.05830914053917,1.4355440991482673,166.94918841311244,167.103813586437,179.80816706539252,172.13375267776155,122.75040046319812,5.038372497597607
18.142034272878274,147.78511231494264,153.72175800644615,154.59195581864256,133.04206899330586,138.46675201779198,1.0934284498039122,168.81943745810472,164.96333000949213,179.2828307877274,170.81334671734334,118.27739774546994,5.230706607809804
17.75350127313898,148.79554876308453,157.2149470829723,150.17107987599618,135.30843815140284,138.26182371447206,0.7759569519926429,169.54789925442958,164.59535845731935,179.40174428814967,169.35491499939982,119.91777326484691,4.936824773338401
17.33396406316688,149.06965269448096,156.80701520505573,147.80337302086758,140.15262222675418,139.21909627959528,3.754508510561174,164.3663388433576,167.59381981665007,179.56092552773327,168.17460291895074,118.58226006366695,4.415768868238355
20.668600241871523,142.3763066931993,157.89041721692695,146.61037412409516,147.38661072290157,135.47403068153923,5.5074180451179595,161.50029080080262,167.15704325650105,178.58551737406918,166.11720506846152,117.97564549168001,4.64702884978691
22.83364661091277,140.1211234761209,153.5191384220518,144.47438331249003,151.21106333877967,129.80105585822025,6.786164084465012,160.39885589235436,165.30552960339617,178.2433596548697,164.02758093730392,115.06317293553921,4.659818641675209
24.062006444113432,140.6838321036183,150.318119015837,142.6064283048805,152.82279742658605,118.77413602066282,9.193252871776313,156.64142451446938,168.41283325479193,178.0755752913967,164.87196590123216,113.81137881811456,3.674764241305701
22.798666815274178,142.1517675238385,158.24157694989637,138.50751833919233,149.58184802377724,113.99083098884529,8.829973933118872,159.51947264119823,150.91559426361,178.3623921990427,159.5309047605008,109.403902414484,3.654588285992107
21.7477846025978,145.48963410888246,158.4623233002572,135.59605213518375,143.56628906568363,111.31222125942705,9.181237296435254,159.5641294592424,154.70974296236488,179.03054213934342,152.6658244040942,105.92634042341669,2.8379556026872717
22.19999946238064,142.47197228093498,160.8523601318116,129.9855315374666,134.22090072258976,108.21546820524439,12.250525774378227,154.4729431824045,146.6941111000839,179.63657590056695,145.01059703381944,102.16759560517495,2.746665708501415
23.58994402465269,142.69360149098068,153.04639145999622,125.53682711058474,125.94170547387286,111.6357294454534,14.47968773489743,153.4896760049235,120.52820945610111,178.45524994271247,133.4754229693296,102.64645465400639,1.9728572074103536
22.7050135728635,141.73361322125652,162.34433524093515,121.86164395951774,119.27175485666496,120.86119395047457,18.791198229560475,144.33933957796913,178.39602659652942,175.8189428582231,123.67989543886854,98.77837258269773,0.9129609252662853
21.685899458416316,143.16379877114744,157.24289378490647,119.52342708800349,113.83383676159818,121.42544883101567,22.839612169312453,136.48117908304621,172.81997442588892,174.97225240175237,111.24494560956047,94.51627725505267,0.008538761577582337
17.530418513215523,147.00704629705888,154.02161143152654,116.58222467917612,108.30735753008571,122.63184440805458,24.715018429466543,133.77721257546096,164.26924095167305,174.56859714486322,103.83834471056984,91.39549416782532,0.15488485335753038
21.091006928881516,141.70073748881072,142.2258850070547,113.31420343164335,102.87014863556226,122.20786687329675,21.62123164514826,136.22860523883097,139.01013746803864,173.97960148509407,97.23554909488938,86.09749824260707,0.16382311263452234
24.396804384501632,137.2421061980438,143.6971752486563,111.92178489320393,100.31579051240502,121.32299196464861,19.437452554939632,136.63520994327354,159.34395164359748,174.07933904954658,94.76816361618573,82.87644622675903,0.6537079532329111
24.91731597643981,137.0149406987212,143.33334789279994,111.08137613646618,98.7390822554676,121.05243845840337,15.691698148423672,144.82065910954827,146.060053341485,174.67199227215772,91.9452300001956,80.76121527493764,1.305855713644108
22.704997935776007,139.76846024270094,141.062893401793,109.8645955454428,97.57496150332813,120.46768332070205,15.981093261304332,143.65764353277083,136.6531763579629,174.7093563308113,93.19937200250985,81.20446122581949,1.8903203236442838
22.49680630777739,139.77624830263647,142.8902788717132,109.77872189493502,97.12917999482515,119.41338316146737,16.79088432493009,141.9986855023937,151.65170087395578,173.8844739859942,97.35112953558055,83.77736210821271,2.0231412369674615
21.35258417050777,140.0786849919997,144.3137397037006,111.7131458945071,98.9473717986509,118.59820417490646,15.659470445168129,142.716283608983,146.20589861136588,173.63869199422564,101.24847159522972,86.6997914299304,2.1548421052190734
21.69273797548412,140.56886399185143,148.40110413269306,114.21787357380313,101.85669812037536,119.13871656143826,14.880659755159177,145.6683293250668,146.62675813108402,172.72187273757746,103.92445807268811,86.79139814006045,1.9582295966265995
22.510844512922613,140.17627049773344,158.23061923703602,115.32283656109931,103.3786084520855,120.02983372015566,12.794138619992678,150.6915424327777,148.37176789168942,172.7892249814952,109.60212568068057,89.85833610983414,2.2344406798456786
22.771635697041713,141.1303723499857,160.05680545565832,122.42863652863582,111.22384406658122,120.67854987825069,10.013301497267527,156.36459422825277,152.91286852096002,172.99750334614467,116.27850457081072,95.68439361509296,2.2628273045985563
23.258584956341526,141.72547759221638,155.54110284455138,128.0844712054592,116.70112595247917,120.36275392436154,11.245541392044872,153.87786409455308,155.18136981675127,173.7818506632121,122.31618357226824,99.39711583125387,2.0396468701943467
21.655549809777764,143.39873841843104,150.27449665825142,133.1798452007814,125.4598304455521,122.89925884424929,11.786273613896345,150.20340857513565,152.6120426007842,174.18035856274778,129.06673992830977,103.87883531347809,2.2432715317221135
21.4392748908858,143.1993443331275,143.6191404673311,138.49835259161463,135.11478534101957,126.07172863854817,9.870833649019687,150.38094037522214,160.49205236794148,177.88578425541192,135.37670090370054,109.09177903832679,2.932918719603676
21.96324521523708,142.6212890335183,142.38859533651643,142.29511472009403,142.80645364381834,128.77022945540043,11.398497687971478,149.10625060953677,161.16498859998012,178.98350525794478,141.89288284955768,117.01808795275197,2.6595602792566937
21.56068129701333,142.3805558226245,147.13629160163632,145.80161677722606,152.03385721003608,129.65976369696034,11.545528096050871,152.48551021702792,160.2318285372812,178.70627156441935,149.21657338306278,123.20566722367448,2.6110509198221012
21.189199849526837,145.36031672956358,151.14837330502064,151.76014897667216,162.12697893593094,120.1954147858049,12.84150201319635,151.3003966963657,166.8919226631773,177.34270376502297,157.84524654861892,125.84920973053342,2.394291038126103
21.566137425833116,145.2694090877195,151.2331017692629,151.73971530596262,162.29525940651283,115.83383668221262,12.685444231465437,154.27384004082148,160.0718177609268,176.9921668350671,163.44148023435798,122.7609979000756,3.0015633165819824
22.487410624526696,144.10082354899023,138.80900860389875,149.6220387276022,155.6323686521632,116.57413332573685,8.325735135359402,159.06627844815955,157.74608613503898,177.83651045201907,166.6990888490392,120.27210703540683,3.760538875849885
22.25893855988557,144.95956914670919,136.01426032554647,149.93516231022184,148.71335722384447,119.63638975206084,8.84586810226153,158.71936925876784,161.33590210069153,179.78415030641918,168.19256878694674,118.34374824010924,4.4367613839766555
22.252105079128,145.82507627663958,151.55394750651516,151.15457973871702,143.01958245584433,124.73320671159426,4.932380046100385,162.88462471077185,169.58316301190584,178.3683402372921,168.779468131004,119.65007054891993,4.94284092076257
23.473730647199048,143.34572848222604,154.9506287288211,153.03875467239646,137.89539128802699,135.26957372748143,1.478155894395777,167.63981525562957,165.74992605410444,177.07320771632288,170.08316612903175,118.77930231677267,5.706953486930789
24.01913973068797,142.86646103432201,153.5902638307173,158.31628335728118,135.78512840739756,136.9388046624779,2.1651589827093063,165.3697532168977,167.35723066567436,175.51477889941543,168.07166241184783,119.88800773032783,5.53103250991295
22.829458493977317,142.8016433160764,155.6984958852849,165.55192993033944,139.0395430863112,138.45715655119756,4.391192104846804,161.04921023319437,170.3187084697696,176.1444095981327,166.92005681201195,129.02310064055837,4.758949676764548
21.69381793708583,141.96910182696823,157.18938503047937,171.50887876275766,146.16194781581797,131.57559449775485,10.5912994262221,154.68348260633257,167.00881147906793,177.55981985012323,164.25310912243506,131.5099283875062,4.126092569331139
22.66810084705655,138.22848134838844,156.84754820834058,174.21468701513064,149.98670217406644,125.58191398044545,12.431101536726231,150.38447470717819,166.98260498682157,178.18468632201984,162.94623517555027,130.4282098264543,4.078100069903508
22.91980173452867,138.4274069747659,156.52026146767955,175.94884815544356,154.04471414730796,123.05957262461683,13.884388064359213,149.51840284202845,170.63399470742624,177.8401386125424,161.5962231980389,129.49737068105375,4.044810956031644
20.687922165223714,141.7051281782004,151.2147457123055,177.40591748054513,158.3036384857645,114.2743054277257,12.620564568108389,153.67362114546424,172.68293959072156,170.57042438240964,150.09072126939668,131.3369640914538,4.450495233520227
19.78624204007987,144.5361655373573,157.14028673068196,178.4094210501837,160.0128493902452,111.74779917892604,11.352727438652382,157.2466955854056,172.17177178018667,163.02740231937244,138.4737511812965,142.56555451348635,4.648116991563238
20.33737569491905,145.8429896904798,158.7557950170587,178.49465404632735,160.3793663563798,116.50426661244117,9.556305877603263,162.24428173831345,167.75262939390018,154.3659629844052,129.40266293690357,142.22036703092004,4.890770118794572
22.100869519955282,143.68745659926583,154.92458468726605,178.34284626817833,159.02385304326165,116.45971227882464,8.44864168908131,165.18064475127468,166.12163778955932,146.64161140813803,127.7414960552465,140.09175006901626,4.8834239861577045
23.040338490770843,142.2092344690805,153.63717880615624,177.59688436135525,155.08731950733934,116.35833419667513,13.386832692018244,155.6551836694353,167.42915569600342,141.00053473041748,129.6400298390155,139.0172478381931,4.680395667287118
23.10365287163244,142.11886098845224,153.37703558722683,177.13289460884593,152.07040031417824,113.14464288234845,16.364842373682954,150.47136041686022,167.88373493438385,136.33342198175393,134.24314654660012,141.44596944828584,4.369947259176061
24.40509571198753,140.99046675486952,151.25412456068764,175.98527787229216,150.8963806888442,110.04822617352997,18.671223019693816,148.8323860938695,163.21736660173008,136.02215103769757,141.14883184148906,134.6389057209586,4.443454836920017
25.35956746810805,142.3562039366832,151.73887761099886,178.34960683757478,150.8771764017642,109.34760380752151,20.468249528575534,149.09322232105959,161.92523193500233,138.7097521984666,149.86354568825013,122.95779006436071,3.604762471975092
27.321889347993782,137.90583656965856,150.57471765983124,179.36038096697476,148.7428468358189,109.27005979186384,23.783789804234097,144.29796551002238,157.53356098185225,135.93812155463212,150.1046902344563,107.53959587511669,3.2307222338950714
25.876380636655288,140.5820372364986,146.05006096249764,179.01336127886967,142.90392439763502,107.11415284601212,20.920631321271586,148.855272164041,157.72088268981588,132.78556794113382,147.4519212506088,97.29100053934766,3.318907974804033
24.442136879618094,142.24969412575513,146.032294189246,179.2598854710222,132.49719318096876,102.84191992908086,19.066758124190315,150.8884836086635,157.6097898515817,128.8701806816947,140.73177704908608,84.69741333244853,2.7264710061468844
24.73262269939896,142.36565454431874,148.71192006746955,178.0971591318019,122.00496644488602,98.86011140924856,19.13220252528605,148.23098664500213,159.54264232296103,121.29328471427759,130.71247307043276,108.5534928998138,2.2280671265337855
27.00985189743625,138.81712041073808,147.24157515715203,176.9370988449107,110.32070756132636,88.24955075488239,24.236920075492158,142.44587276554694,163.54757974629158,112.44004973793486,118.40367902069437,123.46424756292824,2.016430313527184
30.333342404672294,136.0226623484788,149.93701354607217,175.5015143232155,100.33706296593567,82.13724927209704,27.4638425647237,139.58672956788956,163.75322104613403,107.07259238476257,108.83662142786785,128.0079698467785,0.9721579757954241
27.284622003009748,140.9206489239502,153.17452994261876,175.75884938610523,91.71293483638439,77.45985209488057,24.445053419494286,142.89116361304343,170.1312203564817,103.07181257022769,101.80294636697857,129.58263441928614,0.5802142123470024
26.12498392608851,140.65940094553235,154.03495835273333,178.13683459164898,84.1733143431972,75.18872604196048,27.243253673875767,139.45915013456317,170.26175718941107,98.3330229752166,97.05945727250678,129.36586463321908,2.047903785754658
26.13286280467696,139.79411715391078,153.26168901751214,179.4902687127967,79.17902467105138,74.54932214541206,25.232722527887752,140.06879673843176,168.03620929081296,92.72648525305004,91.55074637887004,129.11640369706922,3.0028064661304965
24.0415445955728,142.13886056092758,152.95142916713263,178.94606995871698,77.17834825519968,73.58725463412718,29.67655212308604,133.90149951935877,174.31969652675934,91.66540453348229,89.0011598822154,127.67890624196703,3.6868159993103853
26.231613623581715,139.77646895842804,154.8859819830301,179.6251061890697,78.89998161414299,74.3218041201948,32.311868723396984,131.44392829324255,176.4623528491717,91.14138742943437,88.29163744294485,126.46723900740801,4.043738512185616
29.731091026720453,134.95904919717333,153.54673620586757,179.1516429931692,83.24861815406044,75.84961711966923,34.852778986460784,126.7554543240152,172.56455169751572,92.67936888367241,90.32752804067563,125.91018418156898,4.340019571369169
29.185191837912885,135.99096442521164,156.06957721390032,178.70538106047275,87.01817570876824,78.0662372907839,33.21295474851793,129.13570613270886,172.95201305003857,96.93643925102955,95.19356703154799,126.58559446962389,4.535274585787995
26.887692845472237,139.56132424899286,155.21531980121514,177.7235913272634,89.0383668130347,79.01975926550392,34.03205902070804,129.45911864696302,169.14309914683105,100.88865196120548,98.55481514712933,126.80824261845308,3.9863862918275434
26.8148357881713,139.87725201130758,159.99261989026473,177.29905448314963,91.98230767323842,81.24817655030395,34.39919434330324,129.6468715681033,166.1085205511912,102.70595285209605,100.7045798271798,127.4268744102244,3.5116841441947204
26.40879574172732,139.66429955446156,155.98609926255756,178.24616994867895,95.63505795587544,82.62575564774079,32.22977939213547,131.87840770873032,167.11870153978538,110.73720086664125,109.31826362795101,127.72367157435701,3.1814199803498333
25.282668492383365,142.0953577999823,148.59691410670013,177.87919073267042,102.33561924073233,86.40316204121444,27.182949201018918,137.5313889726971,171.86578586163603,119.96520337820829,117.66681394138436,127.89254053946004,1.8252013792236885
24.30301455491918,144.75197037193254,147.01355594055897,179.731699780765,109.28741704159575,95.06128758455655,24.375878638126853,144.37890573270576,161.07586239756114,123.87581737248235,124.66183105389129,130.26672647994423,1.7976604726786887
22.721998755717635,145.02882018651238,147.79438253865226,177.97343073109076,113.36378117008314,101.04871962175552,20.34076563097597,151.14249353223286,154.4207612338825,131.99115294995661,137.22765658622475,133.76881028021322,1.7326800606776795
23.88271078787318,140.06818277661415,149.69334974225362,178.73591610872538,125.89505315320594,110.58626917125129,23.498673054749585,144.68822584232373,157.36703796290107,141.2700998350871,151.7891592420903,131.0323528167828,1.8815180414903343
24.47233256109352,138.4198637247834,152.85950239175287,179.64775193303768,138.39598044605748,118.72350463605957,26.399062045810737,137.73175580382815,160.98157767242972,145.54786141158635,157.38308748377847,112.1771272185399,1.2407144346762449
21.38285803732211,144.5243993682507,154.52783243616554,179.51559356578753,145.56458741805298,119.55258707079726,29.000296562541568,133.30678881120608,166.51723465386854,147.44201433025322,157.42319091052073,109.89153891127314,2.0015183263470155
19.84908860428583,147.61565774692295,149.43807356358886,179.0900075000484,150.36795609802024,121.71347662613665,25.907355530314117,139.9704334684938,159.8399565135155,148.69657372575276,152.09831957688533,117.1294580695139,2.2902561698602226
19.815523016748333,145.95800600606725,147.0819271273613,178.7326669167739,153.13914034985208,124.54189343823816,20.344081793006236,149.40115732975684,158.55008536911023,152.00834606439093,148.296820601473,124.7614956069136,2.711336775964599
20.155414709050813,144.78433700639334,145.38715297601462,178.83777989535088,156.28129385627926,127.98089980965996,22.06668471786455,147.0321316345142,161.49712590608493,154.45935685771346,142.25268459460477,131.83104535268123,2.9730271169626277
23.064089951591225,139.5645811767261,153.25904288533317,179.6246300268869,160.02827541117756,130.8330817418386,22.319647805928973,146.85794196609464,164.23912024720204,160.78549901395573,140.19148937949495,131.27323417311365,2.9004575487418647
20.80351328595587,142.0190036772153,154.01290325913527,179.05904893827207,161.42302983462866,129.00805492035084,20.623681735698167,147.0556343686118,164.0776273133284,167.01311418678424,143.04567259586614,133.14005124827378,2.9563661435003765
20.68900678507955,140.7595186051184,152.5597414134061,178.7747767601054,162.380186099259,128.7117062475446,20.20127222882355,147.4234397528245,170.29420442126067,172.61440923318432,148.92453618030797,134.8857076936372,3.416124207173583
22.29697669155894,136.8360032541545,153.98720628602769,179.28459882804464,162.85280067728715,129.0696158291092,22.512224233992125,141.9810904047873,171.8568036808001,178.56615676870422,156.43875150616364,133.7597781058731,3.4956643547917716
23.661492564738857,134.68270803957893,154.6952123955092,179.76438324082335,164.41145149473272,129.46138392792975,21.113641714710955,143.12287665969203,167.79427250806776,179.73631440575568,161.69599519226918,131.031488554812,3.9205483749723484
24.882764588858304,133.36901559126935,154.22812354109638,179.91820356081845,163.62596998286807,129.07824944523773,22.516157225784628,140.8346649962612,166.503846662741,177.905292744624,165.1462557831749,130.60181442177608,3.9854828932773025
25.26263671680948,133.08524252220107,159.37955867704602,178.4101188256274,161.2589219316637,128.334485439099,22.440196796415567,140.60332694017512,167.9195487022976,178.97722585983468,161.14934283096053,130.29608683400602,4.441559803714319
27.147273269617266,130.77360123187836,162.68317826591021,174.5642283825798,154.08459807279675,130.16055856300477,21.960822276940608,139.43994303775176,170.39463518543906,178.9850367228573,163.24513917761777,131.8824934394554,5.041218469650895
27.98486778255518,132.2344887817086,160.9539124059936,166.31770635383597,141.69108373727298,135.48141016900027,19.29059609072119,142.24031620356334,169.26744209227132,178.86266996515232,169.88341400613444,141.89016255523586,5.875617304689688
27.95947994167822,134.10227183349454,160.43063802091336,157.93141737770586,132.24017380583007,136.48139317555786,19.01194701190666,141.28600523271572,163.1026116176904,175.26874904128167,168.77938873061174,131.7542802032111,6.738192076956787
22.762122486274237,142.0301236101131,169.74413304920796,149.96602078587597,131.70517322191725,133.3441141827907,21.905453425346618,137.81968365882167,167.70797701281973,175.7843571278106,167.40797369318096,121.94955447747766,6.997166792303327
22.81325773248262,141.4939516748918,176.8460080907127,143.43032087798872,135.3734865333954,136.64541606179554,22.03795133013838,137.78008499664736,169.83377210155726,175.81064360010183,166.97327665343502,126.06427406320172,7.389164629655349
23.078332702136894,141.61526916006068,173.40214038231454,141.93108243928063,143.18269747728243,136.7376861870616,18.05793944165446,145.51298148735788,170.36714846619262,175.77226340678482,167.30848942635737,120.76206941159826,7.474937764326761
22.315891149100533,143.4120885697867,166.07714886277694,141.69184946823336,151.54574085209356,132.0246966147133,20.318677734878676,143.10514854005135,168.7944475473291,175.09343397128632,165.38134049344347,117.48378456373909,7.686664482785243
24.63794881948593,142.27735161394313,155.06760128593817,144.56876575209088,160.3659355912966,122.20400634816659,9.988263992446402,158.3928596582728,175.46712142971447,176.93268845053805,166.32539385827914,116.0918003782311,7.470759389519922
26.223080482141647,142.5847501789854,156.41552223287965,141.94082235331473,159.6576610015463,110.34814733677605,11.779808128113661,156.2338315824257,168.772689232727,177.4621048293259,161.84794955042426,113.23961004438604,6.7000463498906555
29.709418079823557,137.55248109675549,152.33500349175327,136.74986450681862,152.9547483880623,103.60402337877633,17.735106582471563,148.7688296666445,162.6880128526713,176.8553113179358,154.68097467579565,111.02301112418402,6.3848963419147875
30.810100162977722,135.9624436477371,152.9368624414108,132.97595461195164,146.9068276037688,102.08912251182844,16.980390385547498,150.4125065003713,159.41850909882146,176.80436327394182,147.71385975233017,108.87857134312992,6.308531446517586
29.20680147042933,137.5472091048773,154.30587016788763,128.9322613087183,138.4093914133709,107.39943545320091,12.597289784574917,154.3583208738516,157.5799829055659,176.80790943994614,138.16891290570473,101.97803016993069,5.678523633422137
27.451039141323125,139.84532806092486,154.0316292956449,122.72387906374442,127.53360525961831,116.29426976016438,11.448943392703507,156.7102078874018,146.3362256128693,176.24410984460118,126.25534267714221,100.55260240603823,5.373278617060608
27.166486754705446,139.18153346703588,154.94148006796874,117.84431400662075,118.47423673684673,122.12344580350543,14.801108193058393,152.81481956586458,148.58021167690865,177.49411631439284,117.88105394402348,99.40898081295283,4.517310352386036
28.27449759731205,136.45998153421846,154.40068297607493,115.94570067533914,114.04122091251718,123.51156970585608,16.903978671444985,149.83111384319957,156.4783178399309,178.8763150229248,109.50842385098916,97.67946301215834,3.6798312885794284
25.62248684352484,138.58665312853233,156.79589858268793,113.25281645808789,108.73772196423934,121.60187996220252,20.233915578516914,140.99595160558678,174.31063337153284,178.77577933435967,98.8345623246129,89.49827391277266,3.213071399718797
24.23384124480977,140.5482630893828,155.65104675974192,110.80484967405215,105.28687587255662,122.00021871209127,23.83221601274121,136.53857580043297,165.8444707825219,178.09598159035852,93.98512323492913,86.65168048299627,3.0837986152951427
26.86079293232042,136.5249571722828,151.8524531541296,109.71749132481563,102.86650630534064,121.72713168820658,26.25544690185971,132.48038472669577,162.7154495846945,177.28443375324372,92.18645720058016,87.00745432698864,2.9584085658436416
24.897825230486507,139.82673514116945,145.55166990556967,108.13871291232363,100.82908520377352,122.6512730908525,24.477351062083585,133.2167919009585,166.79937111073323,177.1766772861798,90.80326402388057,85.7355187367142,3.4159516803817094
26.37490552509264,138.0415792185753,148.55594542799992,107.29268647570953,99.59814855014162,122.17371931229323,21.85277909124646,141.20157122439784,176.89013821323056,177.3907597170145,92.96364415876722,86.6129733868283,3.838688116936454
25.999063211795654,139.18793930775385,144.1271521952769,108.23183270680646,100.37962113875423,121.75362913005189,19.732516916163558,142.8045580195758,177.5105578610773,177.49673977411607,94.55732999133964,87.61814650027695,3.9459036971468207
26.79708324811543,138.23369845293197,145.1996870937809,110.06773453553318,102.02492860758282,123.31758202382474,16.278284995323737,148.07216994598505,175.51627643153392,177.02757764037807,97.68117235119284,89.65293797294198,3.7857907819959586
26.93043511163262,138.37350065489318,140.35422045857348,111.72549191795333,104.078072239171,124.3289016605814,12.754788238352774,150.193485859708,148.11528328424282,177.1676507959424,99.2149018832457,90.01235521863249,3.7314127447563408
27.105150119399568,136.93658186102334,149.38092802715659,111.51652601591461,104.96661185280374,124.7302503121852,13.17092625337435,154.0461109621439,127.14966325591709,177.04454211005833,103.05063041684343,92.58683246564219,3.68091277944022
24.39156272041619,140.811487359154,149.18010295683965,119.28892144599108,112.70021531372213,124.87686931466963,9.964601242704324,156.56248437790416,128.7473838696192,177.67482966601312,109.07243064577936,95.53491222289887,3.274893706140746
24.82574933052289,139.46850614946015,145.81435268133225,127.0187171732363,120.91821960764872,125.49000251434593,7.185070601932415,160.64045458381344,134.9136673109326,177.64716343301427,115.20018996364776,99.6909962344757,2.621461537815252
24.80027317625655,136.0063530203085,141.31321653476073,131.8283296306912,129.44884734840568,128.26624376722972,3.6767633874822985,168.56524610333022,111.48474708541616,177.90020435239097,120.52487741797553,104.41348653439435,2.297461317103558
23.30128429340634,140.2858907459547,142.08563380854127,137.16957115326395,139.2793277013508,131.66138026893094,11.82058356184887,157.44562888510083,133.80038919552973,178.15328033080823,130.42434213310963,111.10984245895871,2.4364575133311948
22.624800706384583,142.40117592613058,143.1632719780309,142.13918125511248,148.42626499241965,134.08702331065544,16.233332203512706,151.66794774795258,139.89290519228754,177.14566278670625,140.0032943645502,117.46357186425985,2.0088280571043997
21.717051223854693,146.7134858437508,145.50964930522125,148.6574590182134,159.9470115442026,125.27090155847647,16.8031123674923,153.4800650380705,137.1312061292056,177.1920409729559,147.49786021625866,118.03366269038558,2.173641259107295
22.78616373851365,142.44084832136866,154.33274038317685,151.29960629301962,163.67444305419022,115.0550495789124,17.897594993976202,149.9146822875648,145.81955640394474,176.5334445034398,155.72099418848913,117.61124172506818,2.4638142879921094
21.928635259655913,144.8895028785349,154.34556678885707,151.53918800675302,160.4963553676227,117.42013224260741,16.46066201963979,152.96057132495244,153.02465692288735,176.4699842527673,161.29627293311435,116.84258109850846,2.8553352519119763
21.994500059909296,143.09862961904892,154.3576584293994,150.20535487900258,152.53634513431007,120.51200783971815,15.887769650689476,152.15099253250017,155.77973640034284,178.2949053929002,162.26748276310212,116.7744965344457,3.5087817690154286
22.120549844264897,143.41208868793657,152.9188921248468,149.19402933605147,143.77369035069466,120.70013951099996,16.72288784018493,150.71210536761572,157.71707240130675,179.64984272127847,162.9423647585017,118.97595668220602,4.036773128149886
21.718510929162843,142.16582705107098,156.7482634839766,150.91863512416717,138.9979178406076,132.1265853841593,12.290769961920349,152.36307146979235,165.26183584390407,177.36579965112082,164.75845193643312,122.68266336198849,5.058948106236638
23.580337852259305,139.64880317959356,153.01652573102277,155.57736729850188,136.59752915768664,138.67335312056014,9.743186454275873,155.07479999037346,163.23840745173385,176.6966421329438,165.94755691496908,131.02516476382831,5.07790809621187
22.79641839086209,139.73657396137475,157.86210852011988,164.01185479795836,138.83508687651923,136.71405583084479,7.11934401921983,160.5706860596943,165.88880921122117,178.05013637076888,167.62512953731823,130.40739235263416,4.439867041283843
22.164217182734845,140.23948838912509,162.4272420623638,170.51648956895295,144.7663848452335,138.12216569745442,6.253784855525212,165.20752607863182,167.4816511413975,179.345017815966,167.31295844167124,133.3995377818186,3.9439183175837744
21.97273833413912,139.7657420989454,159.34942871133413,174.97324531160385,149.9278492346462,131.9209990817449,9.339652704307959,159.67412085395532,171.1497408677577,179.38269748216211,164.3209842184704,130.65077381016326,3.6069347679137196
22.311872034564576,139.13993861741363,157.35683547300232,176.7977757694289,152.87321325118666,124.49093683361066,15.39019056342731,149.6745715983328,172.35439912974107,179.42545391550573,162.1334284093699,127.703852559764,3.315514581907497
21.247163150165616,140.44400358915502,160.39014739801001,177.72172251919042,156.36690325186254,121.01034651186993,10.521318566765265,158.3105321719321,173.52707826077022,178.3641610667421,160.4901912837277,132.24997671622162,3.4287335925224554
20.02953324412901,144.0757869560055,156.98234687355597,178.05673414913588,159.34311645207262,119.33265780040891,10.35199404605796,159.91453925297296,177.13119240520405,171.0903717878433,146.96965915041042,136.9108336303829,3.760181019232773
20.007916767424764,145.5770614943607,154.66040629180438,177.8980431741307,159.81129826371082,114.71945497994143,10.093035693813722,159.5811874835868,176.7812516926416,164.85075639938907,138.09604235524753,136.4716033350008,3.9797610491244066
21.3882941975239,145.01573233941093,154.73621499662858,178.6034102053771,161.07652859172796,118.47767617423135,9.814284900056503,161.4045144208261,175.93757563433329,158.69043981366102,134.9600289165151,131.3126243432667,4.123377802430801
22.57020243728309,143.53436114588442,154.91574023640393,179.58671353256446,161.31899808324758,117.79122876025615,9.911819634922283,163.65676830963903,169.90249925850898,153.0611071233941,137.01621654584312,132.79704225937678,4.195693106286123
23.13755870704887,142.88616445635824,155.15343107558223,179.42201512182461,159.36421057486095,116.28572229754162,16.043041642445694,152.972637248071,171.14258272551723,148.30800956336446,141.77717126277835,136.79917025255904,4.112029912536459
23.744551298160907,142.91591801729444,155.25194120763945,177.79128419764294,155.85131416142053,114.59664782456525,16.203752519860718,153.49893814253383,171.38321752558986,144.7894978921199,146.34137753656478,134.8614841265267,4.166990730465592
25.220206930158685,140.83053993027815,160.02689691451477,176.26659170013068,153.27054204926046,112.20955851407659,18.5965579006503,152.51114672896023,167.85815803928742,142.06361996140362,149.67358808699035,117.69974180941374,4.533166291662272
26.467540258413532,140.2311529838398,158.5107916106643,178.7617769641418,152.75500980400048,111.1780604375968,21.131011386566833,148.12358343684866,163.59559975765904,140.27603932613496,153.0075449123049,102.87978585143149,3.8439975463133815
28.565715840903042,138.62118461734073,153.32787594653362,179.25172983005643,149.41524351813783,111.02741235704158,18.411540387361544,148.61968471192012,167.13224841023833,138.1573190665091,150.9641478846119,97.54435116310802,3.022419577934917
28.471693257947724,138.29758298716737,152.9959632893747,178.68099624481633,140.70543386333588,103.10896778301573,22.403297993000688,144.22448924179992,170.53981338262807,131.8594545364008,142.29262527377603,99.96898831918593,2.312099912871735
28.684853484299424,136.76378431902992,150.86978710747974,177.5644372491613,130.59029408576458,99.11785682269505,26.974650938937977,140.64375009289762,149.35252739888625,125.71476779876767,132.46818062074084,106.33409456994505,1.2215778162732494
28.380549462621612,137.39977705631486,153.92935203759555,175.39364089311445,117.39628126497776,89.30032888216554,26.826369041110542,140.61609299157692,161.88308134426515,115.76822187370031,117.9923768932275,119.32265495550355,0.20862726514780566
28.633021844306565,136.05842715807302,152.17902689978183,174.97051478080422,106.13347486627879,83.1504386532387,27.19766248147598,138.718276893052,164.05089956788441,110.79339378241282,108.67471839500423,124.11277709131035,0.8715872019891315
26.910439676893777,139.27698926745214,153.1310262383226,176.1069528761812,96.91111780922088,78.35116901893201,29.898127721503812,134.26650135644218,168.28029211432457,102.29140592498631,99.2812402615291,123.17076710527522,0.08332666342907523
23.7653143707588,143.6303008701569,151.73111738127875,177.56798089413337,90.77829887184637,78.56059678150301,25.97826118893334,138.49404629934017,168.372153027352,99.52875768471911,94.81932102297327,123.07086741648035,0.5663276520741716
22.636349506033795,143.7843194372101,150.58826814767377,178.8981873252577,85.8370860332565,77.84768953415897,25.6249952992361,138.2082714131345,173.49994935543629,97.241332708003,91.89627525256725,127.78938970519202,1.249266424686202
24.640168693584727,139.9225748557776,156.22815746719712,178.86773630158723,83.36765578459793,76.50360436554571,29.88698233794589,132.68094681698463,175.83584269683072,94.18203421764323,88.20457396893053,125.66950901174803,1.4987417753650039
26.33732906516295,138.4224196439358,158.61821390459343,178.84139369116485,84.45744954540551,77.55198493933597,31.96960004487632,135.04032692717766,156.04160402220123,95.5394489770137,89.64425579653444,124.10492725438998,2.176501899474093
26.775645722730644,138.67631541485272,160.16405218493185,179.46855018442008,85.78240338774076,78.4822092779251,33.32248726240651,135.59721795165913,152.42547649802424,95.63590370084192,90.08348077856493,123.69014451607543,3.05397304762555
27.89135676770127,136.71653236417066,158.94675952470857,179.66646171941954,87.95046242080647,79.83047206285961,33.88552712127363,130.07120513529094,163.3336632400473,95.9383586319342,91.37499133656308,125.20232997577901,3.7796281423266667
26.02001442507982,140.68558913659712,157.08840063724563,179.29854777045716,90.29909518098017,81.68687075067206,32.300681417244874,132.05759848361222,167.30563390770894,100.02080141439741,96.20043448702658,126.60695708541704,3.6882192161857517
25.547174838315613,140.98385076826963,157.1873467719006,179.51443085722588,91.07021918252259,83.01159470188806,31.43460995633289,133.21251628209768,172.5881982808571,101.9769839654635,98.60384752098852,125.67173411340029,3.5662066536543913
26.545359326666674,140.80829810237165,154.98718066636312,179.62737520106265,92.42839084117827,84.40895985538737,32.60187213372641,133.88388378287348,167.25282977194016,104.82102501016583,101.80884355592974,125.43750609715731,3.236114306762857
23.59756938974847,145.74170634628908,149.8733935503998,179.07405248995755,99.62268861421757,89.57462932820046,21.37777093412237,144.90211463261193,166.0231534556168,112.6974227200051,110.3660705733934,125.69530073273137,2.866360138925387
22.415860000180114,148.80307242091405,146.40504277838522,179.26231762374084,104.86841794787455,93.35822216633841,18.140144366337722,146.90226087411634,161.3307117572413,114.80725731869565,114.85884590669937,126.9339165989727,2.9119465186528997
23.56863757264494,146.09106004178744,146.15124182682064,179.4634657182268,110.41295240737605,100.80603441138373,14.122881198378941,152.53667924169375,169.61206535645732,122.21141676832657,124.8992733962633,129.32895519270812,2.219402216745808
22.57471257241123,146.853255941013,149.63537320718905,179.79795086225275,118.98064399797643,105.25718042671834,10.554409092514451,159.27663573031543,165.70849302200162,133.23027348708595,139.01958630585023,132.8047007746997,1.6063015796996325
22.25745648614513,142.96177166194232,148.16735827437142,179.3440964303655,128.78317353915278,110.84768940009454,18.41087474574107,151.23501120316132,161.17552106706995,140.70806531862772,149.8447520300926,127.73842107365766,1.0603991806091464
21.340628481364178,140.97252848460073,149.28689732231953,178.85782070006832,140.06286627588628,116.51692224785762,20.477174169948178,147.71905814982523,158.28150028144006,145.7318568012556,156.9675734131929,106.29595327059637,1.1239825032744801
20.105746256843656,144.62612113578277,148.58291383052705,176.27961010107887,149.43914395798384,119.37702764731733,20.733228930550716,146.75196531868357,151.28808107854908,151.33083072804666,160.87420184371476,103.61067923707765,0.39368172501053617
19.570387640682966,145.14826721076238,153.50553081808985,175.38053749501333,156.78527806884634,120.58447916776515,20.315897433893635,147.48695198860455,161.43799346155996,152.2399557139914,156.0345996003403,111.41927061013172,0.5099367932876205
20.702501656476485,142.9822658335678,155.24913043620833,175.2037443558716,160.8728304215573,125.20663510158305,16.930765049497644,151.89312132715702,171.18282288453574,153.14498524651094,149.2025059902478,114.88618868579,0.4895889043794812
18.914886443653867,142.7798368556645,163.36818807711666,175.75350727545322,163.0465653382207,127.00952931543253,16.750065401171252,151.2857164299712,173.71659695013412,155.0595761641618,143.24447622312078,128.10617608008494,0.8066928113935474
19.083839005907432,139.80921262758235,164.43189282431862,175.72620651330587,165.2365478013729,129.00852623245018,17.800088097498694,149.81266318384013,171.7148077294707,159.51161577737707,139.77378726205154,132.3761910108802,0.6466855154716795
19.70422258799187,137.7523080325134,164.58878711322427,174.5173475120275,167.6638370566019,127.6892714737266,15.652810224958458,152.06092372346788,170.81263350893965,166.11273288991194,141.61424413205205,135.3784603798234,0.666690786832898
19.282410398564434,139.09138826851245,161.857486082664,176.3510720145248,164.8793106562591,127.87819921853854,15.270084717041126,150.84265600994826,175.26474265090894,172.65417094635202,145.9879704682296,136.53719173291853,0.6423962044542345
18.960865646960045,140.20122331968005,158.47821823549714,175.5486778693723,165.88132381649535,131.73272253221572,13.926139785969703,152.16080779408549,178.44469682907692,179.25670528701244,150.85718037588873,137.20945938332,0.03847286702546425
21.198510849177836,137.98114572077344,157.83137498756713,174.53091005835833,165.14744192626648,127.80168617478375,17.37744885941476,148.57290447972292,172.93118814069805,176.76152382588077,157.28625832828368,131.39454353703044,0.24884945780879036
21.720526393829942,138.16003862823618,158.22523308559272,175.09444823667565,162.38928601464445,123.74888281406993,17.295838588804617,148.91758321351483,171.80883991649935,174.66792865363857,162.67101265142756,127.6927844396128,0.2598311147103757
21.307195857875566,139.03356477377724,161.89065503478258,176.67089710306615,160.63448335534116,124.37099052268779,16.56485835159389,149.8746925070144,172.22792407013543,176.47717769438682,160.90579891040514,130.8195141303857,0.027653086461290933
21.037956250246513,139.02874161904194,163.01826122947872,175.91571829511057,150.35790232773837,132.97125990572604,11.977200191486757,149.80897540861534,177.26380612760846,175.21806557697735,168.11874380656872,137.03938713493048,1.1442369251525724
21.916155998504067,139.65584328337394,163.41165679363837,167.74413432182828,137.54490981732377,140.15360157884012,8.74379093617975,150.91376522581865,178.98365145702184,177.53062647453044,167.8211313532239,130.08546660615528,2.1054024554466264
22.973158079241923,140.3196642262315,166.73741847552986,162.2268724529034,133.65872151806204,137.42280854758388,5.7854481692168385,155.615372695281,178.87288197384518,179.85904182487653,167.27755957925248,118.35077434361969,2.8684975131446886
23.115979427295567,141.82307992030564,165.9579935245825,155.93282668442907,133.56970276753316,140.3997692610984,2.583856601459328,162.0175846120551,176.79599129338698,177.41737823331167,164.16199222366376,117.1804340654139,3.4215719653932846
22.76236374408271,140.89231374270145,165.50322493023282,151.69406682397806,135.1523311785025,137.41481755355218,3.3333739332977737,162.67979896176112,174.07257874536856,179.7919085419171,168.02372310974926,120.23016542824473,3.1833098924392194
19.929752301201113,147.5669252227155,158.6887529597279,148.68825050169585,139.89601244563877,133.80632991246685,8.405890441955908,156.94786377030908,177.57352897295414,177.8431765876678,169.93389937757803,117.82409810632754,3.315175810241318
21.07453294709963,145.08668260189788,167.5423770116203,147.4293356660018,147.02453677174594,133.78308147208017,9.789025936765778,155.9545659933119,178.80476600363073,177.45452784599152,168.87182759148928,117.05586827674655,3.1977641436875635
20.803862553578092,145.66036904244336,168.17133777198373,145.8532724216372,152.54063257162363,127.68626871234343,14.487635264063861,148.4573662073548,176.32926406757542,178.3473810413187,165.79902063220655,115.53942481773318,3.4405074752919096
22.943305882748042,143.06421769135463,165.0298937195341,144.65868318884262,156.3029845837755,119.6363197895541,18.513947060385807,144.01283839842628,169.895481211752,176.7791456432493,165.63086073279578,114.42770060220664,3.2362522758085235
23.532036203187342,143.2206726516443,164.29425442859045,142.01360011551677,156.12649231347868,113.11393292552981,20.87608158779826,143.56567425034567,162.54755966994276,177.37514668742628,161.95744176700086,113.71016043893849,3.5150552947677385
25.072822348848046,140.45409793545053,157.63358652503032,141.64606183795942,155.47385384124692,112.49306021278359,16.460152995522648,148.0949309511013,156.2854854865484,178.25416490766239,156.68365744177243,111.98788826148855,3.2931891029146354
24.560816807290134,140.04917513647695,156.86386579841087,136.1090237177308,147.59404463775692,113.33718363582186,19.544992398014585,143.72429384702926,151.9291920652317,179.3896615179897,147.23212507602358,107.78825867144882,3.3875617598071694
24.038803673767347,140.9393982344482,157.2036656330452,129.35073013848265,136.2679490971912,120.34493193198,22.42362522334528,138.9985317645927,150.84174036219017,179.72867397791157,137.80195036428938,107.53215402219338,3.3513128639030776
23.123857490134238,144.1814661284937,150.2757542597887,124.48584751061355,128.84104874893802,124.57312088400872,22.25230048020559,138.776744288785,171.13540756730555,179.76729850958657,129.48951764279758,105.54867938708128,3.485717819432358
22.498511593289745,145.65548700511212,144.0813247407226,119.46338133779726,120.09758173389936,125.11186977003177,25.36332257003094,133.94777041029096,157.4281553417692,178.5747904164719,119.72313697741846,99.27520208273431,2.807234262860521
23.668516206284398,144.88159229826695,150.79208326459775,114.94340072238998,113.50009819445245,125.50370738154494,26.980878485302075,132.6211373436756,164.33433515022963,177.93105072605778,106.87902401766469,91.50701270123908,2.988608996505529
23.18602481254759,145.11451107246344,156.56558062368995,110.46969314464904,108.36410828893804,125.23923808170373,27.61114881506652,132.89209195084186,172.16176104525888,178.75482489167052,98.46786555937983,89.7430075257243,3.7996905389219138
23.18063250312573,144.58637376711584,156.37847485903836,105.49089540230497,101.69581869436314,122.45519132043738,29.067330073426497,130.36955725263581,173.57853148905875,178.90629173108127,91.21850445905629,83.9656770975397,4.443138411957875
21.096817392934035,149.2185508308408,155.14250060068179,102.47314162081256,97.5549001542389,120.40140121143975,27.2021204240874,131.42217949874657,173.701534001494,179.59298008925967,86.90603239878274,81.32349912773788,4.962630740699203
21.86827292561682,149.6603486763586,155.74490562569144,100.33994176654896,95.39142516516274,121.48793372285212,24.647076359987242,138.56718835105582,173.16783469853047,179.3440791390828,84.49094048658137,79.10952281907083,5.489459795998638
23.420979012712195,145.65960683429319,154.4973943146116,96.70039618002664,91.0616328166501,121.22666423645865,23.60410002245517,138.8350515227976,173.06196875968269,179.21293788108633,82.61124841696933,77.2114203363564,5.865220133044818
24.225920766309297,143.25641242014157,157.41292344654298,96.36036716823081,90.78093036885484,121.16180188231498,19.815912745871774,143.54445426427034,161.78705152994814,179.05311008653828,83.00727664176989,76.4587437785686,6.335300769405543
25.949208059560366,140.73457453708673,159.08089878761163,96.95596124635664,90.87230674749915,121.02919531215142,19.272580589619636,143.9662368661059,160.16290346428005,178.99349776171806,85.16877942838033,77.92784384574189,6.56203561837288
28.23819084541656,137.51314247365303,157.81860328152655,98.68071318219971,91.89663411465382,120.24472339698816,14.66720673354152,147.7649870877739,134.86208994445167,178.1537198408717,90.0904116716735,79.92289015189431,6.740979055596537
29.075057282320945,135.65532991905548,155.6671027381828,100.56558073847938,93.37000130990643,120.89771408990609,13.016164696277269,150.88187695342543,143.58473327178925,177.65923289638624,93.03952409726183,91.44272655778808,6.921692972667667
28.200019056761832,137.05211432873656,151.8580473127331,102.41263728391341,95.19113766643214,122.10770026005535,14.540536304507325,146.67362429294232,151.77748712269454,176.5201680091175,97.03519278401896,96.24075943999792,6.441596573936192
27.986578443345373,136.9778134842995,151.2953205363545,110.14363664693288,102.74840422152269,122.24239299184511,11.283160828734523,152.43131527698918,146.35885577698977,176.6139109210126,106.38315272669975,97.46232662590498,6.211289858903987
26.456883350025297,138.3962540217572,147.51882671934942,115.66317079703023,109.16060693065855,123.38659903731414,7.936069606713005,159.28010976354005,130.5441563777379,176.14242875454647,114.3501777279223,99.51345013032932,6.152634680792787
24.89925744587747,139.34527994753262,145.53574864608458,121.91161845546026,115.53191906189738,124.02535101304883,6.894864705410662,158.46318221654758,137.18419232125484,177.2650717760114,119.68318341143865,100.1311920537869,5.826808371900662
24.135274755063712,141.67423018850667,150.5676850269004,127.12054825977692,122.04848740317351,126.40085538967067,5.889898822712783,161.88413169398893,143.4083638751183,178.89519270399705,125.58258288054252,103.99841642786957,5.55077605576916
23.756302905216184,140.44685801238853,145.28405612212865,132.13040033568765,130.1136058845219,128.48041067772115,4.102487069434115,165.0477515674648,141.67700045840718,179.56040704040979,132.4050221613385,108.679287081253,5.2025011780655195
24.393196390737735,138.36890683878065,146.379708834038,136.55060030657768,137.11002707746658,131.23672357832825,10.255722325433677,154.21305754505866,140.03674232229352,179.48433702014017,135.84237069632653,112.9215829943564,4.015315331092666
23.82381902151188,139.99955116705993,147.54489730650914,141.4577275753422,144.75937267206186,131.69698397700364,13.136872045621322,152.98803318099027,143.76785711211443,179.16165856781743,141.71628222070098,117.35479177316273,3.367447331308513
23.91217186140548,139.33113489648713,146.2224311539137,146.2151128289506,152.62210621767227,131.4572531661354,14.25854759196575,151.50222292445355,154.78808319379434,178.84006103842998,148.48954761606137,123.88986168006703,2.906789805418892
22.84339111756366,141.89248663106204,150.17885796266165,152.1969699304812,162.93497319356086,123.9128013907286,16.289223290258892,149.60793272457113,152.32452875188966,176.79851714105584,157.61931810852175,126.51887335963875,2.487029320038048
21.53238480353098,143.02114188404627,155.89191040890017,155.16810103085868,168.3749656559516,106.46849470758856,16.628765450938044,148.57572484161298,164.59207807478384,174.68694536476343,164.24203219992282,123.75331660213867,2.0869936084617073
22.987051529140125,141.3940739394645,153.10194515671066,157.95798500173976,173.1524342118825,97.01628989946295,16.86228717403887,146.7324366382017,157.50561731841927,175.02047783551404,167.49709109097387,121.24962425634938,2.359668254914969
23.84385733645726,138.69379845670625,152.28814701249243,159.3340961301952,174.87491229400302,99.5582188469434,14.857832529611825,148.78698467377848,160.32863552226584,175.25562155212424,169.1389835261302,120.4828420908902,2.470237641524303
22.945171184553743,140.98601406978145,159.17446551076392,159.5343165560184,172.26507758021611,106.53602617425976,14.448464166863179,149.55423307964674,165.71736802795115,176.16801943781658,171.99869567993858,120.74029025080841,2.821236015996501
24.020682801974534,137.13603126495792,162.99221887857857,158.72200968675526,168.24508904874642,118.98914473720448,16.870535352936106,144.08818726345393,166.7418893894,177.26925690078698,172.59526259348942,121.65444053864618,3.137290604581253
24.733997434169467,134.27206685891798,160.33862296762194,159.41618586725866,164.6062406925243,130.6904941976269,15.201598885681884,146.19071482049273,163.23457458302767,177.80602799381376,173.64425731010638,119.25439959636644,3.245264973160258
24.93575315899199,133.88275663815412,164.46213769745935,161.36292511772427,160.827212801252,132.49241300047612,12.786510369332612,147.36482786812783,165.89523911771127,178.7154779739175,174.26689486327413,118.4490838685662,3.1699311725012196
23.316952601671183,134.49713261635088,165.61470541419212,160.62661196576244,156.0343680845273,132.58411328443898,12.800431526362203,149.33399891234495,172.57778466970996,178.96974464522464,174.4338277600175,118.2815388229313,3.4730403680245394
22.51329483225489,132.66265014222867,172.07501130144595,161.87373279740203,155.0291415920734,134.91877333677763,12.508777532120286,147.2799727258161,175.89704734303544,179.68949939825373,173.31669783793424,118.65549274864684,3.609725557227091
21.88044808881597,132.48531757970463,178.0981864826261,164.60435484359047,157.0825205975844,136.9567387787592,10.819913614333023,150.7916064244542,176.67531577476717,179.851713619671,172.61979973003454,119.0489603817974,3.6411040048876346
20.196255193415634,135.4291147376821,175.98161308192684,166.361922668743,158.61322118323977,139.73078833690496,8.18992316538763,156.74184591192616,174.99689264524005,179.5758216447611,172.92813166144694,118.715460445934,3.7830398296384042
18.476559891343378,134.6899583516236,171.7080934313099,169.42116365391024,164.08684797060033,141.14520824337623,8.441169910215233,157.81366771820242,177.79668201256013,179.53579582164502,171.6741102979716,116.50589661231345,3.8358461077060215
18.060029532448528,130.0282376275671,166.4134631528819,175.0355055895339,172.8309235683779,142.32010457700605,8.222986378850841,156.57818082963487,177.99796047549424,178.83732356346175,169.266586094572,120.92004257521181,3.4412470530474013
17.133001290563325,127.66064856872647,170.83404115569826,177.12284169512316,176.58644420841634,142.74826253074835,7.522237890153629,158.73400386765553,176.10177841606134,179.69098359344744,169.358293345075,122.28982101408916,3.0120338523459864
14.474994755683369,125.2268263514589,170.1175134560042,178.62698597541473,178.61147320279997,140.56531261179404,5.6572715014814134,162.37559486835949,169.95943845767889,179.98073598960644,169.6570620120429,123.74089791903722,2.8476120894981243
