right_shoulder,right_elbow,right_wrist,right_hip,right_knee,right_ankle,left_shoulder,left_elbow,left_wrist,left_hip,left_knee,left_ankle
160.38995035356928,96.89356343728558,30.019214005409825,159.15180407195734,161.06913200500824,70.43159705368468,167.82363554571555,103.86170371458147,121.89323201771147,141.620030752959,171.6290915163933,142.8672103833118
94.22655581912313,7.46135507815363,50.778874333625225,154.97253281646397,133.70264221689317,72.28681637910965,31.985023641113468,127.42602578915402,125.98959829694154,143.0802993629253,88.99909412805492,154.76724062748193
120.42017571607629,65.82856982135596,5.412870835459509,124.69342143581481,150.4499619356627,64.76163747838449,121.93858899627259,154.67911820691126,121.20279404218896,154.5930785790143,131.37307388078767,96.45751296472747
125.36015322887158,117.27568749505191,9.840515115175199,112.43191420251992,154.30964320271875,75.45062271399604,131.40852112990166,99.8922125232108,54.340446209153306,171.49264617530196,154.5974580803393,152.80089487942263
137.4843055975897,111.54707750039235,41.191907250610534,119.75725795644686,147.6453008489402,68.77222011106548,158.8234051838646,161.8430178007854,80.94744776298214,166.82706037837056,119.55503429081577,71.99886762762137
152.43292689822727,126.27299815127441,27.794849118857968,143.79650237617932,149.56323235119072,66.6837933583837,156.43090244347135,140.4832051234892,124.68092796592632,170.4750806667919,157.55733936869484,136.80680621894683
164.29804528030746,149.44188952320948,43.3019959185269,151.45694721317514,156.72991199420522,81.78182487692311,151.81975125077938,133.7314646737751,113.98813003704382,155.6377228963579,94.8157911951846,51.12448374759273
86.62850432385981,100.13363040286868,12.866493600584072,164.68047228019415,133.90181876966318,100.17688050475469,141.50566927930643,94.42875256410716,114.52701812285989,161.29460461123028,138.4904238442612,94.6675927621419
138.59826108311822,141.45876177057076,43.74075025568206,172.97797268551287,145.68251085777075,109.18844341236004,138.51859425381977,125.8900165729318,74.97719773210328,154.21196917380325,157.48132642764523,101.12112105969666
129.19563274733022,133.91876695963134,49.54409597014443,124.60534996062427,148.45006046268716,46.451602455705626,125.81233122558406,86.60988367653862,73.83661515055857,144.78167538246643,159.84655767347638,87.58782393858307
151.366250415119,123.66407737619856,57.178469553800646,136.68639633421319,158.98165096030561,73.29356629195671,145.5864962712161,168.28094367291533,136.50759068176222,133.44148562898866,142.46780761818783,88.24630141597123
143.716692214592,159.05639328375193,138.73509089174317,148.84050667495083,172.3080155216509,110.19964674793384,174.92695737244205,155.12870927371802,91.50681234441586,167.22757761766883,163.98394211964452,119.74797909890462
120.43607537007883,144.05863372111983,152.85081571315277,121.61230114380787,159.1165053441808,85.77841779310074,159.65354879715127,164.7081713785324,70.90936075729947,167.6095338774707,165.5263601858014,114.97613209026663
100.22853183446406,106.25699842752066,39.93848581570545,156.20097846544294,164.45689503818625,80.43852945553772,121.61271829895823,155.52661079539882,57.361306883372414,153.8624952821644,163.12625349963864,64.33488478472458
101.67567857836252,108.7202254961059,37.7264889766428,155.25241205041561,164.3374135759244,82.7881312356818,109.33162838269058,142.92408801156,77.79408587938184,134.97589987132287,159.8803773001834,62.32857447983639
110.67941362900515,118.7892320734355,40.64863028415367,156.8378256454518,162.6339308466096,85.35572960493383,128.44391499108107,154.892074101026,73.1106245025193,130.90289637920415,158.85029759401567,66.16687188705318
107.86572565061364,117.18940942129964,45.44138764988109,158.06741293288232,160.2064950467757,88.16405884869916,135.162353573599,174.7734345538794,76.57991796603548,127.31310639755021,161.85287238235907,74.40132123202967
124.12642296770561,137.34562389936394,44.39343534835323,158.18509020992093,160.98666717802118,88.38426296946406,102.85377193764816,152.0974942276921,88.44797947617754,134.94548516079317,163.28815945479238,70.83069895846016
127.2717635435871,142.37282737047175,44.70023296693945,157.34979497123402,161.12179828421426,93.54057457681525,96.45111756279148,143.34411952283875,96.54825241414183,131.76114689715888,165.08291356259267,80.67356787225636
124.80000308781278,140.93827065764566,41.10601505339412,159.98593799597504,164.16962534202833,89.27858967625104,107.54218730148351,145.58365197692007,88.73693838400777,155.53301877063242,165.35306113498046,80.64881675105336
127.6690422053658,142.7879586992537,33.29392522638072,161.60322823608334,164.01400430011125,84.20272765392677,107.78493927270452,139.7756793166896,82.98646132065416,165.49777810342795,165.72684794995612,81.66437197491734
119.02129391757845,135.31740138674573,35.70798205577029,161.89990570545422,162.75894980335522,82.83504456180783,107.81915247883485,138.75823566425206,87.49123708538447,168.24063661654733,163.0246737099622,82.16688053897767
127.43544878687786,147.77648227938323,37.61583097658857,161.30798436717737,161.8812111630125,82.56816807969703,109.15264884585906,143.25081850326717,105.08342226535994,164.41564286058465,156.96674195704625,85.26169438010366
123.24656667155087,143.91391515488957,35.70036160540411,160.1669117063688,162.27153722738484,80.88918149996873,109.39859382194129,139.50352040146151,95.27464715336933,168.8806375718671,160.25268035887683,79.47621996008624
133.0942562833716,153.7964915064092,33.565369882892945,153.94518066605792,160.26584205047942,80.02446188535325,112.307142619482,140.64740232269358,88.06280422435259,166.08985075569836,159.14447571633434,78.13879416055377
146.5040063999577,167.00130535590824,36.05683213651031,139.59579818933383,156.0248683650288,86.2308063805938,110.60315039658711,145.68183592578376,85.98932621096411,166.2780291234021,155.97418080807756,80.46531502204755
151.58070040144412,166.2154493361416,30.66764789125605,128.69438118809964,159.50219248516646,91.30081024521812,108.88245170835063,146.43062445092562,89.31536950087343,164.93914400632968,160.64117251882,80.55007178072104
144.34795578424013,164.26053419768743,28.85395990307425,127.8779359158,163.84744143394784,95.28971586495194,122.08246624423336,153.4415023971214,88.4857668844539,163.9488419045088,168.4522414368626,95.8239309457279
142.07958702560154,152.73999073743244,20.63420818775853,133.34456054544378,158.2560026506173,83.90729365420741,127.94747151967725,157.3834478999739,86.77542782741854,161.76734093280515,171.96282601204877,94.293037236387
140.21882796726496,151.7852300092681,22.036981067734143,135.98483103658035,155.99143553248146,75.39165369273361,126.00329697277428,153.58654486994513,88.45746045908372,161.60233032179892,171.3945717421477,94.09258685513906
146.69738493516374,157.9787148783277,24.999977878874162,140.66941754708344,156.11219862611293,74.33668985368196,122.69543518331763,161.2546574998177,97.62691664270021,161.6506319350581,171.04463093705812,90.49752460711555
145.97788851659206,158.38621119567364,34.59303005426813,144.40612352848208,149.59332688515565,75.74309026343832,124.72795834111018,157.27432714159903,98.7060851601903,164.48945903371063,172.95123042858842,88.65981233805499
140.71233122718803,148.19680322489975,33.410382628279415,150.93866705275826,154.17654935243226,70.8732961366063,111.21981542949781,144.70382332713325,91.8873058308724,169.4747483925151,173.18259619764373,84.69239197190413
136.37198379880232,146.8674385551918,29.18469585265,151.25053625472515,160.2820311125869,58.800821265411955,112.63453150489677,146.19031565054772,90.62139239968414,167.73715558831069,173.74023347641494,79.64292017187385
95.4284723182132,99.9564606772357,30.79495097296022,146.82371042550963,159.8992385171045,55.24327029886643,114.15606421454923,143.8944841757084,82.9946305213852,164.1776792061226,174.45225412447564,76.98630507231523
110.33532114614138,118.79023755156167,32.39943211383606,137.7636249117456,160.1826007410746,57.117520888005224,120.59322539910809,152.51740880495598,89.81158898712158,157.82145402175422,168.24525170652475,73.34221078124779
135.1596438373165,151.76639788696468,28.08521980216318,124.87503995674784,156.26870365264415,57.64382425117004,132.39494561274586,164.3477954602791,85.49792498753663,156.62033606998205,166.52625590375095,72.99391069340368
137.81904988114567,154.22095792918967,25.289112399157652,119.4678275349064,158.3695149559318,63.63353548170063,147.63703535564895,164.36201036855974,60.05691940809627,155.21490374611264,169.43794614257405,80.02109629244623
125.7071695506551,136.42854215355013,26.513038296720477,113.11946486773282,160.70018549279442,65.81085283082534,119.16084770446022,149.98971679076823,114.92714286050968,150.9651841433997,162.086824229167,73.17609140541433
114.44375633732439,122.4805672125837,29.471494203395768,108.95936482533135,163.2275849407406,67.62189003510234,126.20591216127406,155.54575838777427,95.85471374900825,145.65130543295098,159.75440078239862,74.25596984527694
118.53868941207922,123.18360840736355,29.647305037057023,105.03770033964207,165.2504966139958,68.51575416671416,118.12952894414929,144.08702228236402,118.02281392398265,138.9007353544231,152.1910641033439,66.77774032973963
108.02382865097537,105.44399217849835,32.13916363886927,103.22784530675034,164.56504028401355,70.68022413526441,124.19914226786354,150.18491345492185,98.4082919936929,134.59237693552748,150.6615267255655,64.4294800003991
113.71331897213716,103.87438714839134,30.40002156025936,101.6456861587284,162.120054857717,68.44780480725129,125.62296513349678,152.45507553113757,83.05072104663971,129.6416148440505,152.11315447490819,64.42364319772904
111.82532298653473,98.4310627549336,33.94525990891841,99.51759102696329,161.37383531501186,68.07699512146093,144.91603764995475,167.36023553980908,63.90726963960659,125.12075138229837,152.29490061617403,64.47144318370702
109.17866076250547,95.72344047384571,35.732299638977395,99.31890921841332,161.82446759160666,68.74735780194482,140.81859222864244,168.5579989547331,56.47902913884583,126.6573512810831,153.021734999433,64.47013988593956
109.02189919350091,94.43072230097877,33.99882488476117,101.49630650228768,159.10857349949845,69.73122358078209,123.6213925807987,155.63445789141468,70.60004364361373,128.1269850698396,150.45431331083893,61.70723220727583
111.33457432937,101.01944879155884,32.94933303322559,102.0749379342841,158.0790430688561,70.81818249668359,124.89785927296947,154.21383756896924,71.6359112913965,128.85263487654825,151.9032269878092,64.51307664156948
128.69578701004613,129.91757447058373,30.991842241135394,104.15686597028193,156.60298598370758,69.30849656751039,141.4975841751953,158.78049099575145,38.96787631727753,131.22474542275117,153.7457650139626,65.09335574315239
132.04670472203296,127.53070394765236,35.24297134772905,105.78244816709572,155.64450052987246,65.36503330099481,131.71109316367878,158.02808207294785,75.95014001553172,136.87849108897913,110.63171750032731,164.18962572462064
118.6981020976615,123.2194825973908,29.28021167678113,108.64037707773426,156.32973097404258,66.53492756538164,133.55596917635603,161.36146521295885,60.92117100753662,138.72537335893307,161.95665801082055,114.3696740969845
155.81478542432842,169.90502149491795,46.7244342132584,110.16288034742973,156.3171400788856,66.77019681597622,166.4093102496009,170.042311928646,23.294149843260502,145.9410473424421,169.95082623862578,88.39991503164197
143.77448802611516,155.67412342998924,37.589077022262394,117.85852131954303,155.44474450399832,68.11998751271084,174.4447882946327,160.74125950599952,23.382864477900092,147.03496745857882,165.32589546116571,86.67067812460368
134.06603878517,142.87770114812403,30.012045427218425,128.47546762238295,153.80263053279282,69.5872607017581,161.3999322851821,158.73973139535568,30.282934424562168,149.65306065403502,167.23080196601586,88.54210874847446
137.34546115677736,149.6709255870149,28.103303525659406,134.80167428293746,153.15809071162502,72.40566715172234,168.47886259278553,157.6595957117806,9.620485546895416,153.97459795311536,167.24953911787554,85.35671914424833
152.51404918990994,166.4163095962065,28.70807058067555,146.1904599287928,154.41304796072785,67.85890307579824,164.28537335589886,172.81050671575,20.27443816039568,159.9330726425011,172.51921778400606,84.41325338425311
154.16279369834706,165.47322527159673,29.81820053955382,153.10200382202424,158.55362515796187,63.3497416537573,157.86914059880803,174.91508435385174,21.567073651928467,163.03471838525186,175.0712491423212,83.48954804132468
151.62528616605857,165.58829708847486,26.416857062507553,160.31786884860523,161.06301912046,53.92030833663843,169.72187298338366,178.34595151024655,17.753213050167556,164.86602029297512,170.41034171070623,84.34356699743755
151.9942779404065,165.66823938069817,24.92915276870635,164.57351792726547,160.92229112744369,55.13683513648811,120.56273196318722,148.7070636449471,50.89823912330785,167.2241145687966,169.5983989176023,86.43425993345585
146.3079242957674,161.18947491672543,39.769875897987255,162.2503658564331,159.58576259496894,53.711303585279026,167.61620252968214,174.16357611797434,30.217239867884658,167.9758660253232,169.69557327002894,90.7236752449868
150.77431501257172,158.76235188907575,29.580393751318592,157.078552756249,159.2104903810665,56.814876908298615,104.91813239736933,146.22032603221652,74.72787497070998,165.32600212315626,170.98042065739835,90.03830710427857
148.21852634701264,158.6653302750311,32.656246062104515,149.6683138638012,162.05104677569418,67.07771451505401,120.05110302822487,167.8586041628262,122.335934485569,159.5842826142751,173.08670712418612,94.74529073019747
148.74152887239242,161.71932972941707,28.75635020924114,145.49262458844265,160.28173443926136,70.33654347412181,127.99759523894566,155.87969232623436,95.64426351947733,155.63993186960167,170.67705315082432,93.24026211069834
146.55523333667946,160.7005837618177,29.88443217471863,141.65948356385448,162.6020599137017,76.82777691171201,112.22181053160435,156.62453561667937,93.51994899300978,160.25265138237978,170.0963349191085,89.0856264533315
143.76718981266808,162.5502902526233,33.77309826457107,142.55778587774913,160.38529441163064,79.14338537905499,117.57000211847935,151.8422439235844,78.32813993936391,159.28978282778243,170.31759129090608,95.8661712914325
142.42779012470507,161.35238600029317,35.585372772546236,143.51058882688537,154.1551099869288,76.10493219702924,117.04762661022961,151.54630144230228,71.60720856590083,161.38354383357486,170.93977791367675,90.54977294703066
144.11627708843508,164.84997912556418,36.622033873676926,149.27298847698458,157.9165171835824,85.19561911645746,123.89495421347554,152.38975542581903,64.88227138433058,161.7820397725796,169.5754981948156,89.09281627326358
143.34711030270122,162.14222903424707,33.55949284155597,153.7601801453187,161.64293084316384,90.09784933600206,103.33522394311407,140.99456620408012,80.33640083893745,163.57446483527352,168.54467015603834,89.26952870225134
140.95250574769082,162.09640396197392,34.82733551326968,157.84862324382686,164.67345996177366,89.65409062165442,114.08795202329016,143.85452708908855,55.56815875349342,165.60955939458063,168.08539239256078,87.57972770875793
138.96538922402397,161.70324942311987,35.497335730470994,159.0747830919127,163.45172770637978,86.492853103804,108.57702054852035,137.74324677296536,66.17362408729066,166.20395297931339,166.74365719094146,86.22091329771698
136.5105077201567,162.21472392722933,38.85382299973111,159.4595672456171,165.02929478164407,91.00796446730732,102.39815799267005,137.56178979240903,71.16193511479518,165.073722181742,166.8528348836915,87.83332327188118
143.22779839475655,169.49419648131374,38.71639692729634,158.02804292029882,165.1300200757881,93.24000156771983,110.68197394324072,143.66257464487123,62.79202914682548,157.78768980644247,166.3086046698424,89.74126337101352
143.7778492361577,169.57843193978843,39.6678005505451,156.40123467524904,163.69456676138407,92.15325091158999,103.27586270736117,144.88717723498024,85.79789818758498,139.19128953430598,168.1336657361272,84.91391744026731
145.21397634529197,170.50926606462497,41.71315413090233,156.521192720192,160.17711808971342,91.99984939203247,103.61367664656862,150.90497006615456,93.56963967797796,126.83697479117508,154.24472343358022,94.3302377494212
145.91986209752474,173.2940780987888,71.07582710196566,157.1819606118601,159.9456553614702,82.4584720098893,109.50589564680243,147.94117707398655,95.13799183293315,117.33286968048624,155.41919373846798,97.81836004921557
146.28873770849228,168.9167816604534,45.78310464033013,146.38434035389577,165.6599363851226,81.12187105228217,104.54469929262494,154.1919372288744,109.95802576756064,141.7041633219889,147.26478216383336,82.00666220836317
134.50564522594746,151.885909977425,46.42083640948858,151.4243423266937,167.84796995425415,89.72333916304413,111.09509983680339,155.38344626019935,102.30921143467371,122.23715135034088,149.5957429990688,87.4446075670207
132.6783234779688,150.77567647058805,41.03765753303223,154.77333648802443,167.42470594609077,90.22922855851672,114.3198193449599,150.00414988588955,98.8049494458471,129.16331614064828,149.57495327295186,83.93035876516322
128.1604043132123,145.30015712962017,38.44873673761235,155.0684703742099,161.3560930704633,105.73346352205652,114.6751892498411,154.4263932232535,95.2983225081198,150.8321636587653,162.76808180333532,76.51097430313663
124.00717316760965,144.43338978498144,29.724025640186316,156.82007231204435,166.47720970074596,86.35411748745872,144.97131326062816,166.95602340964706,58.35709912521825,151.0462952737968,160.8275624059102,60.879435716543156
120.04905553837735,139.4221548880352,41.54092149197475,156.93350204387465,168.76585491338997,84.24625698946947,159.41083514213383,175.79161189711843,57.20125714367864,149.53500548978346,160.26790802834583,61.44480616954714
100.57424655702643,120.30791541555155,31.71388325213761,154.03200746915235,170.84207129149195,81.77489825259431,140.61812149671582,175.02451364811148,64.48164334222567,137.3754773737013,159.19303151691634,78.96616915005796
98.17693929165604,167.5985676398023,44.412939683748334,153.76377174380505,167.4637775129081,77.74594183244048,157.5617165241655,168.4672850027894,67.32808242421679,124.0356195852686,159.83555079214096,73.12913941188067
107.74961113797872,136.4531669985918,37.3269888902443,150.1978316403035,168.2090748255153,78.83334082153227,157.30057365261638,163.25895354307625,53.23081386440133,107.28869233387744,154.44337854899604,64.81494946730415
112.80957711771366,137.53065950417994,34.683175980185936,151.20273708707157,173.43035896053308,83.549346609396,147.28961357491363,176.2749163755338,63.61928727173117,105.67506387893786,160.13744775765383,69.49180575296246
128.0256842405904,150.19746717897044,31.999164389257047,147.50247638211695,173.25156714536482,83.22704649490117,150.18945779761614,156.9825807153874,71.63359001946264,102.48878585693038,161.0831045004773,72.43989056176568
129.1713240835188,149.68000414721422,34.377635758887116,140.0112704201111,175.06527650644077,79.57695518909887,159.03292278630138,178.21464441643454,55.79680559807132,94.92932913033351,161.47155247683224,71.57550017461226
101.58324940861297,122.03063900709185,36.3146026357228,134.81520894151234,160.17500195328267,70.75162499719828,140.28195930832882,170.9489015439287,58.57270205791901,95.5650109090594,161.97791441008658,67.39283988140807
105.50783204282091,118.54593901717347,36.587788536315415,132.84122203661542,158.0714064636158,69.57260494375967,139.24062875973678,169.28999093879054,81.74839040354416,96.71404896855941,161.86311337954606,68.61992384480763
114.43031081452898,124.402148845303,35.16720445320352,133.98673526724184,158.3851822795353,70.0315600739235,131.72075249733368,164.7697959498715,87.39807922808207,98.34376826089004,159.45990176444818,69.5590075110709
114.81485989513313,123.21504468728705,33.92645623723935,133.11229704233324,158.2316954790561,69.3199585846923,116.08530415237936,147.41946590214928,115.55689549405818,97.34127039027481,159.39909198297553,70.35718436051607
111.82167390595518,120.04817525639575,34.25888410460355,129.9740735039858,161.24036351310667,67.6376550848635,121.70311018532274,152.1738697619324,79.28977297763655,93.20960275603227,160.45402328983386,71.6669406770785
105.26797189352305,112.45407762696102,35.55286500898544,130.05428366104744,162.63130826184113,67.6395615870534,120.82994813713984,154.45493231456408,81.43797075068474,99.77389850799729,159.9811054898309,73.14870981223532
113.53094734741282,122.22996162187057,33.13471094927277,130.4038254626462,159.54775180626586,66.24929688544755,118.34460567562567,156.45425411147446,77.29501643914693,100.86806990771692,159.88220301056498,72.75000250142064
111.40470823835611,114.38424194837113,29.136311503223794,131.50499035222938,159.06162646426526,69.2794081174059,111.99828506860426,150.4520880054991,83.71306955803992,101.63090330675261,159.87509454961116,73.13476728432987
124.88248469549477,135.68908118215637,30.55277190261554,132.87917424021276,159.86331685653218,71.94859186496541,123.74265654635414,162.0039003397075,66.95314125757034,101.53507035351184,159.78606902566676,73.11192327855431
131.61244746378316,144.02137864902411,32.30091707677657,133.23132113209152,159.19151476989052,73.34492428366869,120.46597576684927,148.8921572729611,76.57656070443662,97.19884740263323,160.77953684782307,74.37830456909697
127.32438476357142,144.81193191701064,30.729538401820644,133.1797438098481,157.06871074418584,71.42781541590145,158.95372115751258,168.92228716846753,38.42554325318431,101.63492759791984,161.05346630398952,74.80531377099565
147.7688892001768,165.7668433836643,38.38821391678842,135.61661662158264,154.09869365944786,71.74741652704137,157.8223630007976,175.09569518672527,30.563011334990616,105.45768193661775,159.8955300616583,77.1072963764964
148.19975200715373,167.10095539047705,30.99961956565687,141.8882757805447,154.6757072484753,75.92201949400031,167.76248718580598,169.04097253760247,21.808410933907442,112.06285641216364,157.342148221777,78.45751870396252
134.28555023229646,152.263545769816,32.02694691559487,146.71261288017945,156.81406755249907,81.29567928646487,154.45168722724495,179.23541526230676,30.273885649739288,121.95387500736987,154.91945177429312,75.3621513754034
129.1222120008036,144.87433362813448,30.511029212376727,152.34059085939967,161.13148439061803,82.43860018835099,163.5215792979839,172.00608922508877,21.304577012941017,127.0162690064268,153.96598261526265,76.78322531659185
127.07627231580122,142.50769687697553,28.52152513075729,152.52112459912888,161.78458030073796,80.35398203172679,162.74270148077363,174.6112023489942,36.46459304638981,127.41537306514589,152.45444565216613,77.00197997626879
109.82617861352506,122.02167216175944,33.634453115363804,167.09262034797587,161.5626872405061,96.57221632285308,113.91089224011343,153.7867452042837,68.53520364261527,160.14242145351895,148.81631706844567,78.69409965943605
120.48758942962449,138.81983012463473,37.10334183891263,165.24086770131242,178.70276099961774,95.55529043359242,141.512336373658,166.0798886694428,56.069128055841574,167.27358166232295,163.97112632358647,93.31986855483545
121.2762426470068,137.22242114957422,34.64885105696189,161.874922465364,166.80903509158335,86.92972642948975,155.00906493108096,171.66890658972295,39.49280409258726,166.8997685599017,169.92405008786702,64.69712920657892
126.12704969608981,136.79856682281462,43.68133896669888,161.76511218623605,163.8285292324554,97.20372288088011,131.72039312075654,166.39587109027602,63.44973662401462,166.57077027662274,148.08081349491155,96.97150880015818
123.51934898654548,131.336427776968,62.42747676599694,163.0843828939521,160.1108102796316,84.60490303971827,104.20545115086385,155.01265150429248,88.25260287748432,162.16328940128128,156.3538846765795,74.3029641480216
122.8229594012451,136.19035875294367,45.10708673270395,160.206763988794,171.6236665668814,87.79890559728179,124.13753254977371,156.1472320000476,77.91069982578031,153.54390392625476,159.62573086707127,67.665708783304
131.72818053621242,138.01508781664288,60.242726244762416,158.280749845604,170.99068715762257,86.61513003206177,105.9298855300794,150.4466331014178,77.64132277330636,148.94775356147858,154.4830505446688,72.44376455303144
133.35840894007544,145.42700299702818,51.831181571501254,158.38222617652505,164.0877917086224,88.61629394212792,118.80923304676722,157.68698586267297,75.97057434932196,131.3193891604931,166.19408797378006,75.65284832870508
133.7642673769012,147.1222892208907,43.00385226202138,156.77758188258213,163.08035527874566,89.19046992983218,110.59905193396003,150.35994375832368,79.98128325828237,127.78878702026904,163.84650494778245,75.68192943065769
126.96399411831308,137.91051699540995,38.29932522558736,154.59239165050417,163.50198254184326,87.18565902112339,109.87487387636217,150.3295633037506,83.98455775432971,135.19577201333203,161.7208302205316,72.86284541777115
121.42723648787245,133.8083945965559,39.145015814308806,161.09361726427431,162.20190664865652,83.87649170140129,104.45022027190369,144.34782078968811,81.81320289125476,157.05207190977978,167.8014403334344,84.54218672775005
120.69531718741325,131.83970954330277,36.84909376858499,160.62636124286712,163.2516761119831,78.68607278065619,107.64858509976568,144.94774755911135,81.16340235646423,165.03283641118483,167.84431916094078,83.97445210113733
113.2327626928283,125.70051210763127,37.62363955886104,160.54519132118352,163.35949580294036,80.04066211450993,103.62895862062376,141.79425533836417,86.6649345736246,164.72750608370816,164.89942315705994,84.14640068352699
115.78640894016068,128.5546867526458,37.27750498888733,159.73514349277545,163.51789939890955,79.42065840454748,102.89722562668697,139.79572478514783,92.99905289938044,167.2697511259716,166.50107944211734,83.05623947272709
118.75093953311729,131.1751553002162,35.218974500386295,155.19798470813856,164.22142283536,79.62225119137761,108.00323325963726,145.03690837402925,91.90575813187777,168.80738841278045,164.8161407825455,81.3469519729335
124.43930266382932,138.561032820594,35.22667340917956,139.55985514683906,163.84729971147055,84.87006650711956,104.76607181025048,144.28300978091843,82.14802683765349,168.09764154133674,159.57090158506375,79.45476802425516
136.80131518564426,149.40181385745464,36.38123912396111,131.30378594098033,162.90336955238828,92.18991739362322,103.3104289759379,141.59037399986238,75.08501704479399,165.9894666829884,162.51389621730343,80.31273540989142
148.28995087189537,162.06272082128112,34.294512104133226,128.00272317447715,158.94295836179523,87.50737363589737,104.93598405564549,147.95822053924283,92.0885016405025,166.37961510969393,166.67888633288092,83.92566673925582
144.41102901443057,159.61190022977522,34.383008609358114,128.55606088919404,157.18882499770908,82.85551425231844,106.11110356521579,138.47464942195333,91.0264965267076,158.46248839622643,173.16077155777296,91.07844446355247
141.55994432685526,151.5295404713582,27.682991547902624,131.75921095622036,159.63315001871516,83.43916142000295,107.36636484987952,164.4728354393455,116.97812372913805,157.30217453486983,175.26872920728988,93.69948454001077
138.29113516368912,146.86781842334057,33.468825979920695,135.2452862732107,153.26620917836493,78.16754205698321,105.66382451093378,163.51609769702824,113.74739024579313,156.25238424143689,174.69389804285493,94.07678737122909
135.87131561850057,146.932405077079,35.39028524902848,141.6345812246226,160.26271495936575,80.49611683891906,113.12129077928165,155.7812394524463,99.09553277788858,160.57703857314286,175.20411006181277,94.00839033379728
135.58993099661427,141.3421568660255,27.364215388714335,145.97141230687902,161.45433755929483,73.4795660300578,114.61221311611077,156.287299970891,100.34666758404325,156.95113548145886,173.79488987939806,90.51475012678469
133.6259566296482,133.76864973949245,28.862433366105055,148.51503147240751,160.08657716352198,65.07235010485964,116.52001828501966,148.1893392754615,86.19280232170006,172.77046801846458,174.61739948137517,85.06610500174004
137.5366511548855,137.81000455054743,33.71890845497367,145.11218599753437,159.81529666337036,58.738872897704695,112.36083567319695,157.44638409927128,90.1805727646946,173.16257320460116,173.573346326913,84.39909465000375
103.0411047072182,104.80478753108852,30.807660862474677,147.31092060974848,156.93410094615336,55.05421380669531,104.77305556694265,137.46751296567624,88.16455523239439,175.11104639401216,171.03334962800815,75.08564328252181
106.40733526892461,115.11100774264466,29.04807396007052,135.81860438403118,159.1774507537558,54.657828508696866,140.15842198327502,172.869726896677,59.6375634256595,175.45740894505644,171.60062762968536,73.73491616862763
130.67823088403298,144.39039268243366,26.817612174395368,128.11550278114913,159.89577446652834,56.09680158411531,153.37268433089642,171.57959793147486,62.11243610377655,173.87902937833746,169.32314247653304,76.29479667804257
129.66901958658343,138.54784392230013,29.219258749059513,120.21904936614233,159.64926019176903,62.18095719800129,140.12273884158964,166.17788277916358,97.62571084944452,169.1354125536853,170.28134452282967,77.32097016464255
126.54617902339132,134.2918690594643,29.260457599352254,114.9011688427258,162.71934279070197,64.89902319174001,141.7899778935597,170.33421363247746,68.84683152308568,165.06010738944903,169.6617940505258,79.4227897139451
96.26243833772061,97.60374569504097,39.313195691831496,129.8676232910887,162.11982372110074,72.77060423982108,109.27758863762708,146.804133049514,95.945897997698,148.67235973356114,159.97701297533348,79.22812748133377
119.78276759949243,111.50259075436892,32.675279453759046,123.40882998424871,159.6351737597923,77.67591531417028,108.68845646340691,137.6376782194172,130.7414613670962,137.4416121368948,169.23491020795473,69.15105477755253
103.79118663028652,99.39881090639697,34.543432726763506,110.36700379539748,147.2173451466548,53.69998803414773,112.23987631919623,147.19690481316147,138.74051679640496,164.0326427673107,158.1433859478887,90.47225391671259
102.67769001835946,92.99781689954183,31.723754844119437,115.89259510401996,155.88901965028103,68.69110027085118,118.13946334912788,149.16696685150646,102.14961217319929,147.98152563348629,158.08000123744358,74.32197649614322
108.28734547639499,100.34732615808605,28.440201938371402,115.97716552573533,155.71752841990042,69.54598410347973,127.53563106799103,151.0402933220265,100.4512483736557,145.33427271092435,156.6431155902953,70.3516541196871
112.75681242623769,97.92072986738154,30.012040769598972,111.21886129418132,156.54128600772256,72.02748426194404,120.55309550026043,148.04113222873266,89.68445473567489,142.00629540021967,156.53853016646949,77.95601596851137
114.36477864043819,97.46521919379445,30.580915148099194,110.68506691955838,156.71994359163583,73.03084389027812,116.45943586034603,146.3094128051082,107.78741650402596,135.0698857204006,154.41648374124077,75.90981041849176
115.51201003718725,102.70104979748928,29.170226455515905,109.60784002350923,158.67155321049074,75.58302860624863,122.87906261024982,141.67252815476863,97.1448514771794,136.66582633964057,156.52563555409364,76.26932863472241
116.62719804995993,103.21035635249969,30.18479396671689,110.31646001283941,157.50532872189015,72.11955795935859,119.65477468920552,148.70730700315363,117.31691107869797,139.73211647147502,157.09882037741485,75.52909401945506
122.02702056145773,119.17382791431727,29.12006992687881,111.24186437939757,158.34250693029384,70.60955021321921,121.11350411938712,146.17054835461272,97.21634985739632,139.62731328996293,157.90139473354202,76.55825190818764
120.68128882008493,120.43009466132486,30.83423296407214,111.59559101255466,157.61638062956425,69.6907894834309,120.63321299635102,148.7197674109707,78.80628646103415,141.11983605099073,158.37423508730677,76.31764709387755
127.3937900217039,128.0911850363519,30.777739436102852,112.31354124172032,157.57965465694488,70.22443685282113,122.13961749259558,149.9794760953283,96.14181215022641,137.52769714185413,157.8769187534365,77.69251031317768
130.11540426991056,136.89449925645366,27.940252435131328,115.4042025175071,157.64401542893958,69.64597257823534,126.06596663543398,153.4317378919277,46.68999445436641,147.4500097744675,160.19189746416373,81.96431827086367
135.82612425727277,142.74024272278237,32.82990138769055,113.27151065918109,158.0277862704142,68.60983873016741,146.3903088335836,172.40802603676445,60.86720158346967,156.8585073192996,160.40587943250034,80.4380169243175
125.99819338104358,131.84299505654167,31.753089709333427,118.591317766534,156.32001793292034,70.55616040488323,108.29031207990211,143.26093545477144,80.27275556360298,159.13322051599593,150.37135568409207,76.10880291784724
116.35360901486175,117.80740730862978,29.18726939700614,128.19624337679755,154.97160539547576,70.6139849362911,108.11382850153112,142.0670484436449,75.49867817680799,160.52854310110143,153.58148845877324,77.26161113283746
128.2177608396365,130.33531314190284,27.262886841323198,134.94408097236567,154.00090130323298,70.79063195491317,124.59739802336375,153.82622663694835,71.46726157066077,164.3883214255909,154.7456083153599,79.4633079106554
138.43593260963593,145.55371646896995,24.50817244042756,143.4848243568571,153.27074129833838,71.20762354694172,153.16324103073603,165.48292190022153,42.715209594948796,166.35747758632965,159.01871731899243,81.9087657892176
144.80706997013442,151.2049875960247,26.163525995348795,154.78904275146675,151.47068043166271,68.0888051787371,154.5755026055774,165.48601427884805,35.848171693650976,166.83118937638068,160.13143277080385,82.82642703964201
151.82512343772132,164.3677527256282,26.680192037596697,159.83805080030868,157.95037816588484,55.803855686618014,168.14064696522158,176.46369347268154,23.389604015186407,169.53907164247445,168.23340425369977,84.93272367395885
143.25326784985603,158.26455628037598,28.950941933632908,166.87144756431726,160.83742290959634,50.185357782870554,166.7755587628485,174.76163445978497,23.54703022322293,171.7984634956145,170.49040050408212,85.7841636509405
142.30733572227112,156.94284060071274,31.195340947911927,169.0131388409225,161.37148555385212,54.85049243378953,163.66751175377968,177.07647861333663,35.84620095998687,171.1024229141818,171.8738662079294,88.32635028439535
137.04049025347229,147.1995886075572,35.841825542858665,164.26603938308045,161.76052691710103,59.875347942707684,148.40034639090993,142.0441648439037,39.74856888741353,168.7867803023826,171.91860997612076,90.53792703461546
133.29606393601148,139.12694975093916,34.47464201591661,155.59809592668887,163.53559413594297,62.49258329948881,102.22537860072512,153.28662054761955,106.22517407910065,167.08935220723737,171.75575510778677,87.38429334809297
133.8391013740886,141.90892134448197,42.301177998429665,150.7116884987182,161.56668232997842,62.597351876565675,111.0089410870045,152.9218907235864,94.66825084307075,164.88405113634482,172.14295982417582,89.22077277990833
135.38000436582948,146.1617887983172,43.851694573161524,146.1468018194518,165.1234978025839,75.78396584467143,101.48789659783948,148.542964809553,95.08861533549849,161.79570664295227,172.5776884590928,91.08466080428782
138.35686797314196,151.0217682821509,41.94189745511656,145.4732957429994,155.25757094814705,71.36658034911792,106.9207390840461,156.35128111437655,83.40054814706566,153.85032988480447,170.7453873460083,91.2871736107477
137.69872012503603,157.79340305902943,37.699009529527444,144.21072441257178,156.37101969092544,71.27272421579141,106.29771602784234,147.39137434714158,59.137884736238746,155.89509857659368,170.8384269566817,89.94187064531928
138.9508701465576,159.5822340607711,36.685403260561216,146.34781848405754,164.93067550997907,85.70416939535859,98.08961735666912,137.68505348668236,69.01711514050886,164.93350799951187,167.90067613357246,88.09528965918032
138.69482280286923,159.88582497676825,37.43752541032794,155.1364694578436,161.92716344975094,87.24781397334934,97.22950664613357,133.9382147491307,75.41608114029144,169.07970165337298,167.56886088971748,82.32299764429926
137.22348492341786,160.66410730545095,37.563621487518354,159.26926286979324,165.14288540199553,84.70438465766665,99.35959323043177,138.12595129752964,88.39559847167988,168.24398042248185,167.291433037985,80.7895464460801
135.83351910247893,159.29217040151437,37.70357654215036,160.23072708235773,165.78563472825758,82.32343110952067,102.27941313351471,138.21471395365444,90.29780959255461,167.60278932933525,168.34149622383092,78.92408217654376
142.12791278492645,164.76852033759405,41.51020886187878,159.71347631735657,164.62563081436753,84.11029481902547,111.08673069549937,143.91189224749937,82.31575631928546,163.56570197793133,168.99218069081394,78.75795017708792
138.97627890156798,160.81131381427056,40.881299435525285,157.79540169752656,161.23295434298586,83.40345751438784,105.47809741483805,139.3057407091406,61.16856929668176,151.89630719248754,168.1221575581954,80.95038941606671
141.51271224459302,162.3067432474881,53.556730747298516,153.72488914195017,159.05106869523408,86.16128783454285,100.82562068612368,145.2327888035616,85.41179573110644,137.20990545700562,164.6001881364526,84.03227737342141
138.38654744110366,158.99385247431061,57.79935828364304,152.5916297188408,159.909216315682,83.29761798414705,94.10626478165591,139.73889276593366,74.99734247535672,133.21309533094197,160.7552473560933,87.2107444710279
133.82483297346886,154.4365021274535,52.12580149912944,154.14829886085988,162.76814204828102,86.62979641388536,92.14672090424254,125.81138123240565,63.47570346236596,120.42605664931158,157.69222892057354,87.61302613497044
125.98559579063517,145.17011105751172,45.0125697739406,131.70132652705138,171.30318776670623,81.99356973998664,100.29517043509632,146.27363705072295,63.987024505468945,133.47065685348434,171.37831113573554,81.94606400666166
121.11946659260687,138.1043968297446,48.39683011555107,153.0464338434623,166.24290710724478,87.19073738846379,96.68990989189568,145.43367291069012,72.81372345184202,126.16145653199861,161.4411209414088,89.27757163066809
120.0969506608943,134.20733251133368,49.241686150602675,153.48454498773353,166.19420672906904,87.09129511446193,98.75543291180817,148.4029064000468,76.08171278254422,130.87764941750862,160.17845130917064,90.51141983674259
110.32421207905388,124.57695060877128,45.63221623164612,155.67900176980302,167.35619850614262,87.07280263954816,94.61380421479149,144.47263501188408,75.40692008047566,141.25008683059875,156.4112690205812,85.43914296374736
105.21351036840348,115.46760462139524,47.7496367064576,159.8080832628907,160.49620762617226,78.20312548565981,93.33052000696634,147.64464105465228,89.10778151039214,162.98910068292187,153.04935702840774,76.6257148910981
109.87373196324607,116.47479557145739,48.901127948587046,160.30151130774803,161.56114611566932,77.83781338838033,90.54269685260124,137.4944332327573,80.40948976005443,160.65640407284616,157.7248328173539,76.23479946619416
131.13070299990375,137.21788596867347,41.37739004808298,166.28801635354537,155.71407817053213,65.12826790082089,105.37299346220233,144.89839975846584,86.66268901431815,165.60711657565798,171.62286319112695,76.65202251175216
112.43819487487771,110.95171420783382,45.26245826383733,166.6317897970187,156.3134983223512,62.838200983371216,106.46453685357639,149.51339048506355,97.21222174188075,162.932326761083,168.0917457428254,76.66497506124999
110.66898806167856,118.93470712114673,37.991470937960656,151.64811926649364,171.43784314243464,76.72597607189252,140.4310854818075,172.0046931149325,68.55980777339164,160.92035625387004,157.1546349724952,72.94180248538561
109.80603136427001,125.78526099777048,34.882722805535096,151.32518087795856,166.6981942629444,77.98062986131278,131.2491541724457,168.14242156782083,72.50504138858659,142.43753280549808,156.12666483398917,75.74837311108548
118.20230651767086,140.78890912594005,32.941531621611844,148.22530202336856,169.75170634060578,77.6124340316267,137.76457550708818,170.03100208451468,67.6124758865159,122.50379390640585,161.25072084477145,77.78150968799682
120.07397801050702,140.204040258598,34.91667506332993,145.05130503662843,171.8908263421299,79.58386092767141,152.02371399521942,178.86628560408408,56.12337312706218,108.14138966583221,159.8071146365633,72.61557306368363
122.41215223624059,139.0223076610851,34.908356324601094,137.33993720938238,171.579074547403,75.51273807448395,161.7312021269315,169.50477754537422,48.5510781384781,99.70375267920738,162.2328656481391,73.65882430729353
131.53642753345483,169.17303566394665,51.09567980507031,127.10708315956632,158.43168153113973,60.058435282940934,141.25824539035844,175.28849121155605,64.13694439420225,97.57547928856198,162.99416729900756,68.95516242900712
116.90095720235921,137.6425903889368,39.232925105413464,125.160729962347,148.04596481015483,53.274580014714175,140.83872326941332,163.95206014448027,60.09223971465033,97.07127883661973,159.44646722027906,65.28675617041745
101.14470968886793,115.11412009511574,38.32213856419036,121.7724087873113,152.90636291183267,49.508430555172964,133.343513222236,168.31913077993315,58.82402322830539,92.95213787513937,161.33702018135486,67.50008977490077
107.12895894267243,112.70776664902579,37.628516295423566,119.05616256534951,152.54605334067315,53.09567724716004,102.20068239417223,146.6575122117269,87.62180681950055,91.61502371177434,160.76203961930003,69.64247279189702
107.70566844345832,112.84829744444562,36.56319690158092,120.06241062078547,148.5113256680813,52.746360186262805,104.26715938512359,147.01159828744733,90.93146463559461,92.5785149469771,158.04062150989714,71.38354781743031
108.75390894513407,115.85017924960316,36.20376695404512,119.4367064278015,148.15741142658442,53.1426638870843,101.41608164734576,143.92307913301167,96.05435136378502,91.15254970538096,158.4125790451014,70.81513301680265
106.88334910730468,118.99738620887076,35.684559061066025,119.19381912656272,146.89874971659484,53.20548042314491,97.9475731445086,142.8750654411425,94.91386591717774,90.86102694196883,157.20662308474527,70.3283224737879
105.3471811546372,117.74936877929778,35.11822749060019,116.68552908706056,150.45212848230523,55.239643342359386,97.92142135894042,145.5156494844618,91.05662270585871,91.56699559764421,156.72489438304845,71.18132247559541
107.24993893306582,119.04003904936549,35.89489518408379,118.63161609233529,152.50376111302307,57.52498943459883,98.50662484780327,146.16180856974887,81.84615580706986,97.44948392273463,156.46803008901995,70.99555840993092
116.65270818798108,128.70807597204222,34.6890709079117,119.38181711972884,154.07269212854834,58.99817969833499,114.26071547262772,155.22705567615697,67.19881270812328,97.92056893555383,156.99759349458373,70.60099459374821
118.93420944176816,134.0871943224925,36.00058167775419,115.93501546125069,155.6942884731451,56.3057848191573,129.3260468202352,160.54575199237794,44.53314824887707,91.34521958802505,157.74269400496996,71.40959215776526
114.79146688757734,129.1120153706676,33.69406865307078,116.52254152624565,151.86458303512583,61.71661926124933,110.54635945815534,149.5010362893371,70.02044646981761,93.49617885469203,158.2324562524416,71.91256101853027
123.1981845383134,137.79484569597508,31.546713467760604,122.2759914138565,154.0586109461718,64.25924130407182,118.16674261244717,151.85844348796098,69.0087316668178,98.08159573539429,159.01162985107266,73.49972465608663
122.63299292007997,140.39486425854923,31.348877102261387,127.76604533841234,151.4558978701604,64.18823334021646,150.4929438967981,164.68367315718007,32.87156249309414,105.45488860642791,157.61481808260748,72.1245493738404
120.9286981368855,134.65359465020256,29.798687798585746,129.94953734171955,163.743845236243,74.1312674088405,138.6736487584584,171.34003607902415,36.271074801125465,111.5299512362841,156.42800300764878,72.65862020597132
132.62982160734018,147.4625523440978,28.695142165501224,135.4964009388467,165.98492850752962,77.2773023645626,139.2516239028865,162.16050941596015,53.53378428364335,121.41996976743555,155.0860808864912,73.45786658161802
112.11428209620482,138.9559063290298,33.53171364242531,141.24974127690854,165.37079543246674,78.58019416688872,125.01875547146265,147.45130812383002,54.02656683772798,124.67451316051816,152.1792497341456,73.99586793709008
125.92141478107479,149.9003904838145,30.87120600329922,152.54305074458256,168.75680239600177,80.63661589294523,121.03955408346653,142.07044778099905,51.158413001634486,138.998800235117,151.3502816257985,79.93009461793936
112.90147629609412,124.55348506802935,41.6133692725386,161.26242712870203,156.80314489964215,72.80427609876006,127.50229958886364,169.9397486622932,78.35016071132469,156.00486251644156,164.95869358076297,76.22493129203657
117.61513923650374,132.65935750865418,33.726324956830496,159.60850787946748,169.52460534799323,87.13018320108311,153.49140383694248,174.11440009222406,45.66792034125985,149.85456647108242,148.23396552129066,77.8340364275647
102.96360774632197,102.14723594241777,37.760079709678905,173.7335856390674,158.37769719521236,56.988769015143276,128.80959806394807,165.79037925301358,66.94272162509193,166.28970578792777,163.798891157731,71.6107245773503
101.39298562660906,100.09203410900831,44.66424149825946,159.0388877421163,158.64934138853988,55.82077810241299,148.4877932633506,176.86577179602997,63.49646480847752,166.20153448793786,169.03077358193337,81.14409746786858
100.13231322778825,105.79067042308122,45.188645747297954,162.41644490304645,167.4978315139118,81.0101891374976,145.87288346949376,176.52146903290864,47.63871642509791,155.81657321849138,170.54163301541874,76.82979791007459
106.51693482999575,112.01657880505059,45.36393366724087,162.97360301441623,166.58083496626455,84.59127801606432,123.25864617709578,161.25941906753246,68.96602848018424,146.47011485158558,167.74817029352175,70.83588926291242
113.47017084797908,117.73391506039829,44.21122836291068,159.63030919837743,167.92112377620086,89.3843998950768,110.74042953070997,152.59750086088712,80.54183527344543,135.7643562710666,166.69621815834316,73.63373905061593
117.55555285473542,121.01784560736753,56.95551163693566,158.1934245884731,166.63678179266816,89.16406520904556,107.05379305053467,150.3671303668243,78.4029070974069,134.797591205507,166.92956361412877,73.30074663443843
130.7110002845392,137.27163767411838,48.81247617116825,157.93205416261807,166.2879243042988,92.39923749421658,100.92906817957109,142.24881728537093,80.95791266596028,134.38942564554435,159.7292429329247,66.33023067674236
128.4606925595464,141.22533944550588,43.54563873644332,157.17510536707124,160.20517142962052,96.82811812120435,100.26818737820795,139.12994890744318,79.97876917063533,136.38297041872607,165.23651255699545,81.89789420847407
133.65065487107483,145.54338549261024,40.44236707467041,156.3247385666809,160.91279188386127,85.51911946533502,99.79839690750472,143.81873747664815,105.24693834975582,148.96574133030114,165.99242559453236,81.30760826246426
131.05541505008992,143.42159955890455,42.23556587598939,159.0034885808211,160.32642214057742,80.00680046718898,98.67127121090896,140.20937545629874,92.8408964650345,163.78119172621209,166.752376478039,85.54711197855293
126.09460196580926,139.71517688169078,42.13189702316845,159.92791836711007,162.4468814068778,81.60781190760514,97.54535093846917,134.45084062003772,79.68614242775298,164.61626558519652,168.01768119668984,81.6030191077877
124.29520866283185,138.3183958696498,42.213600100318665,157.53964455061174,159.29259085594288,80.22755773324626,98.05117248558547,133.4160493575752,79.62874805674572,164.44351584923794,165.90903079511415,82.51596132187326
133.91037148678723,147.15763992285494,35.631585491641516,153.01036526318703,156.41233413881383,80.65391203024862,103.33985163969587,133.5018995784778,70.46587398946511,163.93229154085017,167.10494863295892,83.94679221448662
139.60623216868274,154.42782677785385,35.16932492551226,141.6608610834708,152.40869012562092,78.57958188466195,111.59989705630831,136.60576849428307,61.145478328082795,164.5690345920433,161.0596557835876,82.03180004815233
137.2810323988347,152.98199669108354,35.21809537343501,132.0431945198999,155.86360995283877,93.22163850996604,109.4404356103623,140.66319939554603,66.79222096966163,163.43849014092922,158.7284704355559,84.31535451468396
136.82762200320383,148.3961694340606,31.213309380802606,128.54755333693555,162.2009333996299,94.0295929791477,107.72643812037548,141.59434595029467,81.04066431894341,164.5857283145483,166.10607465704243,86.74805538391901
136.31660779189818,145.2561920378748,30.66940000340597,127.79070180387755,161.39224091115366,88.91841979945005,116.15746120066581,151.2143084267403,73.18578854633255,161.31726530635822,171.343938742281,97.96380254644355
130.34992620768344,140.88636315119373,31.129446321182165,132.65820924656163,159.76681952409638,87.86615171515855,111.34574298087223,152.24208527486343,81.25113469002234,160.35900593962165,174.05654245257918,97.521788035568
122.79602578490471,133.88174304416452,28.491861014362048,137.71489370116524,152.5219871004212,77.40911690836518,117.51148661902702,153.85639093166355,84.61052040032386,160.42948251392872,172.40930454272478,93.61673493236235
122.32008755919183,133.69785071781038,31.93600661813998,145.05362660893923,157.45773146042316,80.09909805625013,114.1962793655176,150.58922840270213,98.13366725394127,163.02884489788235,172.99809537690106,92.92916456869196
130.08209245825674,135.77042259576643,32.02193801549036,149.81539444568634,161.35446341862465,74.9598288369971,114.55274072159514,151.98411390615706,101.53639029686055,166.264002657075,172.58266329892396,91.45658840944755
124.24664360178382,121.52855680704755,39.30683753175085,154.3707315125489,158.67877499009683,69.05950125430095,110.79117376168149,150.10619854945747,103.35618203213588,169.11456159062652,171.87255461233187,87.87436455071655
119.52956212986932,114.55693472784175,34.697578728236714,157.23815251404,160.18874112209042,63.02033811849309,112.36974677372801,150.56383533103028,104.53622476704385,169.53370713833863,172.32268893389434,84.07736975894287
108.78256825799512,106.20589450331886,31.03185901025764,153.06314421421104,158.25545433595968,56.69705052091878,112.08331340738445,145.48298410554,94.27493649935985,168.38836032388846,172.77684409255102,78.63099225750638
106.86116563867625,108.27175916502901,29.243256939632,145.34303972099963,158.19980342713043,52.438546926810595,107.17159856123008,146.52429722351707,99.28837908233334,166.31997013415975,170.93593857070556,83.36902658672017
110.56169719663765,112.56975516410532,29.792524794871216,136.91729225240354,158.29657428595033,54.85861966197495,105.55554921773023,142.06496083371295,101.01605725519367,164.90008274939248,176.15526943231077,75.64962614019096
121.42253829499388,129.45592846311902,28.71129233296035,131.2315735812695,159.15255489239962,62.252109334235485,123.41128203683438,153.08624092932519,100.78295240861468,162.89219114703744,179.519339255821,80.1647856258286
107.25610219178951,114.7769985346604,32.171905898876815,120.12038580503493,155.515560881085,74.37051650685247,122.53948822702989,157.33010168019126,85.4888914521041,159.0007413484772,166.6039497388294,75.48635890498339
107.63300052632954,110.7439730136088,30.985276228835644,110.96004400514546,159.436425340934,64.26643754606839,107.89584033091705,143.68689568842598,96.11203011348498,159.58961567737575,167.39710333830524,78.10270578230086
111.13645015185071,107.30546832062832,34.74328776547665,111.173307249901,160.57080646818378,64.17897615662145,106.84304866879103,139.756454890972,96.54962871060782,151.88885260964577,163.85189503547124,87.42203503383787
109.69936821582243,110.71026857946183,33.73102159928324,111.10497664043083,162.36654275847755,68.05750943770755,105.04076118961484,148.76310729415232,93.38810921298135,147.19872713614797,156.82493083516425,82.0006189341017
112.54559899700114,113.56519955185152,30.63568029785676,107.50001180225506,161.48337152586237,67.98182766794123,113.15657828860441,144.7544033823217,114.15262687710897,138.06384158557228,155.10826827694245,76.49151767930047
106.77653681182251,101.44975027297158,29.686266419811844,106.34570696627532,159.40124478294692,67.8206016029748,114.42465569316336,144.82372072748538,94.28534284225627,141.7707570042959,155.1691710246394,74.69336681493043
109.58851118025191,103.98515867101982,32.59822581353425,106.17498994106198,157.90808844000475,67.75173126292383,115.25986400400681,144.08381492433566,111.56800151121566,145.02202694134576,158.7583489757545,75.21668733395383
106.23936878751054,97.74988768007688,32.87893939125749,106.58943918464635,158.384122405106,70.31512948211224,113.51833023105719,144.337342836702,94.22108895493044,144.9853644122394,159.6169303414453,75.89333483193448
121.29870798637437,123.31391531508305,30.41395548954328,106.07571056599797,157.4706766182981,71.48148450994242,139.1555291857099,161.90765881793914,78.54897274013615,145.59234229627648,159.6673101730356,76.31183079149453
135.29190369855993,140.84721442069966,31.14211532812652,107.30365742066535,157.79293075093344,70.91060252408455,134.96468100940584,161.58767227130718,90.82953813183144,150.6537155216199,159.8631623645502,79.450485840236
125.15911851119046,129.7411899454874,34.361043036020476,106.59145947873647,158.38596433205308,70.58614562529392,150.81184325198055,177.08757516561275,87.70371782680651,153.62533741069169,117.82697549640166,159.36058832507092
124.98738254249417,118.66628193811745,30.74146363839367,108.94189711903411,157.82806925831645,69.50420439794986,122.94222973865716,157.1196949481485,72.49417407386936,154.1478359215369,157.28801056165318,120.23096041192426
136.31929553904118,138.58670157519705,39.340009386121864,112.94253137274038,157.04750853547134,68.40239825505584,124.54414327480457,159.90552671287475,77.4032249903277,158.05601322214977,172.37695097074044,99.802612954459
130.4818325691392,142.90756510725302,33.72473560273829,116.6208431653393,156.47735486986147,66.65832910417961,120.837828023004,156.16987824171883,83.94210637861794,157.959558122405,169.7975872697241,88.19307543239456
118.87908371645368,132.15631753212224,33.27517459899573,122.46913748903016,155.45957934246653,67.02239010702165,142.433108054221,163.4446675104424,52.81119760038678,159.45561267096093,168.86559842369923,87.72361189008654
124.15850193997107,145.03600645468907,37.12579697894634,125.85289269001942,155.02156129726333,67.97830393568348,169.1584265159627,176.77957010803948,29.513469809096215,160.3481926841943,168.39058989008333,86.30993581612313
130.34997529332392,145.03763670812748,32.89930548197941,128.75544343837134,154.51347609994687,68.72708902315512,152.7703203727386,166.5266114713031,41.62015170004965,161.25361715027336,166.8336889697018,84.5553742193755
132.17517551566064,145.6350191828977,33.728234423392614,135.12057893831476,154.83817657855866,72.9567232481053,111.03887327139421,140.2053496460913,60.883378085099864,161.9648246437084,168.83834326261837,83.01921177822071
127.99215346301327,140.22900514431197,27.92674642367567,140.29803734330594,153.56408753212,72.96449023577827,118.22690279861615,141.7128602321809,66.25085203993669,163.81147157668383,173.30377342855937,80.35294732158594
138.97232202271667,148.1571037128239,24.015598906243486,147.4046709212941,152.5286019747796,71.4569838727615,123.21133749674479,142.41739179241569,59.96224192564214,164.02635042675735,173.9185988778749,77.61619158814513
131.54043199602557,139.2514347099879,24.266428459746198,155.88413989833623,152.0987576641669,72.60789187945728,136.71028732865892,153.21817049809198,29.797189880556118,163.94945577073943,171.27190434783523,78.77378403978614
149.5434901109244,157.60925513479626,25.78255010459624,162.60106386325415,155.86649190594557,70.84822849064462,147.84666830340942,166.65288468897873,40.64285741615468,166.7606162984249,169.30843481034145,85.84965591284922
149.32650291663606,161.84814495632182,32.78109952053313,168.6714288825965,158.3846742271913,65.54944355462895,154.1648172229332,171.1248562984888,49.251870588156706,167.65973706890858,168.7548931532408,85.74274437305291
153.85586254270936,161.28665673663383,22.810112641804807,170.6042223240553,162.28985166993417,60.119040999382804,155.1674897976283,168.9580398040168,46.95416852608608,167.4591152924687,169.14967084564856,85.98653202386332
146.46526307488526,159.18143521516848,29.2613045756292,166.76634749519437,161.3590920671859,61.685220601575736,146.26598767862504,168.39951741940635,40.66629931913432,169.41189541432576,170.59829930603786,86.58952656169737
144.43928292853883,149.54227451196468,99.48925002612079,157.3618318304012,161.41265349027617,58.6441074052951,99.50516740539796,148.0727173517858,90.75147703675903,171.87165985937037,172.57383546594863,87.96317715496328
143.29022515196215,152.86784480015217,50.18383657888759,149.500169665616,161.08256854232448,60.95393945440292,109.91185146987122,150.82634622133548,68.49679356859914,169.27841517680895,172.17706934592806,90.23201636896894
140.01247546316853,152.01161226444816,42.20453238582672,146.4477350443144,160.69215400174213,71.7140611355735,101.87765701222234,147.61636366015085,83.54521660588156,164.55980522241006,170.4707532238455,90.43384077350272
132.38929718522442,149.18591578289636,37.881374530682834,144.67213971334183,147.4531204833828,66.44527583985072,105.4667094172909,143.86342801365555,73.45778607289382,164.5290962246592,172.79362736457827,96.28502556027358
139.41576171432575,156.3795399397792,34.729985284685334,143.55487376956552,158.25285057251654,76.56384959137165,99.98673941119812,135.5546992908016,70.48345599676796,169.26223294237067,170.05175634667333,90.9442325037401
133.52872276387893,152.85701038624626,36.10461705638757,151.85485446132537,162.42258322930547,84.84115049888585,99.75885045492228,137.08722630226325,81.08362992321378,170.4844865247432,167.28221934749106,85.98410756594079
121.00280641792469,143.48878167665765,38.49066885640003,157.88917825943207,160.40228082529669,82.74758019212042,100.60433486068533,135.2221015320369,77.92683081646473,171.514779028293,165.37244074153406,82.71044193204308
101.81123905286957,125.61052093295642,41.85961062294331,159.37126570687857,165.4121822379379,83.55272849582532,95.39649214725564,134.64220342443627,88.60562677457925,169.60610649978494,167.60767187479593,83.5184953819769
111.27578130403387,131.59911704172848,41.86705797137251,157.12222234091283,164.03855619399747,80.56174301784702,97.69201085488406,135.29169190350927,83.4588340266863,162.92793863486457,167.3942025082927,81.4559182659265
114.64764120603525,139.07370926823253,54.21440541249017,155.40904370500763,162.77596979369224,84.8809883438424,93.03809373439235,138.08123326870773,88.10998534132682,140.34640965314347,158.48633978041164,88.43645363138079
117.30783999924027,137.8998803471341,43.04645430769499,154.252519571659,161.37027582989913,80.16341194725295,96.12672744605777,141.85379980320798,91.52413900296298,139.65009177117892,160.62805806084594,90.40722626925835
123.69009097972284,142.5799936738521,44.00812579581048,152.73617828934164,162.94315872170043,82.905435443389,97.57794869522719,148.38490571658872,93.9097489396711,121.39848877056602,151.77108517659414,87.52477021615738
112.52059735975321,130.48878497803582,41.22674856995421,155.58350612813234,164.56022634739662,90.90889326027852,103.74460870701942,158.48121793726116,96.23222286407837,122.50141814830069,154.3479138033818,94.60636205377179
108.97218599179294,124.86814856800022,41.704485483132395,154.97755087055862,166.14327307619257,90.47747432670833,110.14308556908064,158.8621721565756,84.17325939934835,123.06534660690754,155.5481972713304,93.36935925247623
115.53589715478392,129.91765087616213,42.33043199571345,154.33941441564227,166.2841590244783,90.58784429436349,104.62473688317809,157.90811538970115,94.22520023902177,126.16661954177653,150.98627043181375,90.07539667581445
117.00486983235285,130.23683777602972,44.579535420385064,153.07592053522617,166.16251239020565,88.41247424738104,100.4898159696126,150.70104810204728,90.81340877946536,131.81030540479244,156.14072640255537,94.68154882121149
115.04964951843932,130.22342598103216,47.43509368505846,155.86709883115182,168.9071771482931,87.22102955489026,111.13208958756297,152.8131263174922,77.5129714188145,147.03365348471874,156.85989793887018,90.13768357793153
115.49805931436798,126.38776464688263,45.237527403382074,163.93268611598347,155.40145803042935,88.56021256748662,111.80824838955259,160.74685946847774,82.75389551162421,153.6898581895148,166.70051022865306,70.32359845858937
118.5903002674908,131.32069205926982,33.68936393773066,162.91339717925487,167.04872889162198,87.73576849175687,122.20289497200304,154.90214889259371,73.87210417345347,153.6834856710147,164.332548483309,58.71300650609306
116.18896751562097,131.2451427687015,38.08556505468855,157.61713546539545,167.3843965317179,82.15208106694143,145.37244496819605,166.87986635028952,66.9737303335755,152.76611873722248,162.18297815701376,63.03649160800247
115.69166504197187,134.82081258847572,35.85172438982692,150.941420113452,168.12703607571984,80.91928229577576,151.85147614167994,174.22559363594664,66.30099979987807,134.4322238696649,157.6409259285801,61.37850721840939
123.58481661782538,145.21177156131387,33.96132167297137,149.10628144361647,170.00809157479486,74.2480012097211,149.35096192791286,178.66607215152214,63.0171238132533,120.55483311291833,159.54596049110307,60.63831707257156
120.77706293957473,141.02471519642683,34.104063300158366,144.76588668164348,171.76106553904236,77.12008374871618,154.2754441828756,174.98496921857875,53.248914131020456,113.25048630349372,160.4964551018503,65.03988208418788
137.59283173711566,157.4933215272202,31.53598124453002,139.41366826713474,172.15698463799274,79.14823255023221,163.08737816677947,166.62904025630098,52.377990429895256,102.4229563763328,159.34114864901454,67.88706359992806
139.90779987878616,158.1852453456405,34.261737867962786,135.35487579005468,174.55256718175414,79.39492572738902,164.47468184869174,160.28527901194266,56.05907410529416,98.08244926995738,159.70105057739048,69.50055577354506
114.01135511218476,125.39186238312715,31.300986465836015,123.32058547126135,167.4741709582786,72.99485653321003,159.44913923484754,150.19487987209416,81.01579317834755,97.42571096704933,160.15508318501787,72.23019333632624
112.13121579529448,123.1769364392262,33.07553572878422,119.15141902103896,160.15527790472456,62.133226071899806,147.0976730210239,166.01284895813424,71.82475682190349,95.22358830083353,159.4997640042417,71.26005850976473
120.08813150262593,134.3968364808567,33.13021848756271,123.72371121509413,157.11094078152564,62.92738678544295,157.96712517824344,171.64406656803413,60.34811128517222,95.88584704245989,160.3911736884118,74.25665294178579
116.56600013075345,127.5819102201113,30.95650050256427,122.79944644827398,162.29527726288114,66.05946213933227,127.17919993225334,154.06647874506578,68.42203691201952,101.19965767512983,160.880056086986,75.49768552148487
129.3253516250901,139.3459410577376,31.966056969883272,123.45993683611809,164.98399672214578,70.20646304583423,121.36325861468636,153.28877855805183,81.78751867835334,100.00947732656786,160.6447902351328,76.56076806205823
130.8619560758649,139.86426467464452,33.2626478945738,120.8462899706292,165.22843896656153,68.90622964689715,119.507033919483,147.29619516952442,80.7957337925489,100.26340611562136,158.966323201719,75.86015472147723
126.49567599623681,136.74202993647373,34.28477950672402,121.16459329416514,163.41748299618808,71.44742531607552,126.25499351895748,153.19262125676772,58.08899089200156,100.37511813348081,156.77937655861885,76.18547194404931
124.35901553253483,135.84396578646698,33.847199807413794,121.67479499290927,165.64595056199724,70.76407519485365,132.88291398429482,149.46417005827715,38.37105056776717,103.10915010494062,156.21042320702935,77.45568483476187
116.73615399691728,130.1141513032223,32.36298458872061,123.21365103459999,166.42526198175352,69.80466362357895,143.68028620608393,162.38797334618923,36.83565661265891,103.66142997327044,156.21284134156102,78.29316761883386
120.26915456492367,137.59910538517173,34.504922483332095,126.22028320217464,164.78637499283576,72.3725576736657,161.21657576370052,164.56947919044032,27.276396086215502,104.43218895987185,157.44706514891988,81.23032587746964
133.4570689642877,152.06356320534462,30.765113575291196,129.45827160830368,161.83177110846233,71.84033750319226,162.91545071872733,164.80545319547642,31.415692269118246,107.52391093687845,157.0144328071661,78.6618696499845
151.42500755593372,168.21821055994405,32.3422674547051,132.64645251667307,160.9884068232059,75.80235775895315,160.93095363919423,165.6313150280805,47.129589131626105,108.27394923922988,154.9855396596535,79.15679442773009
146.2309040293436,163.8401957201394,29.722417134385115,137.8363085211394,160.2490917792799,78.15359023115383,163.7440132431172,167.15299399174094,45.071027766170616,118.52739759324703,153.53431214359986,79.63381383165397
136.2682091232362,157.08623627035996,30.130316239125996,150.45993143455334,164.70231676505813,78.83324734533092,154.50072269329038,175.29466052152992,46.208736202861914,132.1369111651125,150.00307914068307,81.7363647500895
116.82846112322724,125.38113355277217,32.82894356027378,166.7816269975595,155.0071176556666,69.99731784424701,98.51173294889529,140.51451330325554,76.40640280617802,153.07442891270352,169.2642507586056,78.18660263487807
137.6978860816531,147.53151139995427,38.54787479849472,160.93253638725113,159.4305768442553,55.40953153736628,111.59912526758882,149.76112315055406,54.35713694426341,169.25841737883542,172.12530016065517,82.80337468174882
118.33416690091471,124.95953866785763,42.76369420490154,160.47126636068086,159.52900424851768,55.05275819631646,118.31340376041723,157.66464320319125,51.220118976900935,168.46058233770546,170.3850724062966,83.09905860777536
99.59530286504487,112.88114038028756,42.668306489042,168.39651574913762,169.2002778373284,79.0670020566923,131.4291288237412,162.17542260972638,50.59511204778818,163.5331644341245,152.87269814344788,60.766553509868
111.64647993064048,112.90539547207483,45.68040780076916,155.44967826406588,161.08578866504857,64.82087504121081,105.8126532522343,153.68347400704093,63.87630623050713,167.02161906749586,167.85413038435698,81.81481079444976
108.95849589343314,118.80374181049044,50.07625735289699,160.6839216481714,167.31556559443212,88.91251197006187,122.73563748915534,162.78635237786943,57.56664695072441,144.64186618714217,152.22361761443844,67.25010838549404
109.54358900047006,118.83103452119597,50.41421670853952,158.0840655397875,166.69981196757703,90.87077972441865,124.6459313126141,162.67459615603443,66.27552426936353,135.76319768228333,160.21378933932564,72.5234503933135
117.50308920401388,127.95818366530395,44.271861730660305,159.36050731301913,165.02070237305514,90.2688327514389,109.97599670495529,155.3250521191358,79.8896940958615,133.3329391730546,165.5943426615121,75.3403223974829
119.62133275380832,128.4047045732314,36.15757493650466,158.8377747920248,165.2124077969374,91.55768216110953,105.37442164969882,149.6546088425741,86.68104523256073,136.48289855686005,160.2217651714176,70.27031856452584
116.87673446527906,130.61323296000006,39.2964527903644,157.04378631752624,168.02000727959083,88.71413907625993,105.11845264703015,146.24638983436256,86.43753846821645,143.63331710028828,165.89576860415454,79.42396074743247
110.96190703145552,127.49750918755187,38.20621239531239,159.07573957013844,165.1821624200844,82.78555485267985,100.82709962717269,140.69113082660542,83.69451754349721,161.6069596665745,167.2788772923183,79.99901202707667
115.6571116528473,133.7177007039516,38.618856394299414,158.73514079234957,163.87928309106897,82.6018498797983,95.66163356189388,139.0410079615007,89.97268290240363,166.54758318425417,167.2898372362154,85.59071749428938
116.61155823913866,133.94321794764957,39.3893762407515,157.74961893174515,156.7598650472973,83.77698936889152,98.95963639740734,139.2588892952737,95.75771572497234,162.54682681271987,169.02766561870646,88.5254128660429
121.14526000918568,139.51303947191835,33.77483501641875,140.41816856322828,138.93104490432285,72.36677990725906,99.70425175335136,113.09881073720045,55.28784526772921,160.07170779804036,160.596938193312,87.79099351406525
130.51893183584812,149.78086866764033,32.11049850081695,133.53065572022265,127.076479588463,65.6828122007598,105.59149236415159,132.03573929588558,62.61237618211091,161.6863606363571,158.15841317753814,91.1923270685867
130.92106135181515,148.60219504479969,31.355980144904947,127.60653901310208,154.5327527694782,90.23537975549652,107.97377376986195,142.4899043578852,74.95324680839316,160.42454560080967,153.97097976277692,89.83008433046663
134.20535470780996,151.1486136576567,34.62655091717773,127.01917590380862,156.01627121678092,87.00214694752857,102.10305090709183,145.78860962247268,75.60371654014983,160.57988632969847,168.18463505731745,88.95511207507116
131.53430287934864,145.8088770921857,39.87628294604713,131.64782674614347,159.2657592359765,91.16350497571156,107.50066358821185,150.5688828620332,69.21094359573065,161.29449563959852,172.72707473029678,90.52493566518562
133.35149108224658,147.62522127033023,33.545585408361504,137.30547504915702,154.80683345379475,84.50062788565066,109.81198099457379,151.50326060904968,81.68255860005476,158.816106876779,171.6622458603919,91.7220508796653
128.32490932435337,139.08795673123723,30.33446929370153,144.84435974064783,160.84434751964565,81.02288280595369,101.85684194062968,150.40255303742572,100.44116408791801,161.26847973692986,170.7615134686144,90.88549971024095
135.08725513975665,141.6636744171591,29.50391973678762,154.7862718224861,162.62271605629917,73.53645920785559,113.46616390962895,149.92586028068848,94.42037938222303,169.2575730667719,167.31835064349096,88.7721496443744
134.99337366347288,137.54825973736058,34.9989738719726,157.95903948661578,160.676288692229,65.84714733165453,108.49107378009087,152.3316064493155,102.48868684759427,170.77288815667384,173.91926132878163,89.44901337871282
133.54894707332437,137.2203517915419,30.932727239083615,160.495134747743,159.8204123219417,62.82430244317691,105.5504138192146,153.7432486306924,98.57905951938879,171.95487720486986,173.46821069974413,85.41105023907372
123.26611236352927,124.24794950323121,38.626951340084226,155.82855448042932,156.78482134018557,60.150905002180046,101.63885252333037,147.46822294786844,89.77875601586786,172.85521304845912,171.72678706456924,79.57978757376667
108.55124567629478,107.90535881391496,33.64944000128272,146.5238970346654,156.4121875693808,54.83420424344217,103.07352708523028,145.25852712682453,88.58259818282667,172.48184245050308,172.17615970321023,77.9099602247889
109.86883317544736,113.25862879150573,30.019600408449286,140.6070809522451,158.44708024061705,62.06825413291295,107.18346607562165,146.14096741263688,89.37468972398248,169.1401431662435,174.14517804776256,76.63444341072476
126.91728864223458,133.34867277542085,32.216851855958886,132.89289734451586,158.09089370042372,65.83331680701308,125.14236607508586,163.06406648136013,87.97337950947247,165.73253985041802,171.72290217108215,74.007449151191
113.28072560269777,117.1165832181176,31.02670711425471,124.95397636664046,161.71676257153135,68.63766974793657,104.52325896714814,141.04985482163852,88.25176928165925,162.39400250108625,171.0638615228146,74.71044218058685
100.73077619097351,107.76110376047848,38.10466521664794,112.17275586086154,163.73447407891297,70.82932984872821,114.29482905422444,147.25594196150527,71.01082670961723,166.42232081612505,163.15850813867675,78.88291833301317
109.32481037795692,103.85740998906132,36.24607929889584,125.37556437702601,153.1254084561009,79.82629102525254,110.26716701375295,143.80990763366762,91.61339541779951,148.53281947339914,152.3319687633732,60.182141636797596
114.49500382106594,108.71105659173159,28.336476572207875,125.68143297759049,154.85881280439577,80.15431830889918,107.88298131326957,140.93825204850614,94.99804646791142,149.22589058448617,166.05591651416012,72.2225431916835
111.70213268130185,108.08445858682266,29.89350225415452,122.21931144166672,154.68808689788193,72.15838463968281,110.30547276624598,140.72906002357135,103.01087195801188,150.75420557826442,168.45986923768464,75.94162824402801
110.38760520182403,106.15053492448617,31.483191594104223,119.75206816671457,155.5991036823494,75.201415499574,113.85678894692714,145.58382475719802,101.16326413533143,148.87262002544364,167.42602579566926,74.22754712242487
115.91480191051873,114.40065923822075,29.280070621157574,118.96310997949287,156.11818873329256,77.23821577578252,116.76363778749123,141.54685162971762,105.15265367106105,148.29320933067208,167.7160644295712,72.62674841974867
124.03116389691343,125.91501280151726,29.554321525153227,118.32052914546661,157.67628558281086,78.29164728882868,134.33444960940884,160.65998992496205,95.79632950637313,147.71698870638943,165.29560129600847,74.07858376848165
119.15570993587961,119.84045587460386,31.352637184289275,117.32609698444145,158.04633004789076,80.15863703184785,135.60299168816022,161.94309633790257,96.71008040316445,147.66675472740184,166.1049122510434,76.52173444480765
117.95590106164335,118.45420891393007,33.118723121012025,117.99921306753427,158.45553754674933,79.42328911290318,141.4362735564701,157.98131164562247,58.28421950706941,149.08858026335952,166.0142305758388,77.84268246111837
126.35074215180234,128.34002031843062,33.56480528865759,120.63254335869263,157.50025981827292,77.5285023798985,142.40156269676953,157.822675681576,48.58161903907472,149.80430144923182,164.73736348179537,79.34234793420043
120.86814508487375,119.31524322446946,31.826007923089946,120.76167780601654,157.89841468430046,76.09514310270355,131.54382606082797,154.71706916364263,53.956945343235056,153.4069902540959,168.16055478023705,77.97527637236348
130.326071652365,134.29407556323,33.46843130271587,121.5706414204086,159.29129584740673,75.39866534383306,142.02318456771184,171.25610195219764,34.40803977175589,155.33959461784204,169.1367129446631,79.42632908622662
127.31230187318207,131.2244564385527,32.9855649717956,126.39443560970422,158.61115226877592,70.73621493239114,154.45313193557467,173.998979652314,47.78842418594302,158.26130566455163,170.10198484386953,79.63920892585614
124.37171137537325,128.437138413863,28.955923633062213,132.5871857995721,154.42608315835253,72.05798499590101,134.20697636970283,165.34662158147418,58.908569071135055,160.01362534235793,169.4668168625514,83.22635109790572
127.02676120835254,131.41104737049346,24.30809829884448,140.35087923703307,149.7856284309353,72.50005230105158,127.6476829396286,158.1982312467489,65.44380600805016,161.70100484396883,168.21976626340754,80.71293509212441
121.82343192177457,125.94740412219346,30.35120670382795,150.80959968724164,146.98755911117075,68.25406791441493,109.68832449727212,138.86359405799334,78.05732025531373,165.36228621807777,168.63397229231856,78.62525719662858
134.39119637244454,141.94384432626504,25.3088147624309,159.52818822554156,154.98994519153817,58.182483803199155,140.61567185244206,152.26129677511446,48.21725078525621,166.16716251740675,168.5625382390094,77.641803346191
137.24014310399622,145.3369261905003,28.02575965814947,162.61083773184953,160.51820448436928,50.160067099647826,154.53414683007162,163.45701076613275,32.701775913594886,168.2688570696217,170.1418627956206,78.30253405733671
133.18132613661425,142.721122512733,32.111715143467094,164.72939616614553,160.99676377585445,54.689555759110576,136.46030840670522,142.84168018445618,38.31085656020982,171.52447193698987,169.110308805995,78.41436048664355
128.23214397025913,133.47271663985416,37.878177639410715,161.55092303892448,161.82249303644232,56.13482499272592,123.54444873120853,144.6326016576144,51.142128961084616,171.50904439655457,171.21790907853642,85.63938449008808
126.39333523263875,128.84741728401073,40.507637597343795,154.60689888710957,161.46627231881524,50.27686034063619,117.98654540834943,151.02124807662452,66.62339953471529,172.44710661125558,169.1585718941377,84.43519699900438
146.9870628296764,152.12586276395714,45.77724578952724,148.76648525900725,163.75156598314032,58.848792613844914,98.53261967213612,149.46794311880515,81.78746217219718,164.19589044272996,168.76801194636616,88.57272207692851
138.65199080596096,147.3671131182408,90.95734939530685,144.78372273892435,165.81489109932355,68.04112596478326,99.90472787340677,122.48790545044011,47.998616263261,164.3417578175042,170.3759610756256,87.80185793136353
131.43376310907132,140.7900231026156,43.484504981224944,144.4363415298543,160.39989776224118,69.89602569032832,93.57246635147321,137.78010365253533,71.4536984552807,157.9156723632319,170.09651078476085,88.4444533745319
129.6257453926397,142.1960001558026,38.761990687291814,143.33610450725925,160.4918599656408,70.18858203007301,100.0784302264119,141.97817510110025,76.40656980563554,162.5040039726776,173.8255048556917,100.37782290284353
139.59738448386125,159.52749856555891,37.595700311624654,142.95250568473494,167.44779217230274,82.03240701901873,107.09210872911781,116.67332140522824,43.102442015298145,167.3410001536272,169.14597345571556,92.26015754420241
132.8724754885093,150.58967225984483,38.10679198563543,153.54265222161482,163.15692517619362,84.10644549276894,96.98039781803448,135.99518347549545,82.92559496022426,169.31990003123607,167.88159743767426,86.87295483810324
126.8455009393359,149.58743484556672,37.25698202486492,156.9202278376572,164.18660345537904,82.59146221661294,96.26660703783614,138.18674824785938,91.03948222696776,168.23348849741018,167.48008461493703,84.94822820525373
122.1683065916389,144.96614185347104,38.09475691417699,157.33143418656493,166.1913898886262,83.54269892502275,94.17961216788994,135.64211956001617,88.30818677281634,165.90009188014997,169.12817008138893,86.02689568045898
119.56814793884213,139.78578678986935,37.28072380523669,157.71460174939003,166.64757706478215,83.48698944419846,106.5242666224277,138.52544169314993,79.44336906215642,160.28085701897035,169.67129490255812,89.5244522168126
128.5827394524452,147.2570016984758,39.41781918418075,155.79718866833738,163.7094699335288,85.01453707423717,102.55104675804044,132.8770036053052,71.13268708337803,146.87525048162027,165.29037175327935,91.78277487463916
126.91288722538462,143.97045435996156,39.61944883295664,153.0812316119431,162.60398490427184,81.20716469579621,98.47710473352508,138.88628505566334,87.33450995243966,145.07242965126335,163.78641950498533,91.9756623885653
124.01735632289657,139.83428298627774,40.07895097188562,151.86985113808058,163.99212425196566,80.32335742094719,101.22164183777761,145.0505971295208,92.17908561017695,132.75429721078322,150.42225313462424,97.34126612627017
121.60554538272972,137.19800116330595,39.29144515788124,154.0587498258991,166.14886475725805,87.92276342786054,103.04469323194942,139.02857236211355,85.38807016749108,130.38132403196224,164.00361696396433,88.09087261719378
115.69425140911561,130.38767427923347,41.067071458607195,148.97685106741912,170.09386809977593,89.15510026687937,108.40952329432801,152.98607330015216,87.21565072510151,143.636970655706,167.4954906399327,115.97242676323444
117.1015398094194,129.53867733709777,45.8768561500824,133.01089841960942,165.18155107155556,70.22395147280892,111.55502108905915,178.00702812642828,126.66536862709408,151.05351894002504,174.58236794115783,97.35137969034861
133.4918796875311,146.02228954764692,47.96434075999781,152.98982817812353,167.4323325438802,88.29116340255784,108.19860457308245,152.1249844182884,100.5585860683458,144.2397382083666,166.3890601094152,85.70219988546971
130.0479363639008,143.7625091156437,38.86365273566823,156.53685248162105,167.83543151507286,88.17806884299108,112.46594598615748,148.09758054939854,88.55549792341462,148.8409828994332,161.36037267345907,77.51550388810574
117.16523897385993,129.38767156917413,41.698496966023995,159.796023529808,166.60194477390664,84.95151015881558,115.92268083198306,152.77182528356266,88.6856052240072,162.9864957402649,158.42994661981487,83.88929294689541
111.92091014341456,123.67646272799563,40.68877235652397,160.57206782089492,164.91416112363382,80.8717248854534,115.66446167458452,148.62570025202658,87.81925563233453,170.2830241112567,157.01938785431074,68.47531249953815
109.80744056532068,130.95148851342353,34.30794622679233,158.78914897354832,166.37316560101254,80.15886724323178,145.47378141631458,172.68880690136766,56.796712186983356,151.7565117114561,160.37286753211296,64.55068559490817
115.06634787508288,135.57052313381675,32.16835309714219,158.34087115486363,166.39480777648492,79.50436029921516,141.00796436523328,173.54351829715705,74.60420745870171,139.04824979912837,156.32376521020095,70.50119237463609
130.34360380032686,151.29209852891702,32.86645734383128,151.9049646420976,169.21619881223603,81.85267982433268,151.95352335976912,178.42677607913876,61.386424748370885,122.92188519231891,158.03371987713396,65.82414558015586
141.82118097617604,166.62956510568893,34.86607584714993,147.75387407155014,174.3479671406831,82.17138191829147,169.92917940591929,165.77686591171863,41.793176481674585,108.93446481472229,160.88842274992373,65.70133436572975
128.61009324446024,151.04979962447743,33.61038787888854,146.00202621314747,177.15535050026418,78.87791542533195,165.81592126945108,161.24481642048613,51.91506891280047,107.53557881425546,165.08581516402535,74.3255222102888
128.28369285531556,151.09088835328768,33.11510195394063,142.51421617158172,174.93562034660826,73.18740924733261,153.0379729893852,167.364659892945,67.64078190223064,97.2062211735796,160.55328372492485,69.91939444731742
100.39958081389565,117.51047299866974,33.512496571094275,138.42519934382616,165.47446313143604,62.6925129348468,131.99029640935467,166.54978954077774,72.9919647932072,98.92877575441152,160.6249442162127,67.53675623283885
104.35374439629202,119.71862720812982,37.050353230617375,131.71350435321278,160.79534900689762,62.8394741630353,137.28131311369768,163.9516520282743,57.4277741043881,101.86657717158693,160.70247466192,67.97144481528241
114.82607882753052,132.82179035141368,37.178374039213956,131.91344382760826,162.41371812527032,68.5646892588903,147.55218711322703,178.0935526938523,58.66534709674754,98.52151157368502,163.14845428176545,69.66337659944345
109.3186645440806,121.79175509816456,36.82417964543339,127.6734510547991,165.79460451882545,69.56236030106822,126.20641891156923,162.11025840144083,66.85614753390668,97.54943293947339,162.84250685541636,70.49005293635132
110.29942051654166,121.06856119306775,35.142008055517735,126.21263187592031,165.41588205843624,73.6937572956231,126.45646644445645,162.3224064198561,62.429147066825216,101.81103047496094,160.15686925831187,68.44533735814736
117.0793843544957,125.0177029357008,37.869253424038895,127.24696080144066,167.18949046902074,74.26282955073968,112.67870173865089,149.00937439651864,101.41056638236344,100.45889198201702,158.65540778726023,69.36607473006636
133.28156806817915,146.11497830352639,32.30166526864327,126.99869582692851,168.7688864654321,73.43985769359041,124.30002866478743,159.07968755978297,83.12319084848167,100.8041073452734,161.04021667394852,69.35698470322538
126.90974991399223,139.73958177162442,35.06375049407037,126.40308780618379,169.27138085104377,71.98786596425275,146.92141523576376,173.43558374539106,78.90648349219018,101.61068573760156,158.67457287139328,69.04912510841363
124.82746524531618,139.9975138879941,37.912009562664245,121.1153898075176,167.04096671389263,70.40511641015553,145.9897480542153,176.14261055122665,40.92592503655819,95.4386070947908,159.0594873943204,68.64309886107412
128.11943260394932,140.6569910139127,34.63457622107448,120.32323397709432,165.86860223350345,71.99861886012083,134.05709151092157,154.84283690006882,53.59277403146733,94.95750020636892,159.09952132592142,72.69486552237548
130.6443683878199,143.75141157224058,33.520827844422406,127.61939493443617,167.16113671688197,76.21377649471677,130.80428572764146,168.91541936193752,56.365051175848556,101.40086531488677,157.4432260855916,74.0618418785136
132.46148097877196,150.00447939473335,32.16173588734448,134.49293347281804,170.74080667143522,79.13972695247628,126.98602040065208,154.73198706390897,57.88704536584734,111.08277868435009,157.42864865637338,76.14210565180225
122.76212639231778,140.74208002083964,29.82520511736407,140.98087087641466,166.29754214252733,79.07802782070382,120.52322504799771,139.4840063834037,51.77375650969635,116.5736928967376,155.13044328133822,75.47378298867017
129.69439735457416,145.23204524357007,29.88568447159847,141.5774656417357,164.3964734139489,79.37345445762442,159.93435196528583,175.03805667170363,26.542523524382194,121.42266625938878,152.38684980550798,76.50233157466663
133.38164482570636,149.98214786882286,31.0830781470964,151.5760820566525,165.29907610830298,81.23172232107817,150.08098672813907,170.88617164788846,39.99196869362387,135.0082778165451,151.68057335467228,75.62192670554144
122.61244886663052,142.242998608017,32.89592096952362,157.78690848917105,166.71522479738408,80.64715706805036,154.78355004553674,170.27690199979727,51.75782764270464,150.53342810336216,157.68019523630028,75.2798363864911
118.48343068724323,125.08538341436139,37.20089526116913,161.5012359734268,160.63507417791155,54.02233751248797,98.62628783765591,141.289098786879,83.6032403592959,167.3204635531536,176.5247537933109,79.16773124142568
116.13505878628477,135.741225595287,41.16903732841764,162.23719690103871,168.28757924340746,76.2632219669886,148.1737962818646,167.38155860928146,41.846228677275555,153.247854258033,151.87263338120746,75.06446656499939
110.91849896885113,113.1001503463853,49.584043689069155,155.7055621088789,160.85177694420005,58.975576333115846,119.02727330286464,156.31575731611608,67.87771093592352,167.9495616516962,171.26717220624718,80.38136993739943
108.4759387777531,115.13483390479736,54.920821436524726,145.18894420547232,163.53557015253483,68.70723987589257,110.59597106620059,164.33304419518865,83.44893661926373,163.3604133156188,158.97761469650914,75.79021477896265
104.16921661107912,113.5222163080024,58.39982002620947,163.06597016307097,169.05269634960717,86.42243900197985,124.69680320057125,166.4024551691765,44.137683094384315,157.74507352883126,160.904974369801,68.3904823996762
108.46765698619694,129.2059470908118,91.85669081053115,157.52037294921584,167.72721735099242,89.87574098716846,105.35984080862711,155.30671070025312,58.69920266290105,134.02269473810037,164.43959524294914,74.61404047497818
111.9098503566954,114.33617057605635,89.94588596004697,156.34271074964022,168.47664349408552,87.16438715335914,101.15636080940139,147.78834401166836,81.05830694641759,133.28898181819164,165.380998675033,75.8207826429258
124.54939745538174,134.60951329513384,48.409219866083404,156.04702179651858,169.1056186578656,88.5269190166721,101.1570384403893,144.57779530215436,79.93180988352714,132.33419885620629,163.4664547137792,77.86452584348561
123.0927965677289,136.56569679718285,42.56730236181808,155.8274508408258,170.20203715529465,87.63629808087381,102.75722417704444,142.6590779900039,84.34576603915795,140.74372761763766,164.4376655344718,81.66037749154651
113.80451072573281,129.0533846103552,37.38149138327134,158.02330721234674,166.13753161396838,80.89434823249947,105.00939067507599,139.25613881963642,79.25537553674563,162.81402323686538,169.36134546922835,83.84378548658985
115.2060596957258,131.91660163842374,37.78617145813953,157.2888280469699,163.28074636329026,81.29845203316644,103.05002211792443,137.48767129441558,86.85562655024651,163.77195430834195,168.9712833685927,85.00516049522281
113.71842966399221,129.6708874463234,38.31738375141706,153.68062057436887,152.74542736537987,80.93853684636923,104.5389099933825,138.0486756717394,95.22022063308307,159.86296584338052,167.49032402331645,85.66026282479595
130.62321448703526,147.01979015532243,33.65022515140044,138.61183993780156,141.2830062032727,72.35343532133571,103.2602864303872,142.8510502185397,87.50704117456011,156.25732936869977,168.68108340228403,102.43595975354354
138.992657938774,155.22941298581674,33.281858573674725,132.17804163878952,137.6046477723084,80.07551937967193,107.8931695231436,141.90332703990228,74.2797290505783,157.75997849164705,154.02103328535893,87.2153650263626
138.64670985772295,154.16936807709877,35.30599778530851,127.58208315052784,155.098422796208,90.9841348589439,99.96069475778934,146.2144203264926,94.54061420399951,159.08260992398402,157.57916290708977,83.55568686058135
142.3014864962638,164.10239143843222,33.10949649011179,126.58244164830357,155.846613301544,89.08985133610383,96.67878911842763,146.02744310129398,93.48795937211872,160.65314369402046,166.0307061728073,99.98482110181494
139.26032494383185,150.50613621852227,28.292390715997772,131.28856085675585,159.75628528957964,88.70688223534562,104.1261119417867,144.3910909271434,94.1968772122904,158.46684798584423,173.58165556495837,100.57458204611927
138.37679776018877,147.91575810748984,29.18986236421031,135.96897849421734,146.19514775467346,81.28052774275795,109.0272070130411,160.39148469433542,113.24312926306867,157.77734108354258,171.40053930596287,97.30067092638068
126.60226792025924,137.37118463880276,29.94414417362031,144.1491752382828,162.22046016772046,87.43391424081196,111.47375694761114,154.19787238552993,108.93838114879274,163.09452222232528,172.55370175017848,95.51388077143696
130.69509014739467,138.4004472260641,32.67729060224324,152.43422028959657,157.52700465996878,77.26409651483603,111.11298920551022,156.47940960676758,112.11616864803493,165.0593818594655,172.82911230596895,92.04735299254092
114.82461240244918,117.62468053585023,33.523279118321646,155.8278056085347,159.30577870222893,67.25935107186095,105.62753948310564,151.7611269756335,109.20333817695686,171.7251572650561,172.06206941446175,87.94863751578117
114.69274974496015,114.88176007390868,30.13893825117577,158.19529236806792,157.61860883145602,61.67437266719525,111.17358955280609,151.34719540589612,107.60587127979356,171.68991640740848,171.97953838570132,82.31865950135881
109.77629977617667,106.71145550156035,29.370236694146413,158.08830629309648,156.4024544245983,59.346128701522176,111.13709009043446,146.92303762098314,102.80465209580136,170.77057624893672,170.39785349845707,74.32885190008517
109.5851573348983,111.2929321635785,30.746232533667104,147.40605374129623,157.3178830368939,56.07190535354399,133.4570937983685,161.27854984288044,81.85130810968336,167.69762902493713,171.44129002012082,72.08054266387538
129.35383967634945,140.44107846853362,28.372672642053406,139.02479697260884,159.15071653065093,60.766368690513445,134.08138162915398,167.3315023898621,56.51345824978064,163.9656040637364,173.50642238158383,73.84240532623296
111.61857999475016,120.88862293323776,27.344384556368198,132.84193916514124,158.98957475854766,63.297544724236054,108.30842767196062,145.6901915288257,106.85568214937928,161.02438077822208,176.02114484381949,75.30115424916714
115.47527972763336,122.76703886490431,29.74258394388421,125.71193351490956,162.07782828551223,68.20328953684793,124.84436302693278,150.32441634800858,93.4173381116204,158.97236808439115,169.82147140495212,74.60681838170201
106.70390435957837,101.91990009254212,29.828909354297654,117.99787854445141,162.72260009942985,69.99565576108418,107.95160691583158,146.77711683706173,107.05104781198129,155.73642826905424,168.09873859542736,72.71508711414553
111.36429954151517,105.65125984811299,31.04409156396618,115.19929597917273,159.33860213672182,64.81875716719723,109.53171627627326,140.6224658537676,101.07105057955746,150.20766732427228,165.98864545440335,76.56795864233607
116.01032279856872,112.59075075535203,30.03863837213268,112.00596985415049,159.5662028957823,63.59735294199895,113.63402871026894,136.50349029911305,95.56248789703558,146.42310425076025,166.16037699135364,79.41859231079806
115.17920171846751,112.5789281150044,29.577148736452298,110.70746999746521,158.27618123076405,67.44961913289443,119.91088253484365,145.84234265472003,101.22631812453969,143.72877364811004,159.48933739031585,73.8199598116558
123.99955104810653,133.85194671981168,28.329553459447105,107.2345750360197,157.66808806465713,67.17466501099646,156.73761731404767,175.99780237220443,82.65889700142111,142.19825080574765,153.7693066078309,77.75402743202021
116.94412783860466,120.60177294204932,28.392520622990418,107.13482073322442,158.86494773064794,70.98147810112249,122.35812836689617,144.92279926618738,106.36490887023638,137.8812455592042,150.24118128482428,73.8885093334463
105.67377314832936,115.16915767635076,35.99923920984665,105.29461893449239,159.17436880017203,68.06092177359467,157.34171509735648,172.52745240920785,84.71825339920585,141.6372263379769,151.2877942027879,69.90489363130027
116.32460276855689,123.20276960897242,34.024802577254654,107.26195336234575,160.49649973944562,70.64134477840675,149.6575245539105,172.04545549993045,78.15646207410224,143.10005812677994,151.8806820580274,69.43063574007314
116.52813147335523,119.00780291090555,36.69775018579616,87.07450252937915,155.40271378315512,64.65858240012777,130.52785143247797,161.32155432011865,78.23543618389809,156.183424418966,155.6173769514821,138.6635931223361
134.21819359281798,138.04478847398693,29.703986097692958,106.16585219818346,152.88936613635357,64.78767746675832,117.24999119776216,156.043049740215,94.75163360355668,152.59957177573514,154.7641817463248,74.65623316377363
129.69106750965508,132.40848273973344,32.16468092528864,109.66734414366123,153.82132807947548,66.58822499415933,126.21359441179929,158.1404596456511,112.68547046677206,150.83434202142635,160.0435135661458,71.20218114141186
135.7186611179234,139.27926178645572,31.823812425081517,115.94827178123681,155.9720007427959,67.56441505095827,150.58471239731605,169.86784057006386,62.57940575894828,153.48771477386762,160.1685240722193,70.37842227113673
134.4617447435854,139.82329764878693,32.38963212340102,124.01606687637644,156.6040566791429,66.68454022911938,157.66840764750228,172.81768196886142,32.01819784233767,156.28879016339155,160.50045998876126,73.65757995046658
130.75616712496665,132.72507108860162,29.566696144671475,132.22608264781542,153.90483539792785,65.88580397794213,139.50161935623743,160.72162277088347,51.77877914086469,157.74265495930655,161.58757455192782,77.98119442011183
133.49125888308544,137.7066198300426,29.090372335947798,135.50056327571153,153.63584159203265,66.30920504780579,167.01991903425025,172.53376597443193,24.187030188129217,159.99302663238225,160.68604477257318,78.40309512775536
133.81243917438832,140.10254152998397,28.564308168472348,140.39766576519736,153.2975567851105,67.18375754444425,163.46779217525994,172.2731042285626,32.13743725628922,162.57035869241602,161.05496415955108,77.93356497241848
143.20109780307368,148.53979877558044,28.412148307214963,148.20086391525322,150.0490483347806,67.38631954018231,169.68823033169792,175.02940570471978,12.505849149070198,165.08804331059503,162.8075642221932,79.26203877130303
144.124835741887,152.33296426398456,23.998283820635606,157.67692441967634,149.92821289014833,62.293784918902816,163.91280851123335,170.41753322476654,13.680970740256909,166.27797496956484,163.83275237469218,78.63873863070968
153.27143363864582,160.41055601624413,26.184009014328186,163.00062363733477,157.40182281768594,55.705572057743986,162.14953182754326,178.00802048855115,31.39369754493074,167.10001849332875,168.08735674617785,79.08080285201139
130.8089790140008,137.94034871726043,27.982121202630687,169.4112518438311,160.27838273827876,53.47455841227077,158.58383899444348,171.0418237419371,29.55084967442417,169.8032853537615,171.02487362942887,79.51725224921323
148.1725802233293,154.5417231948483,37.538308514668664,173.1191297080191,162.3549988682147,50.481554239273486,156.8744228610791,170.27035057143252,32.86965151582003,169.71869374240006,170.44202593008393,83.89146602406929
138.35229410305158,139.4583738990051,40.562046327146554,175.20882452696046,162.22563324877495,49.27843395671064,153.64800373594719,166.29221589361057,35.98825676724024,171.4818288971156,172.0491184243901,84.93563462992581
138.39108521897168,142.46013457451156,32.5600103983884,175.22014191399904,162.31509844238295,50.31885459084077,125.81292734200167,145.8387547379379,52.676344164169286,174.44868066273187,171.3845723725285,82.99213726596236
145.69782004895345,148.8725353497704,33.68098793273776,177.4428993124104,163.48556834842046,52.16426874340579,122.92008798050817,144.5702698056286,64.31081789658685,174.96622488725387,169.90324941221448,85.17707996086617
146.41272551424598,146.7268073241846,42.26978267064381,176.02003197602718,162.64196839806348,57.16412651580201,101.89937133135125,139.35173941092805,92.40117846363138,172.5753567671136,169.72375997218558,85.63211673137404
94.45199350353388,115.05460966684828,41.68236851173203,128.8968396147269,134.03066899928285,87.25944462566238,129.95045290600098,159.53643017753586,36.49914956519819,124.25207777182042,133.06479559490762,65.75608859526636
94.64910205546104,127.70262047948881,37.05989282649839,104.46674502618153,157.34980160159336,84.95469142961787,139.40978559330208,174.87244203520777,39.14441243329674,83.57497345114643,162.89628176953732,51.31268416987852
113.98490103413822,148.18683327467812,46.74144425583675,97.85846683607083,161.43666399964218,78.9733882373497,149.12392003334435,163.0162626053485,32.88244635691332,80.5033382251557,155.65605160555126,46.90088061224986
127.55550887271119,166.93502910665862,36.57275959611817,101.84332439701866,159.1605220629571,74.08043714308847,145.20294169509683,156.36248309020243,39.03763189753424,81.32683258597605,148.92427036811586,40.47359411457851
120.2375463845699,159.95691427223872,39.64717474256626,116.72395058238025,158.19502435943755,69.126675957191,146.128343267107,159.3601939016125,37.02944961992029,84.70739319953844,144.35321881946172,39.22024911462335
83.53201190069584,100.90227380525525,43.33165136450427,153.02043447198054,146.34890207452594,68.60513190323238,116.09268147039111,172.215503637746,80.29207894241847,89.61299183681498,139.13884196077058,41.02320548897379
87.35875308293268,102.31355681154194,47.95022308741167,150.45710288340797,152.69042717653744,93.50662673721328,130.15859052635975,177.38913189455448,48.290772100870555,94.25141048939652,131.0191888818252,39.48783286014552
91.25491646762168,100.19199135237818,43.02210683341499,154.00270098375978,149.54412852681574,76.2113980386317,93.64817981204084,148.73416690146058,71.73903040448265,94.14810914109873,139.35323069532248,42.27846782382269
99.58951444433892,108.64325440743585,43.175113799470466,128.75030181192218,157.09714298931283,77.98751810726806,108.32518503836997,158.31816098577892,63.91549279659615,103.37349903740291,141.6934508235895,44.93995781147568
89.37821697891997,104.85965625832928,41.00136611074089,127.33951528497536,159.6178016568078,78.16058694061455,110.40011727174044,149.99789888044106,78.17545502250317,109.32161284067325,143.86716954998542,48.879794710147706
94.92823878652759,100.20319734869221,36.970670812852106,131.92254444483885,159.79406333180492,77.5401242601556,99.08185583500651,143.59628004404527,86.11146983372778,118.87133855547589,139.07045457628632,53.248874162524366
103.26624733615171,109.89735337713638,39.23969116999264,137.43245430748726,160.3626567909703,79.33167717324427,95.36225488835989,135.67227068299917,103.15682420945963,132.24542241274656,130.43781399299678,58.189772297873766
108.79094455888438,114.83467175815933,44.126659793523764,145.60209193298041,159.06536157712767,75.8662225540585,118.87124154417849,151.14881510072348,62.036607621005594,135.33320165094406,121.71556377057833,56.86305663395756
116.29322484401624,109.21727187814571,42.89034028822858,154.50451872068027,158.4936953046618,77.47083350327547,94.86192842231985,138.14050925473987,90.40083097315092,139.83913739113663,122.14807404211979,61.79907015367693
131.07727280272863,111.79455674443138,54.00346407774882,160.52792821763683,159.20143552570912,75.94124298611928,100.43491882033574,143.7493374760322,106.58671810061655,144.9768727630227,140.55683916591192,71.56074100900258
139.01819577104214,127.98745733744278,50.10010894311799,166.449709482701,159.3889178673629,74.50832517799714,99.69132790094584,129.59412708236937,90.74701197955295,152.99934580740143,162.32596540566033,86.39440383815258
140.03018383618283,127.95977777105057,64.16818236025756,167.7011958371289,158.6500406629549,66.76152340596711,105.50389460609787,142.83393486389738,96.46109433213866,161.03522298100592,166.21760741632744,89.6414226352454
140.2780836291249,132.25091909733538,66.62782606150473,174.04976257990913,162.89306455938384,64.95650910861515,115.9491334895552,124.03777104065007,75.51622903677999,165.88508055189686,168.91311788172527,88.04399895689744
140.11466853092958,134.2613726686847,70.97865459335803,175.93827925164683,160.81472734410494,66.26174215061118,125.79317619437077,121.65025456725317,72.71865380477087,166.80057481564475,163.60683669193804,82.87674169574599
145.6846934253923,133.51494949408425,85.05816228491278,178.80813210552478,162.52118406961807,63.470149465906786,106.35455973807682,147.39729031504075,99.73076571614068,167.9223237087321,164.33780260935154,83.35566537778554
145.97582831051966,131.2611644848944,86.1750000392003,178.88424309657165,164.1439713910757,58.1046428099509,103.10859064890063,113.04635360052285,54.71739080852626,169.07921262951945,164.4348028266382,81.2512527210193
143.34999817203632,125.45592668769132,74.43011271171223,177.697820631437,164.85263224787056,56.09005640980014,110.8219082631672,102.22856549133343,64.39910222952601,169.05739554848094,162.7578096378306,78.819441599111
141.84246638589684,123.5764322234581,68.94383640717759,176.8495730045303,163.49522034967646,58.78523062967048,125.42598543578437,138.2903691924676,90.6208430948795,168.7617642915837,166.75502312067252,81.69835113946145
142.76300513764855,129.81348398854965,74.4027023574566,170.8227846895621,164.41940898915564,62.79983622395206,131.14871934751005,143.90419867620102,96.19131981417185,167.415092791647,167.33054954845886,87.55738841235727
139.692550347105,131.99036450201828,98.63728344056801,165.6274333929979,164.05177199065068,65.83740116203738,118.3342971815089,147.16480963894142,92.85463359899391,165.30741186324101,167.72144897615755,91.24534706624533
136.73813096105096,132.0154647976954,85.73096682982698,154.83631454669634,159.84632794835863,70.72633988596219,108.66227992407056,150.96554350672255,100.84128680009414,161.51472751923325,167.3600462787249,92.0103002349001
133.8518571284158,129.70185903417433,74.85995730374738,151.9299885877628,156.6162231444659,78.08195674590677,110.59577451348608,146.5531082793815,99.39470334056256,165.57281633780408,155.46797750264116,94.78709200839234
127.8055397327323,125.03616665028248,47.42612925369643,149.3526999372396,165.5500334924995,86.41091962816397,110.65052788211356,137.15912528706974,92.15319041662363,170.5950091387513,160.2280363267215,91.67467721856625
125.75181873504364,122.67809536525549,36.03364690651282,150.40560540139307,168.14660938627702,92.85375934906921,105.72958720752001,143.5812094035058,99.25578010716161,172.0696018814119,162.2812648796516,90.20323416309189
121.24280595154704,110.76118184057138,30.365593073352628,156.52483223665965,166.1904380885291,91.60195692115661,111.8443243917763,145.3432909474296,104.31272190430207,171.0794645456417,164.12455707673996,87.81064636664775
130.42540345048985,135.3926208482803,29.242889501460144,160.7301475543139,166.5314693736453,91.25867212544833,115.03779188358205,146.74369880854596,94.90043623387916,169.6930893699395,166.6720147160747,89.75313313726683
128.0878682798659,133.36421116190098,35.07035187951735,163.01455498572585,168.70168887578626,89.22906925058714,113.44946611871204,146.78506627736147,105.06371919114933,169.2207142853272,165.63577132055983,87.8079215834728
126.88559682316415,131.72232555913632,39.46115433855955,160.36792974626778,169.2022940477053,90.61447211690411,115.50684197857586,150.6509672796535,111.05220961639495,162.75951035272698,166.72846673336707,89.41631095680022
133.59012028134737,143.74752502290036,38.526879214039745,159.76598707289827,166.0550912532871,91.62092523383797,118.46007449206512,157.90547438240662,116.72391083589461,139.85759884550728,163.71895670900923,92.07636285369007
130.6713624858255,141.08080590915583,37.97817867996356,157.8656691631768,165.22272297139077,94.19655404727321,118.83812309926597,161.3208830544101,117.63197439068665,133.30276658825727,157.36169218554483,87.62572796088439
122.45407131841078,128.33431808983957,36.08055366865292,158.48732356506514,164.92598334987278,97.62709287840109,119.28346699999146,160.78992993835718,116.77190424154578,133.24330846801945,155.90648881000027,82.613791750096
120.78110383352102,130.1678106258992,39.200109935051465,155.97490769364163,165.5606962114325,96.1007403081483,120.16272165212808,159.17456643213418,115.24371336725304,129.04206702064656,153.8803580888938,78.69540788816454
117.09915276772972,127.38342532411627,45.37027581717212,154.9945126167908,164.36981290466323,94.61437432396401,116.52643155969169,152.59408928264506,111.18422775220061,137.08092648570246,154.97702640557694,81.97535690040829
114.59526342889924,122.69313224737135,43.14293501677586,155.61547348372943,165.39821801916142,93.29068418021126,115.36830581628574,149.97337350086414,107.9115525233197,147.66278264227543,154.21493209143173,78.88078610886267
112.20453389458856,114.44273189567231,47.06303911191339,154.1955243879044,167.1839119719365,88.80067105078518,121.97571554483027,151.20472296363363,99.87346121316845,155.88697601584892,156.87056928872607,74.88315630506688
108.39280049239564,120.20982738440011,41.13664131939926,144.66015719378063,168.55636630669687,88.03692005415154,124.16808765324329,153.66717889612192,101.83518001549436,149.5158866619585,158.69772957356074,75.4571299888862
108.85855941797676,116.89688098358178,37.537403284823206,140.58820772379508,166.73883640447366,83.50941081128329,112.12283754048822,157.67673312261527,100.81958743290102,151.498349745792,154.01136150472058,70.72712315658663
107.87711072552761,118.34805602072397,34.79822218759923,132.67527121732792,152.99345722419847,72.41215538412861,104.45306672299718,157.38835546177626,99.67983576369154,146.3029821117481,155.2787064387952,74.83687795103098
96.88972918596362,101.2973017270175,32.86118376580017,121.07187313674014,144.36031934321375,63.87445051449684,100.86178218569042,137.3701490122109,95.25421702035229,133.07063442575043,156.79958245180455,76.90765786221151
94.88853772296885,99.18769255725428,36.24887433209536,109.85279498317358,141.1357988314452,61.83252880783787,86.91126329304853,132.23165743270584,92.69704315939633,114.45585457309922,153.92885983293974,77.65305646851161
121.63438865958227,142.1090341102393,37.292820858163886,99.84721596256223,139.2163669513892,54.18672055242792,105.97459718283923,148.4409834718635,58.166494179664255,101.50368337461667,162.40960986714978,72.28051935310843
136.89556137809632,167.39643289683298,42.07385735112476,88.21274451444862,137.85502077397297,45.63089572792433,153.69848266520225,171.51894265698195,31.313272880754486,92.1192051437467,162.7219719981024,75.20693322465324
136.69274396609333,155.30160999840513,23.492327247646394,78.03884940433062,129.7142507843119,43.25158556036421,136.93696532705545,176.77556246880783,43.38523023170907,88.3317590277372,158.11462763507888,80.95105203002824
114.41134359691219,124.91098209550054,40.801378833307055,69.24611581449689,139.16726614541128,38.98850832133708,90.90643587040569,127.43546081323905,66.44282345540397,93.73894758709315,161.50137746279148,87.32694157529248
114.02459332216355,123.42971541397006,53.41967187429702,64.11683488080926,137.63967831224926,33.73989455259941,104.24304321463445,129.77937331715367,73.39936169696861,96.65719499835704,157.47408453982808,92.09916672936383
111.29924372714362,117.24935686293897,46.84806802190569,56.13738318263917,141.50498823979999,37.8942246082075,99.87744981868217,125.54573323207923,73.91671414432797,82.0763262735124,159.21597239576192,94.55134255687369
108.54631411638226,115.08988152102745,50.16984040577319,53.5210865907541,145.21466491171182,43.046530404738256,110.02067051733883,132.8935333751742,74.79391660392011,80.02343078574678,158.41460839495,96.31015408788235
110.24351254573159,115.90306577832457,53.54374275050374,52.33005076884146,144.69222068430565,42.14049775086093,113.80875662261894,133.47946348991852,73.45084278966995,73.90072014426718,155.36702426592998,95.2472079763934
111.72941360040379,115.31799076804202,47.19005331929159,54.462675783549294,145.20779859027553,42.97689545857494,115.03100630751885,135.04426342700776,74.18609545849746,76.43858227370322,156.07606343333947,96.63925056511412
112.36501650736601,115.88830832164552,51.2133495434276,53.97087998110459,144.82301669849255,42.449594314410795,109.04600429340094,127.48906738335354,76.59273681693386,65.20244122723496,156.04835398866604,94.64958531754625
111.91875421950067,117.16170276974329,57.981821582904566,57.680627838509054,140.85679645422525,38.966574620531865,113.83909960952482,130.06141725100122,73.24936528470677,72.34339357523274,155.5734247044829,93.48961810168288
113.8990965438378,117.93361316893179,56.49931939320072,61.042477279940215,139.2188618408901,37.233844779323555,115.28830963945083,132.94132264407003,85.94302078034261,79.93358344909056,150.0284226464485,88.34713832266574
118.81918998927242,117.18050460338709,50.34428276576947,69.0360458360154,135.66807343433953,36.56418386308255,111.3064297301559,132.55538580991248,84.54563109405711,83.76377689042316,154.15360486535567,89.10273130045888
124.5617886754726,127.76399515115644,67.80915082652557,77.78491592474009,129.48897155399237,34.424952428783655,106.66624980551876,128.27883933030174,73.64654733776818,91.77044261406554,155.93981882509516,86.0047176588116
126.54249719126811,130.4258150566617,91.43591543591253,84.71421716567068,131.44787624475958,39.13151719103598,107.45424114220586,145.59070027260822,60.75305068663032,103.86439929025677,156.1323227769271,85.61333871066067
126.10702483306005,128.57277844369312,67.46902923395268,91.87083994659889,136.02075696029985,47.149062709022054,120.19165746754331,149.80179776675317,69.3450913593412,101.5873168291838,156.9813686216853,81.9381711405825
123.11002900794334,125.848209014397,47.59178602549581,99.52095019039346,138.64207252933713,55.08523736492782,100.87415156775494,134.7763938346428,79.1163061911978,108.38934476827438,153.28571585954765,79.58333584711305
120.24677491983243,114.18202678482687,48.06051222169379,107.83673073646696,149.0170422313865,59.6903710792475,97.34576982386668,143.46470416877435,82.2880050626757,121.80614415239991,152.937334936975,76.19407808675697
123.11079696715815,116.0931994099119,56.29351774939103,116.24709385326456,149.61185225567556,68.8507574970087,111.65941514707858,145.60319210627273,90.08756377590404,133.1109321541002,150.99128844448168,75.85360429343665
123.57440874213906,117.1847730374766,61.1703005912704,124.93612072205954,153.61245936814962,75.19811364249462,117.34166667062196,150.0159373359244,101.79465912847355,141.8059154143744,150.52144219732438,75.21553693351339
125.20253241346106,122.71251121047074,57.08077270524083,133.3561451012015,159.26215417999168,76.8271324467939,119.00413860050115,150.44862193739505,97.1994897672956,149.79183990525556,153.3992874249394,74.06614303551589
122.11918737234787,120.85102675557697,49.20928355605061,163.6537086159812,146.80807572268895,60.12954134760828,120.40848780163172,151.60690492388431,103.37972243614803,148.192179935365,158.2302921824156,85.57759381739898
128.88249158754016,132.47942838693095,50.34942329491356,155.36541934839317,86.78463685651116,98.43280419966345,119.97286470554239,149.26583668034283,91.52038272837959,145.1262293049466,117.51730401158281,104.91681458554525
130.06213921834552,136.41977285368293,54.87773300347922,160.6653021386847,175.29533630782663,94.10451548212603,127.28075901149076,144.7356811890225,84.60836800656351,164.3892044500291,173.83111977714748,69.96487109587758
129.40662904726847,135.3421603581788,53.75473645616834,160.4772904646302,167.47903177729881,89.4496047528283,120.57132364645788,146.76146662845514,94.77275876632375,159.63194287353826,163.54256221541215,69.20649770301775
134.32657216143667,141.64187483321305,67.4822971362458,163.36586276353665,165.6356565568095,92.40910325318927,122.62755796088541,149.1968306622802,101.03415396103888,157.95311588136894,162.10917069430997,66.67115248587712
132.166389762979,139.97833530299383,55.25222102423615,161.92581300552138,167.469720150503,96.25926874305682,126.89729934294033,155.8560691061492,101.05854856753514,145.96663059357076,164.90893180780267,72.01371870577597
134.78533077170536,142.87280610066014,59.39241888634143,163.07082958728867,166.9982648929033,98.87791918373176,117.97176712546074,157.26922335525686,105.18292006199636,144.42149246832165,161.57579401255344,79.61998951810452
141.29362417722555,154.40565809504076,49.29752964299579,160.20791702731663,166.08089669942638,94.85730307865506,115.94903790269717,154.88710435543416,107.14230661068139,141.9764078199198,161.8807930664418,86.0879337274518
140.38429232687056,153.95847825934155,43.912106100057464,158.33734493097003,163.30387784388495,92.1591466987503,119.4605873893862,155.5358483896769,107.1315301236115,141.94873665868525,160.3401435459653,88.3393550581289
134.54473438377732,141.8862806800955,39.85628320082779,160.72657532039443,163.06450548226707,91.39626432909849,116.13318357231104,147.69857439189684,101.63646205261927,158.46091528763395,163.967146749835,92.46821553664996
129.62231982245055,135.1052432279025,43.63625907315358,162.25200535664536,168.01732563198738,91.14189462922441,114.9866072663638,153.17405074488337,106.0674355956134,162.8364406372561,161.09331027282911,89.92587915594449
136.66250907310382,144.64570124282864,49.418914339797155,163.7441241353833,168.17935098175712,92.12490468982666,110.28366717289936,153.37429085920198,107.0834482559716,161.6378001549321,156.1791850743389,97.51814420303977
137.04782837307081,144.1288464528554,51.05543579852446,164.9457676486749,167.4469062369354,90.76986090577107,111.38685661183526,150.47232203399903,105.2840912699798,164.7403761537881,154.9106894650939,90.151491796931
137.87436457762098,141.76853282496634,56.71700756424263,164.8235993684096,164.6131564400024,88.70021850110683,110.69173779998015,145.20108410524423,96.12382867589717,165.4269492541488,155.29442121642566,91.640515913819
139.91279509570856,142.87050372285032,69.59035497101519,163.5173283286187,163.7381449761006,86.45140079565101,114.74151985295819,146.72282432466142,92.74825952788508,166.236304980438,158.5806675855879,86.79307230083886
147.31513758647387,150.0316891454347,82.91771246612463,158.39058420368139,165.3687015145162,88.73080499103649,111.27894626223194,150.7917912781186,100.54292048479391,165.04845915465185,160.52090699749547,93.52027872250895
143.18200635487685,146.39380318016478,84.04585299283104,150.5008912561728,161.56178686458006,85.99087907657348,111.43915274233382,151.54889428580617,94.57224747202424,163.03028587161822,160.28417733661362,90.17639462767191
138.59867802882596,142.2125932575687,80.94913448543484,144.83111565885258,159.60108104548357,81.2195712728095,110.79307936031043,152.82085685005703,95.95423570081346,162.29099762821133,159.71905708844986,89.69988837537186
142.88428397771716,142.08528390172089,83.44305509101126,142.28805379051656,165.24142011755148,91.72662363457204,105.15698994410306,153.48384776324735,97.71361558848653,151.76255393063894,147.62043706440576,81.60628819035401
147.26018047673344,146.08787331263153,100.03708446790792,141.16677361998458,167.59011482135259,91.62010832990687,100.9701921882095,154.90993104789322,103.72068780920331,154.72967487279735,147.38734531796885,81.4130404115388
142.6554734062666,144.7697715491882,96.29786721624667,148.3933205211876,163.54389995995845,96.4959253949115,101.8502683852034,158.51031867908233,116.53462841570932,154.9690222113364,157.19125110789483,88.89551773241494
136.88539723334566,141.04608694844526,101.78126664860848,143.57494959448334,161.9761134792679,82.45479891146033,113.11827233286813,161.3822586442956,112.86426152663498,148.37210725797732,175.43835299733215,93.10233533111285
140.10886802495904,141.1375786253262,94.07055345210524,157.95572381393086,161.15550245228596,82.78150166372382,116.01703425533545,159.09076597083583,118.41581755821211,152.81590871344403,165.88648427434313,91.84485027208734
136.40047114958247,134.22260282095755,68.0990648840766,165.63803706098946,160.34119519308422,78.87289606430551,119.00647278087952,153.1946905447533,112.63911876902134,168.33416568161866,167.13236658023325,83.66935503268398
134.09140562533045,132.11820143629896,64.98167182637579,168.2596844560412,162.28500678805585,74.69178093069809,120.22449913230665,149.84734893243464,113.1484311782412,169.49812623989476,165.72859493005765,81.74388620782811
130.14219138607012,126.39645068519994,58.25760306179406,166.74143726974552,159.66529560367795,74.44891244651731,115.94925267207945,148.80216740992427,115.40882541474146,170.23561802138764,162.28772189196008,82.63313434179334
126.53560156955366,122.16147843406462,54.27904939810008,163.45459221344376,157.92279973647427,72.74619817784216,116.1780907004198,142.9000333932194,108.77660791084145,160.98731321734536,160.61147808623204,81.30687677139458
121.71768498800172,127.20522217834736,51.37821724640157,158.2833415204946,156.38449179853257,79.2306104241675,114.83620288530936,138.56246106946847,110.08512068228265,151.8039985134763,160.21284079501018,82.1742500090297
113.01327095810656,114.55135947172649,39.47103252399078,151.33664404162226,157.67497764718635,76.18846148711127,115.26447536531461,136.5330793220421,81.07952667123774,140.2862215046081,160.05193026024253,81.34817444431508
111.81967156800286,114.3364088777853,30.23103922802405,143.64018332326597,157.20117848445787,73.42438802763827,115.5255852951573,138.9626022752966,85.88720190524462,131.54109315613672,149.64948248729593,68.48231083972198
111.31876073659564,114.70528815898027,30.981721009829673,138.95824849160715,156.30595408065267,71.04373181440215,111.32087484562106,138.56644074313255,89.63330457277411,122.61427656616722,146.18942372861912,59.976257860757386
110.11083609411331,118.5508527343365,31.206607613013702,132.98201339451072,159.17498126883046,75.32750501425313,111.83179212237853,143.10905712007053,91.30241550400068,116.7207211531794,146.43580734684542,60.794647089086155
107.37218885956955,123.86009223420076,37.35543605099588,122.84664085665977,159.18004070603547,75.5740485236258,98.48902268835923,137.92304206004778,88.20610233844202,107.9027259918255,142.80317080350144,55.17950954911216
122.12734437331521,133.49810639993916,31.59722666730018,116.65372837161972,159.7574600617773,72.78888794403031,106.83244909272629,143.20985072775196,61.27064302365392,97.87057703999236,143.46744714901376,49.3781061987361
141.00788650532255,163.40258084576595,30.957663494760062,107.63848029515945,164.72903356618863,72.72503482460267,144.11553708566916,160.2224664425364,45.62221442277415,87.01415910833487,142.23616882632834,47.175141203788954
138.76345348090302,160.5454840504637,38.260622503063395,100.64755212275436,165.03392449251038,73.1580958048744,145.2308838108251,163.88102544900326,39.283565216489684,84.87267426362403,139.1778611312455,44.89263062237364
127.24405111476163,138.44339862178285,35.90637065942154,91.21936620142576,115.84573573133655,41.90818784580352,141.33115528307601,163.5514158835889,42.4977789210431,102.59919156092802,125.19448583974857,85.18026506386485
119.73678942222976,132.4289042672146,50.14975536292158,65.56818459200197,146.0046290642063,36.36737251735412,132.4070975076944,152.50577754246734,42.87447394882781,113.48297896473979,155.64110692848612,82.81158803943146
115.8239455700799,127.44057245878864,54.98294533385768,59.35457599289038,146.4970315000306,36.482552291225346,141.77738202946725,172.10239478855266,35.01538474124392,92.3871183084591,156.06399232029008,82.21924410698949
122.10233408194371,132.38817493768926,53.776992652078654,94.26494242854508,138.8868098424171,89.27199406016875,141.73512193012263,171.17310574720543,46.79470084164817,82.61267762220663,129.87466421985005,34.78953729748337
122.61029541871324,132.46596405198264,63.65369565994019,103.1909467189336,124.30481743757048,78.56383491301885,148.3425504932771,176.75260434783826,36.444408503997124,79.39901542589307,131.97534416783645,32.200621596691214
121.05091117347179,128.09985422901562,71.29069561484305,73.18770082303803,137.03668388303825,34.623035354334654,154.08671380923548,168.86156288937596,30.137529552971365,100.28430758121019,161.39903817087117,82.30913184865125
124.72527151003948,127.55953771394904,78.51564659388976,70.65023278511113,138.04783289156873,35.88281339392044,145.04017727391232,171.7877337762703,39.15589616792414,86.79702031944248,162.6628306375237,81.86352191161606
129.0071986290429,125.96695878368726,72.2663707950436,78.53450908081894,138.96798126736346,36.621932668316745,146.95194361579078,172.1933989623424,45.933099441908894,94.97693186711841,163.36309712216698,79.61926836530304
127.4444268938634,133.53341028750523,112.06524019134001,81.87558949376287,146.09934810464813,41.34120250064296,152.59661658104406,168.18436210688557,40.72470421192501,90.97290481318005,159.96118195405393,78.07352703728148
131.99243836667236,137.47126216951827,104.04526287788153,87.68619394488331,148.288484742992,48.83783964525284,146.49229245672976,166.981147496651,53.46812727770892,97.15670480016323,154.76319744185815,87.32743070729691
133.99654497044025,144.9018453430042,96.53240642326713,127.96047334812437,138.96503328264015,67.11929157505637,142.14019536091627,173.35260212018932,52.747192181309586,106.58191973716886,156.41587694337045,96.5129393974356
136.9509058587138,139.1069533456812,95.5894964450225,155.9140008005268,149.31346701943434,79.14474226299707,98.96060045567434,143.24421890072392,69.89546490804697,111.6446578723925,147.9490555937146,71.81552826246603
140.21287542953786,138.14358659256052,79.82353075854408,145.77697130636582,159.14146501508134,76.59633718005827,98.24172336656892,128.830275116535,76.09589953688791,125.40053622884825,145.88612288453498,69.69469128469163
138.54423540900646,139.05885306312035,87.95638779921174,147.36072912332858,158.01347398956864,75.95100047966817,99.23497978748384,126.69909786813436,74.08092870410036,122.54177986748361,145.50940097541294,66.91075301545715
139.83827360944716,139.4629616683327,78.33687284629981,152.5211672351378,152.3563532306932,81.30000611746328,110.31088625509375,138.48609246283218,77.47515419578589,128.2107874881109,151.7365699782874,72.70370361900797
138.22446026867095,138.85340456399243,77.17296030686614,158.55212284507382,158.74017930781267,83.24061589457152,98.14777814490382,116.17127663240375,63.462024207389426,142.52785845153076,142.3542702166538,67.0642328369843
136.74612339357125,135.1708011862543,81.78917610024651,161.67108490969542,157.62373519285177,81.57583765879961,88.65936545673958,121.67583258877748,88.9944681570499,141.619017801841,134.17302197013072,99.86006521892186
139.9700055031983,135.08719091818978,77.34742769009236,168.1954129820339,156.76283522702613,85.49635351097369,92.32704760193394,127.27336165746767,85.11555934426069,151.89927108251393,158.70821006403796,98.91720238350311
138.37482337819202,133.30740600445645,70.9330421953339,175.49321650705653,156.8760155241437,83.92099267110633,119.62998475778143,42.20754563919895,47.74930062104841,157.94697176233154,166.7969088556309,91.69237942813521
138.74250828074727,137.63843369354413,68.07356462324013,176.4331510762689,158.8458908324846,69.94386959337574,112.80996900219074,119.46130949272627,75.65674564776849,162.70297338090987,165.04315871458397,85.34932701859333
136.98054224161436,137.68972260274427,80.49414045529355,178.38997176980217,161.5666423394377,63.96913721302701,98.47517859590047,122.1968350801706,72.82858806452835,165.16517509250897,164.10021202383373,79.94959222543267
141.6728887700547,142.16121675039395,76.49425436969685,176.34949474506138,153.63733320422398,64.30525096499038,93.34797002066936,125.86782803992728,85.33376605145642,164.41911686603984,166.34744052794136,83.25274762792307
144.82473735514424,141.9591430611313,90.74220258343765,174.98325832932343,162.00724190874806,75.73793543236718,97.1551257486559,134.0350521643016,96.92201649576812,166.77515557846803,163.63054250305157,83.9114815072603
143.24690463962975,140.5564493190152,85.70391769938574,170.20061619258414,161.68440338912282,69.90952752929866,101.55100480117952,136.60830334731347,91.0072113348354,167.7402098602959,164.19411813265918,86.63689285535686
147.0337886137875,142.53200839162017,91.0856732468611,161.19966459068252,165.33973278985067,73.17920878478405,95.11734687869756,135.69205325793968,96.02232545937328,168.12513051648006,165.2314267282078,89.64463525953227
145.78889309817197,144.4965433078057,102.62251987500755,158.54117667895852,156.46830253202788,75.83475308982334,109.29246440976671,150.98768055849655,80.25510743765985,159.77695240619602,165.05382296904048,92.27880236991597
145.20365999677185,151.57463970915063,108.48281255167443,148.2870745267718,155.79649153868883,79.74593132656074,127.85172410305302,155.54939720961795,56.191873459208296,158.26998355685234,161.47667345768576,89.22170791192173
145.75882557451357,152.73408583499852,110.1575310495444,145.9048276462392,158.29923802439998,88.2532176785474,130.82933231135513,160.14424185943093,59.87272460241523,152.58908440767442,158.1919949199209,91.55935968568971
148.50677043669748,148.18206140400048,96.31123778477836,148.7008506538273,161.81766648364024,89.6701842557177,123.47733241701434,152.7546982509933,60.45152057450599,163.98383085918795,161.66883090143722,87.67393246033842
148.8356976570819,147.47932269921662,92.274082185185,151.0401147848049,162.93895494931655,89.54865509556696,127.68581812253909,153.64720257195452,53.728438533288376,164.51100915669096,163.16013553544423,89.71302418518611
148.8966517036836,147.01229644730938,96.89785339516853,155.9445913585571,158.73581607935492,89.04125995508328,120.23592956767098,152.33930144581635,58.86146881060401,164.48053917771597,163.25677307422964,88.77387031628767
152.1300490587163,155.84590650600265,93.58210126971721,156.51131278913806,159.05265762404002,90.31605431907383,126.85393278958689,163.3044827374319,63.04185190124315,162.21741101250356,162.5471642275298,94.01683286819637
149.81442056332926,152.58332596831372,113.38375011078269,155.31780666332878,155.37232162888273,90.35492372243415,105.25090727919226,163.10738645598929,93.30477088016146,140.0690515834185,160.16348645137987,91.16397465320838
148.83075504901603,152.4262710960665,119.61182902453899,158.5017677538078,162.7268366461989,98.71600310019262,103.60710394843127,160.6712595905976,91.13224603774783,125.17693229048062,149.97747024066913,85.24924915538826
149.07073607350782,147.27836001892814,121.68511421131754,154.43300676269533,162.24485809199606,95.59001581955613,116.22981445267372,173.21289091339918,93.51006537274755,121.74322109737973,156.7022930279951,81.39110081443917
143.37589332550687,139.71334906897647,117.84411882646255,152.4176347559283,159.1365390618924,92.98169548282227,99.45999799716608,160.21275685128828,116.64428259760153,129.31576553306317,156.96947983584633,84.55409888485173
140.8961610953844,137.85071500798864,91.94489724036497,153.2777443749346,160.81605101466894,94.80471591233031,109.2178456071669,154.94945043272568,108.96008026333483,129.23138527952491,154.08780839671027,79.99469597624096
141.67738588235707,138.17424746098885,102.39938730082403,154.99255813713992,160.90393004013802,95.5485793014794,105.57632153023226,151.47008523877642,101.06116855851643,159.92422106702037,156.75204199430152,78.62485229107983
133.69651965748565,130.77662234225988,65.29599396871247,158.39035999573818,160.03288392796966,91.03473634093528,114.86117976559568,146.39556907697306,92.15172367764625,170.77703999249556,155.66985439065863,70.33926786611838
127.85438259946287,129.57390312157162,58.29685287586651,155.1262162594281,159.1123181336659,86.03701376981927,114.4325371412389,147.7367140254425,99.33716259972293,169.75307920574627,161.08318739621419,65.01258401916827
126.5482756043204,131.8917306961161,55.22605407112106,148.1663981975967,158.7802019692842,84.3197702497258,104.43531984115367,138.79174849463251,112.93110540517175,146.25342863334964,158.3067159228408,61.421646506363885
130.09642319147628,144.43210512085705,57.96114237916134,138.01370210328915,155.59540955030397,76.59991368017239,115.31079545629179,151.48451502995127,75.53231926340531,130.99917744891803,157.3165207753033,59.99344585949448
136.93436339208796,150.7485614365196,69.5545734830981,128.04065241003474,147.1454746801917,67.18854493660687,129.54592827142412,167.34579294869266,55.9376771437772,123.34726437990403,157.39103414632692,69.82632554331758
132.70452597989174,154.7102758055682,78.01022196429233,118.69403400306116,140.42733260778166,62.75527206338471,110.51359991934302,157.58243939733472,59.71637342309009,113.10228684087065,158.85968142179075,74.33994819426927
145.04093900865217,164.40463367654698,74.62263976538996,103.49524873192603,134.56930698369206,54.248668034053594,153.02651310088984,167.9064368447781,30.448612779963625,100.86756654176641,158.50585228122492,71.29575036435949
140.79983569128905,156.42624331285563,74.71887205329261,95.28252779179378,135.58833515399434,49.73401480430793,153.936790192339,175.812161764696,29.325278917890564,92.56283446294034,154.35596968753404,71.83607071917218
140.76336758112708,154.98313210953637,82.86487351158424,78.00343488003557,141.87265581817215,40.243456903990335,153.61617965163626,176.22363607434409,28.44499031677371,99.01473148291613,155.7741005409083,76.90683552761367
134.25542367122577,151.29293777725178,133.37065350503102,67.48059266118526,141.91464416684607,36.1514767913694,152.6818466152396,171.44927040707924,30.635074053100535,90.92215241734274,154.0738163230094,80.09626093769744
126.74024750064054,144.87511695423262,90.98297755638733,59.45344090676526,144.2881919017194,39.13372408593428,138.40770076306572,174.50942617404948,34.65634619621445,89.36645190564033,156.46788078250813,81.9076501655587
122.26817995663485,139.83535878476616,81.67247429171965,53.888433316095984,145.77110825593164,40.14683742772254,153.05534115668988,171.27755894401332,24.00005658545969,81.93621426551732,153.40948747656668,82.70380124170751
111.73987345845984,128.28280777499288,71.62641555426478,49.56555530456612,145.9310480701086,40.38529892147819,125.1368908246837,149.02907707199634,32.15157530049324,80.59155950527973,155.99052921467967,84.78800471953696
105.49450175532573,123.09402732008151,69.08689441659813,51.77210276471607,147.70131072107557,41.61073663504451,82.02745288011647,88.27371185499095,51.23428997611585,74.81068145289358,158.48725057401228,89.95124085723914
104.57369984441704,120.8780960212424,63.77035013508111,52.3840078561015,145.24774876985364,39.11876124023325,86.99429845691024,94.06645803880328,52.33705445271857,70.8030233067196,144.54351008142223,94.31376746061109
112.0507584837573,119.60001580025224,57.686563840379094,54.14768163737862,143.66838833989982,37.33331589966618,110.84134617015008,129.15609932465074,81.63421115235253,66.47526789195517,156.97375388532242,91.36322316961885
111.31246142654854,120.80874946600096,58.18437713949935,58.6108569743427,140.72271239203363,37.892097176833964,109.01173567184006,123.8311936487548,57.78173315212195,68.9375215467814,158.49076953252808,89.9675415930171
112.29132377688153,118.5129925380559,59.52933771598768,60.1028963798651,138.0170327706488,36.2641888694644,107.93636510717478,130.792221728872,63.35946578800988,73.39526800377783,158.4980575367784,89.00281114361489
115.90558110801742,121.84358283100954,63.1885805468677,61.14539066408131,136.86930210998707,35.759970507261016,101.85509858730475,122.41391881055252,53.72019710264748,78.58129295271382,157.40693536405396,88.86051777096216
120.39979661446729,121.73984502780999,69.94803451650718,66.0142740721216,134.82500417901582,36.290283236985594,85.17260765937591,114.38578586470707,63.378358394979955,84.37001623288468,155.0167535383081,86.52466087581779
129.30704553569578,125.61454284187195,60.70074240229493,71.6457535632144,127.13848707173675,33.64114088626849,139.7392318065971,174.42344080292912,48.54005174223638,82.78002226221416,157.41705574909366,85.29135472958227
129.91559244727344,124.46165738364742,87.5409748053252,77.71628786939121,129.82682722070822,37.42614154988127,146.87512994373955,177.4272150492971,47.18288507218412,88.20835882871573,155.26295974268425,84.07284043876456
122.9780038798745,119.41404285217216,64.70197037884643,86.14497020942017,130.2461444131312,40.186990315793956,102.56286212978306,144.53591733856382,76.02739880629673,100.0593460289445,154.2466862009031,83.96728339489188
119.98785567533588,121.76001978059372,64.95259294913882,95.71387876155433,135.93411285182665,48.78439617376326,120.89357553485905,162.02325270606693,87.2408984485657,102.29824437265867,155.45406953463907,83.44851334202048
123.53212036007685,132.61639671202616,72.85130290891132,103.89782510382008,135.054112202637,51.97946424343793,155.72553302570742,143.87997016158184,51.549550157251126,97.2395583716215,158.00875872339088,81.02206057939962
118.84803803612725,126.43261612330754,65.10384987459956,109.78110057603936,141.01934070346172,61.0839240924896,119.04514373486161,161.3962374927102,53.854678639687975,112.64509027514303,153.22985754475147,75.91516008860148
117.16316372425396,117.9683542452302,62.23377888505277,116.9895886013104,142.85621283923066,70.25253896032974,100.48210087219627,140.1391614605548,79.9989643119263,132.84190838873323,150.77254314480749,71.95740645651328
114.76619644714299,117.89220901855356,60.02215937242972,124.1673515358201,145.30812130467194,69.22861014468285,100.84706201652988,146.27994808265532,81.9409723036439,142.2161502626737,151.73565123371077,74.01009588986996
116.76831922025914,118.50752320098069,47.01198918314645,131.32734929699922,149.80933893517027,72.10383322509686,112.83544599500146,152.13987877967844,91.44699705024149,142.70611419759283,134.46174627860074,79.09928669002443
117.62653527194809,124.74253227611587,41.89097906993763,139.91505334793055,155.7661833715751,83.50708750707665,119.42041220799246,150.48127940704484,84.66768877560126,154.53755411415642,136.27926929100815,59.082367833209744
117.0354035720913,127.35129894245974,40.06234278154636,149.14211022446955,162.48410661940557,86.60642757361873,114.18617440768816,144.6575227634192,92.59298030275826,167.24034331770278,149.54884042609265,54.00143506113891
116.65466605392577,128.10098226889804,34.00720773390851,154.0601987392669,167.1661806206077,89.20464411576806,113.47480404321092,143.1665765585439,92.2638668319377,170.63306453194974,159.36442576596122,59.68725354636406
114.45599408077726,125.08533840111714,39.79329385045384,156.50609565736175,166.65129281310996,89.28754080775977,120.39222013216951,147.61415292152407,94.29516059398529,173.4103623807813,159.08202247088988,61.005123387851086
127.24987584237799,151.71361820916798,38.19694831302282,157.51212252655804,164.4832976932791,91.12279007391633,118.08610977106429,150.74750733777128,101.59002746287709,176.46506522689978,162.6286822742437,67.315798963043
110.98978074991756,131.49757389299393,39.368909939071415,158.1903158528819,163.65952559652197,91.07888501651672,117.27468920648235,151.47161505026975,97.13994245146735,167.18893705633067,158.15146638778904,65.38246136249117
108.49900797770235,121.96438445664911,45.063739500384955,158.72200682785905,163.04404389767672,91.05093282529751,118.35317322573539,152.26492505616636,104.2777836449794,157.99960649831596,161.56923939984563,70.20401845810302
108.95946090501862,127.88338309748386,46.58517424473653,157.32398507130722,165.04916892949078,94.57210773861253,117.84055099762635,151.36956246083744,94.8272928606592,147.5800672706173,163.35556958719624,80.53625330440742
111.58414963457993,125.41546547498359,50.65096847434561,157.40389092261978,164.6885225022637,97.65469489130275,111.53717142782152,157.79327436326017,112.37902898003374,144.33390559745442,162.18702614554996,89.82121689592024
123.41273116879623,136.83129036120667,49.86854077511551,158.6754878585338,163.37139019367095,96.3654603908559,110.45186558068235,156.4818460047047,103.55162179187943,145.62280122281254,158.92466926634629,90.40525066296824
124.33186025085473,133.88617849798285,53.63165077352927,155.87968566311406,165.2256691474735,93.02844473294758,111.03197166652828,153.1982177535511,98.28011282820113,147.21692310095582,163.41378792742583,91.96599763234637
130.94419990272257,135.71562847175284,57.12528712892262,155.83388988095874,168.33865854138563,91.5250348431808,107.14007905173865,158.7455808172851,119.05946352783683,152.52986003842042,163.17397920483944,91.59467972920856
140.7825357717267,150.86490196500762,61.113774819125574,160.212707721485,169.41267260108447,93.02486347376431,102.68801889461187,154.01963648294307,109.84155673093059,161.0597970815911,166.5646507388772,94.36936542385658
150.51317260301545,159.13019395901156,86.04064066539463,162.486940889999,168.9361252835695,89.56960592622487,104.80641859513705,148.65645376136473,103.99095854019143,165.05457347968246,165.1987480643995,88.72814506110849
151.78527029339185,156.69926820756035,86.79464762264823,163.80824557197266,167.754594265448,88.09989599318489,106.1219556469613,142.70041172523827,105.22949125853674,165.0545609788914,166.3257909517045,87.52335034327199
149.56079954343048,146.26835189158524,77.78986006252521,161.92639153727302,167.1343505417358,87.70630931396246,110.87759035182212,144.05758646079425,99.85569235661815,165.0453436682735,163.70983975980832,88.73122974569773
151.9203904889225,146.4040874752056,82.17408404921686,158.488159307398,163.67490365490417,89.43138804598853,114.17849787252102,145.51745438145875,88.23716881554313,164.93746359696286,161.4885008202837,88.22413073209722
152.45078928732127,147.15446787475778,76.35360307336474,147.98001150159917,163.11326606208286,87.62361123608144,113.48130078659567,147.79376435100127,83.10661992659661,154.9215002862588,161.325672406435,89.66338009021771
156.4191469293029,153.27454093222312,85.559958484204,143.63158309885952,163.48103075714852,90.21191512440394,117.81928529948324,145.47455360329738,84.40852127045183,145.54313391280297,158.0857675786944,89.71974113334879
151.83622410049873,149.47399464079177,91.42454556632111,138.3854720579221,167.5046127960266,88.90856846034886,121.68445176853061,148.59742169148575,92.88154210555496,145.4731033883826,161.77950614114053,90.44315610125837
146.58169539581144,143.46896901270017,100.66340704245901,135.81629952240456,159.4671700183336,84.47059419912716,122.38509221099696,149.13706943558782,92.65907709057795,155.08148036354487,167.50730197124702,96.26843327212032
145.40198101016748,142.4439754304108,99.22229276241846,143.5199376377425,135.02529145456413,63.209096913391924,127.51972412950354,153.99444117569968,92.71646161357964,151.03495219615547,165.83157837947607,89.58874423613707
146.76933006104707,137.63448391796402,92.43948393283861,148.89014181960718,158.22599879040848,86.98429624489891,120.03040935313767,155.74033034444705,105.08337575885038,154.35058089008285,169.26364618672568,93.7438586373443
144.19967390372793,134.86462624631343,86.45435595459462,153.11603385571658,162.9210562820002,86.02923481524243,117.05751863342765,157.90682233732372,112.46959747073757,150.49349254099266,169.59652777937822,96.27104181376271
140.22793000008463,129.84027911239411,65.82609285462928,161.9646663502595,162.01695260323015,73.2590174488976,125.73771940987422,153.9675236472462,104.43972896457942,164.78772476778101,169.30021042475116,92.47129824553743
135.36656687989117,127.90001939301057,64.37411058779082,165.4125935685957,161.5063919608924,68.96521798020677,125.53026560242363,154.284246468325,114.31703201837581,165.50360235084347,168.05050071897188,89.44177967488719
136.22535162535436,132.82102817901264,63.87990979193863,169.14183907094602,162.4608994754289,66.77388227238112,125.6912448572171,156.79004245590184,109.0229816067034,166.45425271976546,168.0062410499098,86.94456671485467
135.94346789191073,128.75140847513364,50.88663832802338,171.7024245411088,160.32486771836747,64.11932148844554,127.00937963585405,152.42578801842123,94.89915421591952,165.98984323201333,167.4100263984931,84.02752296943946
135.82822663608943,128.23891174134548,55.04236748214508,170.27024353815435,159.23204736025676,64.5811958280096,124.97612111122577,151.9112836572845,103.49221515654497,163.17218881639153,168.1658718010841,82.74138963972507
125.6218017251234,123.19310046217645,58.63354486249241,163.66951775385527,159.11947160001688,71.07628148335135,119.60298274177686,147.92807826933537,110.64420903166149,157.89671304184657,169.48266792453165,81.46828360811142
128.31474793456576,124.87929000387336,59.30666770183732,159.6405610192389,157.4666162281333,71.34121723889255,122.27466377818705,147.37263888079895,106.03799967311818,151.23824341621167,165.36290223134404,82.40242268574748
120.57740696110088,117.90469068729438,50.17956158540569,153.20007157812128,155.56591932950548,73.91104252537025,118.963968154856,143.45180267119483,112.21409831400645,143.7041593336666,162.47633564323496,73.66411243010138
124.55510756202618,117.20297374456949,36.41284564232677,147.5176948464794,155.41685099973947,70.51351629539576,112.99906038684391,149.8918151870838,113.9078438601604,131.62933991345932,154.29608713580663,67.42351892969374
120.96120897444287,118.06850748349038,47.84577962375909,139.6093507987954,156.8995574270532,72.16311696739513,104.41205914961529,137.46760962698676,87.9414066830932,120.35294762645341,146.2713911694125,60.68710258960324
130.1391950413222,142.61691462825456,39.053022655693354,131.74416841140317,160.39004898880762,59.646784539044184,113.85711727613341,153.01350621327813,68.40028195619297,106.41159390950725,143.30750898203775,57.99811784369175
134.50651774600436,153.665375540418,39.667300291501356,120.53898378534308,160.9036073135822,70.72196379176289,139.19514114858066,175.53822115167054,42.68972448039345,95.54927496662563,140.70033423031234,52.614558537891355
132.27209900990601,147.07125179173616,44.88647087289529,115.5268657626476,163.71405286876816,69.70988405291612,133.00445328810355,157.84185666408297,41.23060310978481,90.00793670521372,142.1370011934544,50.02323476709855
130.27378730709506,145.55042280567443,44.74682302705053,108.3093501439031,164.19368925656113,71.20474420371394,137.396858114432,164.78300594935092,45.845640796741854,86.20300229579517,139.8963421639939,44.59590838053402
129.6872349144868,148.2416525090314,65.42602834593565,104.57584221916595,163.61166449327527,72.2775445809472,154.96887367230045,167.75161369580846,38.49137895034001,82.25727955435616,140.32644819079673,42.53918250646136
127.0384628793581,138.98947498073056,75.60811357706311,84.28673366375271,132.4105676042708,56.58543957901617,137.22353828847918,175.35187650950857,48.72791306348159,108.533752477738,145.4245068793279,83.56526272388194
130.7222403386985,139.90510186274665,74.8500972165788,94.34685177569989,114.90897520741865,68.25100400766043,141.28977873841964,167.99456743134994,53.20491844663143,89.22036852846229,109.01311074426299,46.629127731995034
121.91131978354089,132.38853629019715,66.35677728539305,74.42820830969123,140.393756354173,55.62012083662046,153.34323191034193,170.1694721792178,49.66290718980854,90.58433198808359,131.43666003012575,79.63894345984725
127.94795603052093,130.94756150273918,73.04607237306888,90.27542130478224,156.96268134524945,83.70544733140487,92.47267467803631,135.8544931348872,90.29787145426316,69.75129731153547,134.2765793032902,46.80253188871945
129.12905878444622,131.11282274365212,83.42779279791942,98.42913628835454,157.7125879927699,78.6339652815109,108.00605065774329,148.56640835760444,94.78529344226443,73.38451990686106,143.17140633572455,41.65080168685397
124.74871029181507,131.0694599416554,75.90125275096702,101.3713373540148,158.35301861714404,75.00094037374005,115.9088796947313,151.38236278829694,84.52862681878423,78.38772863009059,142.97352557180977,42.85822880436116
127.04518658480745,134.48441246448687,74.2434130214548,105.05701317022361,159.06810556081706,73.95288933800956,143.10546528414292,144.09543046072946,33.95708127788415,80.63590463539803,140.8800691834568,43.713092393548024
123.61691902139582,133.8453960044738,76.33141590036948,107.59746939180616,160.25996072659015,75.30623808896736,95.41479539751084,147.6552110591115,89.41983620067496,83.60526027974548,141.8655318229539,45.259249945797485
124.60355520061496,133.51922458171043,76.21472217017676,106.67913737514868,124.15110612081992,58.22701577374503,110.66293647609213,164.4324363858597,70.35161836094363,109.11686603101919,132.2601576014436,71.72361706368395
125.36060010114622,135.48670008134093,65.62947299629315,123.11656863176785,164.95286293510594,92.6451800116964,136.16403344629026,166.22965077292037,47.05533000308956,107.48928631518291,141.68608616459707,59.6266150432635
131.0155823527503,141.5381930931979,65.51232124927552,129.75633191845225,158.5318360698816,83.13673658019252,132.09633908104058,172.83768359154246,49.20741184171849,102.0620680881511,142.05019716099713,61.60731910800815
124.44492068251255,137.42608632299144,59.61632103391887,132.156316678473,160.11896589337675,76.63551319075198,130.42996285725886,169.59628424655094,52.421672082319105,106.89715161177517,144.92846766019073,61.717729956113395
129.25142938873705,148.4049349519853,60.46635155770092,141.4588377559479,157.6964248245699,71.36695739827395,96.22714452888592,149.64824443698936,74.01234882089845,115.01650829311178,146.64186480234528,65.2663269988978
126.58306086337124,138.28088877574788,54.95866497481446,148.70804963561173,155.44880590771896,75.77881686783573,86.72072672858533,131.50487690218353,97.60300438962891,121.19528397199292,155.11280422874563,75.6805517119586
131.57673469725228,139.7474466326336,48.76220505319641,157.13848226252833,152.87278875785148,74.27004029601177,89.19392845836411,126.14606099456009,81.41427297706569,126.19443591413449,158.93242297946327,79.22491453051128
135.94046207334597,141.09828918265745,65.79530837988045,160.66219022577027,155.53307879140309,63.05188795103104,92.50579630964405,133.076671796565,105.7063736377306,134.47459362550097,159.3164013770634,81.76432016953636
135.79789933073224,139.55326970391033,75.39233229965325,167.6776194944294,153.11425400528694,71.32851738987985,100.6438296070545,130.59894152742135,84.31183406828285,147.7279252834642,160.25313120906628,83.16566336575337
136.05340465240695,148.73737053046992,76.32646750925173,176.24059313403572,156.65248056705352,62.37770776170625,94.80506914038949,120.01184807810851,79.03402810730701,155.57298395399994,160.47165354917175,81.36197409151121
134.5930328596593,142.07032549886122,55.71359284764441,174.8694556642349,166.3364825949227,63.96127098939813,100.30623054349535,129.35352370746958,83.81408012592577,161.67164664733787,161.99818713745657,77.54554974742398
134.4671016157514,139.39347447511173,64.51252434856063,176.26803757207256,169.76922654776138,64.1978554772908,97.94733084573322,129.18524165870843,87.84869712352457,161.7183825402465,164.1919039382146,79.43068762829792
144.10534176674898,147.02895356572856,65.0642632728802,171.67531082471643,166.20681797421295,67.34851038778517,98.42301406468825,138.63755961031666,91.04576549688555,165.76694930630595,162.6888415707842,83.57151475781728
142.42737024468116,137.46592849792185,97.06963617319484,163.10022001409047,165.55933250900452,70.24022651105525,100.86166204963601,158.13161926891385,107.46042369316218,162.907527324031,165.09323361035445,85.68091031570998
149.93600906446736,139.54819547204454,118.83212844358547,158.408964390905,165.64151394358115,69.4842492619408,104.56447127259267,155.09522494166325,103.66844526255376,156.2003268755293,168.4486701455516,89.11432373735865
151.38780575131244,140.74948387798,119.83500039222845,153.55231632081086,166.299158499681,75.20869998015202,107.9457451224147,151.1281021925076,95.8144526121094,155.77059390395354,169.00721531689982,93.44144278110946
148.70080236859778,143.73582845773237,112.94749681901469,149.78647012913828,134.5869786712267,61.849382349219276,115.63475135464543,151.24550660424924,93.8421534196698,148.06280838909046,165.59655133693897,91.59903572446768
149.49999545345034,141.83870149828283,111.52703041395705,140.90736034929162,169.80474705372924,87.88208595388564,118.82061620584892,149.93803019587784,90.84679121575982,147.26190931265512,161.52880216098572,87.58558259668399
153.50651400082566,148.26646939149288,112.74042839219798,142.986727021929,161.16738685523808,89.38076579464924,113.13619020968441,151.59102652431045,94.69137117043415,151.86398847023221,159.55589125099775,87.47971477517639
150.92423800007066,150.00259914231768,96.5530397634574,145.10805148052367,161.47048268669403,89.72221201145469,120.82443316010234,150.07516349315705,93.11127661688637,158.27016833451057,164.33593280483996,89.74797076159815
152.60515709873417,151.2638576616236,92.4709350515048,148.14526784341064,162.21896027692267,90.38117449849996,122.42041770031271,145.8057274582899,88.10514490554982,163.60210338795343,166.84665089324795,87.9725470798127
150.48496128955634,148.18261710962932,91.12726256458868,155.0836853675995,162.03436724353384,90.16499095597442,116.63060899756381,144.5285640900256,91.54459200010676,166.4699539322037,165.69312324205924,86.36403952089726
149.97255438098782,148.01251089931665,102.27933610856256,159.620912068181,158.48543143730126,89.19655445161817,117.61369928121304,145.6552007226985,95.6669329772833,164.62430508918777,164.09465232597836,85.20710419472607
148.48277252198238,146.40048574419984,89.6766972566194,158.69907234662352,161.6967869116752,89.78494506611106,112.699115175892,143.9354393293364,97.24348989766617,163.82065534313355,160.35618611702998,84.3867665463775
145.11562048366648,148.83227565307516,79.91006675024587,159.09114580839662,166.76130899914827,91.332446610912,111.94096873080306,145.13615049716643,97.6205438296951,164.6970621227979,158.64722146944203,83.461990476057
142.47267555624566,146.84555134761948,85.03325485066402,159.71292489208594,164.5344080560685,95.0494174452484,111.55749243118646,161.81793716249004,112.35571159744173,146.47714937603965,157.69890746705218,85.50199685423782
140.48898828231162,148.80479474266681,73.00379027013669,159.9683189569613,164.10517404038947,96.12135150016967,112.6530662564963,163.39093508304498,111.89852468500793,134.207736710996,162.08505169556403,88.56245069062258
140.87592125341004,149.59375795589753,70.41381154971688,157.11408860083537,164.25773885111752,97.97634798437603,109.64081064067915,163.16643310655635,108.43698027264523,124.63712348093954,158.83130853056784,89.46616240346314
140.1319963169708,146.6127620952937,71.60314696283305,156.3204912855491,163.9321424159474,94.55315160213988,107.83300204523547,160.77673536273636,107.21066178067058,129.73528633755365,154.0422358234498,91.5789615882239
140.38430090573397,142.17778641856208,61.17273471876695,151.69521463447697,163.68672339849851,92.30761705877802,102.82978557783802,159.98583644416294,107.69685094551018,129.0719400804119,158.70257190067687,88.30033083581435
141.43069029822902,142.8807168496097,67.15746568945647,153.1336373458928,166.07254804685672,91.90287428795727,100.34621534424055,153.15957867471084,101.42306075692582,138.39726209098168,159.00808794547976,81.76713403445814
139.70265997076842,142.24743764746324,64.39570266279965,158.6379899039539,167.12302233618206,91.7519082627124,103.77349246638954,151.0142780056049,100.37903965584474,157.07126113756348,160.98794141327207,77.64821043878395
136.60176197986226,138.43426067466257,57.0174650838918,159.7413139235719,167.10320117796755,90.28250539578981,104.48076383551224,149.5330606341082,97.30307569186972,165.897514771614,161.51813439070278,78.66460235940501
136.1168586705364,133.3335259971946,61.211287033671525,158.20036698992718,167.03711036956017,88.39562469340578,103.81153236418848,148.17271835092717,98.94926219748692,169.52922213601133,159.25346999589698,73.11731010719922
133.9777525114657,132.5627376516085,61.1240006568648,155.55644227116616,167.7476180636505,86.92667767311127,106.92859713868413,145.7922515788035,89.34026162814908,168.06910278739102,160.0069518718444,69.02145998469996
127.81165821372542,126.17814563628771,47.489262030610305,152.78118568678605,168.4259587053025,85.98836712731287,110.14124541175885,145.0743025455039,91.2503688740601,171.1485064308295,153.91275328476667,62.58510790932004
130.5911365678236,132.3431648785634,53.45791292909531,146.51447490177884,160.33483747209107,82.15059952210743,107.77989305953314,138.38983197628963,91.09164523796984,154.87431379889526,155.6274961403044,64.19791557826387
130.59356402845893,135.93644119346635,57.543185229635505,137.53746492332616,151.41696635502655,76.43026219005903,100.96446521288705,139.6823798619538,88.71427368746257,136.73979451923128,156.127631329075,69.64699752420799
126.00935670662979,130.8294917308218,62.36002886680285,131.46076758949013,146.35620737431327,71.77040968397787,94.01612791108643,135.50597143549166,87.54518217944168,131.26551530358634,155.5923329619679,73.18368508038537
123.68573329353008,127.0234846741316,63.62504544908248,119.09569903123375,141.09495652869532,64.55245212058534,87.89386463922939,133.07353512886408,84.61327138896812,123.90978603350545,157.18598161724788,71.72295907019833
123.53093281321317,128.06175900040907,68.92780621444054,109.43779735648744,139.60966425353394,61.20071946893702,90.79079136355548,144.70264572286905,73.17584935730075,113.53243151964526,153.57106263556642,71.82649527128171
136.39137618791906,150.6055687241981,69.2955596786144,97.93310386772444,138.77182247053292,57.87414089051294,136.06236619415586,165.12097357961122,58.2902989159264,99.30893967866007,149.73009270800978,69.59862523072518
140.12910573989993,161.81326605195179,85.06673586797983,81.90282968707713,143.49204011957977,51.11573638078507,149.61662162013369,159.86408421639402,38.046150231124436,88.4619330411319,154.45268457401926,72.30200863895718
133.19688303743865,155.76876536863338,91.22927594280007,75.28493056994157,138.9112294362027,45.50963160338156,150.9942616698979,161.7991753829569,31.566269341783016,87.09563961362836,155.89225837261435,74.37746516977171
129.54369902308048,143.5042894864648,58.93934987824569,72.4373722277119,138.84280125218982,40.42772082734073,151.876063825573,171.21384921575745,39.275520142764215,83.80679792249582,154.66815791227035,76.05452473703043
117.87732380166031,133.91175524910818,79.75180846907277,67.62407712474574,138.15286867139517,38.73348454674773,136.12336998657815,175.27589711621317,45.664863495860885,83.00890500679841,154.9346149828038,80.52306922490521
117.33528222957464,127.08983542747745,72.54433982640589,60.829523869611464,132.66051969690514,37.25601785037037,95.5131398159737,136.78784787012697,45.53718364378758,79.5720998826768,157.5119070656159,84.9008904490435
110.45483002878959,119.9199711648258,69.78053634496654,56.381016461738625,137.08275707099395,33.75173344251429,114.35836802017347,138.73880263579863,64.86977025135845,72.92372503140122,159.0554075705023,86.11291124319406
109.84465270829142,122.5647206785949,66.20531693101903,55.40928157886804,141.37636734227965,32.746147653516715,113.37894180074612,131.85401754989428,79.86869567190227,63.76744280453804,160.23072941613393,87.92942842814382
107.98916991349871,118.85016677840181,63.24360207493013,54.462529677679804,145.2998550288884,36.50821347520652,125.24519876951713,137.77285242710454,73.61827847254928,63.609246970014254,163.02548130862135,92.59649729652013
115.06010881234904,121.76435640324806,62.50999672937611,54.4217607261762,143.85636730936875,37.47741037430958,121.67913827102161,138.62064063123253,72.21779861139282,61.10026306109486,160.9991232953833,91.96034112964247
116.97385150829862,120.11467029310755,62.07345393368531,53.38898968002964,142.3026420014895,35.18147551465716,124.84341542720627,148.02138250102405,87.67860385910117,61.56751141656627,161.62983532361264,90.47945687219799
118.96582090018357,116.2221185631004,66.64808765943908,58.2926370739234,139.86972113362057,35.353922246588816,124.46895510194618,146.53159540903084,83.86785381806912,68.3553116730346,160.49980443454686,89.00740778648823
119.86393037877059,116.70525373343015,70.8638209749075,60.787249816382825,139.33826474135293,37.17799658736372,132.7902781356459,150.69227397344778,82.60614575830415,71.09637648829901,159.8953122700877,89.17872616247813
127.5274322876351,118.24595841047778,78.56309060189012,69.3751299924324,133.16170893165392,36.512769455820624,126.06844854136686,157.71930387047462,72.17002753066329,75.8997357427774,159.4273571722312,86.06834126199536
133.7183327701978,142.32075284677344,90.93341655155284,69.9271469412335,133.15409914871512,40.31945394606894,146.60168170860635,163.86570130999374,38.44915366107413,81.33942085029469,157.30904444596842,82.55456608196766
131.1024612711484,147.83954523783626,86.60159297773626,76.77124143821648,136.36389703875642,44.12262050494732,141.95802250122802,175.39997652705864,38.24797532186758,90.05538891232212,156.68511188999014,79.27496591988272
137.8647481860539,148.49548957782798,79.49222679288768,84.38178573063047,138.85814774189598,52.30110423303729,133.2087321931814,179.29023598881676,51.41956211305117,93.27881100351723,155.1562502916295,77.147514648667
138.5243076258877,144.47543420848712,91.13488437967818,90.19309356742227,145.69145241908774,58.479168407844455,110.98256184050383,160.09803684478427,66.069612112597,95.89153777616261,156.0800023491253,76.74918021994303
135.94230496598092,141.86121209352754,82.44728431978801,106.69619330625655,148.95501214435205,66.99701242869416,131.275826879824,172.44372981693323,61.08208529980511,117.59595941053874,147.88517387674523,58.79845565981027
142.40613915599553,150.18670832104044,80.16000655430621,123.05616198556795,154.95390842250444,75.53442858429844,134.3960863349018,173.68013384612178,57.85102570349203,127.60858024495349,156.75205642117476,62.288236151993466
147.8271147869387,152.08317841131552,74.0301763223083,135.3239235351427,161.78993097548613,81.0444516342408,131.85924987988767,161.05796513884803,56.846745380298984,154.13764879524987,156.8342968696297,59.82002253084471
149.80093760489913,155.8325076244887,74.70004488585778,144.93390157738577,164.81202098906326,82.50194710951118,134.766438531061,156.2335441383676,52.25593841850852,163.90182041338068,159.6459369207233,56.291644552959426
144.87877587672247,150.36824071843338,85.19193916594816,150.67336174434297,161.98688760601917,89.30893178429318,126.12573878413109,146.0885352372253,58.25510894895767,165.16830024166242,154.0163692967248,69.61093071640774
139.7506134338258,142.65654395092426,75.52729598030723,155.92717816984367,164.48927391040175,88.57771085701366,113.63246275611074,131.46835551610639,75.20551244983035,171.6936983227252,161.29713121182021,61.30722584978851
144.98716828793363,153.37348817351787,86.35757947694395,159.4837744236074,168.62788668093486,90.64836875167582,109.76044231306265,144.47292056910348,77.85136376588879,176.2190848380595,163.7536463260866,64.11114658645494
141.9350239435649,149.45971259537265,73.22267250906935,162.8549390546994,166.8656331056793,93.05412407228708,93.84446476248495,136.27068042127067,92.77400099202984,169.0955781701248,161.08927751644381,57.285280141198676
142.6002966109557,147.50356866377322,85.99862590794389,160.5482333983517,166.55748427523,102.04145800962748,92.08679431379494,135.84808656891505,96.4990294754121,159.17430637634865,165.11486972577757,62.22550271752769
135.71731778643266,140.1851766651056,68.585415739059,159.35826040038148,167.14663553443035,99.32477796867774,102.43261704418211,141.52553857442197,97.40353764762243,146.24782586966822,161.38987857010062,78.0946748587118
139.46836026619562,146.0103766296158,77.50917179374919,157.72217101781104,164.3848441355741,94.06931588459275,99.67419831571021,149.87968822217647,118.05556035731414,146.97477361483436,156.2716786713479,84.08217268523832
143.3022910656988,153.39080853569732,90.09554892613816,153.7826255007456,170.2373919605601,87.52186903620397,90.21374801509694,121.6325737125419,90.78672240903262,158.287983855628,166.12386995238688,81.34666341698578
143.02138366330053,152.15796919812314,72.75748534707202,153.82162794468553,170.1641802125107,87.99853926988781,90.31975885346883,120.65212414240675,91.03057868096121,164.4104213219732,164.16408740382843,81.37452787918603
136.76162022278348,143.65088155284678,64.19642176857747,158.38032069521765,169.52830486622378,88.10957872065877,90.64589888134854,136.13875031058436,90.2687392421176,167.4129784356284,166.46181758116816,81.47148525362665
132.65044414963896,139.44183251308178,71.30832263636418,163.63485979230768,166.60179769798157,88.52355922041393,82.27231046610831,143.65036636600072,104.51899449610562,165.24121028137318,158.37169231547387,80.6039563224058
133.0380225334509,139.51465728421076,80.20575717191983,166.30932931406835,164.1177693309201,89.26055198280277,82.24167741093842,148.26372694912294,111.9889813597145,164.34380525814115,155.64917392753878,81.76368454419195
135.4222681427245,141.79904807622245,78.03971465350699,167.7462628153378,165.16957370147136,90.75051036182947,84.77719191083673,148.73484584918558,111.40791600968228,164.47118794201756,157.04500377355112,88.6787005749987
138.52861380646507,144.31085343769976,87.74465863969775,167.07197057175154,162.20822954520415,93.84248632599976,89.39459610480885,144.4757509533367,96.28456869630979,166.0825338404339,156.54638944214963,87.53359282988015
140.48465456023544,144.17870914751376,96.07555489251702,168.92332194807994,164.6719243657523,90.80372259877015,88.82151139267201,145.72016009372155,88.93595675999474,168.21247961825694,159.36435809815526,89.37286672899943
141.4534145730572,141.7629820722245,89.50356509645695,168.64005964110635,165.2959554338515,88.75478632079277,86.29223041082736,146.86794338197518,88.445141344806,170.2955022539666,162.75630690448634,87.01752806752357
145.41507869370238,140.37604538912169,93.4370724731056,168.35755806438277,164.98231370523135,88.54304636283509,89.29886313071519,146.6054419259058,85.3004757190051,170.2552705339609,164.88123105892893,85.79218775094672
148.07911574928488,141.03995253502694,98.67042019118304,168.25118139595213,165.42908560502,88.48388206242649,98.27828197868358,149.26083059157435,74.91226527860476,171.01801000343482,166.0119466623034,83.06584054825753
144.80397254686724,139.96802342939304,104.45914394561275,168.00532338267766,167.0832204395328,87.78452815027961,105.7611394131575,149.18761825580054,63.649841038912335,169.2871216929047,167.26703658765658,82.271111343255
146.4643434518066,142.4104121100871,100.87088345874622,167.65209182435936,167.32533946049713,87.41764536307167,116.31398744622382,156.44490033506045,57.06588836068583,168.29306465631512,166.99966996736964,85.32470421288951
148.2848894433197,146.23817620482114,102.51824661347297,163.9462350418201,162.26184054648252,86.37224623504969,119.62777871329084,159.16420532581736,57.23742424261524,167.59782077616552,166.86902391171722,87.76317159365493
152.95683505972738,151.03424875758483,107.77353947811523,156.44216984983603,159.43041057238352,86.30194641632788,108.6575742544606,148.69648429113502,60.95568558370088,164.68026800949607,164.92772417218654,88.89123539985005
151.14420035533485,148.1335025928035,96.06248957579486,147.20293845906983,158.242707290169,85.45513643138945,123.51393857463316,173.3101701955941,78.64248647478462,164.92740498023065,164.30331612216867,86.88683103511966
149.10159940799196,144.35386508604142,96.66180980029002,138.65109482802185,151.2753501965053,86.20672155407271,117.62184430184192,159.14329956929976,72.16867403577794,163.34656586025264,165.13612541930422,85.16516288619975
148.47787182678158,139.29078152321227,99.25859537879042,135.66920281756268,162.1358605150317,88.20379347345971,121.58574450430346,143.41206385602624,66.54758572802527,158.5365653679623,156.11154479371422,84.5300562146092
150.4471196917181,141.37847367637164,106.0843796941208,139.09616665677913,127.610970009451,62.21121318829307,119.91742447499865,149.54008981338563,71.76905078435918,158.8036995197843,157.27854242843435,84.32675662291044
147.23738428194918,138.09882284028484,93.55065299660231,145.0270823686177,128.91781271517715,64.30055366471903,102.73964819140261,140.38814834442235,91.18175736661513,160.25682075768194,170.41949489433557,95.04027984026955
148.13287955496443,140.06759582779551,94.64200406451491,148.63843743397865,161.8009824566468,83.58842399678934,95.18624642326535,138.01692928318118,100.00389988942,160.5636390605617,170.33902230330344,92.78202825674536
145.9937194876143,139.78263599272952,94.42991009142041,155.08875877180313,160.77356377172228,75.55979672199938,108.30470935892343,145.68977810386698,106.63618798784191,160.38429757812116,170.63556344136822,93.97514455074705
153.34071698588795,141.1787850998206,80.12375646808562,160.53451910708688,161.55027294533164,70.70777532720507,108.91644042840065,136.40758481572067,108.77384721849911,170.64487283604643,169.68487879486833,86.5080820892738
151.46938507240927,140.01168825574845,76.57055768418847,165.11684432137804,163.35103796389012,68.49848932194914,110.33977061477717,136.96532639374348,96.15382727511884,172.58958692518823,168.59266039094413,84.89360913202336
150.92802970445666,142.01135594467314,82.42688435146955,165.70162975810914,163.42125260858745,60.025099553643905,103.2563095616439,116.22899630550728,67.44857219162623,170.78541206420346,169.0177585180521,85.90899958883709
148.8930077257171,142.98303356463865,74.9782603545369,166.6271609287341,162.6982199825643,57.669948815896774,129.37964442122393,134.18823800297446,51.23051385376955,165.16205684339116,170.36895100554236,85.80446716756678
146.52153388053813,135.07749297610968,67.80331405783318,167.54256144557903,159.31398018464165,55.471755035421914,130.9163818123481,136.85974669940506,43.65693490195142,161.20418954855595,168.0235904298379,82.71542091883815
145.06056984813162,130.0464164464247,61.48810287683532,163.5369709016288,156.15079476499076,63.491376192048065,106.6873146390605,122.68520364961368,62.5998815394201,157.99602560349126,167.53902530176356,79.1186927765689
142.71348375795006,129.5277878181467,60.69021006178437,159.52850934712316,155.3451564704994,68.68586571475184,102.48465039463937,119.9235105155939,81.4556254951606,152.5556636060839,165.8256910045088,75.20724890901835
139.97174941789024,126.90920844057656,62.93174577890239,155.1142424938198,156.175832156865,71.39582060928772,103.34741288873579,116.05149328585159,76.29401315889177,147.26843871248224,159.6771264727715,69.90774430298909
136.16764538587438,127.79929322828258,65.4015166606,150.41808852658264,156.17702459155615,68.85880313390224,98.28990511457734,121.30860103517813,66.89556394812851,140.35333024430255,155.27511922840634,71.34415915780487
132.00754684361078,126.56344762805692,69.84597158306588,144.2242985972624,156.48329134566936,67.20648001704636,108.0319474690339,126.22660027110237,52.04891945916144,131.35659442592612,154.8284429486346,68.45830158232616
140.72792213764038,150.08644338414157,69.69891850687797,136.94659621731932,156.32402564471937,70.86855343633096,144.66060588896315,167.60814771987654,35.0813247823566,122.20144818927339,148.25042378053053,61.01627330794267
140.83918804169585,162.55506539515002,81.0253268729851,127.67911710964046,158.78463069965895,70.84779718601587,148.53944773624846,167.97852005918094,38.46136467807303,108.4649660267223,145.12569511433028,54.48171237432982
141.88741883070432,162.9621072557747,80.28584950699893,113.25299511634087,158.83188023182873,68.64209509198315,147.12769346048648,171.4289975789255,45.18991590180517,101.36667389845034,140.66366913501247,47.0052029670008
142.96951342808876,166.5633854739781,54.513601378071975,108.40959369945324,162.08728008336135,71.69113559697972,151.03700386169587,175.89673866219033,36.75521379186034,98.06901317397616,144.57241109876486,47.44002360066456
137.7031010880256,155.44804006553167,40.79993265333802,102.9647619906388,160.59216004614615,70.34666721849048,156.3172922752064,163.0706791945012,28.600613199076896,92.31422453512306,145.4460941198783,45.723768237786274
138.5142943228619,165.19809169877965,46.909964509611015,95.68316336322702,157.888564709263,68.19356084078018,151.3565312382666,167.06240800018645,34.33826680411935,82.5381927847001,144.59551069107152,44.78100017756934
134.84767891454587,159.35321579604255,49.96276254603473,100.33047386124002,138.68064649653547,47.885545768501096,151.44509293173945,170.45578660182537,35.151030582044605,82.2402233538653,105.84532362483769,30.087645140706396
132.96746716815056,155.32182530352574,47.731634962922136,107.17257135026878,148.18500664097942,62.860637626836116,153.40313184795542,172.93329100639764,33.50769468627311,79.32249739700171,135.14632463453194,30.33334664096428
114.06893931109676,132.27376236150337,57.42231987302498,71.31002904935477,141.16029172977116,33.38955496067555,157.17275136396748,165.9435419802169,29.58305765444371,109.047583803376,151.74863987048232,71.34330332033589
116.44088273752426,131.6668609797382,47.26930509459168,94.48587427393582,123.42122633300063,37.265151756234985,149.48163222682808,172.84321696266156,34.73409503648993,127.14134118394945,148.2871927732132,88.89643872719421
125.43170556858453,132.74836206699908,57.940922568629986,93.8682516658332,163.48361167215947,89.44751669628286,147.26629548576477,176.67104292506994,40.833029162164344,90.94084071628706,135.0893836114519,43.42219459998184
128.45952808102624,137.29150398120782,54.981443723417655,100.0704592027652,163.81386531598278,81.77359433764627,151.19605592837397,177.41504073212397,31.627960396075242,85.33435650363143,141.8460277554277,40.36292899919711
122.79851762331977,126.11287263051199,54.63133594106814,95.38303057297557,142.5821334375199,47.274524987808405,148.0299740791916,174.7601718533693,34.558226010974145,104.4544955897667,148.2891525343308,67.90314962852158
128.48107306643317,134.43895695088545,59.5783205875426,106.02479362539765,163.82217131320454,79.86288597720858,141.8581369224839,170.17829911912477,41.703207120779034,97.97696993633201,143.9755817499447,51.47530764305531
126.85160833204398,128.28193285718214,59.47965400012896,112.57878228044927,162.34333667145324,74.13573387502218,96.4237977350765,138.325636836585,67.42220572904536,96.61044935070163,146.75191444347456,51.08619976444224
120.15393274006674,114.45083502864665,57.705469551059934,122.08090755721312,162.04978727251117,68.28886561799344,100.61873678290777,129.09827288957675,61.18081677095772,98.33059274356896,146.77233441230274,52.81301005972712
116.73655821784499,120.10359483220117,35.338594124903175,128.72691264738805,161.1339090118332,68.41461954807374,106.12171727839579,132.73412648794664,56.461994769619885,107.37590458575994,146.58596224509523,57.741968667697435
117.33617897378002,112.6818270683944,36.255710215285525,132.7233123244476,159.66328652586358,69.28720138142918,96.0821743115662,127.24682216982211,78.09829258798665,114.0764073921091,141.76087379332625,55.65803412350357
118.21447109785699,117.08851328956003,36.79203775590277,143.19852702209297,156.61864988180074,71.5108997615973,94.88192408804932,130.2558768720263,86.93430808979275,120.11440615127823,138.42084098195602,57.27941979579651
118.10481876617852,116.69958218013916,33.90723957427443,146.46522504006862,141.97272478439618,88.34438012706993,96.98672168009003,142.27894788170775,112.00601733132177,125.9536097637064,143.19594048315514,66.58178251650322
119.36285720941078,118.9446579784548,30.52547135771541,152.20454070468296,152.34391950145735,78.72482175614864,101.12923173919997,139.3883427107649,96.44852402442906,134.63410073920127,157.3879027788145,79.98152533925713
124.17811822922619,128.39485750708945,41.92258721912259,161.51857505559192,155.17691657099408,71.77543496270741,104.49109748611089,135.3296200008789,105.08367793552365,143.61171157049648,162.16679506081053,80.38896300916643
130.67138645768895,127.61838714070683,44.38113615205014,163.88358782179162,155.5433427618273,68.48294164920871,107.90566158462687,129.83368964034398,91.24027975777904,149.08983197482192,163.11523254021395,80.39045798475132
135.42681815610672,128.11485178140344,51.61913017852725,167.33576491955668,152.10200769249462,62.27357322437312,116.69273737245076,134.61187215701347,74.43515294360711,154.45332758766045,161.78595146734983,78.15266677726692
135.58468866692007,128.09602079558812,57.31857809016143,171.1120916842507,150.82547985251506,66.30214064325028,105.04096077910755,109.77620459450117,50.84297622030017,158.89444285911176,162.7766903160829,73.95213919782026
141.2036302036002,137.04333135113984,61.35217396796928,171.59534069879763,160.44468070718685,52.87875046507166,102.91381731099865,120.0386888761525,58.8635872675084,164.04021725437352,163.18948674303272,72.78419002775651
138.96971277829235,144.9765899435382,66.26884062163127,172.61240054871055,165.0199226707388,47.421410108950674,141.64585238623275,162.76829205486413,50.57250150627966,166.9757556896917,164.90219247373398,73.11351754278397
138.6976857724931,142.03306782312873,60.889106468987016,173.09725818305202,165.81936455203137,52.061999926536714,140.9851264318196,166.28246956993544,57.270745386860476,168.22203588134047,164.80190204677774,73.80799515537653
144.1666632683129,145.7703449398276,78.89839252047275,167.5243007224846,163.8364844735774,56.66871912083754,86.43883165589996,124.5792957913,77.15412120161346,168.18940508373714,167.9894471547306,75.47759218163529
152.3466434244416,152.14334364835003,77.26231520062314,162.5913561736696,165.407854660216,57.444387490393154,80.98249559352415,128.00722300745778,93.56836055629405,167.34231240702255,171.2368361959359,79.98243180368488
147.35029256450358,142.3084313521672,91.35209702834874,158.40601681488747,165.86349337148047,55.355929545536924,86.08929340558466,137.43839718668178,116.00634153384358,167.54123111269163,171.045036915538,83.6710383675312
146.89761350843906,140.24265802482296,83.59169600763107,154.56914272034285,164.7055616905439,61.90700304706439,86.66424601717404,135.6675963618665,115.20014401772767,166.79580107228276,168.50834320922635,80.22984051208844
147.4260848934378,140.91562259890944,86.79031041430468,151.05851784206862,162.22989451892147,66.59674795468084,81.24903665634436,129.88763706833257,100.37322284428792,164.72377167562638,166.97302483808755,83.98706467253601
143.73784127466672,136.70705482694055,82.76272099848386,146.74105952717196,156.76558621339862,66.6366379774276,80.8984573877533,123.67001809579949,82.2892468130305,164.0830807894649,167.92780861031113,78.03227504999847
145.58818743138713,144.18810176694063,92.45200153556674,146.46630836556045,152.82566563116492,67.04687207119876,87.70398837684732,133.397228586515,67.05186933271891,159.30533542068216,163.61454053211435,80.33199286376036
145.60751644291886,144.1438046169824,98.65841529926892,148.98595820621577,162.81450056007944,79.9127566390228,78.93226892588133,134.9256243112992,78.33739911864048,160.37312143713794,161.85145301385276,77.07500177491434
150.28707947512734,145.06795434871097,102.16809918745992,153.46282819827593,163.6299461549087,86.63614080020696,78.36290316182999,143.88927277714373,85.98511855447433,167.79362096004365,159.14443284317744,75.06269342441936
149.48753811816061,144.5508106529215,92.73525185522169,158.7730312862032,162.01816045917724,89.64225150107016,75.88288020767504,128.26369155717674,69.58024179912191,169.5704221993361,161.9371994945288,77.2488515298802
151.35330481957502,148.1755236133766,79.63888498154229,162.16687171523802,159.45793266322295,86.80740419034912,83.03956335338945,136.75670346424147,66.59894639896578,167.91120515958076,163.0385859929443,78.05714671275572
153.58446950886247,149.3728096249395,85.45259951377089,162.91191285301215,159.21296862401817,81.2136040782101,93.73272223446185,146.03574081117674,61.521804199263734,167.3990662307929,162.95082162150004,77.43360024221818
152.19664974707683,147.56541004496268,86.35455698599876,162.20672819504108,160.66778279259165,80.72530132036532,94.17914784460869,145.509554629693,68.33079582600352,166.02110017804966,162.78412259293222,78.17433505197006
150.01089831873523,146.23597760576266,91.53813150034487,160.2979074604841,160.26666044560045,80.52067561712565,86.91176258405595,137.2474038281312,73.39543762103371,162.1493350260848,161.15401168790524,77.18778551488184
143.83092743945355,143.00242888656337,90.03595528856992,154.03895579648693,162.31226312408262,85.71135135543982,91.47928131687638,148.76075190356738,82.40035600191132,163.2095307547786,161.7451220911694,76.79711009772208
142.56568270393183,143.9513273757398,87.93686358459793,151.0960298302534,163.2841385592275,86.67592849214911,98.12327622248269,159.54126936605672,86.25290450239528,139.6988212704891,161.69700490553728,76.04457219461105
146.43695494044866,148.43425418210154,97.76391679162485,152.18506338534544,163.73965904116156,92.40317108265096,89.42091077689477,173.18396692289866,106.78149688467143,130.29274165232582,158.38706218353246,88.0307790143603
146.68451805123914,147.85201501310215,85.84902102490072,153.9594517006732,162.87254553939138,91.12157969227034,86.76436691995931,169.23727078738978,109.73403302012206,132.87863080458945,156.54120976459288,82.46401955286483
141.45569985467938,138.2094781052748,77.51457515312707,154.5413309463144,161.88685836879935,88.4591691629241,92.65867533109298,152.21277581322005,122.7041557872016,135.78765273867677,160.21511445141755,89.02004724490133
142.05020701099278,137.50854433977375,79.1115370946648,155.61581422790235,161.9887534413432,88.86856231012717,93.70947257093972,148.63028235025757,110.04898780317741,142.11343377497604,160.58694991341866,80.95508725323208
140.76836960972074,135.90432725132004,71.62826626643219,157.21405042428052,160.1721049092397,85.15905776463957,96.69113514006975,145.96332323401398,97.76631979450359,155.63318464337002,161.72690022660365,70.78787044430292
137.7331742838355,132.0245941886659,67.26054189761678,158.0022313456921,160.98798092540562,84.24516044047928,97.63927107515391,128.21229880918204,86.09614949733675,168.11959970984157,163.03847887976852,61.22005738138492
134.1872233251887,126.65399726295298,56.147528540142936,156.42324563695215,161.50504366745065,83.99592559991724,95.15853507304574,130.97872225151966,87.65638951478182,169.701629105553,164.03968120105057,61.809920948173975
134.12394836763536,126.09826695710237,54.92899443206237,155.91518758810068,162.79265224054058,83.90789465727946,98.9357242466745,121.2154485728125,79.03343796797759,170.72085432601173,158.86987004416855,60.585499988571925
134.8272890416253,128.65176547644788,62.27004260202888,151.8664701956128,164.9954476063808,83.31336908819198,99.35994136986803,99.62682122790012,59.85375157599447,168.6127006485176,156.74078956413376,59.3817803779325
134.1777989256282,131.5042343763444,62.562458541838026,146.18427723662134,163.08900610063978,82.40902390906722,116.2195987939443,132.6603715811884,56.31285003008791,159.16388932742018,152.16870389891898,61.29521361909497
137.03388115359738,141.996674495482,63.0466548783862,141.3996261562203,154.974456493883,76.36979390286969,139.1886948648148,165.2725412704823,44.68303637325094,145.50076957760874,150.97312496137917,64.37253443194528
141.28052379949818,149.2507392323707,62.75375550334236,136.61514396601171,148.95688361778667,73.17267403626565,143.39059260932368,167.55624542433304,43.12225759492923,133.48736155602182,141.4163741999656,74.95484515527953
140.20773040243557,147.68634729328028,63.0481689870865,129.22320926497912,145.69164391902115,70.10471298126193,147.40110262067606,169.28479490612511,33.949915793767026,128.5379570994075,151.53544167388443,67.77984641364114
139.92367610570992,149.4320369394901,68.75166318625206,116.25756987831362,145.11630034256757,67.59864406018208,148.58667175851153,172.9821452981783,32.17891144840954,118.62084532610393,150.13726205890134,63.94297311988451
138.87580544447883,149.65253932090837,74.75681391613168,110.78208416324381,141.79792670875992,65.6811339683444,147.9112308118077,177.01376939563602,35.00459450133131,118.03697946097176,150.7945390188415,65.30486697510982
141.38820868818988,153.67390271102494,86.94638419452185,97.27185751920243,139.62236957623185,57.76596190768236,150.48478856777925,175.78165452153087,37.34747888015089,100.39804969820908,149.52963659688197,69.00897891073348
137.9097099452154,148.8162373025044,106.21373881071688,90.37056852604101,137.93772212867236,50.448655915765215,150.34793819631858,163.5818366413317,42.009473674127975,88.32413033244723,150.96435352179347,71.25998629274552
120.61493790602394,131.6655493368163,110.55356555747353,79.75545039209419,138.74233540347043,43.189192361996426,154.82274238712384,173.06461449496982,29.505056453535587,86.68635925148651,155.5192715555658,77.35682786963318
129.79331669810045,141.93461990122668,105.67569489497845,67.37781534986675,140.0786474049983,38.226523510074834,146.74493782854924,172.20674304272194,23.72459092185961,83.98215767165584,151.82554288739036,77.82793109590932
128.980339909777,142.52461766360744,85.77781691255184,65.93371065277103,144.0240614268653,38.33383395845301,149.80517329915662,169.66058720389847,25.148088835572075,95.12071450042966,153.58893927355004,82.52981351567966
123.36126202850623,137.77863984620475,80.13109705942965,61.57729975294485,140.79515209634042,41.07234196345979,138.06045698053833,155.80401428220114,48.428873140940475,94.05922729681163,156.09570561251797,87.83749818869985
113.10327936895912,117.60112825682701,86.39816013731762,58.60557307668701,140.2374158307894,36.51744996641811,112.07192851429035,128.96863025261933,65.88997204345189,88.98666171911887,158.06667936551136,89.61235849270412
119.85157970960248,116.75632801897554,86.46521163362486,56.707498377752835,138.24969270612098,34.04800676028964,115.79940080290488,137.18929032929745,88.46487570024871,91.93268202820983,156.5642085719397,89.90477662361505
120.27063927104092,115.14417482389891,87.0030822471626,58.23348820815569,139.93382616044394,33.958045265102214,118.22162784347945,136.23393760908147,88.74799705495697,88.9891939358801,160.13567962902212,92.65278696494298
120.50036600529447,114.15957399796139,80.25723909764918,62.43659312715817,142.4898160069985,37.014162659095525,120.86911471398193,142.4827856851185,91.45080641026293,88.55149805028039,162.02864095457926,93.02060993965846
122.42291471993356,116.57994624076439,82.16752561883949,65.93062158402147,141.9769072067454,36.557878501864,120.49266688230927,139.91903948018333,90.09681945349178,91.82958949708893,162.62692027284663,90.94842442390268
124.12645948992858,120.23110621684177,90.07417401984776,68.56922313931244,141.26887719165094,37.232603152105284,118.02746838095064,140.5239441004571,63.322139207414395,88.78583820731045,159.83181247701464,92.60284626850691
122.16242384814495,118.25675857072903,91.49459738849366,76.62878371560541,138.67384234026852,39.58815463363904,113.04485456060634,136.01576062176022,97.07165512161694,93.52330457173116,157.04531088039522,92.64619377003336
123.97732302054129,118.77719706214636,84.29517036423715,84.74540595736686,134.95570123131174,44.97106038743833,107.76011798379378,132.758465170447,56.73286553691613,103.95302527947709,156.56681307042274,91.1602468385017
123.0269901622844,123.23396203797859,78.45917900570402,99.13214015015234,132.27486269161804,47.58903085361395,97.29391207950522,127.84094532807674,41.519009288471004,100.32625389225106,156.7406987810668,90.38805498856034
123.55042097278182,122.50548622447826,70.87090227937091,107.46525387586406,132.89161821882365,52.63986013546705,107.96665550526437,139.7700496219034,58.589396699629425,101.08922028702978,155.59102311610113,88.23212648936922
124.48201830289659,123.10530829843758,77.35457872037205,109.09759005184675,133.24668545695712,49.97811085769532,137.90713435822505,163.42917457346695,40.869566387168526,100.6079868006877,154.39381373101054,85.02600774857761
123.83976676555432,122.16190371504732,85.44298097119602,111.36124871375249,136.80280583587552,52.99504634892585,146.5089126734487,176.12691639602798,34.64323071037892,97.43357539502944,152.0721303681641,80.01368088401539
121.35466132143522,114.25683785744644,87.90425046278894,115.32506584806644,142.72441206609216,60.12226910935456,150.79783568206526,176.09272433838103,34.92677964889813,101.08813915229725,152.44052684902124,78.831697002751
126.23906469150222,114.84885657446861,75.14784158443297,122.2132812326475,143.1284136059872,64.94497916070085,135.3157434141708,165.1634926649234,45.535119678180926,104.36633011154849,152.58603464146796,78.24218589458944
120.56330508013684,112.6996257599837,71.55208713634066,128.3471271829863,152.3213331229498,69.87189750613864,142.46767382011745,170.84361444534136,44.769432739671046,111.85067296956711,153.22207170606023,77.5739796243372
116.70161917829692,112.43698647340105,71.25772153876473,131.23049035803646,149.63021178887857,75.81659314817601,137.78549743688623,167.13138308835153,47.17872519385408,119.84868280382152,157.0481201351789,74.9224230417404
117.42102883523027,115.05157100746361,52.94101795012186,135.2413819111895,153.37467515875457,78.21863174435204,130.5075929058504,147.98271172720297,58.57400981816083,128.96637463497285,152.46151625909638,75.60510581050386
113.5199868505849,111.85586748653263,47.092424848093366,137.7541154423673,157.79657066342105,79.67061848992925,124.58818831364584,144.83440704372404,56.740184827316526,131.7383384474058,151.6797645651758,73.88012939898846
113.43465092777681,111.15430417460796,49.93324809687393,140.6805309577383,155.93237296747947,83.4992913978997,89.11246298761571,131.91344014960748,74.16319718082747,148.83078146684718,149.47529717830648,75.17164451921967
115.76479647661847,108.10147136738445,46.514742982242986,143.25463341710886,158.87582642105684,81.0481767547828,90.26535933151538,125.99641011668692,80.82720604489437,155.62897888279684,149.05687654240376,76.36831514904574
116.28318906177203,107.10602936218135,44.32246790612834,144.2980331068994,159.98833490821661,80.15710854035542,95.59980546736854,137.1238608054814,81.79436587744014,152.96367029798532,150.73158146737404,75.45494894747623
120.77325636118555,114.92264821459692,39.91853563725772,148.07349610794859,159.87131049803875,83.14440839911364,93.83765225113726,141.55778179081395,117.66765761626614,161.97965012618252,150.9224129714583,75.73309144386917
118.34012897103247,109.73166746239723,39.748044996073254,152.20603744316386,164.07872875137224,79.21553392337051,100.30229373847634,153.05410400460624,100.40370111808478,165.96217818028822,153.62099754552125,68.63999423190495
116.3595333200683,108.39856274752903,37.31230954487877,156.29377895248047,160.1524221205196,82.46334209280735,110.00891833414909,145.30931524928582,103.5676711851781,170.88752067855924,153.87365473243054,64.17671987404795
116.10805452917447,109.482218103073,44.01695635292991,159.63764450964524,161.22117838208243,84.5881656456941,100.36588239514445,144.27553214832892,95.67788860791335,178.0382013744344,154.1494324954171,56.57557778662646
119.47820851330617,106.8319755810262,41.66351363791703,160.14166648558052,156.64033954157907,90.57675725246513,104.26353581839822,146.2602240233051,101.61661792127778,179.39713251880642,153.6614725878336,52.83554707347848
121.40354883466483,112.22727815872746,47.27212212260971,164.00783611146835,163.05449744536418,91.99998873693907,105.86183972663295,148.69228592560788,104.05607743205721,175.24342223614423,153.43266020098585,55.01416335960605
124.7895496086205,119.58030255811389,61.46829806475063,161.76208629772677,163.25056791093482,92.5317667037585,103.86748993804663,146.40751663208232,97.81616930361459,168.3736609231856,159.49011820434646,64.99707192980455
129.0962596449533,125.20851154983606,54.04046747809095,158.34189084099668,160.38352712347114,90.39319519625019,95.48813543557426,153.4089435974018,107.1464737407593,153.38360525662878,160.79612606973453,71.67802053035179
136.09173223958643,131.35534428626787,75.32459411268776,158.00836492377343,160.29514866928102,93.96348572834093,98.43777879701675,158.37149118507233,126.703824863477,154.1144864703609,158.32434802017747,74.1952050370196
143.4730004223786,142.86623104928006,94.7114178280084,156.2474928955334,161.11756680665636,92.67871950019958,96.78997200553349,153.20341178365962,113.70625026916633,151.56490953226333,159.57232532451133,79.01492157693183
147.0983429166734,142.8403954861299,90.05492414369121,149.03127424124014,163.26311404089105,87.17519704823216,96.4057601236273,133.3206664495434,110.49831089663788,150.58336885793514,162.63972697148958,83.30711005246629
148.61348221614026,141.56724761474496,84.05770585787171,155.84463910699947,164.57998843201233,85.39839940421024,94.72442145889279,133.08884165143286,88.09015963680024,150.510913457624,157.69284809855927,84.26174640963046
152.28546802280178,145.09984914009328,82.73330628278507,159.14219059216686,164.75915164526688,83.98278603596331,98.17331221390168,128.53278444406462,76.72937897321424,150.41890753771798,158.78164441074196,87.5995311292705
155.74618528360324,152.77933910883942,98.1435498244379,156.25862597591168,163.278340367234,81.79235431315401,121.22197172170146,139.24538493671187,63.44759050616877,158.88376020966328,159.88027558725992,89.07355445682565
156.2201732155094,155.7089265944659,100.6496251506197,152.77841700842356,155.38460765128718,82.08848279215215,122.03919434115663,134.06419426262346,62.73296069852594,157.19165370218425,157.6218040644312,89.73234613434468
167.22078983706743,173.43450837386874,104.44803278645007,142.36633990453936,154.59099913948498,88.72251718806727,152.37020269903496,158.05983396150972,39.88960651532538,157.63584678895188,153.7885221623418,89.46952088686405
158.75161400565995,168.03504133592418,107.5100008272053,139.32379726127468,158.09415138809769,92.1305144519339,150.8533903445611,160.64340608033197,42.90761070920357,155.80811675758122,155.04856261302902,90.02890633811634
155.95482681995657,166.10956708952557,107.17281388377091,136.0938228119273,163.86416256871726,91.0945887967692,153.55445615500687,166.68951035950676,38.94492040254759,154.41770455286658,155.76189573871366,89.36065129879356
160.3222185037038,168.53895853144328,106.49691397485971,135.11787233714733,171.8349350576448,97.56083141763155,150.68906063699643,168.71045290478284,42.14108471423976,145.6852278322998,142.5081684440759,72.90918196397463
156.39828016637068,155.55981656449623,108.63994524607234,142.8052356499781,172.94701319492611,102.9146783852426,118.63437654093856,156.0015689032884,80.90067938012909,141.99901148871655,151.29287990007327,91.84153056458143
144.09845139624787,142.04039960491085,93.67406786185241,142.27997643102552,148.06635650797372,78.0546579886928,121.965344420194,156.74486291832926,98.99484312251366,155.47085094759572,154.4966596787375,92.05923631710725
143.46182498714484,139.8056617034335,94.67757848928332,148.44218340723165,160.70613733367358,92.92184644647575,129.65979340038308,158.61490532528626,106.04164764310406,157.95022635032316,147.95100889685958,85.94952396897926
150.52362245267116,140.9621578941675,93.04002656653873,165.27540603326966,160.39898061426115,84.20586554549492,132.2538059009813,157.1876220724586,103.96587334549614,153.5230640014812,166.02789588466305,88.16126967236195
147.65610743794318,129.51903093148184,63.575408169422154,166.9899675438171,158.96251557218488,74.1130561883801,134.9517759691091,154.8671175072489,99.2529226264833,172.06295255330892,167.02376386332054,83.22868574146882
145.40542742293425,121.42554006975926,57.512279712013225,166.41944128586115,158.11776002585512,75.22408464937146,134.61109511424985,153.85144704966916,96.88060498899571,172.33109289318836,164.73894606921678,81.43318837360292
141.15891191338662,123.73663348906578,59.850808292680384,164.44164191947337,158.53006164599827,75.0740100756642,131.56191048634673,151.12964277313876,100.89275902353106,171.91941491324704,162.18044223067295,79.8039981045941
135.92100989685983,118.14371119223448,60.34965578604816,162.59476120240086,158.80262332944133,73.90704569526565,133.72703369840272,149.72434475124984,99.60478562326081,165.59458432104614,162.2961447708181,79.35691365549147
130.6317812302992,113.89602632817812,56.999783345509414,161.76910629742278,155.11408158066567,71.02865303008231,131.121515206066,148.53674090365152,94.03699481627982,159.82411500233135,163.33118543136032,79.66714492845858
121.89330540858023,106.94597282914322,61.0813846146925,160.30255123933526,154.85855441222523,70.7412533623114,129.51652746395607,150.80868640404657,108.71561488201185,156.75985787837215,161.58260073518645,78.88204292222537
123.33670026483802,108.72932451471752,62.253763048519986,156.17328709677045,155.78494169270033,70.36190973844457,134.4300585558468,153.34465860222858,105.38447536918885,153.0897725007533,159.71875183564413,77.53405133288872
122.06759868668476,117.40612181272226,49.81190230749448,153.2400939198379,156.04702977302577,71.67529034689501,123.991691072278,149.0698177753889,104.6146858311531,150.01528868725848,157.0898650564992,75.11745878947012
119.71592642096232,123.63124981060524,52.31792334478235,151.813746294266,156.10744746953182,72.83749562525487,122.20729848665945,145.31062668656892,91.46393055468263,146.29297869399568,154.77750527524114,71.09801546502875
125.25571985365913,138.8940894325464,34.966637692401456,155.823404763075,148.88893666494903,72.14242085950318,119.07376342307951,149.9076762151314,88.33755275004926,112.53609829128136,146.9312124671776,66.57809095643893
126.31044706231937,139.88327439856695,40.51342321890999,141.45570388965163,156.5309176490405,76.4855240430261,126.17788922489284,157.8543211091308,68.79161606069823,112.64184683346106,145.94924580962936,67.96931466989612
124.32423917066762,137.73965588126336,40.470230171653796,140.88119227945623,154.91745526027205,84.85322178714766,120.72777037905279,164.25704120227215,132.42204696427154,112.10913528775258,147.19486876486317,67.56926866776237
120.06469313006603,131.39099228316167,43.44344710008953,128.8592021436553,160.58515021307562,76.62411423525484,114.23974702488242,154.93859122389426,102.97499441602412,104.96662110532186,143.08560350576442,68.3278556691247
110.06042514229567,123.12104059874116,58.167447996861995,118.54998823352103,132.52452123135777,69.35577236433178,105.04952050938671,140.4996361222542,91.89789134433761,142.8720083985735,162.99693854166168,91.8745054588773
111.41447437292246,125.14098451576132,58.8306701218246,108.56295751923902,131.24932881902964,57.16469422721307,97.40847864941293,136.78986887565642,90.06720770348589,131.75287282074825,129.92870547739892,139.9739159932663
111.32971794961013,128.03266851908987,62.795872168101994,115.10665349437403,137.44968332796907,66.55105377961277,100.41935065697658,141.98692174613979,93.7152867472999,125.60386551596562,103.87544591626511,116.21730422130412
115.10093145932635,136.56552027092917,63.07488938446033,111.9806668025671,166.9125446589045,79.9784673415002,111.36403577876673,142.05009163195155,77.166612003387,101.98423403047838,137.62714306082998,51.34558247823536
115.78053204484584,138.93528371583346,61.221453346109975,111.08017835473903,164.01034761225188,81.17113122385189,113.75017903165285,147.9022435916074,84.88922059343543,97.54288171685792,144.07337633500964,53.205872770234876
117.0260942052906,132.9410581742151,66.09346967846594,110.445169337729,163.16185834632893,83.22898079192106,115.1550170042767,145.97953293129643,95.91000816074072,103.76541449219378,146.55677318079594,57.109053665949276
117.84328048013421,132.22000384196366,64.38294537017237,110.20036103511184,164.07334219887224,84.18738314273385,121.08355643754244,144.35498839930767,84.69034625525173,103.80260575492865,149.53047118146745,60.89591768137887
117.86893613952171,125.58613774527271,62.13973715096796,121.7758767293827,140.07522462262332,137.82675665918998,122.56420218020268,146.04124898137266,104.53620474824837,114.2726359397873,128.4839184356996,65.56108471409334
118.94313807277155,121.6089499466116,64.48828073054035,120.37513778676839,137.77033114946795,66.71570826841223,118.27820318902992,144.92129663410853,95.93526653633775,125.00997020633568,159.21078567247898,93.06703908924855
116.4284223697087,133.6708224051028,104.75272273509381,119.63069933120659,139.05675701888302,66.6150075098606,120.87450195191138,158.5742765793605,56.546787403521115,124.12099141568363,160.46905724083763,98.30603559357891
122.59213802353153,133.1305947655918,72.30427133855625,119.1729893105574,145.54115715181226,76.32852903827555,114.91882686193608,157.4158319480181,55.88598172015638,122.06128621248374,111.72559171779709,64.13441024762932
131.26644145142097,141.69354765374453,41.37785798352719,145.4972377285185,160.4468661993453,86.52805924219503,102.64535360148402,135.76156576080356,84.82950846883622,124.67491918601547,137.21641926441725,77.2548808673145
120.63488292986777,134.78556342117665,42.973962596524416,150.5082202652286,161.89629088370887,85.98672384983405,104.82264127684316,140.21232318209957,90.08808236794363,124.7912095319688,148.2174287768395,81.72302469915712
120.69785505146821,122.4410864490425,42.34232457465518,156.47638579978437,159.5299986837521,82.77725514788439,112.91269355767075,145.0866155428674,98.94384315714542,133.31420334536537,147.16584304450117,78.2700761061824
127.33407023259797,125.97341020400103,41.70941252934398,160.3688206763332,158.2195295947914,77.4751939500652,112.11660074555799,137.72716213310673,84.47601974878297,140.35807909994688,152.42851940855587,81.25622866543644
132.11751970610513,125.47710137903499,48.151733736624266,162.5206992535384,158.36981851326715,81.58989417655593,117.1449940449758,134.45092902897937,80.6495285826071,144.06748033315944,151.36456663422533,79.50641509767162
135.56477182217174,125.15951832787667,62.31064346942523,165.5043127399062,156.76361407905023,84.17650889685774,121.39069205951965,138.85036367540008,89.26044672616625,151.38576791907923,159.0950384789015,85.31349191038412
140.8888988763292,125.58328262136865,75.41523677796317,166.5831167187196,153.40550387056686,83.54356720122968,127.0051965589056,140.87273002875264,90.92388049391232,155.78896285961946,157.76897971616964,82.72941665981595
149.93447400954494,134.7665783901685,97.31292057170188,169.24788038015936,153.80562174628253,83.36948973200474,132.25572685371756,132.4155823392084,66.16360452729988,160.6323882683961,161.09534580197436,84.75191442674672
147.6550951943322,134.9868723640697,93.61011782467055,170.2572200866037,153.8613780021417,83.00617795107887,132.46904765340406,139.3721178125173,68.84473306773141,163.40510556470323,160.44689209363634,82.59758667469913
146.3453784670416,133.6801895487563,90.51172832686822,172.1036473707151,153.13178422975307,74.30700281448452,125.19388689735948,136.35169518425454,68.06027264354638,166.66427588991883,162.04462635294283,82.46740135388323
158.45948836834123,150.83575252184164,113.73000802532452,174.33932297019342,152.66879303247248,68.70112370538844,131.05066228168917,136.87361582605888,46.59942779640396,168.34838133421283,163.52458913523233,84.8488594240896
158.21759589665933,150.768542323438,105.70064831968881,176.56910562445606,158.641370659048,71.43257373461205,106.12940963940873,130.33451336222146,50.55905474644987,168.95788688873427,165.54885486356724,85.16121579125846
161.96739772281126,151.31221317428745,104.95632294460952,168.9195944831255,160.98222081076258,71.90499846440166,92.76857402196629,120.38001198298656,52.97726615815872,171.6567087957631,163.62770075003314,88.85108372055765
161.60175316180317,157.6517221056566,116.91057676755965,161.2678348963864,165.18245045389537,65.46803942296083,87.10968007152204,117.98948232051389,60.95715220370361,170.5341372514481,167.94742706334281,91.62614852717908
157.38717596551257,158.27765326472093,113.24881060635964,155.03869633754204,162.44671185020331,69.6353621436695,110.54780088902645,145.42660839522773,56.73924562078892,164.5837330188014,165.3684242294937,91.69450625624688
147.68548063756262,150.57036987851933,106.59738105342598,149.86548107395367,149.29724193379857,71.90235787176329,126.86802119976426,159.20720189696544,64.7213323059747,158.4056687175877,167.04143819438627,95.6269099542438
153.47566489513787,148.7299393458528,100.861097582551,145.64591963893517,159.4401265515116,81.74957041349039,117.06453858734356,146.41814586674727,61.88222984334706,156.68692860684467,169.19272373745676,93.78953940682881
151.3495480037024,148.34804402549955,97.67783268657062,149.75413242483236,162.52249651215857,88.2918278690898,114.67367811790558,137.5786062095858,58.60556299114624,150.86582355498064,160.81582938580172,88.61211035855008
152.29025224058572,146.60755920845872,92.93325474142001,150.8253831093194,163.76886591915795,87.17519511915751,111.8364776173863,148.88201803018367,79.95519175531129,167.71485196345776,162.34198361179338,84.4614723501915
153.00549829477117,146.3185411024402,93.21246653085134,156.69831650427182,162.75298780905214,85.51064744893254,100.75786987302337,127.24627338516903,81.44485662274893,166.02339932866502,162.60541018950545,82.21621013784653
150.10953557953468,142.89414700072817,83.89779728461318,159.4099573792476,166.59113044866712,77.23968388468829,106.30945648773027,136.65274803617692,94.39301149478452,166.15367092034674,163.5109843099354,83.68877139374437
146.23791045314618,139.53605632607957,74.72844991031748,163.0582231644502,164.79698072361543,87.28816751967936,115.32989830589202,145.04120925305256,98.89044710221357,167.15627458895653,164.79614121466673,89.87921570222287
142.32144405412419,139.50927498570653,66.05993789532354,160.87413986178467,164.76844921744348,87.7066397566949,119.389301361818,149.81228439057085,99.59134526478786,162.74018311129961,162.94822694936897,89.24489856673632
140.24025585057598,137.50748525232754,56.759862683569615,159.7814450445745,163.39537520689976,86.32673419219839,123.03905443677994,153.87544775126258,101.30031906499664,142.45455850222072,161.7527884015175,84.48311620064986
139.89141691315888,136.1865147024982,62.35812722628099,155.33347896915075,161.71301745847967,89.65090027704508,121.49515313259566,159.17638866598847,109.24106900249343,130.47349270745067,154.79498421311666,84.49884482869815
138.20780675930865,135.97681020302372,71.43671408107666,156.79389546621564,165.4940510185523,92.27366006346088,124.1345075373042,158.37687779901447,106.15416039628948,133.8258415041707,156.78527877773283,83.00887798783342
136.16927209146792,131.71670144431607,60.55688092816639,155.9476372152666,163.84304798804385,90.10346392266612,125.39701424732854,161.3175602483399,107.51950379120652,128.536723850422,158.32830843156904,87.15552505682281
134.7908217477593,131.6274771594616,55.00489844131166,156.61532058086135,164.991292360999,91.51413517054189,125.050677725703,160.5366212909189,110.1865628972636,132.42748136342837,159.62558965818752,86.56668703042457
131.97721499163427,128.49404332607497,54.465459310561656,157.1301151363887,163.63063924120598,90.1619974895317,125.22892935020333,157.37150842224486,105.77374628778253,139.48009330987605,156.82259017119065,76.99966448078725
127.36109056286664,122.37329010329482,54.139641184817805,156.6243309866692,161.42066552475268,88.0769729810796,126.76505723947268,154.2661532436701,100.00843498161564,150.48009128853172,157.13656156236345,66.3537479802793
126.94433573547352,122.30541058118891,60.389116585843404,159.32478489490552,162.06420077011424,87.47070199083562,124.25548322111864,153.5103927081883,99.6587552417937,161.99656386929453,158.51616496284,65.23503558492048
126.63536730757104,119.40928163829018,64.48730614510124,161.05475644517543,163.374379259678,84.89814194681156,124.96591383043928,152.02982761936687,95.23516858815653,170.2136014037783,158.88501190964215,61.77431684739131
126.14162981366563,119.82623235721091,61.36286620058828,159.21961733943255,164.42884814333843,83.77818297702528,127.34450454028348,147.31622299250094,86.0360231539763,174.39828987402814,157.49018538002105,55.523196379397085
124.5405133875138,119.51034262212349,58.444553578611114,155.59377363709476,165.63905200860492,83.18642140885605,124.87515857776309,145.7873916985007,86.6678330245208,174.51260516981375,155.6309749589301,53.39458385070497
120.77758857361344,117.79687366320036,60.18907604009726,147.74860931554352,158.17258368590126,74.71787098498967,123.14501654349887,145.20916981749667,88.51165719931092,167.4016108152348,151.76574289828582,49.99224850333065
116.96127692893779,112.97506374210765,59.89224942364781,140.1895514797386,150.4007676957753,70.60391466773318,119.38226846826657,146.15823487587494,89.32588372304085,140.62818874932083,120.89081941384005,79.44533180041789
115.14529122848826,117.28099943823477,60.57937130499884,131.44108852113305,143.75529347588346,72.80033017906055,113.06774280847718,142.49504971301454,86.60760103890216,142.1939762933471,150.36853215042743,62.833752031235186
113.45865432111792,120.25993344121643,66.79239167327707,121.04867097574808,142.43263949833587,64.03740187750692,105.04650666335134,138.700564189163,74.88723677060467,136.31669836934566,150.6572842337981,66.98272250205864
115.00399242624445,123.83459136042976,72.68358165492918,115.1150082503171,141.8384176143984,65.50676495500694,95.50842303851981,137.68335594564383,74.84660312774983,114.98757480899766,152.58688457153443,66.92221574284187
120.80917236769066,131.03875172692946,78.9981276433391,102.84032395712454,143.32279203225121,62.134407254179926,128.4003453290301,177.15762328408016,54.75348544644866,99.37307174828727,155.71370805946245,72.07353266069383
117.94868227176735,131.30332659717374,76.67367147569782,97.13830169876388,141.70342083886615,57.215672026676486,111.62546603818635,147.94860392506203,82.05656342496836,102.64205669685805,153.65361667767235,73.15412846108003
112.08310600049168,121.82602865423046,65.1851420168005,87.15183629408665,139.9438924079785,47.35310119294103,112.70708434108992,141.6193332082565,91.66137777659398,97.79625160204507,151.11944091988647,78.22600588813066
114.479720733645,126.18594526919162,70.64256875078453,80.37726437079147,141.89167149262116,42.4243701365236,118.66787422295982,143.86949856530507,85.30564478562242,92.85741244178924,150.239170002481,79.53055324707167
109.90783841339908,121.85998575379143,65.63181118348085,75.34953555846273,144.00212628086558,43.49995022469194,120.3785997025754,139.68185261747078,72.51070447194168,92.44027911453158,154.1880981183905,81.62721116859713
107.25187911531074,119.79125769438525,65.90128322054434,76.43337062599372,140.38889793514227,39.59755006885011,121.19627565471427,140.48696084881328,88.30320973347868,89.2846987463972,158.33935529509023,84.44516415903573
105.11681325478666,116.61131928399898,73.49157607887504,76.12143939127569,141.48208032824834,35.8352855084051,118.21687636611743,142.24385833441445,83.97637338080733,86.38520416671186,162.4717000476246,88.49888430568147
102.97648914412017,119.01694299314609,78.58525485888526,78.15322906393814,142.08069195705409,36.816394277841546,121.84992461702772,137.70776299296037,82.30286755742175,85.9114068470257,162.9020017750882,89.52622764855487
100.56255040270361,121.19997090750596,81.3347459666335,80.78916782109307,141.08542150089568,37.81993660517053,120.9344086362366,136.0152211060373,88.22297723176007,90.58703774180098,160.76684326097154,90.26475239486442
104.40411289882915,121.66576090403287,82.88606813040607,85.74067851626678,137.96580622086813,41.37888112316996,118.42613524460852,141.9881303146993,88.14739468345054,94.57623571365886,157.98741359143364,90.06738096337973
107.61070580509876,122.5861533825383,82.88678094572803,88.59748969552402,137.44504177855728,45.682809777559946,118.54410026240852,141.27042477594395,85.18411027640343,97.51276478818045,158.81957144507004,88.91923381358139
112.07182236073473,123.19978795281507,79.79521314439918,95.22556722147701,135.70981958169477,46.94471560728574,118.15552241259824,141.37314769807324,75.18956399716537,107.88477702301627,158.79087153606366,88.08204221638755
111.29371247324164,124.77449668595413,77.67510847666361,104.99195411192112,131.89922108712855,49.51077386003047,118.38146255077957,146.06181749222853,74.82669162297196,114.01616104598794,157.20564511651517,88.13783450804232
115.28790271086002,125.23251132953048,76.64421683830693,114.06061242758173,132.79702052070854,57.374367909553385,121.79573596815113,143.36317230948728,70.51953575158534,121.28235302210898,157.2828106873958,87.55712386428402
112.54151509148889,125.33428546697195,73.77223831148363,119.96236628994093,132.75776984386246,62.21524245414111,123.86154727575197,144.61217775944948,87.62778456608152,126.41038895527856,158.15493267185227,89.95467490153176
115.9304756105364,126.07057572530245,68.87385004025481,127.33292730207016,130.26393460051082,66.71263133737781,122.47719514735148,143.8557204394098,90.07188131906226,131.36430252188484,158.57602951146288,88.3576027184947
117.50607635374162,124.32753150846902,68.02059461373452,133.2627894283089,129.5681558054461,66.51214876846029,113.81670330467945,137.25981961644788,83.3414683619438,127.10634764914928,157.936409486096,83.21171822776634
118.64693219588968,126.52282088832185,68.86816254895612,140.26922585539694,133.30967512247472,69.47052619899159,113.21571441233682,138.23611782363136,89.14228741728421,133.6353344943156,159.67075175372818,79.22566977312188
119.94293596247432,124.87621706443213,61.45302250572546,145.9048154094022,133.46767361302724,80.05565412315862,115.40883343463432,134.8657992205811,71.46534304839001,127.52569890746095,152.40641502465203,72.53577492522741
117.56403092510722,122.79825656886442,60.13634936902425,148.56766397937966,135.78572608845838,83.54132682399208,115.10984726484064,141.10518117994636,95.0757595411238,139.1980185116634,156.31638121364844,75.35612026142171
123.43789617494687,125.78295456184179,56.03818490712774,153.0862607353405,126.98416928289086,77.06837464615882,115.09345459941711,144.8059869548482,110.54708912674427,146.94064625593836,159.071105640774,81.68613177096728
147.04168793397736,161.12605100965453,29.03152288155097,170.6126193755115,166.8246311468332,77.31218283077843,153.97152332977174,169.30743949171514,26.99970539516812,172.6711007251652,157.9001509199585,67.33731771814222
125.38075578746312,138.22968056013534,92.60954329134157,162.99254483210493,166.57521953583742,78.5749972403816,140.49037485522854,144.61839257892922,29.37411928422007,174.8172139940188,160.1876955845451,79.86348303294692
126.92876941836697,143.82874502869242,89.18730680109091,166.01668459303673,169.62687653357432,81.3454081114309,139.3246843845964,132.19299704855854,39.2659111795755,175.49678855986855,166.2549411146192,85.55304611317582
126.33399079713469,147.79278270905738,62.535171577948205,170.15940121712086,165.09400029461744,76.96364162271303,131.54163530448582,120.349627279711,50.455130732596395,174.31937315507676,140.78760679847795,63.679309397419594
128.08307687212613,149.88458700327925,82.38069909309077,168.69872358369824,164.33994011552474,78.00512481247094,129.44857082234006,124.62559186230922,38.443113299998195,175.08941589239816,153.01814000245128,69.34947970281385
125.8387232412082,151.53777408660355,96.16163689716666,167.4264593308858,163.43265037578175,77.91552572832562,131.2104793600498,122.14733593868685,39.20310777214041,173.13803544253724,158.13866651392374,67.91973284295936
125.41084616467207,153.21745100330656,82.34341124962233,165.28910484999233,164.53678691954326,79.89638562567976,132.10776223361955,119.4216197802442,36.43379124089889,173.78634542127602,155.70738167891113,69.30323796575806
123.14818141520725,153.30401095462142,96.24178859359499,163.10937192531497,166.26976595833145,79.57008836325802,131.98288951121847,119.48367313973168,25.29834747521539,172.65189472524557,158.94961264347145,73.09644396063008
116.85565788832395,147.3992608451815,95.00425647426506,156.85807565562536,165.5568257492139,82.59225015418173,134.43584946296568,132.79711660318472,33.43833016714195,171.7687491512944,156.11619994339256,79.43202925445117
114.8921264712438,144.2060539593305,90.44343875797215,160.20231170171445,163.8009298385995,77.80678950444731,137.46316635701598,134.13960014906777,39.11816102038072,154.7885895875141,157.34012113673046,73.90493904430022
118.90069190185584,150.28430587675462,90.52799425715571,154.30967172462556,165.14374057532973,78.29628583202035,136.04836974948492,127.0534758874668,36.54465494542354,146.74077676124412,160.0261139581273,76.97567893675719
117.36698479361227,145.50048248515262,91.21243471139228,147.84329819026553,165.40807402888302,78.927322988745,144.62294541869002,138.86931268895344,32.344050837328396,138.5508741856518,162.59124028222496,75.86521446492216
113.39882885573574,147.3087052200764,88.40368721342247,144.00823953279485,166.85680759239233,78.06937314209804,132.89499858958996,123.18634495886873,35.09792233281541,134.26446292608478,160.37766262307295,70.07164724514233
115.4773378242901,146.56990304286336,74.17956715347813,138.9222506930067,164.29733971103494,76.03824941709831,131.82577785981167,123.32385235631294,33.62648521158572,131.89975346188118,159.9682385639667,66.2257967201489
119.52120314368888,149.7460289856533,67.22575978300598,135.93887011411633,167.06177908005682,73.02389187750975,135.18602938501695,129.43874179422963,32.55173358307199,128.77404492136907,160.1043206526943,63.186317590619446
115.48623274015365,146.62561575845993,80.21310300969623,133.1795670279182,169.74947568664848,72.76732151384313,142.7073217360928,139.88344152954974,31.605106410453068,125.66293169284998,159.04197384429392,62.48468177228275
116.27094990896376,147.70641155869055,87.31850894811842,127.77960716210345,171.47693844741679,72.2570884118617,125.8542246350653,118.69267761717782,33.38300685436488,123.115885138134,159.54449572991066,63.415086842185026
122.82147991444378,150.17144301399225,86.01205569916846,123.64999988670354,165.75225373060272,66.002882798542,139.33026980017289,129.11944117579674,32.16512452453251,120.34507678489216,159.38100190539046,65.47944414135357
124.05374575621921,151.17034878532425,85.43878076653242,120.80970309551805,163.650843986032,65.8521868459153,136.23506192306502,123.00751219852312,34.1122100759706,117.3288036614088,161.90142510601802,66.62759682602422
122.75697919952076,150.96828346037398,79.1314841936101,121.98070829886677,163.21797437733636,64.47332645843115,138.55547236610494,126.99585971452252,31.346885455434798,121.33345050535934,162.82968867560317,66.53316197807682
124.19275433879633,150.84611599877297,80.39656763711051,121.92842736547699,168.27726724510833,70.43519756733377,136.77970773045558,130.67626651231174,29.51503663299213,121.49355867361034,163.92872440157723,66.63345980196439
122.58011402665173,149.94702393515414,84.89207942185018,122.94584289237389,163.55069488230438,66.7753212163843,136.1873612447855,127.83778090099993,30.2369071314647,123.73472533305895,164.07459074538062,66.62487229853453
122.35573325854935,148.95083790810835,71.33390992330223,123.54394672239793,164.13811003173564,69.17401994294502,136.70207697958043,128.1550362425112,32.39531695530793,125.53981987174231,160.67501651139585,67.46078568228772
120.20709833515609,146.32325718346797,67.94846929813313,125.24426596854123,162.35911772855232,69.73504003942467,132.88221989368003,125.26416815101592,33.49714770929433,128.6888085111982,160.9576238648831,66.91859483760612
119.4556195041914,145.5897641154403,61.17413328010057,125.59304176233388,163.17386995096564,70.34745170560842,126.57908462683658,116.52996476308121,30.98485289177464,128.78763044705337,161.60908456618512,68.16238002039061
121.79811763228106,146.00494823623566,60.093921592379466,128.64055692932735,160.29723737707226,71.24125933693576,129.9717393699435,118.74984600838394,32.235123402689574,130.4896907008209,160.8286820071451,69.3295189781334
119.3401601274274,144.74857054179793,77.51731163058214,132.07021159314934,161.97326271513367,75.80316327172474,140.15640360298116,129.04320980933156,30.993011471040674,131.6792620183065,160.36741868700975,70.85197670909317
120.11600766719289,145.31446618920296,69.62607484716735,134.39277019676774,164.42336484595947,80.27186229383186,138.7955170028198,130.63211828882098,30.138163867128213,134.4536702059514,159.66616181566476,70.03169499772793
123.30829741873649,147.01785645940373,64.34080893930683,136.68008492808264,164.07258021494616,79.45189904516094,137.48399850389123,126.85538178781961,29.152010612153358,136.49677711535793,158.02459640888907,69.48839326008088
125.47341476871271,145.93131449863242,55.91475505773247,139.89387505005936,163.26112390147355,78.83218906086515,147.79286047008236,137.70909657978385,25.155649140122254,138.74916471103262,157.67501456257224,69.40933335130724
130.90856380089852,145.41812424521964,64.04771793762886,143.67807123388533,163.88318279206567,79.580800315536,152.78110944006204,140.0689430300493,23.810671247571374,139.4752697912309,157.2468721989019,70.89852642512012
128.6215032335878,148.39993086108072,66.2582316004129,146.48398101016895,164.25518668229464,80.2511158988704,153.09519819118,138.95332488595062,24.982918587962388,143.00506933811693,156.55519138256247,71.61898476240309
132.0930657684436,146.29853557889362,73.18627424400431,148.50672811399792,162.98528120226553,77.60923186085773,152.11393526203116,139.27881197575846,24.56218613260538,145.7368671059364,155.03677173365455,72.76697574859247
130.5876368888758,147.30848723972727,82.8268183286361,151.43258135387927,162.98931612224263,77.17278930815314,138.86753691173615,121.44726794517585,27.93417565847054,150.47026952395197,153.7717699147393,74.60024467476902
134.47441874783772,153.84330654598443,85.25576884371159,151.65371457931013,162.50392567789453,75.91469986250482,160.68857530138553,147.9240337750595,23.860956550459594,154.57425044545593,153.820082039772,77.40941391664148
132.53208560673505,149.60419723119037,83.58029634058589,153.8795453047694,165.61996729742742,79.64553541485158,147.83336966800456,127.52958404617625,24.93523957068207,159.91370382640162,155.37866873281658,74.46824904742166
135.31943941915662,146.90107698016664,76.47732705881936,157.91080530334978,164.76766399251258,78.22903272218838,150.44338627713634,129.9119990324504,28.871237093491708,165.53515116209869,158.2748716532909,68.14875457707154
131.17934329841353,149.0062021357675,80.44737077370998,159.70696251257934,163.6357921818557,80.47616581089443,159.30160118629934,144.26684333841968,27.31521938819618,165.38680000802418,160.8184621823376,70.00617375432547
129.49654174857878,150.3703198155193,84.05062274259701,160.95709158019153,162.6956552114034,79.30495814995618,155.43673006674794,140.59889135248144,38.835820381547904,163.5176306186344,162.64105490870136,71.19960891988336
128.51600393840275,150.70184407228345,85.5273549131377,162.11880277738433,163.80061535580126,81.90430136937603,152.18680965753495,135.56359649566107,40.84273839262206,160.743148587166,159.45274933499985,71.33598212880621
126.28682914550481,151.1557323935861,92.47127438904283,162.80459966548702,165.03875190386327,81.15410620454696,143.22600052653343,124.98263515430415,43.474654278839914,157.07028981596235,158.09421748976305,73.85078614429912
132.74276412025895,152.3340151114385,90.90086388484089,164.19381705994292,166.29492071480934,85.13252737843997,148.06957189529774,133.17160128278945,45.59524203787184,149.50025246377945,160.31031248225202,77.557281798405
130.02658541110523,146.75543037713433,87.1793304040249,165.78399141443685,164.94097501172016,82.80202169704171,146.45648795926326,132.77667544219517,40.87681225534608,140.63291160077242,161.58485491872872,83.53806328372703
127.29743382152327,146.84721949749678,77.90786443825482,166.51984337382905,163.29277382924025,88.34683922851013,140.50378494709167,129.97236515783712,46.665197257696136,141.39878189018077,160.56109163724264,76.46805712250864
123.7969316450204,145.40076912365095,71.7227119832783,166.88614860838808,158.5716700542521,89.59045113558872,140.73946392432825,129.4283105563815,43.79877278663433,140.96703222661273,163.57270277499012,83.93152134952585
122.32072342074194,145.77217786609552,80.10790077327488,165.84996414362874,160.1380675590196,88.34870164798295,140.38764607805194,128.19159663992082,36.86678357113864,143.96737290345595,166.16068825573842,84.11398873443862
123.34819400473533,144.19436995879943,78.25806088542458,164.677572973397,156.90324507640747,89.1607428284514,151.96662397905487,142.58087361771786,31.95785781243977,148.76044687278002,168.15710307038697,92.45405614952155
122.61056009257028,141.41217082733,71.33589170653578,158.75508094900326,154.92519277527848,89.91082576909012,154.0658988855225,145.80038377017317,26.9300489212095,151.56491738592464,165.7145705835524,89.37984417334928
123.08942760399245,142.65241004768347,75.27993167256267,156.50352057711635,151.13713327755195,85.07253163689272,150.97931550047198,139.54787171712866,25.63058172807875,161.25654053538122,164.52947933573054,90.70722958176138
114.3283348484581,142.3956086362616,93.50768503340137,158.21392956285035,143.1647236095359,74.09214777280381,147.70110939594673,133.29218598309524,29.260324395584135,165.41026205830073,163.333874016022,90.00673417166831
116.27575109723064,142.44821676548258,91.26436299233151,158.72707384759502,143.86229410368807,80.6886659261004,149.50186058912576,136.29851116174464,30.25283871853573,167.19825022152,165.0101222888076,90.25501779015342
114.77838694680942,142.54415360683467,94.71378637182248,159.4998157749765,145.68391046078312,86.6987292858477,149.8831234717436,137.22755462484184,32.724015875529055,167.97105430196768,166.81852855601522,90.98511397998845
117.50179991832665,143.0861837900891,93.48234282050716,160.26375257647632,144.04987089472286,83.16132566114148,150.7858048466561,136.8351350507977,37.303967869382184,167.1322673749129,165.2690492743245,87.60853786771217
113.4185626784255,147.01632426842292,97.22960654705825,157.07353237797693,145.78993442265886,81.47497787189478,153.48710760777132,141.39262521444542,42.47701873803298,164.11865568375944,163.11678620029576,86.46003513049867
115.12815906487774,149.7080403956714,95.20447041125192,146.3878108748408,150.9268988431145,88.8825121516342,157.61175020539997,149.94869331774933,43.51445556127924,158.89933953707813,160.1683876112678,82.54880959260602
118.66734988419722,146.5471345197297,86.12597885748782,149.63400871368893,150.03712983233208,96.31100596077135,159.32648386988555,158.02185885075667,34.24618554910212,159.8819228765625,160.33300684731856,83.99007046161627
119.19748084278228,160.6494016162759,101.63813189056951,118.53944433808341,151.4082608422399,89.16062063875303,159.50857817168415,159.95641143747824,44.84829932874294,154.9564077240625,159.7187689324969,85.97314265957624
120.47935719286865,155.61082088565274,95.40440707823034,120.90368646108195,153.1388144474385,87.58556891970096,159.00311962255557,157.86374831324133,42.08205146949186,154.0005523287566,158.92873705964664,83.97199999347161
116.30667634234399,155.26545036012084,97.4521789018834,126.05770570616377,158.36804312986516,87.62335652967012,159.99919241778719,160.56818767412273,44.17596376038192,154.08072416002537,161.0910404594914,85.68254161036863
110.56777941463544,157.10923381843713,103.77719716645501,121.29364223635744,148.66702537916308,83.04201480544552,152.3290907571204,147.32193497358193,61.10985999480694,151.82205353381394,160.25056268859817,84.62107795993981
113.40443668929811,166.94893638566865,111.15464184771223,141.68880266964754,149.47234077816154,77.34878380676366,152.68479822900466,146.3389741186419,53.72525357895602,155.7918721776649,160.60190180340302,83.19893296349471
120.9503446928022,160.81122386301996,97.15909702668367,149.25544036562167,151.9309097771717,76.32397257725763,154.03897296623265,141.75159733215477,46.08577627722014,155.6375547286424,160.25074034604006,82.59240217745898
118.95942180010744,161.33302363953055,92.74662243210074,155.4248711507777,152.63458118522615,66.94402285889926,154.36422555151933,144.94912877746282,39.421048290475454,154.29685987362947,159.29745588731248,77.34582089094968
116.41227619100987,156.70713234881214,79.99597578248118,158.02729147976248,152.7270822811589,60.27923007254508,152.7670266269471,141.62497559214805,39.78569526548597,153.16702038531523,161.31667085989304,77.39318048462397
116.72839459129557,153.88914774181342,81.28159555153542,157.21057732041467,153.7712475913207,58.50799230186004,149.32389121633642,138.74592071802556,51.39010028011598,149.29049911652342,161.8235048691543,75.39782745071537
115.40229085463056,153.9205760921863,93.0162079626623,153.96329024195018,152.17963507921402,54.434367614092686,149.63349051398583,139.22184127825545,46.85491612182983,146.76499500743788,161.40096560980123,75.91281351492609
126.47514655719839,161.1188562086769,72.7529212687313,147.69417257792838,154.79217117570195,56.310572282503145,146.95811395595786,135.54963148077877,38.500594466914045,146.3033401120122,161.24006735085504,78.17351265555523
121.40299995342517,158.7809697547106,77.90848152650621,134.87943722785477,154.27109018061861,60.87581812649405,141.5215404616008,124.58963890744653,31.722426187854676,141.80214811863334,160.49998025581525,79.31682682856072
120.98772700593105,156.29992932330754,76.93535195051555,125.10165755677252,157.66082473650619,64.38104381509386,137.7890380585927,122.92306301490898,30.543425034160762,138.01129014528436,161.92525765070187,78.32191361306883
118.56580113239511,155.31051600138952,83.97859523300279,121.93044661312616,154.07764287829738,65.92032616813947,141.1436395699674,122.8978062537462,32.66294798287848,126.98426471115025,167.9552811100167,74.09676605004042
118.43356978032017,150.57696333492578,86.80284987253206,124.09409406805112,155.89507264101954,70.5128728044314,142.3200233266603,122.58986129792703,34.30299376062445,121.92008165947314,166.3612693505497,70.51083291642955
114.94954397470006,148.6732638837958,85.54951234372889,125.0831644087101,159.12890059444229,68.34411522430736,147.04773243471715,125.47412159116648,35.15261935793477,118.48000613408173,163.4980918055204,69.22206987848743
118.09021407995805,147.6473284159965,85.22139390141302,124.11404234790967,159.8682920068992,67.93548207725705,146.46789072377385,124.68876005013495,31.206904332928197,109.71217144266512,167.017848233583,60.56671885254114
125.02696642022237,141.66122109165687,76.17350657533213,126.3124157671133,159.22228054931682,68.90135286969186,144.6522053486172,124.74336381744953,27.795518618143113,100.24625051631433,161.13365390350728,54.01255552036444
126.41363757179984,142.8292959045279,76.24538997620714,122.08088039638953,160.1862721748405,69.2120921511669,143.19972331829047,122.98184269498752,25.867853921889754,98.3340755935197,159.05890811317659,49.670109732603066
126.61255378945016,146.3047767353023,85.72402379268374,123.03146337700419,160.4851863405278,69.89481179231713,140.68774663757057,118.520983642968,24.654482217256376,96.20684170909196,155.15040994865709,45.71319561432618
126.35834941962192,147.29781453349537,71.38304569129427,119.77968906912047,161.0205255948743,71.36651141251937,143.56601972462508,119.69178054398778,23.891193753423682,96.65419179327841,156.25831880695688,47.3593465947446
128.51667064211424,144.86793509581526,75.30724035253364,121.00892389650885,161.32414990211626,74.89246055283571,139.23654906394594,111.47357778419313,22.32045170150828,97.03410204948698,161.22654749715463,53.33867757730338
128.3851068900028,144.66982985133617,89.86933906935654,120.73277092515129,161.01497774969386,76.53059186323998,139.0747610557728,110.00819830577615,25.259564274046298,97.4724350893436,162.55625499122385,54.228611185699144
129.88868372138694,148.34250433415716,89.5755096097268,118.16224660023425,161.60016952799077,77.05430822249619,140.47631376296246,107.68542225833514,26.804127083511897,96.21927078321103,163.07639327827403,54.721723423059416
128.77421321243628,145.15609418223255,82.31422753118453,120.79257928311095,160.221313519105,77.53057476210819,136.51262496481826,99.90179936448443,26.94668589829977,97.4804839547333,162.5984641915307,54.95464959031863
132.66369549144352,147.03092127968748,82.1738590786525,121.28633554644517,161.83872230579647,78.61601577951555,139.46078220297076,104.75243649020109,23.25551730414311,99.65908450402696,160.50517012105178,53.351600149639815
129.58652996586068,146.75827110447202,81.21057184857277,118.36996863115786,160.24104204986338,76.94675799303032,135.7630494611464,106.58087252039023,21.92668573796895,105.04328138890112,158.7857563825,53.6876735347029
127.11456930545152,148.87554480649604,89.38730052864517,120.74735537357317,158.71359955772846,74.64911147529166,139.34581181598085,110.22777372873306,21.348319587955437,108.00643087124578,158.13635439174612,56.51561612971208
124.99626607267746,153.05190890046055,94.60246940556935,124.1080783792971,157.7045516073388,74.0226082840454,138.45883049571177,112.81229766748434,22.249253528791776,111.30023439410058,156.16801086524362,55.7780226067716
124.10532150348008,149.42235101276793,87.82963363402754,127.01257114325641,157.48465581015017,74.63917777725322,140.62802987369062,113.34721309139337,21.853334246139113,113.46322106958344,156.94422914556534,56.44658149374128
127.50778269858822,149.20639847903584,78.15650619766458,125.53810966808155,158.35416137370314,75.0791951445267,142.40755645468062,116.67216242974038,21.23627314162735,116.79045134221398,158.3181265268201,64.71571633771038
129.53383979962126,147.7977465906499,77.51297086226516,126.72971514289667,158.7488508705073,74.61441598217925,146.79669693255062,120.54557727698644,21.584145592819382,120.47592618752292,155.8534780094498,66.24444927027601
128.72244025758718,146.49564924327063,82.95367359126641,131.50681815513386,157.2080948695148,73.02116739760055,153.33586262806455,124.84725302575059,24.289584199966544,121.65454747304491,157.44824860812298,67.52986197302958
132.8206339551161,152.8310758510106,78.21295445239454,135.29225902174215,156.5376106050487,69.83836445693645,148.87632854679802,119.99087114235506,21.96400037986352,123.66684764138164,158.7007398180208,70.44888710881551
128.44684857714907,153.80933137150387,54.689261732025116,137.6615336966583,156.86847415065367,70.61879650985315,148.76468961773867,120.41063575446313,23.964443580900998,128.71467931462783,162.0905038388665,79.47203658602405
121.67002066240128,151.72124971076016,71.7735631932352,140.02835454169977,155.48108136252864,71.02115516583663,152.17933496625807,127.85251984919833,24.74659972467298,132.87072771700306,159.82503196043137,85.83924378756018
119.7094502761043,150.74251327461374,63.74612965207909,137.73565878944223,157.5415325266259,72.72125175236668,140.89527875778137,121.32231033696385,27.01252061498621,136.3709706140133,160.00246289007967,85.98647460578262
121.17953311833519,150.83741884553362,75.07535377462979,135.91833223665304,157.24768156227253,73.97587727572646,138.7262143366601,119.24373346989525,39.08650239708756,140.11763370363286,160.41522355871004,85.77731733385508
129.62546879359596,151.4743304548769,57.63420063730284,138.93698128209394,156.86677158244873,75.68431070022852,139.80303148585,117.69765822287613,39.718761144648376,144.03337193522685,159.9667063199644,85.44477959223933
124.88296575332052,150.358095887471,51.69887491053829,144.3679560190275,154.35877915977937,71.7548915692767,139.29098466228703,116.58494137938152,39.75853297872222,147.5372556937655,160.2123923754343,83.47945548354977
120.00051428391123,149.00128413179058,73.99488449395585,147.46351286592585,150.83642824111877,66.75417285236486,142.138945208503,113.47369158413156,33.88808511509075,150.85377778724003,157.3408140474465,81.07482559945295
123.46167867452336,147.5965291871571,80.01714823945507,150.36130732803267,156.03114718260971,59.927805774299365,145.25269357394558,119.91478049432827,36.33396401626702,155.90639526592173,158.51312136212772,79.54214499332966
115.93731442612268,149.1842387536194,84.09232210377306,154.47851352000197,156.16597397211964,62.04298926829536,150.88142062557225,127.81031951633571,39.55555645256456,160.74658874934568,158.72682662928472,85.92637333480917
114.61406055899704,151.71433988843543,90.65140940968679,160.29846339122693,154.3711990456122,60.813171445210024,151.33794240750612,127.30323916678934,42.54059626174473,162.79986293841156,161.4730970472491,88.19269255234241
117.99319304010817,150.32474227130916,86.74678543244039,156.32315595817352,153.97886581200495,65.41693744828565,142.85664598051864,116.40141204607868,41.57721531993739,162.52577875142518,162.15741794032704,87.15024543259626
118.38808029982593,151.9335299500596,81.39673295267336,154.14479001168894,155.14823316313039,65.59326803230613,144.38363900918256,130.90721596125059,70.06090876069035,165.68018442364655,162.2056978692182,88.76174394300584
122.82994483876547,153.43819154279882,81.71532841526349,138.60076190872167,160.51802889467848,68.63438729607583,147.39670666996017,135.576335695978,62.88298326562383,164.2827074222322,158.69307248356333,89.10983760826798
122.00312916448989,151.54389705450026,79.21378584310835,133.2125732753087,157.82262256720443,73.18727656457555,146.45290635245883,134.18122470118828,55.26317813253494,161.587338261713,159.07482255058142,86.94693454826552
122.10453069733853,155.06988020904106,89.00209691429554,135.4574020108589,149.71465320863737,80.65830225789922,144.0097755622946,126.72859533166928,55.45098259437753,160.99733939358904,157.54346306770367,86.28719806281094
122.7729859262602,154.05638861521518,98.49795606028516,149.69306349134555,144.7813238789576,81.05841017252084,139.2330365160194,117.69245827621296,56.05649613564766,164.01838026573913,160.77562894648415,83.12335687884831
118.79380299850446,151.78084944377773,102.88889800568177,153.40177021520185,147.8139316851607,80.36318837315173,136.6619871464367,115.13191399919369,51.12527812334754,164.2347551525472,163.71193453490284,82.06435383146146
118.64626990086362,147.00414588638097,96.59918316929176,153.64220757075435,153.98491052056198,74.40744359360778,136.89988998202014,117.35157733972802,45.36169739585191,166.43153166225036,162.1823289225673,84.58815256461546
117.82436323152281,148.25502856614645,97.89765304622058,161.242092631347,146.0611477921262,85.34411616208573,135.2221368647497,117.56274891811796,46.704828787324814,169.6653776386626,163.63756077005596,87.4590753497518
123.57165083917066,146.11142272554994,88.60970916255337,167.17957928780913,151.954169452351,93.21022211942554,138.09609624751684,126.1658678162974,36.91433478135244,170.3611469033356,164.00050857726575,86.67466046727048
119.72396399793045,145.69377806833103,82.4066658181821,165.70089368763928,140.8529716462818,82.02814849447383,135.98322363070898,121.42344270631118,40.475972135127186,169.70228359907583,162.06578485401025,88.36876795374451
119.99640275401708,145.71605693806544,87.76976638125684,165.30214432494847,153.95494018896687,96.29680800572653,137.06656320640016,125.78409771206417,39.71353613801466,168.89366429938875,163.74950134207825,86.33722418548066
117.60086962787601,146.23075964366643,94.7671783568649,160.1848773567007,157.00769767382002,94.79049451354122,138.498398515875,127.89173187956371,41.40310977648005,165.9008128304141,163.06275889995075,90.55868767544686
120.47759516902408,144.0866027844865,81.02873534628486,161.8342952835445,159.10398061297147,96.56059616558494,151.7063203911892,148.84546009112904,34.257032634722904,166.03511017444245,163.72276678368928,91.79518716466148
124.6183908662065,149.4956232326694,79.90029698096649,162.54124608895458,160.6959794417037,98.23735220665267,150.59191504095799,151.86344212472937,35.58084269892193,161.93096386888666,167.83025067520546,96.31922394625842
129.48280641340614,151.3174496300103,82.21790889100242,162.21786620949177,160.87162913466466,90.54006742397434,147.694958775566,148.99997886634458,35.259473873405284,163.24079858131068,163.71822500010785,88.68743938096775
129.03441894735076,152.33955716094428,77.87723451938137,159.62861411142856,161.72966962102956,87.84045619689181,152.1173002176528,155.14068074651107,34.49100187441666,164.34022468068233,156.46826493642877,87.52940162973124
124.31330384482139,151.41490561752073,87.30329971153192,148.49833530941504,162.9337738383319,92.99146101419672,155.6556292083748,161.72173969497558,37.16841833862617,171.44809882365035,154.30185322192094,87.5193628878918
122.94609651490431,153.60735052746688,89.29659940588228,149.42921848952835,161.5286398733904,90.78978304332111,148.43055398058087,153.24105995151385,34.936827600412485,162.1921168785951,163.09417572038578,85.71117488593447
124.67185698257774,153.50317214253752,91.97386828964865,150.79011503562188,160.29215876038418,83.15596630477309,145.55493428206975,148.85099864155524,36.91281767689017,178.2913525690166,153.95876298690487,88.27999305824483
119.43759363825801,153.83106254431814,93.23412132347156,156.82912429323716,159.92000724120786,82.13555653973708,143.9072938825225,146.81992105637877,33.880670534086974,175.99087238892295,158.8076664234787,88.3214608304618
117.61319108127903,153.8764128930575,90.90915206330062,148.87160515496748,155.91631995662394,81.03624669310946,149.82777749960414,152.44264609122294,32.26043906256143,156.41635749752882,164.79611553776928,84.92656526320351
113.12377393271446,151.42200887908,93.05239358586503,144.42526948426203,162.20549217172837,73.25577775562603,149.7670737522446,155.32333667812048,51.32348561133503,161.70306518506356,159.93149441565592,87.74504368423337
112.64157981764566,151.4542648091439,98.20907496422343,156.44681437349234,168.1394669406155,70.60229664834942,131.2486163864894,128.33984047492183,35.05605706837307,158.62410693592815,165.45121534486347,80.52069239436354
115.16196816147203,148.47664167375189,82.5443306898351,159.38392083090477,164.4623073164085,73.07317068988814,136.2126101755909,131.78350134833403,34.90397305217716,151.93541125946098,162.64613176702343,73.24877669995227
115.31868589763249,148.09634325866904,77.6050915130204,157.85269156046664,166.11343291264873,70.18316389043868,135.9874252899859,133.98088050148564,31.698454184335954,145.55100830968564,160.91119834942904,70.75745854860715
116.87765822547456,150.3638637671221,85.3470032678584,145.1759460308507,157.31334880433613,75.1547267781593,144.02787874949368,143.78295106515327,32.103568880417235,170.47664231647138,147.8161571838837,72.0062525353048
122.4178680618924,149.28036469696409,79.4491075742998,132.35034343378962,167.61076805561487,76.53875979410542,148.53507259931408,147.42302956009863,26.77521399491102,139.3897374063275,158.6316104303805,66.87679283128237
125.64595721985611,151.80716839377212,71.21994131126681,134.44668432155325,168.75264455524518,71.4875227267804,144.55183931431793,140.62839802779234,25.598911331026947,133.2861295001702,159.7617880684851,59.81611971628249
129.69647097194775,153.15411366559425,54.163059047088346,132.06696574768995,164.38842709764182,69.52960799023455,143.46187792811597,141.86839410455852,24.25932381610942,128.64985274921332,160.72841258367768,58.87422105053
121.660833857329,148.5884842015959,67.17827957027475,130.8430689530258,166.00310973478815,72.67784126066176,142.50481196205803,141.47309032203282,25.233678294480857,123.69068589509463,162.13503105926895,60.8273628851217
124.1112386272777,149.63983210660007,52.23084469265349,127.30657775180585,166.8656240970275,74.8786561185182,148.7041016134963,146.33574221194576,25.194864098734886,119.15958389683253,162.2134280973755,61.27240189905811
120.96540531378099,149.11409709095693,54.75538169805308,124.64816727998063,167.31906225182934,75.30102081477489,128.61266784952076,117.13526682802517,32.0602691629301,121.10899798694571,164.36299997192828,64.07806998400615
116.57760987305056,147.14309619488006,59.733820326752415,122.35007286836168,168.46338877602216,76.76260756668724,125.95640713863554,112.22551834242974,35.17301213690373,124.06382130243013,164.72933653659788,66.52286625087673
118.06626000504508,151.307592403785,63.4269496426558,118.95396782134071,172.22928866958298,74.91490979491904,125.22737295513684,107.77688989519083,36.66146968157335,123.45040057988172,165.5314651600151,68.57055382577734
119.79418701906488,152.05586956046344,85.2269832937993,116.94839151015817,171.37126701357488,73.00355629538771,126.43801895755985,111.35271520356068,32.98515351089551,123.16544408558272,166.25545180776984,71.74371278254117
123.84463420708204,152.9637191232176,95.77852130471129,115.34557759590444,171.72570607423754,73.63059494236879,128.8124149213883,109.40565809418334,26.61209103237034,125.74580085975532,165.5163506433194,70.74749053279884
123.76753948698271,146.28617647819257,93.70604634449997,114.8471031654687,171.816974817105,71.753508554702,135.46394702513396,123.97641808009625,27.16506980210591,125.22179899415744,165.1086592155058,70.03293537370055
125.82105677744231,153.80593673993462,89.83678250427793,115.71917741175265,172.03582778660999,72.97262211034145,142.84766539218137,132.94099215826222,26.221065075047374,125.74284477858046,165.1646671973655,69.65532049774619
128.0996985104703,152.04232804581565,84.58614620440684,117.90048419089113,171.042488721554,72.889601372721,141.33967374984587,132.15710765353083,26.457646792457332,127.31203278479555,164.57516061862543,68.54131341762054
126.09933942519008,153.04606649956222,87.8095930227489,118.80223367347769,171.3655485816804,73.71585196407217,136.2523319323126,126.21027177379518,33.66161191975992,126.45186874254019,164.54287234906593,66.50507895394067
123.72176073080419,151.33594173141674,90.90900170546155,122.02494440025866,169.04000971978414,73.91910493998162,129.02201559483527,121.64995543614724,41.14019056332415,127.75441102317824,163.62206622462782,65.5159096126024
123.68733992600855,149.66125304573825,66.36087597506804,126.26896029816453,166.07713594089842,74.31379151624485,136.14538310300006,124.62118364299056,35.866364579215684,129.70054764360145,163.1977477645365,64.14212144377915
125.09431044413598,151.2723730639573,57.67829572743985,130.8828363856651,163.673119363197,74.55203435497215,125.82498750685163,111.16137537253995,37.50980186022716,132.78622428788907,162.39442512181836,62.44707828278951
122.68005628627603,152.17389369996468,77.18427375249838,133.6359247338436,161.09574170342145,74.37904215504996,123.77607209911255,106.57300249078745,35.38898839167305,134.02454386097165,162.24968124149956,60.80819237571504
119.09220014673855,128.51517176369217,62.264709277148995,137.45604478710274,161.61294141182418,77.0160107974937,143.0917571798567,131.4558237070573,27.98073262881906,135.28215972188352,160.33489925705314,58.36621527873115
122.80229421875303,145.30993160632372,79.77485170454003,141.7933230356727,162.5044402054481,79.52720778627021,141.40167021899023,128.36166234826106,31.447317885770737,137.02765765302252,159.25483648961932,58.40808940323898
124.86893157188018,149.02971229245588,83.67076947823364,144.55930686575803,163.79575809601533,82.0500847042772,141.5737963743601,128.35081244552077,31.677953932757905,141.15664788456093,157.40569045844612,59.37111351896265
126.00180042795309,150.5513100016634,86.62640301800839,148.42505423161117,164.16392679965813,86.3684413170108,140.67743245847205,129.46849418282224,34.00964396913407,145.08536632791527,155.92181452388235,61.56927306427284
138.34163595531743,168.91768816476304,33.660245947592024,152.59377659273824,171.6313626114252,96.46574067749788,155.72016452338144,160.4869995800412,46.325229960239845,149.25253785714378,156.3261642841408,67.40219969381495
80.97442694723168,73.93934477193501,47.38164904951828,152.04778331314859,168.19798741183735,94.66445783157442,132.6719113383398,117.16677729703696,39.807586079679496,152.10637362427812,155.96435007865628,71.86634876776867
113.13742931109961,86.17328871485448,115.07266969273434,153.51254423920287,167.1917623522669,91.59198832576621,132.21807160541067,113.20665386990035,38.84761381510843,156.30939581843518,154.64586358867047,77.29201393646862
124.55923798227585,151.80695711869424,99.9467940572138,135.00017638158263,160.75171399265065,82.02016638588931,138.34437327374138,117.14824803049224,37.12379715606072,171.37995765630328,154.25893244279425,81.63986679281246
125.88704588608887,150.79025625031204,92.54921798254924,123.54561707003482,167.46092010987616,80.44503681104862,143.72852063957305,124.02785888668103,36.708168174718864,174.40193798593452,160.10762484413397,87.4488636837591
124.75136001888627,151.59900753874086,91.50749831070162,157.72951964391407,165.37894947027078,80.32151587138395,137.65699100911633,115.2791162890076,40.558301252947054,168.41202050387977,167.35883628272416,85.69907985881203
127.79370042268174,152.9888950119643,101.5199645020172,159.50052291188982,158.4652529962902,80.21435991750594,133.18567031912883,112.17701206840972,42.29021355392952,169.03793496368237,162.4874520214156,76.58604817197204
139.2968743450268,153.46316887187842,96.69858626906611,162.45293582036547,157.1267826075374,78.93924912421346,135.30879806374608,117.34348497088608,39.589007189692374,167.9670302692436,159.7994559576421,77.75554399048657
136.23647433410906,153.17102371474124,93.66847878295921,162.17935596561205,159.25876956451756,78.18009757741765,136.05429909032185,120.27384402892176,33.89887185059437,163.8927066280679,163.30516691963288,79.2422004614198
130.33864274421026,151.53302215184314,89.19147328963814,163.30554569143507,161.9921779695537,77.68973514827505,134.20500019772362,120.02154317662647,32.37691744992942,161.96956640982847,163.05055621866356,79.71145624390617
125.76100899530022,148.5345967746607,78.20232100804107,163.65296220291845,161.60148050525987,78.11355582254907,145.7037404129718,128.5203759197692,31.956735628413337,156.96808392511616,160.42968593839785,78.68507535284886
125.94325578463815,144.0275877233414,73.95414761626793,163.71099278550125,162.64236338070074,76.67058885639037,153.8013096388357,147.54215525991202,27.540855206299998,154.8022260552928,162.06922857951105,84.7916504075208
125.75231702425648,144.38885104137438,77.85432941207665,166.10539496693372,162.7070768829204,80.4999625524524,158.8879285900772,160.78650525316877,30.53857832709708,152.81018983244607,164.75540209628127,88.79501982744057
125.46560170846236,147.92985240165126,81.43589189909366,165.09650795325373,163.3595486162244,86.97423067226323,141.53879024295972,134.9719725430587,31.946378612439126,149.7465912637248,157.84880326586278,89.15608688697698
125.74572615483557,143.5487295444852,78.58886153221887,164.88592254035558,166.44589366704034,90.72134292694707,144.7152049768883,136.78283493332864,33.33348946740214,153.47255944231432,157.26369974342188,88.36713977981718
122.87514935375363,142.42607304758874,81.61198468062439,163.23431169372444,163.22660329817313,98.23531553045184,149.4901781688596,144.14257030712832,30.72610177862373,156.47472664595006,160.97870345464418,89.94241357505639
118.2457781997936,141.01669226694136,83.99451090292779,161.09797412763274,162.83077116570297,98.11187978837421,156.34153970425197,152.35328626008067,29.407363918663968,162.11702416023542,164.06718211733624,96.08431206182549
121.22215666212341,142.9006030507986,84.37537985271811,160.9727393410022,160.9241204230533,98.31858196036745,155.03299407883836,154.02121167927154,34.47907753097066,160.0821493015107,164.52182535763583,93.86770370138075
122.49362081042898,142.76873251100668,84.11331021403913,161.84163323466933,160.98581477679608,97.46250101094185,154.4148802524399,158.3031671395995,30.362106658818934,160.64474301375878,166.07274473574282,89.44703069868193
121.45677654172047,142.13264040764656,86.00930793677882,162.42200107045582,161.31645146067427,97.82173469762668,152.74654439240078,155.79424704219358,27.737958384881793,161.65222858260503,168.1299419278491,87.68066169055098
117.10386644646577,146.42039982840026,95.66590919616135,161.17822344323542,160.3141429208309,96.76991069869202,155.92478397600775,157.93550740005492,28.446922025764078,161.9239336890507,169.41407679874737,83.60746879099081
116.53925282954191,144.8317330104948,94.9807233389441,159.5768193970439,155.22391039147342,83.65453694109874,143.46438811259333,145.33225267158357,26.814167314221944,162.81619545171768,169.42059052296176,81.25852308464268
116.55408294732511,143.3990561116939,90.88239393783641,154.84381391699102,146.92189674584571,77.83253360702011,147.23228205377575,147.0066374893017,27.212580206150346,161.75579795132248,166.36352624523846,79.47267799386299
116.13001722951095,143.19524469134126,92.614466069704,143.43746605856262,121.31582161362607,55.86351308199889,144.23959895263425,141.47154444145366,29.880139710753607,160.72780483210607,165.80431034265644,79.76820773127358
113.66595865426379,142.70285728422832,93.46227803936335,128.9179895372063,143.7676551971345,76.2293160627693,153.57683738133403,150.15387208039758,31.72457084803492,163.59406205984797,166.39085647604298,84.59441979236584
106.58018852081793,145.6062803284814,104.3402454511571,125.95665070309539,153.26008315215117,73.64029306168305,153.90017649219027,150.3002225908339,42.91889676269896,159.88440735945042,159.85020401453113,81.86686998512624
110.99140042763126,146.84406950558719,98.45482121417426,120.26425389349514,150.15429858356,74.256878250706,156.0554548024211,154.88203320515464,45.292945101373256,159.64127057371275,160.57381132101833,84.33699109172458
110.48379178274143,152.7889440553049,102.60413346878639,122.78963678997748,148.51705210921602,79.80521800059026,154.50070708920626,155.95609731705665,50.09115021912381,159.8954251159386,161.44053527209283,84.19533552727336
113.25679317641615,152.462297648477,98.21046483882121,141.88010874826884,152.4660170826661,84.05417636020947,149.73056274614564,149.893134966435,44.01164528263911,160.29020934549294,160.37937813214313,83.74958717161218
108.94997064421989,151.8152353264291,103.79342296334475,149.36202762257506,152.0565974347414,80.15684346874157,138.0313892427957,134.52612762272244,49.40691468982612,158.56651272905162,161.31179776483341,84.05624989372605
111.28268174716877,156.44082599278582,100.60728771138591,157.14387920005922,151.8520953783369,73.27134733752759,140.8474324636959,135.69194577701148,51.579699509778884,156.31250922199254,160.6686183898692,81.63772050126464
109.13013429614436,156.17237257482674,99.28744434266747,162.34811167363574,151.93066600103532,68.05426984408011,147.6249118278769,143.97263968581214,46.03374596606806,154.3335555718409,160.52823453165092,79.66839485390953
108.63056399134429,153.57542217975245,94.98031012549832,159.75133812017822,152.17280265053313,62.74793297800894,146.04617260947524,141.02035743715277,37.51700537904214,150.67232685818288,160.88712450078202,77.67666383814162
116.49633308273769,152.23191325551113,83.49332949458069,155.6693933170096,152.64383666257658,57.239805774226866,142.52682381164246,136.7059387839213,32.95257286330122,143.97135902123125,152.537263138324,82.45595443030989
121.1272579853169,157.2691787579382,76.80372989026212,151.51525639593777,154.09025892676394,52.36456647065576,137.88512656339523,131.51697371571518,29.343271351577574,144.27401421643452,158.87401627513725,76.82634051054578
119.36034249185674,153.70359172978624,73.80260281373334,137.5939342069377,155.84314334537635,53.40651328351705,137.125130059576,132.59936796794636,30.434398929942258,141.77923262064797,158.10706827987374,78.67160496737547
126.1212265782166,151.48667978475265,63.86705899251913,129.13117534466258,155.50193225364006,62.08364734860776,135.86528665408773,130.66539534428705,31.670373671811703,137.35493739029033,160.06837265637765,77.52553752207098
127.95393634041372,151.34686198417418,67.44253592276034,135.38584019825376,154.71980586576657,62.81659790359495,138.53356245435796,128.95862629381432,31.91484195407059,126.88158038464934,164.2859590801875,73.91637010151375
109.79227729616674,146.12767437808552,83.74607876278132,132.62708600600084,155.61211498713752,66.17372097327033,141.03144790155443,127.23337121799807,32.94336216356172,120.80018144253953,162.20067872797017,66.20685193626207
114.5313260957796,144.51198503657096,77.26898311681794,130.38212281041064,157.7129606926262,68.16158673709214,136.71906562203102,119.02073361914067,28.622375633456684,113.44558009444357,160.3115719124348,61.45189414456896
121.6768133319446,147.78512107524915,70.52290824670261,129.8132186356045,157.19790745951698,67.63828866535692,130.89589238646025,119.74542534293326,46.780416941359015,106.98861702336737,159.7432593667814,56.646054534683145
121.17844665308411,148.2254623076602,68.91071654659785,126.13236352314817,158.68389074146145,70.35620507797617,133.50009486665104,117.50596563678613,27.249507276725392,103.41503038521027,161.41172966659042,54.82010326010919
119.67863273297446,147.8332902054874,73.22213737117632,125.74427991615583,159.29415107038574,72.4039603224219,132.75371537361016,109.46132270431613,25.315104163051952,101.3889750515385,162.4906109866812,58.57985622370051
121.34250671304572,145.8671066127652,78.64985370885695,124.07767522775946,159.73459873950574,71.17184660620211,134.22528066015548,110.4427344316374,26.903780540341764,99.72043759058921,161.66948317174186,56.36381617872564
124.94396306996735,148.14309159049793,66.64400593616791,121.49861899692854,160.7583979636035,69.98810182620062,137.2760173635013,110.31565932193051,27.83441713007171,98.11465806076166,158.73340321902938,55.34318865598617
128.41495011566226,147.169697849371,84.99556923165552,119.44960378060215,161.75942597551898,71.56263021690094,138.2098831849904,111.91752602085029,25.331296260089985,96.20452035754884,147.58331377419307,50.60438663363707
138.09071363908794,145.16352905893325,79.39744876104001,118.53701996581074,161.67414867513602,71.47696562454406,140.14855328131185,111.6869268036609,23.937691034287287,95.63329778420466,146.69010163691357,45.050402836804786
135.5999530784414,141.22970194796787,77.06675670475599,118.9756113835075,159.2102312441875,72.02703782469584,139.96668373993208,112.29311259794436,21.68849283337942,97.08454304082511,149.72606239196077,41.90273409390526
141.50401569090081,145.37808854682498,72.57851310567435,118.87526958993104,159.33835729484787,73.13915022436879,142.1621503432577,117.5062238855898,18.48333780175609,97.80652931190934,147.5450166741402,38.767519661053925
135.6286810216898,136.54524996830156,69.32760737127313,103.64485542881896,160.7048585377195,80.64206042582808,131.507491750763,108.91598923471979,28.404886005330887,117.16326270688994,138.52890769950054,65.10822842383864
136.09568086041705,143.40766748925708,73.91998390890215,115.82033883807755,154.88005778885952,70.29247334485005,141.50250163956525,117.29886237085569,26.599863026959856,94.958212828989,138.50415084854262,48.84432766728615
133.8775739257594,145.54061339403384,78.21464040210321,122.66406203124342,155.38708932175558,72.81743461630751,145.26128663493392,120.71881458178967,25.135701483929925,96.4457854198656,135.76849100487604,36.31035400874031
130.8456452564421,146.69593113300883,73.29369252799044,123.0887768852003,157.09345359123813,73.07933484483213,143.92411778523802,119.34428488785224,20.882412828803826,100.08202592378615,143.1768435987739,41.28718251946969
132.9289592642073,147.35716997183178,77.21550457988533,123.73609939755268,157.6316441972764,72.44284577703141,144.83664396972236,120.5075959346265,27.917354284139474,104.6530354189346,145.9905903155797,43.99268760359269
127.5709367315294,153.06063122886667,81.19922064402607,125.58210665257293,156.93386867839374,71.77332415016679,144.5869998087382,116.81756505030009,23.48395980876348,107.05064741417914,145.6132755439383,45.42972128913787
126.08975463519586,139.490231012005,67.76643260694618,124.95550470892833,157.68197578411466,71.25548587779224,145.42047725547027,122.53671761602243,22.281919719594544,111.06130774670251,150.22729300318608,54.088548996172364
122.21873802996548,147.53604730487802,80.75731330649927,117.30055896437929,159.40698395383166,74.13818851468432,138.02374365639258,119.41428728417834,28.033813983873195,117.57083930411989,156.11803682807113,59.10965299816015
122.27549453761168,146.80367724650245,75.11092704420713,121.1469404978443,158.1945873996742,74.44813416890618,136.31299362924716,119.38729401586878,23.710464832048725,125.10400459196319,154.5249983346822,69.31087386100452
124.3712589328723,146.45775560466276,83.25772754166725,127.28361783301622,156.35076536959966,72.68448960449278,138.11492427774547,117.00885752030865,22.792927514085054,131.19651677759026,160.10969883465177,78.31543075744493
121.4942919595455,145.8761696128268,76.08101931690254,131.2287080609514,155.80724603050024,70.58346580277892,136.9588709512428,115.61701637060375,22.615734724537003,138.8377521485572,164.76241148955927,82.08489103851737
125.98052082036888,124.8009416647516,30.976701911222143,133.5307646617383,155.17004758427134,72.90623148783506,135.5084280730957,115.88930268844396,24.10614460082872,143.72915139167645,159.76822776616368,83.34975834688316
125.54935762477723,103.60155834923023,27.079760017923366,138.16479568626218,157.98593562792524,68.6374090972307,137.06071159221213,113.0845134168295,26.761603061540104,145.45717415775098,159.08451924952857,81.91971993204771
119.24849682884671,157.70570421466823,86.06069289716888,148.10001209866928,149.73603179406146,68.99538000064918,136.81468817465424,121.1916780187292,34.7520360559902,148.55347529716775,155.52329320753233,78.71580121629962
122.91562789034552,157.88533135401477,82.00191638163334,151.0981354532486,151.02161541442342,68.3735195320089,135.46597886649525,123.647017316974,35.13980468391388,152.38031375308563,156.67219648858406,78.95384834213161
114.18194683693375,138.04692177971287,94.97730877916034,155.9682862491059,154.41788192793297,63.93822488134907,138.16778025812613,122.76242374983997,29.30123867899929,152.95967608469792,156.7196699334694,79.23149754185818
123.06521237867092,156.18177902659727,94.99539833297416,160.71994675675725,152.5017307095526,59.142889909219264,139.48284885641212,124.849303507046,37.323618573734656,153.41808675233074,156.28168311813164,81.98169606582537
119.47916872091635,154.69859634568022,93.65032739888802,158.8857210337837,155.10794358008977,64.07513902557285,140.4890347567517,120.40836996070118,40.05063126295498,156.5655964335078,157.88166253625934,83.07491120089766
115.7617904267053,153.29809562901812,95.58849547658068,156.9941296633168,154.7040856316366,64.32733023723404,141.64973110704676,124.17820367625616,43.79877863431095,160.65287219694886,162.2238977187067,89.605317366293
116.62986508231747,152.8667992503548,100.99311420845153,156.5062328803641,153.5398271568124,60.922250148928725,143.5184375941214,122.13541708014505,49.21143465730781,160.07793729501728,160.8548885982817,86.79861093934484
116.80403512620822,152.37156656007116,104.92508796975214,153.97287189386034,154.25284282249498,70.40165523583944,143.44314399320646,126.83235509712893,57.21066541266193,160.4062737121324,160.4512356381882,84.73698613086759
122.69995334206783,155.61872958912033,115.66604134377191,130.28298835577095,159.93468866933557,71.28728978531001,148.0028156682562,140.91947281920187,51.01536477790273,156.25579400798134,158.90119146352234,81.34945061006358
122.3718666021122,152.86718615893457,111.95082797845333,129.38249590691768,154.7872937476084,71.88609340308902,143.86409118889094,135.3224183034757,63.73456625335593,154.72684025575356,156.9614319584143,80.53054202073066
118.04648458332164,145.38863151877953,90.44520312174704,144.11333063713008,156.22048703143412,84.71498056022948,141.433381101379,129.62210495480278,54.28925916092641,160.08632416405703,158.22281835289218,81.60479611132051
118.47857105915634,145.63582186070568,86.75440688456922,150.3613623956161,154.36391132797203,88.11894263775598,138.03775591273387,120.07845972981072,62.56873880586938,165.89919854146063,160.27721511325936,85.1456830853113
117.89416854311914,149.04844613811866,91.64800686406845,152.03385415492974,146.55353343783705,79.37186232019396,139.56738230061535,126.45502543732235,41.024465251423884,166.06075198412077,159.19029476486656,85.98661805662914
121.50904299174191,146.62168265604518,90.25971156829684,154.07496631228662,148.90733751529666,91.4487094978311,139.49917607760804,131.4525882926126,29.785670397946532,167.9546038121403,160.83158830509166,85.3869428311425
123.05193031092733,145.99443483668693,89.23530938047743,158.67776259564278,153.4549616949524,96.58516896915374,137.9407903002646,132.95994618259178,30.70415961991369,168.44741042727034,163.59590804637352,84.91366875054558
125.09844728459959,146.62060445366606,80.4553606885268,161.50495631210168,154.7153596066699,83.68862164646895,134.31767965385365,130.63667618215334,31.44708571488772,168.85527287175822,164.76783389085105,80.45337518029305
124.63229755302419,143.5558918020246,78.97045830208687,163.78060716303116,151.9958513051592,81.02144539554347,138.83027909545845,138.38166603554168,27.99536304119089,168.68096357190734,165.591671325361,81.51766415489514
125.91997347203728,142.23709411443622,79.13329278974625,162.74090856900736,154.01473511106303,82.23814773893118,139.31474942322103,139.9099923782856,26.809584017594993,170.57464865471107,167.02309106545079,83.32099474544114
122.21864348939133,141.26833543428302,79.75838047415569,157.52651516710543,155.07019676812536,84.78620027515898,140.75367906725222,139.74354103928377,26.128098177718712,167.68805845269677,166.14463629780192,83.20896847278722
119.59601140439625,140.47732234069852,83.11763211391488,159.91403677390807,156.51810557236917,90.80467133705545,143.720748065663,142.23623111142803,26.983876825027554,168.08587432557616,165.1565067846935,87.22920044624644
120.91530083309291,142.5080827636756,83.68674907456317,156.10070693320085,158.01885940251992,91.57072603009675,148.19407570754427,145.84161413694554,27.75165275702856,167.77336934779018,162.05761297791122,91.97513341621021
117.52455895978423,139.35132221641518,74.82865895142501,154.79023239999677,155.95228891179042,91.16324162318884,139.72278052776193,132.63049106128625,33.54734620197999,167.2807360430151,160.47476822285867,95.36708699494211
120.41854108939597,141.31908876709764,79.01945995696511,161.06462595076115,160.4209075532783,94.103707530006,146.08929163429602,140.8434822155923,27.857883431339438,161.79032368669831,159.54402381699364,99.27327244076422
122.77741109740523,144.22654098377106,74.48130851329458,160.50155702989514,161.65566126680622,93.77550496781532,151.20309067159815,149.22420734316663,25.078506929598703,160.30643458956138,162.10335344370392,99.83163248584543
125.25366349993618,145.7325207028531,76.42716006318713,162.95175430176278,162.32454165495562,88.62610976773873,147.89364673744305,146.97774171388346,25.206311133796873,157.63925472744046,156.98460922542034,93.32240181827027
123.05555023213249,146.61188572940426,86.60402207655243,164.56953299085026,165.67454940065045,84.18533549550355,146.47806093113078,146.31731069847234,27.736075683622353,160.3261080248602,154.14421380147587,88.85609857984105
122.46403086150242,149.044914471716,89.78739876663427,162.75821003202734,166.93860053113227,81.81703566303149,141.25732366118953,140.3996739023273,30.83321426675351,169.71334759950014,153.49632904126753,92.25369407495008
122.41902459822435,149.2162015574805,88.99491997511919,162.55300342519462,166.83306524390724,83.12107791077304,133.7777823770678,130.96966847412344,35.56160691405247,160.53508530012536,158.74548487479498,88.45527807843209
120.85514741659074,148.34397980717674,82.20124377582853,160.88570907893637,165.65832030020127,82.78938040440211,137.3992395941812,133.61287401014815,33.991853998544286,163.53210083568572,164.111367835381,86.34764691429386
117.50781327503115,149.01523117290083,89.68938148185553,163.95925107875277,166.3798047840123,79.43145143879748,128.72601670130942,122.17848564149094,33.61718487781343,167.01851784747205,159.98080545024465,82.3849377518321
116.89472136238311,149.3835245455892,89.20093192878751,164.1343523784581,165.20399089531963,80.15671957602136,129.79774332002842,124.25647960992946,30.706343333506823,161.33701259812207,159.45004842899746,80.26495386158687
116.55484898454931,150.4135558645612,92.2522870229165,164.99970440592236,167.05795106686043,81.60191913461827,128.49583719270348,119.50629254916235,28.286065414442653,159.51234046645152,160.67360568620907,79.08390749318018
113.95296316032042,149.6801410304531,93.88504082454247,164.8468367994316,168.77728752633362,82.9039345919239,138.71101408372107,135.36899280758308,32.20797391921727,159.61655699020577,162.38546661064194,79.97026711509314
114.99393161670574,149.15321596299142,93.82425172530945,164.70136588294332,169.70427421718728,80.60886142957403,142.27253153992888,139.45425602297402,30.795778773848117,160.04977133634023,163.5614927520421,70.78754303625716
116.74631412584984,148.30143678593723,92.88924371085135,163.09017352551035,168.2327678267958,80.15785512152861,131.1300214755661,116.58754346162965,38.283352069318795,158.21953204182032,161.9041086160183,65.76534639134107
117.73705599816432,146.94966028429184,89.97352026811882,162.02328259742836,174.02486944338742,81.70476570616835,145.87761426484002,135.32484473304774,35.45345883237802,153.7342940013252,161.85135858036227,72.56855967148529
112.4326686576043,144.8066275529657,77.55482908036304,156.64974701859435,169.69556872379832,79.07342427244735,135.0510185106827,121.07054127304805,35.22054244715189,146.56811538173605,161.1184591281095,71.44497790054581
115.44656214964816,147.15545990007027,85.1140870956282,155.5763038004537,168.810320936675,79.04811997440638,127.80501057480292,106.18489576811697,33.378969938536244,138.8406418653427,163.00542920663605,72.77071958338631
111.63648742710832,143.22806787540205,72.93627945143561,153.81184469831555,169.4433222591479,80.57176951679892,128.81526139121647,106.4478954752344,33.23180040679743,133.1378608842124,161.94461717521958,71.77636344896945
119.80627130721392,142.23156450120845,66.95150824582198,149.65817179344643,160.6069695711071,87.07410432521044,136.5022999072422,113.54229391228165,24.36437931704706,133.50841071334364,161.88543364407957,69.02311070878241
118.57586641136365,147.5975333248119,78.15909669401336,148.82957090875877,174.21320502068392,86.78642137179759,128.33879539573005,99.711929401119,25.30658014269946,132.1962082422249,163.94419510949587,69.21836926950871
125.81377959915027,145.00444496545288,71.30519458683185,146.89802391451838,174.60747218611067,86.9238110660741,142.5509065516558,128.30169110245848,34.23848861330322,130.74267501918112,165.75335284135517,69.63887506798092
129.2588854428933,145.45130043274622,67.48710984832711,142.36626347903413,177.5698295604874,83.04773181239182,145.83947631691672,137.82528519601638,33.18693627320361,132.16444705316778,166.32350267596962,70.3553328039207
123.69950816190003,147.87240316024761,50.82979542806269,140.4337457210322,175.48142923894875,81.78682136838242,133.87542650709295,124.34698834171526,28.266484074584334,129.2801984498284,163.98740056385353,68.24179261041724
121.26554926932715,151.66079498724295,50.896249286172534,137.04629345215417,174.52972912728038,77.43911287807775,134.12100553039707,129.04201127373366,24.545790310801035,126.59300695816947,164.56581061768108,69.05569830749702
123.61340819777276,152.38353233437013,73.8637966668189,135.46555805633923,170.2668973927608,73.9869338876412,133.3855638129485,130.5723579372753,27.943548400927792,125.2180283349373,165.63471285433326,70.64824591162828
123.84055778117626,151.50050559264804,73.45706194645248,132.98574493978572,168.9789623211089,74.19212987183316,121.91115003865801,120.47571166886362,29.676219356949414,124.1097524769419,165.81070943462845,71.07739299907055
129.76843497620922,154.48383576085396,66.96930660622158,131.61288691324933,170.70998025216585,75.66664976155016,129.2246419147583,126.30850913375,29.234962135201922,123.63031120199571,165.81285062283652,72.40161617186423
135.6740383133105,141.7698381203982,57.914188711066664,132.73721332340077,171.744369575897,77.64652519822396,132.49931437847414,127.80964694540353,26.961875511546378,125.9823167106101,165.82815377431223,71.11241645411779
130.211491900097,150.03241824202448,70.80800701018583,133.76825870842336,170.75267404820323,78.18655666567462,128.9419622808691,126.34448830680486,28.84890564842588,126.68507966060353,165.335168212402,70.370079264242
129.73844120974212,147.8681732393848,68.87131610184865,134.12758240437472,169.90925603409042,76.54236023568609,139.72582729005012,142.48736246520235,29.62180436527283,126.45881590799289,164.9545240370112,70.17765242085673
126.11091366148757,151.8302742654887,80.60801735769037,133.9651746522618,169.0074583084202,75.78217236297289,136.9298308017742,138.83878898620694,35.370182026780924,127.83845686287484,164.48809443795386,69.71809219269986
124.42816769709071,151.0910576252259,80.34082977309558,137.2664199660973,169.79411046643634,78.00690345481449,133.95115371861988,136.20172718380823,34.75121019484816,128.59515793175348,164.71674910731448,68.24085087160223
122.297986381334,151.41223272418435,83.63385627273988,140.15867511631595,168.77872983595788,78.82294731781006,128.10825647699863,128.15546494429904,31.944308742043823,129.8314252789337,164.23117621155788,68.25412485985868
121.18974853208483,148.08125607851923,82.5310043007958,141.49825490393718,162.73505128785072,76.3191178132604,125.99830652473811,123.10581567990819,37.82611715915955,131.72887770461014,162.87202864949074,66.53654716911251
121.75325402237819,149.81801063471883,84.95903662311133,143.41313094247747,158.92569307893896,76.4786501329939,127.655236059782,124.24401098295785,33.60217733421289,132.74883604308494,162.56528675086682,66.90643481625293
123.54817982893509,151.08147341051642,80.26884359586593,144.28780163380813,155.30808464694158,75.90146429578671,131.0978462671161,127.14261376959959,30.0985917892623,134.1674956732485,162.47460859234604,68.19847328572607
130.4872675717586,152.9561500319584,47.757936320745095,146.45561847835086,151.95903993930492,75.5484443520964,138.63040869149495,134.78923873731034,30.801161792267223,137.62785754895054,161.41480797517605,67.78452331424175
126.53679890016478,155.7433275148786,73.16000795406794,147.4474801075232,151.56876578081614,76.88312648928294,125.48990878213851,116.85640204921214,33.361998922828825,140.40120225627427,160.3558187873217,66.63945137988458
124.55764149353786,157.14890342097732,83.59060123435421,149.16179955863956,148.78271963775975,77.76975683956415,122.03368339228531,105.47686312027022,32.570453868617136,141.48932228921126,158.56834370241944,63.850619153321595
124.90003941503342,153.03734253430022,84.56601692850757,149.68967254872757,147.62628259068958,78.35060052730499,134.26347158667718,113.95082782835283,32.281408766326834,141.2985849469226,157.44789993333222,63.923855328329545
124.8730754677549,153.01456563258714,86.80284858373894,148.81321405150592,148.0603793574932,75.4935467121624,135.9790238208692,115.73188867897827,27.99524103050098,144.6891438459149,156.58442158072998,65.44994761245891
126.5653124084512,153.0816813230448,88.34304631594283,149.4016910024816,145.7947780389784,79.5725715761097,134.6033549544405,117.62699669519466,34.09708835767476,147.53996447518887,155.70488510338373,65.82257988069433
129.40748150441553,154.7609194599241,89.33906401305876,142.68053371501728,145.9758386601886,80.29366284228414,141.3626720282127,123.0651890537589,31.445443566649026,148.73620584984525,155.61832864637537,68.0360372461956
129.3688224660441,150.99345706615605,86.2464549124546,144.42751566272986,144.19983156944335,82.0765194722475,142.2516700151809,124.45422921090172,32.89628033660748,151.81204285189952,155.8440247733883,69.46369845119216
125.6109714413364,138.03850520514914,54.05174947061186,147.49460949725977,143.40773971504132,83.759429508268,140.8872116699084,126.87459719832856,36.81407411436058,154.1300122874538,156.12052990602388,70.88987428628562
136.44029178387677,159.40489663382493,75.72690459514097,153.25122699141306,149.00247611904032,88.52136867128297,140.54099187215334,127.97356978718702,40.90390318609871,158.2170409722209,153.88383739394388,74.61301416956839
151.57762052730254,164.9886463738111,25.60716350343835,153.2857465537276,157.66313843502292,94.16899093752005,140.799148078158,133.42943035233358,49.142716356777136,164.4324731838751,152.55233029636824,77.6730984755742
88.84884481622032,126.58190690857762,74.83466019106929,158.37905397372876,159.9240849861817,94.42676218188971,136.8841230036059,122.87723821580217,54.146595196722316,166.46933372933364,153.66487477071612,81.89631975771364
118.44076499590712,103.15522017408313,62.61460958767611,159.8371910313079,159.96789604979213,90.36890023369746,138.54380501987708,122.7410913257538,48.53426315176286,167.65428321456238,157.57814571940372,75.31262884720387
124.45111828704171,141.9055185627679,99.23219149392159,161.97500039280015,159.85619111379592,87.6123021593722,138.9009497668651,124.06271120095816,46.8760553545418,170.96535291123806,158.79852751911787,69.15707772234607
123.91828917652761,143.2336995838536,87.05583999087193,163.17633184606686,167.65094524627068,78.3012165088423,137.6634038718544,123.62927625446929,49.948245469821615,171.2046095568912,161.13948142303076,71.62060028435157
126.96093163905802,146.0897465744644,89.37824576328497,164.53335431929847,163.3821396706099,80.12853752597088,136.73075230335348,124.85299264306933,51.058815786227505,166.3173588977181,162.1834752944798,77.7401322132428
129.65226988960046,145.86300459764186,89.00967253266175,163.9195254343675,162.74316412760544,80.7356585373384,137.5380456710727,124.53595420908978,45.83732932165462,160.88970039978162,157.92402553867328,75.00484478562693
126.59402759037492,148.11306901203196,93.49279495429381,166.34986666693575,166.3868255376321,82.92458522483125,135.21654636932578,124.45324108520481,57.39829905468332,154.49409231687795,160.7524826157237,75.16423655831463
125.69451906633222,148.5438194065546,88.41655843283456,166.09768621635408,166.06798812585052,85.14142784609608,136.65031603821507,128.74137710452345,41.8531204494593,150.79944825549998,162.7178333300427,83.41252377901857
122.05469086441295,148.96656783025242,93.01904927594265,166.16644935155898,165.83664623930147,87.3933963161421,137.71636918879295,127.97271089069758,39.47972127623809,142.86957585482082,161.47830728238486,79.33147364966537
122.07048809522371,150.8110252212039,92.85894698611426,165.27001681245463,163.9680062843687,85.97894330982474,138.38308096993808,135.5182392966617,40.62142332592473,150.1707686998811,165.9138201730364,83.59651563733996
122.08054162384343,149.6486073506391,93.07727811731164,165.23358107852425,162.38098738924555,85.49970743186704,136.80529564103512,127.47803857990823,34.058278957991334,150.8048750087648,165.26299734210565,88.08892938321415
118.67476203209166,146.20125038005628,87.52594823483359,159.3917740231101,157.14173962324824,84.21600405595103,141.3372486601658,134.89538430445197,33.51171454517222,156.22883476426225,164.61954503474462,84.77551204241973
120.13480254402815,143.83645354000188,81.11404267039764,158.9972695453483,154.57376651498458,85.42327876508041,141.4085679613121,137.09727592991004,29.871337543410387,161.91144121709075,161.71513711945764,87.8598358709726
125.01297209901053,150.55263419123065,87.54994017948283,157.46456099928034,151.59851757507246,76.28570411296145,141.0106166529059,131.91708151106818,25.50715138432804,163.84336135683313,165.31026929477133,90.14740703540902
116.39675205044361,144.40597716198357,92.73717400166464,161.03154361469993,147.36867949495755,68.25556677985287,140.48757587924652,130.45838019050362,31.057368173938194,167.5310274951705,170.5438580043494,93.08213351021416
115.41697122827432,143.61239317815014,103.75201621509535,159.83593729795084,144.15550294129298,66.20257847231368,140.47062947942197,134.987550350965,46.94323570446285,167.68131577796913,169.41137179037477,89.71701635704953
108.63186442853636,153.62856117008812,118.09983997434749,156.487490860108,145.4945152242659,67.64430223984206,141.6448998625515,134.5733971927287,40.35409050202153,164.42845525809057,165.70347092428466,87.32005378136479
110.57611379868744,146.40632645863644,101.33243234497861,147.16376282918617,140.22699538854854,75.44947055088187,147.6334246816122,140.81932323007882,59.60476516734871,158.7130684540439,164.0740365435571,84.17081486615817
113.4270044432026,144.8282840355238,92.47754287130302,135.7409797374885,161.51486794060776,74.7292144815917,150.02282816509413,150.1784837639558,45.05519828168147,156.45031135389107,161.05084363437487,83.26367812592572
112.30877665089696,153.2554019148819,100.9812676860183,123.64765275505418,164.43522563291796,78.40981540863099,145.42788253725053,142.72270720433204,59.24939379089189,150.4292884651421,157.44408607503814,80.67560402482584
115.08375972994783,158.6792961222336,102.82521518596535,122.35577449057449,157.57965431733228,84.90263062432054,148.42644904757455,159.98435249886865,48.78792040918311,153.1907915268397,158.69560325989565,82.50545999579475
114.12059709448661,157.6565237736896,101.6818661294948,118.89272500873696,151.04464402786263,77.82206688133647,148.26794641552232,158.95857455065175,48.97543668621463,152.6253911739997,160.7807906741095,82.56866595178926
113.6879229283418,160.62913105166595,108.6090606376049,126.52361844974537,150.77134290247358,77.60766543689597,147.46141949373373,154.0516847235514,48.09006416341518,155.2821833712636,161.4912965911902,86.35189413489324
112.71314316083016,163.71093685060242,123.80820549240873,141.18972367004918,152.28001103852176,83.55987097795357,150.02872419774835,157.43717414088783,48.211646855004034,155.95991878827343,161.95785268230983,86.13088212634875
111.88768108225226,160.89952962917184,117.40093140590992,147.01989924298354,154.69846695704436,83.8184095843892,147.8735829963702,155.9709740344811,44.67171749205545,155.82023517876343,161.45364937562385,84.93299528254218
110.78123790246208,160.1300206023549,109.96527582859561,157.93876408177564,152.49175401753953,72.77502814480825,142.15966680961657,151.6616194632803,44.65504124201025,156.57306785127753,161.6278645656878,82.30182355931679
111.08749359314116,155.08887443087886,99.15638499384711,157.1697944145758,152.97672008553863,67.69709860818179,145.18822622643975,152.5140444586239,40.85220058320561,150.17327496233324,160.33872596731538,78.02520661137444
111.22225966794632,154.7662442592642,98.53781810626944,159.95901244572414,152.88083622542757,62.92795273666767,146.83716371927736,151.7002650493892,31.49703457868504,147.98731014380235,159.32062815607034,75.32861605443068
111.15362877488593,152.83619040371366,98.73425589122267,158.89159833277768,151.78344931093406,56.55264796290239,143.52125292099768,148.34804053263488,30.005629981429124,146.70352358667876,161.1901084426471,76.21536107691541
112.05499683502022,147.1741197068344,87.15346582392489,156.22352656054179,152.44499454544854,54.45868116208222,135.35806466922375,140.94002666939565,32.59517930373774,144.6943571178666,161.68076355098376,70.90387424324199
107.53737453956538,147.2069920279277,75.86391266239761,147.48437197284957,151.6520462606758,54.280215960212864,141.88456768373288,141.33925239496108,34.317500917569554,140.48328625277483,159.19956138527004,75.62644349492629
114.67966731597144,152.37764054306146,71.12953619299772,133.88787934360215,153.6651250328115,62.42336976946733,139.1417212642124,133.51224234735037,29.78073175597484,134.27589657271608,155.88048049401183,76.69195355231074
114.86515799846724,153.02162832264958,68.66279917747043,131.69356354229353,153.55444755044888,64.28175770973768,138.18910924263045,128.51329154251775,28.81456342796014,124.55969258120786,164.9322885389102,73.79909905818741
117.46408023140859,161.75993197056312,84.85815244557183,135.32828709021024,155.96387712987467,64.7470234301574,138.31197987719108,127.41020518106625,31.04620551098861,119.78197420654647,169.1952072526003,72.40485831707201
113.12039167683068,149.67216267079633,85.26736482171411,133.79211415603186,156.5208887351396,67.52546797039648,132.09873134179867,121.8073700339448,30.241325973468452,116.69369251721601,166.00099226669164,67.50420417688491
113.62714037521609,146.48987479055617,86.05471234088347,132.43943229494553,156.18752842232175,69.41956831052698,135.01732765632337,122.69794230569856,29.116689916416696,115.06965615675144,161.56108661024038,62.56846892771986
116.59715577261922,146.13779995660815,84.5161658029696,129.65361785425037,157.29143731500542,70.13805613879873,134.53050371519458,119.61884073357747,24.93132880309991,104.91770459845496,160.95631635430132,56.1456423168828
123.31085162900102,144.523385051071,77.94155839519675,126.28864383451756,157.78928261738508,71.43882790922414,136.0874310471574,121.889199127563,24.026147609055013,101.79403004748781,155.8350892245384,49.41827026505513
129.7571608878585,142.32225887562643,70.67150323573344,123.68463786655579,159.05789416301198,73.66462628146503,139.8021685657585,123.3277223927261,19.982841964763452,96.10448462982407,156.4586202780391,50.580476437249295
127.05089999597098,138.27924274936808,79.5157675930028,121.05643722722533,159.663149860508,73.00339270148422,135.85826705190624,113.1228927868627,23.75502507611118,93.12821369767461,154.4345993486254,46.64156829785853
127.10501349481373,140.49701550856392,84.16982936457578,120.07533580095227,159.31372754665827,73.44768299987022,135.98927603216777,112.5240248151773,24.587287538144114,92.07785648811314,155.50723275657282,46.10086082624038
127.07203658605874,122.71740257163265,69.05342512727508,117.41219683843936,159.62255952932915,76.1786531640867,139.3829763826672,116.96950932397313,24.221240318811635,90.26269399782056,151.22582789687684,40.613126549506696
130.4638534533566,134.08395933553888,78.31958464607564,110.63241516548655,161.4095014593106,77.34783880193166,137.2161016727361,114.36694484451037,20.6266231757813,91.97879834931001,151.81078887201127,43.286054399013885
134.69087880747344,138.53328850014427,80.95730353070171,100.24543739437547,157.6681151706924,113.95918952917586,139.27926364378885,115.46371117853636,19.902420335567086,91.27162284028142,150.89956560976344,43.16078196318274
135.66086888823526,138.92550796989985,79.62870361438623,99.57633677320322,112.7202583101119,78.67556579471284,139.86806593606488,113.98735239448709,22.92980827028413,93.09465430731083,151.29824925368965,42.92429993843188
134.8287233735461,136.09428353462272,77.26305220658524,104.98515588658553,158.00025976753074,85.76663671645908,136.8711360756289,107.73956836278757,20.485626080301206,92.59030689762687,150.1972989508103,42.65676144908555
135.21881032042177,142.92919534973697,85.91269638963735,116.3636043527374,106.6153972475615,93.47739762271644,137.12460034146505,110.44631982695057,18.938147840934676,95.18986411098723,147.08018728643438,38.89452973320029
129.22999385365583,137.0422235102662,81.21298273262069,113.55073049323788,160.89190645487253,84.11535704184105,140.97949250256036,119.354298277233,17.13215728050611,97.84091003856352,142.73549956068575,42.144088808824726
126.32905589968647,146.92696622245367,94.83060110261441,118.55611790076657,155.461841059807,75.5867799535559,139.80077044698984,111.02704802373533,20.12215745665425,101.74705351200753,146.33741900856128,45.71231114426361
125.74754316194004,149.7079938971887,97.7582308667203,119.94209688321547,155.6006162426251,76.69623066181062,142.49835081237325,113.65774204547039,19.61200471671926,103.94786082350704,143.52292910817184,44.92480266937039
124.49397630125188,148.20768781920327,73.63868439303447,121.55347280468497,156.59405768544636,76.13899983343012,143.9730045248283,116.4235554936419,18.924345831510102,106.73415931758582,142.37818729160233,43.34632222384359
122.83645880159227,156.7909003848765,88.04548101757915,119.79337463404705,156.7981968446184,76.05149063992114,141.10609705123727,117.11103013531407,22.247850828032497,109.05517676866342,148.36483255836873,50.823767763848885
124.22846227522672,149.6820603200734,91.85715511559492,126.61095102465111,156.5686852381786,76.51810640803572,142.71686376256255,121.6319383013636,29.169289040169552,113.71191026344027,151.2555004829761,57.41223778773886
126.87442302403751,147.83385198438936,85.68147440439094,128.95342323578598,155.63789006029748,75.38224266378934,138.6724737430301,118.79126244371155,30.00265749618747,118.30258435082682,163.96691958660318,72.64873821338017
123.25843930973369,147.23890374382756,78.55524659630744,128.0140434178487,155.74311786875546,72.78404772595063,139.0112193358443,118.27046607321996,21.88124152437755,126.09659503069244,160.16018540232812,82.73478380184902
118.22522177359792,147.9536288633988,78.08603725533287,130.7661077177169,155.05368832433777,74.43611975596399,137.13383454234858,116.7517210574733,25.993343674336494,132.64691436174982,163.2256817753145,84.62694817212196
119.38054651824847,145.99542061693512,80.47778309018025,130.50563099311069,154.5266821011005,75.87183932844901,137.87567515601054,122.1534494747727,29.794345844559043,139.22341044282675,166.5941312617528,82.5858687645974
113.31124275327034,143.4876417556345,80.41430487051771,138.065733365402,151.95920787202104,71.15190617655024,137.04156478271213,122.14451358787606,28.13521037341054,142.98710905209848,162.43256650251462,84.38070491544316
131.97235278405287,145.77074084489465,32.35853319541044,145.02947191704908,152.0739580079789,71.10598991152328,137.24942741924974,123.44955889522134,31.287459959580513,148.09450773828235,163.01363404591348,83.7981014513592
123.01882999249565,150.95963816036814,81.84283746766617,147.40829747454632,156.8715577652374,54.16222439930318,140.4378408374811,124.0025209904906,30.075829279042537,150.3797996237559,157.45515685783224,81.231939503638
127.82274748196929,154.35481936745379,88.54251586972512,156.15066218252855,155.49873305810144,56.545988817080946,139.2085789728228,125.33549500267776,32.445051342445154,152.92839060362937,155.19352814622258,77.43913669212873
122.63160137491585,155.28134002197248,82.46228334142529,158.33769327768874,156.0982132514288,58.09199505221168,139.27418724638957,123.42648017902363,36.38864625499134,152.78689742546527,155.76938894464254,77.59149903806241
121.85210452948883,158.3805685932416,85.18135653120493,160.62560436732736,152.455963561986,58.6528293281261,135.60007985654784,119.4391967127448,37.197278173758704,156.2642601245788,171.8757790238215,66.80030326564697
119.42628943505747,156.18726089437124,88.24126107855034,156.4878006752249,154.33175961216944,58.152590157837,133.29286256799307,123.51908227624166,46.140989055633355,162.08386729904606,160.83884448971895,83.18201412820486
129.8509779208248,161.03021885145753,87.83620441771521,154.95703307585129,154.78206537031173,69.29333312555113,131.7555812311851,118.80538640294472,48.96514536778658,161.7087331025926,161.02005797439142,86.6373199833971
121.6339505917609,145.16611427958142,90.74669040843428,145.2458398829701,159.19770234934825,75.92522072792387,132.94351771771267,124.5662114846409,47.77450542282541,161.31808186071459,162.58167654792487,86.12139011800944
120.91706518919963,152.00182803759776,93.14911650524111,136.87651389592475,157.49621120818708,85.85062086551137,134.06958555871716,124.05932546494712,43.07818779656641,159.30340611448636,160.61794844911026,82.91648964245867
120.48047839621174,147.09842414791177,89.94526260830634,135.0817529160298,159.815467665952,85.46749292265383,135.89765308494825,131.35388655227115,45.00029694847024,159.4445125029922,159.8761247530027,82.82366247765215
118.49165884301372,153.3130658737693,102.41885281796777,141.90532640017872,157.67396941747515,85.32237071673974,135.27698793071505,122.62804829526348,35.60369905930586,163.32267262111228,159.7896122219146,89.81129704977755
118.28292295323946,149.9224457435751,100.06904670920092,149.53138041697986,154.57447543359413,88.09401350294776,145.00020669286758,137.28133315657325,35.93239478820496,165.30766961956954,161.76816510287074,88.27311656261014
116.09259634395947,148.58157930586694,99.65397414735162,156.03502009365266,150.58743912725583,82.79758390626311,142.0297133314924,134.52477553111768,31.013219394147654,166.60026299484227,161.96745767626328,86.01080779207322
116.58486101028826,149.13397742530893,102.47851358690417,159.27525536115942,148.9372255301351,87.32253594988943,133.30999860500322,125.32017787758099,32.965154545530474,168.3313264046754,161.81959706142013,86.38651336758174
114.85398650886137,150.5628315363799,106.01666658951363,162.69096705844717,148.8749364695966,74.3845597530851,130.983075080992,124.51956939328291,37.94251156733563,169.76157497785766,163.1944924510562,86.66204626844396
114.8007050884052,148.7399649382613,99.17077765536877,162.89746699852873,150.13453616138742,71.6516434956322,129.15407546810385,122.98919377929526,36.267673374616464,170.01377911806551,164.3803036481676,85.97830535971542
117.38905415976947,149.08316320219757,101.81333463670437,163.3911416581691,144.99577510875338,66.12600323667071,127.43818355091011,122.76248873640203,38.208666599554384,171.26191673201504,166.3679276247472,86.24001198005
114.23237490259585,144.62809962651545,100.2895819684232,162.94803667981768,146.90925867813746,67.93396251308346,131.3254807501823,125.28513310998436,33.51866615557998,170.1402395235669,167.38026771883773,87.03096897680163
117.87779312771087,139.53281747935756,91.93022955779907,159.0191437825621,148.49579880744415,69.73418820319988,140.27132623335842,138.85216108978648,28.626064156940185,169.03214988357342,167.85544219412807,88.51619563136468
119.90433898201422,138.03242250147076,83.2931587462896,155.59198069979342,153.3536025478177,77.75839616284405,144.71392828090333,144.9511454949847,23.552770715546078,166.85227662596802,167.19270582621346,86.78475016008939
117.27882579554162,142.1078720833678,87.21525511781688,154.2844085434203,152.82459165277604,90.81954344720228,142.18397284801898,140.14263198774154,25.561639198597373,162.96300206023608,162.6628473299687,84.52025470046655
118.90786012054055,140.97515337808588,82.25608842450738,152.60783748705032,154.87858523236983,91.69294893421788,149.69813625683693,150.60684282534802,24.902959485447607,160.22938329489222,159.49261396539453,86.46204493707603
117.80792811183538,144.76472371872953,79.76688449719148,153.6027865038138,155.45849043151983,92.16499158623905,152.57755835152338,161.88415870279502,32.89937120886822,160.78805772330003,160.16542505416425,91.95540773349497
116.37066155153533,146.96509745708119,85.80010198436155,154.46315103428458,158.24748180852623,88.8543718567207,145.0637229565298,146.8314569287671,33.5779124310321,161.2581006351003,161.28004272985262,90.91914386911573
119.70215193700275,144.75138830674717,81.58379766237792,157.97318415706442,161.33826860060296,86.28329500196075,145.07201249021497,146.22607187257626,28.98650890116751,156.52025706841704,158.64377877209762,86.83469344717534
120.06942595065115,144.3822436789387,82.69576799643114,158.87947698634807,163.1345515793263,78.31347093964402,145.73840149631783,147.8456646445243,27.830709335120154,153.12371775033884,156.60188809856382,90.67397783289773
119.59640742557761,143.6505740102741,78.12672611510294,159.15196687446976,164.00220586066754,76.62504114134725,149.48721417612379,154.168806143958,29.01438211876831,150.02980911012588,164.07226486630793,93.94270341148098
117.93305376731551,145.17981731173236,84.76284938457164,158.56515144224844,166.37194463331667,78.71527292948483,147.3968867319232,151.3892892452392,29.649334061033414,153.8654062625574,162.59642620292692,88.54156107343489
116.29390520580075,146.00180832964733,87.73569301238898,158.40212271232673,167.1889024987493,78.65364007951443,139.14753684696382,140.84399824796492,33.89522323922197,157.44095492603697,163.52107807342276,84.14202821891209
115.46212909543218,152.43302265223764,93.55929918714428,159.49810998068762,167.49552453712823,78.5134611905876,138.40471620430063,138.5426408820908,35.06505469598489,157.24911898919348,163.27126022064732,82.00341342876138
115.06982825121347,157.6404393158765,98.73648655395509,160.4732795109945,166.5093951252892,77.72104873651904,125.44772764214132,121.15306924908762,38.185139525774865,159.67489066560137,162.64708873662573,80.2375721382482
112.05436114366684,153.0465718780251,98.03520008956906,159.93877925920333,163.6800763510305,77.93983443355138,125.00750125483184,118.41360246648374,37.09761345962496,158.08325368687753,163.28984811387744,76.90298017362063
111.37324898333472,151.1256393622907,96.84355638126873,160.01191818740796,168.1073378397971,78.55122611300382,134.0516798835747,126.074066167174,33.11838644879416,159.52712864283876,161.8311832382562,82.89204044646304
115.3050062716354,152.91154161275057,99.17695262497442,160.77813554891563,167.50062792309248,77.27771087716555,135.74483456693392,128.4845163055841,31.92588541421875,157.8634013227422,160.98448396144315,76.56507147838101
116.17490727148338,153.28332991248885,101.85013058248819,161.5465000752671,167.18618001007417,76.46307153181233,129.88098942634406,119.86968667189856,32.45546788376234,153.01668355370876,158.44255738695279,71.58388887970591
116.82355214585654,153.27254944032669,98.46496784887182,159.24711936546498,168.4457225804326,75.30779318390131,129.4263038742241,121.14105379738372,33.2147590840446,147.58265347021646,159.2986676357211,63.81324166340328
112.6885978069973,148.80649203253176,80.01841776276315,157.75094491821065,166.89561082823357,68.73742875403545,131.9995506839939,123.5464270331973,30.80161369831095,140.08690508309243,161.2609668258979,62.17871090478136
117.39308877526196,145.12956706183667,83.12994046658469,154.54621453760632,167.79977270718578,69.0235950070286,135.00286414401066,131.79573764320438,28.22111598988527,133.51916215840265,162.3142148814176,63.40205011803284
120.0097830148777,149.8933712484657,89.64774478698469,150.01299376179892,168.26394648463494,71.85648490933289,121.55186807121012,111.61642572168971,28.953550352753606,130.41920725255463,163.4993069224227,66.2291824032882
122.05100097433211,151.04922251964848,90.60520253261944,144.48905028597918,169.19902664860274,73.3340735978066,123.1549908715153,109.68662150137729,33.211782561028194,128.80105234482733,163.26929804493412,69.2489042587252
123.11961035885268,150.99711062566274,56.592676853912174,143.5090047798317,172.5464097318622,75.45644950328625,123.6532213461173,107.94913676310378,34.35340132320515,127.4410258643499,164.82186158164464,67.68403802195574
117.56361736041734,153.0287470444982,69.69410785140116,139.3133253941645,171.1067010960387,77.56141402800029,124.67679673018122,111.28238544100539,31.788565976749794,125.12029510711594,168.24542086356996,69.71237705387952
121.66397188829264,150.50210637552576,85.30366916342071,135.19159859466336,172.75353736962404,75.51688687600044,140.41945642991058,137.79285459428044,26.81788204998758,125.06092299022073,167.292689658885,69.33389542388046
128.31745000582399,153.34868436587118,81.80162628263406,133.419606270978,172.07702825996395,74.63254899810802,135.86278464502357,133.13389072361628,28.11276634549043,126.07921257753864,166.1673263931045,69.30563735903829
129.68027059849473,153.49930102204718,76.49041453296462,130.32947567560234,170.7674072914756,72.86595373170888,132.17675974738495,133.04276420600422,28.014959844279602,126.02634216614801,164.70197245750614,68.58809767466948
123.67915453205016,153.59709457315057,59.45573018860721,128.07777929152,170.0228706777523,71.15642094631596,136.7805280852824,139.6800607596717,27.832104430240925,125.90833389838126,165.0752076379214,68.49019720660482
126.55518357817708,154.53419815499373,68.48739337185233,127.13114855385092,168.6637509305671,70.16073471238592,139.19443739702982,141.74291775249392,26.127750655595165,124.91728079772636,164.66045907321922,68.07846729452116
134.15792093735047,161.38771082053609,82.8565708886082,124.54258434541704,168.92068544525122,71.31715710231956,147.84355514502604,148.37684057036185,25.61082304342568,125.40718374002064,164.66866291872805,68.65985452582046
136.0008563722112,154.6674832467034,70.6240666532647,125.9284622414231,172.03691605814444,73.97649944113682,152.97488729744802,154.2646773432848,22.435407054190794,129.48215283821875,164.45056983885496,66.74971710195867
129.29868184572476,153.10042843301218,77.64109485421992,128.14000544923664,170.85943177322952,74.14446361493036,144.34800321017252,143.78521836553085,28.57601896625389,129.8792295370572,164.75122727871076,66.41128798846331
122.17672883904577,150.51232857851522,83.21552163413844,127.67366804046121,170.11285588283198,75.1880201644271,136.0772202629373,134.53311197701808,27.11387253576839,128.93626602664486,164.51639638453426,64.96474695965063
121.52641847531599,149.5406624880448,84.49966417262368,132.1308832425997,168.7403533209032,76.89040059428176,135.6132327002284,136.25068196292372,32.81761459708993,129.25049761327978,163.98959617487785,64.78055746754242
121.22883580022557,149.9981835019115,75.57703445660844,135.45195241713745,165.79545443207078,77.97976736388783,125.57789600673753,126.42380968349069,33.04236368431124,130.4309512629373,163.16920958830474,63.71401556109906
119.75801425024922,149.18969964720125,68.216352438623,137.84972556202985,164.0755647762544,80.34014991379736,121.33873554458968,121.23332944315648,35.221772656968184,131.13481915554723,162.84205766694922,63.114128562139506
119.26215270331494,149.61950545051587,81.40377311871431,140.71370480463725,164.25863859920827,82.04080623926976,121.45578357538186,119.09847764592335,35.22315511645561,134.6671486938938,161.98357073288304,62.867744489313054
122.23381279015624,149.2537407471175,68.91897438027972,142.29546158910992,161.4352434943535,79.96315989997625,126.41726720177076,124.44186549366128,29.508089184549952,136.4895308766256,160.77835473057368,62.72028786162194
125.48415772332847,147.614348385783,68.5802993600989,144.87182446281585,157.9679457234156,77.23989830351584,136.6994705030804,136.6068128600436,25.097439403621205,138.28379656791364,160.23603461359863,62.843209894939704
125.04573863895827,145.42861574488649,69.53891332916497,146.98334938014202,160.50674053649962,80.37023054781565,137.16280297005727,135.58512592270733,25.469873514942293,139.28246326850237,160.8620041380847,63.484949674481065
124.75320582542206,151.73926063848086,76.64408218711512,147.83283019912943,158.57329682360609,77.73528676682001,137.76204011857914,133.55828185096408,29.187906153048782,143.29136313531566,159.96017473711524,65.23264693190457
123.03418227094467,151.24283734016586,79.11969924698897,148.6939181570487,156.05708221398018,83.12883573245288,138.91715013326748,137.42677195135468,33.23582085928885,146.8030126021897,160.361548967324,69.40455998938326
118.87586150788258,145.7497225513836,82.69463369733543,150.82744680180267,156.79178403681473,86.38599972914928,142.76305492162706,144.24900871046043,40.56145529736822,149.64535469307773,158.9857443792724,70.93603619821373
115.92983038678405,145.1644150069547,78.26476998344121,152.33885803440876,166.47539579188066,96.57291677751309,139.80396833448765,139.11265458314548,47.25932774956852,153.43175816708944,157.2268102126172,74.0889475795402
127.99392173109753,144.30577291905496,49.17135808211281,154.06591815886398,167.4857547304338,96.42709584719243,140.90528238878917,138.25397667499828,44.10092120218837,156.31181665204227,158.28107797003872,75.43726011834053
126.80015399514599,154.1596240352902,71.25536079902741,153.37791008916534,162.72428135530686,93.18144719952673,147.31160925180703,142.61094105692746,36.002024163950416,161.72312854036446,155.68106219724072,76.64809934434248
117.28704267223002,150.89744392337246,93.03391051643419,143.33584825614932,159.77365061374442,89.01070361827696,128.3780068007066,118.38410452337303,36.82657846301375,173.10928336440614,158.18702438775694,90.10010378061611
118.90638816791069,144.68654876802182,83.48448416412461,136.34853496100888,165.37881597350997,77.80413005205492,130.57140796284062,115.30414351069757,38.86267368678285,167.75784032072815,134.78276467458258,69.79675133249194
123.52655420404626,144.3153104396483,80.06136539148771,158.10933181922238,168.1953455976135,76.04818675443495,140.03294243994006,131.2478123133622,39.649228316203775,169.5502024459198,143.8038262463005,69.94127770324006
125.9069076354783,144.4456040506291,76.6898237436546,163.18634836265076,166.53181236189732,77.36318542959526,145.60431965538993,136.05003774984095,38.91285562717539,168.75687893831983,150.81692744215385,76.08229617689194
125.65887915441783,146.7688406654501,85.37584703566984,163.30973704262638,164.69466311941946,77.88193661265306,139.88414072075093,129.26498282026944,41.0040061266319,165.19408766038526,160.69282250216963,80.57045269120067
125.9303152770536,147.57749212105185,91.90895173999066,161.150701204164,163.39051404889884,80.21966318712792,137.68049686007964,127.36925936704452,33.47848564154689,160.64405607765323,160.10210571997786,84.10580147694688
124.88828939280265,147.08890327498722,92.61025076782452,161.88268374239672,164.38424751281653,82.94648808511427,141.01569689944932,135.0299616360682,32.51074855536398,158.3041007027396,156.87211613231244,83.87076155233721
123.66110331072605,146.29038076299443,90.18700990509699,163.2186709772089,162.83518123470736,83.66539711813734,140.61534951564064,135.5182832122309,36.79135472022028,159.22880773659728,156.16726018001864,87.01879128253705
123.59974825715737,142.74307614292692,86.48402787593525,164.6326458772448,162.1437870429753,86.79438407289327,145.26436774882626,143.13342817013705,30.75353644121784,150.5611409606253,156.74949308621126,78.96472458586624
123.46364550128207,142.29628040160054,87.20437807121674,167.9801028351977,167.53450403297703,78.62828319506772,144.1066348906834,141.8939310846607,32.31654514937373,151.92569525149793,163.90612995777659,85.92198080062147
122.68111808008585,143.08325404686602,85.33095129467235,155.18680329113812,167.25694581117526,83.19139401972285,139.72448318091534,139.5000607723922,36.64521889147513,169.35462739200008,162.76471876840355,92.00546284429882
119.18401650966918,142.3480771675549,87.13711251246151,152.9984417610673,162.97911648529248,86.70888875652258,147.09793071484637,150.57183558634907,40.98765418431881,168.6769744022245,162.6694398441862,91.7128074439746
120.62777333308756,140.18403424323307,85.08580669171641,155.4007577196072,161.28447764412863,89.58492547793617,147.11187113784808,150.5558491824939,47.22871652598477,168.3092297500684,162.96886783469145,92.27855626551198
122.64271157810481,137.94098885732993,83.4698401877874,161.09866635997454,158.95608422165117,83.49648356574185,142.78182465017846,145.78654866876525,34.459814260756914,166.9156810859641,166.04522009473203,84.88664912741999
124.55336470558535,133.31676103043435,80.81738859259636,161.45301481121518,156.87839776086327,79.26161121204485,145.04806169914784,150.5430585008843,31.946283672127635,169.0219350843239,166.53250217437528,82.46283038820566
126.48464582844365,131.22347751180956,72.44754062189787,161.76151223224448,156.80473514392847,77.99958356870415,136.06162542520488,137.16404559445186,33.30443071143744,168.10028776055387,164.086073394897,80.70637423195319
124.5059458110675,140.0720597307628,80.19406773325156,162.76334199894995,155.08932212462037,76.18180048191464,132.23282021374766,128.60788224764414,32.2908925064233,168.5905137429714,162.14667418042336,79.60707473986342
123.02583280154742,139.9680212886368,81.51175079990013,162.2013887319829,154.37307018255413,75.60732150452343,130.64490805716784,123.74100621605785,31.407097953730815,169.73633669863764,161.5860627494252,81.00023944225322
122.16253259713191,139.35863147270032,81.00336285594904,162.08375386966367,153.7325073753616,78.64548266138722,139.93085582048178,137.9371902574532,30.149635479979946,172.20297464409032,161.95056918637886,83.56776775201199
118.5763973545543,141.2664595793237,85.65240847339314,162.77614720804738,150.01198249355343,65.14084469524575,139.1271011907637,139.96921404361393,28.552243828630832,171.58249373669477,163.41727479120843,84.83172217603192
117.54592153580468,142.64320667207812,86.22888355876097,162.24102059071262,148.94842321708632,60.30496558059754,137.99453173701207,138.07531308788413,28.101251164560264,170.05022216213814,163.9507026180427,83.56660492936287
112.40168424310689,146.6289228438136,92.73155347473693,158.06369240345907,147.07541942396497,60.88700307205123,136.26859623851757,133.58178079774433,31.726082509415885,168.85791104025117,162.9493783482464,83.16621681077662
113.99568282705344,145.86586998059227,90.77674143200582,157.41126551152828,149.66399355110292,67.14361397130565,143.03585837315055,144.7718861864244,29.622828337343048,166.9444922645627,163.50339598669999,83.23420983970806
115.66881216164786,146.91219012906066,90.18220509672439,153.63245806362352,156.08074309950766,81.79737820049557,137.26451541888684,134.09142456999203,39.56956959977391,166.96649937003116,161.18017302370467,81.77896271346957
112.49450499765656,145.77367472759627,91.41451980631396,150.408454306133,158.81901504555745,89.22310178339536,131.4592584076784,127.1667034980328,43.14180324939733,166.1326799463161,160.59373650188175,80.23341648764229
110.79630741504134,147.29440291643562,93.57050224924049,151.69994873617063,158.0694819146526,85.35256952648592,134.34251095588166,138.144093305435,75.04440430726252,165.86542562177323,164.92216231718592,87.81554062907325
111.52287145987394,153.2299242560337,101.71094093382983,157.41807716826014,156.9666364460384,83.96363754413,129.4045668394309,123.40639033558959,44.62415725105139,160.73132986725992,162.0691625371681,85.20545483061882
112.76151290825158,156.7968641436982,109.43073612471828,156.59736695113625,157.75544435996594,82.45356413103268,126.528478337867,120.17287885550721,39.61809810673492,159.08430624528202,161.01027957495305,83.390240937375
114.61369886437382,155.60512367707256,109.86153298865801,153.56603603860788,156.37669295190767,76.83338797455673,127.34403907459574,122.08648671731868,35.61813228488692,158.82738761892625,160.62295431021911,82.13018403032322
110.39778488187434,156.3379288426437,106.47783941126345,161.87201641923616,152.33315236851436,64.89118668321746,126.94725508911782,117.91889239248496,33.20178958083714,157.23195165118892,160.89152222822057,82.83599683912604
111.1777166821561,152.5837361590868,99.63886970417505,162.29692236078142,153.38791187654147,57.507168017523234,132.12772346523735,125.10130121715802,31.94343198798956,155.15641065979042,159.06034028218383,80.73725941850286
112.11684466028115,154.0508231991338,98.14247007726549,162.92574788024754,152.90405962489487,54.46870523112163,135.55286201960328,130.4346130225753,31.680718206946153,151.23354541058947,157.78901126435403,75.95821176984158
115.02353768751634,152.3235701569225,81.82655059237024,161.38185377324106,152.01976887362886,52.57390244647424,132.95659523868153,127.13740203147069,28.24300068927588,150.20299495605892,157.7467284242973,76.56432311065156
108.6131355093391,149.43000226593088,85.20467146877415,155.49836538454346,155.28282904052554,57.84346405422234,135.2870187384035,125.48326531763425,30.31804491806144,149.70549462147997,159.28832119223637,76.97945930856584
110.27583255006107,152.89201203502046,91.65708529489602,143.66364502688663,154.3084682106062,63.18327518978956,134.50772178493716,121.62330814162829,30.148668723289965,144.38412440229018,152.47382971588922,82.83222767619337
111.16993507535639,151.80871555095578,88.86704203908502,131.51591177005912,157.8716689028306,75.79151212568216,132.98431457657213,120.4607324841773,30.58109283895731,143.05610080448824,160.5783683370439,75.08925178968484
112.21203531808389,149.63576178683616,76.01449741053197,131.15999588593394,156.93976188590915,79.98366491543523,134.336556084133,122.60269896629225,31.99146317240264,134.99277246736608,157.3257998263148,73.70966720396359
107.61466925122734,144.9769987264609,93.11234220142417,125.17383893880138,155.49012576702907,76.26408205237132,134.03155320250357,124.80778737200541,31.464098596159204,129.1706916498641,164.02727748214937,72.4938291856706
101.36296334076573,123.91970080586184,72.07993948952303,122.8163880319269,158.61244335193908,78.88097395304749,133.09113449603046,120.57979199041031,30.44973722646509,121.67946080908891,165.02329407191743,66.65231266811782
117.03013198458615,139.15371464799745,79.56474111415743,121.68684770012756,158.68123864705538,69.89113967945362,127.93291366707257,111.84284508718686,28.064522535750903,115.2101212296031,160.64259829236792,58.69321724448388
114.13496749859993,141.15514735167963,81.99423230143523,121.53911460053344,160.12933791577774,70.40581126461154,129.3861367719689,111.68071745130939,30.080229158391898,111.67459728795716,151.75039332372427,48.78975026768159
117.66095217183617,147.53408736828123,89.95891155584748,119.37634178899329,161.27442026798923,72.93513891772979,129.62745761769418,112.73498144541067,28.369629986736957,107.72892608771674,140.7572481834763,51.709330523201565
117.16959213746021,146.52254936171377,94.67187135113285,120.81113969953935,162.44044138576047,75.7647880824068,130.95687633924132,111.30758724945038,26.906136182241532,101.23952488098091,153.2901273439925,47.64101596376362
119.2119287566946,147.8238934807002,93.38572004291294,117.96524530616792,162.15422755347348,75.77338420400157,131.93584060885576,112.47490503217065,29.309089317023062,97.43937082493214,149.50121032292122,40.573037340467906
120.73423880363278,150.09754643902787,93.69544849854313,121.36396223735525,160.22592071462125,72.81243108363275,135.6645984620423,118.77217577316192,26.522660598319497,95.96462621214322,148.8549464440192,37.75940511433992
127.25421499482984,150.05521792354747,90.662671864351,119.95370326016484,160.25314642031333,75.70208601911364,135.66030442478268,119.53821598694493,26.49708478198532,92.2697231422571,155.4483081925864,41.072233019629344
126.29970688968731,148.4679421253654,91.3515563195546,117.21679300183925,159.97678141161256,76.69545087959412,136.5808542699193,119.28157183475801,31.4436074838255,88.80361236921526,156.3912807566236,40.96178361962839
127.48994005260283,151.56488372609252,95.25919263922968,116.07023775353872,160.04971098110192,77.05349163437879,134.31220081708767,117.69218366659872,33.03870595284751,88.647841393544,151.11758680257572,37.063771343837296
128.56573757539246,149.4740518061706,95.9345957605388,119.44752137596741,159.43627383262742,78.65154842234449,137.78372476850416,117.36757131294193,33.69585722712396,87.53403654845565,148.2243408253921,34.64527644052282
128.1753855415574,157.70721929721222,101.54869770911172,121.36975210289702,159.8219168078567,77.94956153474327,141.3102621178316,121.64739003209066,29.744302173572667,87.8545382309286,143.78990428739118,32.02823062388507
129.61566874070945,145.72873672048104,88.70958692550931,118.6837557112502,159.7499847167117,78.01165297391954,137.49029657140392,117.70137271415729,29.40232669383173,88.23620119424655,143.6147345925855,32.57149005992804
130.53994816089667,150.54863930669146,94.88634991412998,120.3892401532069,160.081403060532,77.39592834812753,138.1727853154325,114.11274573110292,33.69198535782005,89.47388703556685,144.08626582874626,33.38502400915357
135.22047824196864,149.2229453627531,83.18301833218209,119.18884124090508,159.94675555020723,76.38236018039285,137.62370737113372,113.20090907409057,30.136674979044905,92.2354227863101,146.11380739079345,35.05609168810263
135.76368734437276,148.62836446216284,79.92561068894966,120.02699218277081,160.8848726199615,75.59592328700822,140.09760671011608,114.43214343068769,26.28044438584823,98.01106199997423,143.06549138722556,36.11069899677836
132.2184372618835,153.5991264117872,87.91221321981463,116.26014630757912,159.03496505810287,71.056422902101,137.82507046235332,112.01557600165938,33.02380878713934,102.82358834092034,142.5471636520794,37.74340399505248
130.58355285168167,153.31768674662862,70.02752805341146,119.52932403050212,158.7282579872353,69.30091120571834,135.85421314623497,109.23364305248313,34.6661923702348,103.47771877037474,153.1062149384644,47.302627511292805
127.40086458725942,150.24540912890382,74.2565924271847,122.4690305005112,158.3219733481807,68.9039013135374,133.32455240619038,109.5834401153862,33.603901647892705,105.8506501969542,158.88532403359434,54.11558089622148
126.21073300473856,149.139728059605,83.73597902491471,128.72194288784556,157.59674128814132,68.36784857746454,137.29110328542373,115.43375781991628,37.73019657327945,110.69983357571739,164.98949557714081,52.617112819450064
128.84044974106072,152.1766511993195,82.58219985516685,129.51109513224785,156.23606482031812,70.75646667996052,139.48680434908033,121.43877207656823,31.856485339365545,116.3649758659761,161.73856271787216,69.11493845966119
132.4060351838235,152.11330182757354,85.00764973175158,133.20088549150555,155.6637914346187,72.21057683127441,139.6629825389325,118.45079253474425,28.1340815276746,121.6661999954023,168.98871868424635,74.80104835207153
128.6820468356318,150.65048217234158,84.76704906473297,134.25227201472643,154.76392329134418,72.82797176229853,135.80461213609485,120.1460796602227,31.971033725778327,127.20897694708074,169.36029336862953,79.36933601778325
128.68283834906086,148.26814790460375,73.40093141758284,134.35497002846006,155.56837535896906,73.8808365820837,134.23178648077595,122.03917755201887,31.59907023178037,129.69242700478267,165.6184295651589,82.6107533234087
125.67999384130879,144.47810847903023,77.05269463940674,134.74178544254087,156.24657334659008,78.84247646273722,134.0380619110804,118.36973282539986,29.737323957687433,134.4226389628623,164.6580671890054,77.66779034372038
126.66654856040687,153.90625712498712,74.31146425486897,142.2638326188317,155.71826426584474,77.82406583518883,132.87495795942246,117.51393815230963,34.1675273204531,136.91304381789865,158.2589542422185,75.38956451848296
132.39844011168563,157.91991241522587,71.75672263015312,145.58316315099123,156.99055537264127,73.73801346414042,133.56171137080923,119.54769189475667,29.57476522384033,143.7066268655747,158.79685013889102,77.50434526235308
131.71266527021984,156.8090223554415,78.51145383071534,151.3881582213684,154.21505237403213,68.15919365463327,137.42860376004865,122.56029420716983,34.64657942939873,144.83999114248874,156.47736146029317,76.70802569727498
125.53992125242952,155.3758344362593,83.2106014773958,156.97887819082763,151.73725205244193,65.88653502297853,139.507678605615,123.37259127591946,34.60250921860563,146.18340959758652,156.64740014997426,76.88286120814874
122.54452691279516,154.82832684086588,89.60774452595122,160.35701522174367,152.99475231297978,63.507032558753025,138.37972489124928,122.92556037265545,62.26434112110986,150.55133798243367,156.20440661369915,77.18500753101578
119.3757075263397,157.26631303275863,98.36048170323511,159.92358488851437,151.7191344616233,59.93425588358784,136.42979824236107,121.95735524305233,42.722216116713874,154.29353760160978,145.51325913753405,90.8277304606524
120.92908095125915,160.9784899620886,104.88216976206748,154.21406383991854,160.18445085045778,53.219008520575514,133.58630774939914,119.25652717908733,47.94842666895936,155.94759255323953,159.9295975314545,85.71020020331217
123.65547899228224,155.6968861463736,103.47663158098058,147.92049265400723,158.23719628904067,69.06170654650636,133.5644067324289,118.88938839813629,51.07108761485992,156.87834748342704,159.74893118440227,82.25803825759473
118.17644430735561,140.84182012632667,79.71118535863896,138.8993466706297,159.66386045416817,82.20459167957841,134.76584924572452,124.74907516936362,47.52860896617811,158.15333958534035,160.0438905900554,82.99326686100359
123.39090266664792,145.09437234656983,87.16534087532683,138.83237732539592,160.6807305053353,96.17272109223696,136.86673065230727,129.97841202875514,41.657634300110495,160.02351727894978,161.6745857341491,80.40188388955835
121.21243818349268,145.40319914380058,81.21062355952255,141.23361986693124,155.2885995341579,82.1934344672893,146.53018369044995,142.1452885221233,45.85625007044002,162.45330045216582,154.50746604403403,85.87846623762245
121.65415428396018,146.8070630710834,93.35321915799732,144.89024299394939,151.67022135096482,89.41119136275546,148.2091022073445,143.63891726091595,40.13031449813065,163.44552481416952,159.357457981342,85.12942553089668
117.35568049347684,146.71414722233675,94.00955768415587,153.1082896108709,147.71458278256821,74.81347292702598,145.36942279677413,149.63109790649884,49.2041069549804,165.96840390598854,163.96119852179424,87.48387984363792
119.034144790137,146.6071408809031,92.85344693697616,158.41339255866973,148.7184492295481,73.4583122976834,138.68251938921952,138.46584555353783,42.79408622634254,166.53254621796313,163.4147241195305,85.99751607482182
120.5690705620252,140.72689504573145,86.39456292524058,156.89562090629067,154.30922510157558,69.95612362999653,137.1274488014543,139.48659743172266,37.15985270693048,170.08447222481652,164.50332125306775,84.89450568678535
125.1298941094673,139.2195033272149,81.41800673648856,164.21307132854525,151.28782584843086,72.74781608542963,137.68164372171157,139.22350652809462,30.664287859263514,172.11749509090401,163.6905617966641,81.41579423130155
125.95354361597354,140.7251318149083,82.77992864072,164.87291474939803,153.8136227726168,80.41659573681868,138.45404770664774,139.03248073099257,31.175517584460202,171.76248547049565,163.05391293604893,81.97804610701746
126.51406212805776,139.92137190739217,86.1854511942329,164.17891797988716,155.26789624985378,79.9985576432251,137.15457518541405,133.86964518439493,32.26633010974746,171.54859979574525,162.9861259633254,80.02568658430164
123.004928623303,141.10069251535342,91.25049842265047,161.47207675937304,154.6780012289244,83.53055696057773,133.91982479905477,128.54974717649034,35.00086327557605,171.3508261918297,163.4093613744252,81.29005797625953
124.82381574270666,140.1856497990657,90.40533801664957,163.71073304262276,155.06934223335497,80.06956492649437,137.13347556944254,134.3562496572322,34.21876710556625,170.446129305998,164.32607281760593,81.07602931607074
124.7624615308451,141.8580048121194,92.88837999434394,162.0729689423825,157.89489282515842,80.60620579293254,141.38329714236497,140.56687165929034,34.67992644675948,169.13243196513554,163.32209660737092,80.46345015816003
122.8668515697012,147.2691313538822,96.76699758522982,159.88904478850426,156.95203671878838,85.7558601510058,130.72917401727386,127.59418140092454,37.004838627326144,168.3383080063968,160.00146600394294,80.92598783533548
123.09560910953779,145.10385935209962,93.83467859835822,160.8184283163325,157.8529296988183,85.88717157087554,130.96105954141535,128.58391658076346,33.661580635091035,170.90112699212207,160.43356922433372,85.82674962513931
118.90296657583411,145.27550809184842,91.79279488226587,156.506031056378,160.27488635975865,86.4546657652578,139.70656243568115,139.10726101482786,33.359139633404524,171.4683779641534,161.17902905308424,90.8556400686713
117.32525838760363,140.50529560096385,84.72806962097788,151.09028156043277,163.86210092229663,86.86813910873173,136.7558772896442,135.34476369443317,35.237364487225356,173.29357025859778,159.6462620147926,90.7383247658846
111.26136471978387,143.37284175381265,93.63208915063886,152.1986158589468,165.02316514684549,86.9169790858591,135.84159447387967,135.986353755559,33.070969816427805,173.07131690074277,155.60335508961606,90.59744979460807
109.21765730715106,146.21174051889292,99.29457144450996,150.00008092024962,160.30595499385518,85.15256022573939,140.62950614335924,142.05434696515906,32.176232097905384,172.27577277353663,162.67597190244337,91.46783471473981
108.94059615652856,145.23441308532037,87.85582690740966,144.13617264625003,167.37769548048104,75.65747358612278,139.8397367095854,140.3307115566879,30.842893757105976,172.8588196513402,146.61111547784537,76.62127631560747
110.40496067963117,145.7526319337461,91.97841047219143,146.2399606165391,170.4334755016883,82.83936754709178,134.1046072075389,135.94173159400424,34.87823300894266,168.18520938513808,153.97484705803578,85.10120915102554
110.7667671902902,148.53953894067448,96.39217601408289,155.08947324753174,167.51671130320022,81.89352925512401,122.3502842365997,123.46416157614378,40.81961284725849,170.81222743026578,155.53671163209515,86.75184211261252
110.33454038761407,149.05990738193267,97.14088022731568,158.00309355756627,168.61093293047298,79.8414522380107,135.2442849649935,139.6475967339815,37.57350051466229,175.63599843352108,157.55748570789186,85.29220817466462
109.07310595239672,147.87819005819597,94.10504264194384,158.12620203248179,167.79322455252918,78.6650242851793,130.63794384905165,137.29634806456315,37.4139642726111,164.03698346409723,163.4962273443361,83.9708513352421
106.33646748374196,149.91157116790757,99.75679437122909,159.7433060923354,164.4842536888094,73.89593956017428,114.50027389958115,117.46783769732781,37.78514907306923,159.24403797788827,161.55223373512914,77.07633252269494
110.05034883361077,150.15958747009824,100.72343632802101,159.56491845831655,163.0678020067848,73.82576931146585,121.39054416860029,121.30661938865794,35.446997824993375,158.1959774407798,158.17015635367017,77.84294031679727
110.65122786461932,152.0860257466661,98.36401605540186,158.29594530263174,164.63572058113272,72.61091878546983,120.19324658361671,118.85027532312189,33.48047211209338,150.68054144406713,159.2124382987382,75.34182705961506
110.79108345852549,155.90091773441745,96.23179894992454,155.11219926220426,166.4907989639396,73.46965187711834,119.93943147147732,117.95553582302168,32.490720949454975,144.54261084416422,161.1961759550735,71.56448630875877
117.01194057144569,146.834534560894,82.41979761553715,149.34870623273568,165.10335303844025,77.37203082639743,130.38920576628348,129.46143357555678,31.8683858996919,141.46116593266458,163.05797461063005,69.87532537474611
125.7038806765267,151.27549464902793,82.14565848082168,142.36999046493975,166.5176227563726,75.29120992887478,142.47245407402903,147.33885536917512,30.33803045632032,135.1857030638252,164.66459940280944,67.773530384435
124.42869281951235,153.11454962143148,81.12798259323722,132.25302681553276,162.93477786667583,70.21323057931286,137.08385259248385,140.14299111423327,34.93602568458459,132.52493346357005,164.14598721860946,68.09660150815496
126.89270585261656,155.91513822051724,71.49482184055486,121.76376414356966,165.25420946820498,71.18176295331475,134.90096065737868,141.97032064885434,32.14578575215022,131.16695349848993,162.91981041186548,65.2637631392767
118.24679115327872,148.35913110286572,71.21610412907647,115.59502454822143,163.42861034031543,67.79879442486805,117.34682497064284,120.12152355272778,37.782751567483714,128.7942221088235,162.85835607677686,65.14890762232746
114.38024206498434,152.57519111590986,78.19585437582208,110.80542344257984,163.18735222925676,64.92367982254058,119.75118502032335,122.60474907529323,36.45019618296998,125.6457911257835,163.563138521568,64.0078745032192
103.12293937640604,154.30128667975572,89.87235749251558,101.27392470967266,143.60967441777404,60.78391328472586,111.0533509336224,114.65553573600234,44.180369390856164,120.92860411049907,163.22151192040144,63.17640537831652
103.77160501762228,158.58669007248966,97.75282493507895,93.49393778198431,154.52386258541924,47.13888734333481,108.9584620947182,115.59205607226303,51.352839526800544,117.21540158372875,163.24341193993598,64.69067590599266
102.25971120292049,156.54898735840547,115.5208620412056,89.97158022462338,160.56075017050577,46.996840254744136,105.76921763899607,116.42174112751076,58.899772912010356,114.9694668953457,162.00479401973726,64.10492139516438
103.33582212956688,158.95541911549375,116.33433996381457,85.22159579587668,152.71612660278592,40.68918282566921,97.74820060557965,115.67314021047993,56.53962949692088,111.60941952346754,160.3846601012881,63.03956783534886
96.17467177456487,163.05677198379442,110.25740179854968,83.65331645220964,155.94404796341362,44.033826022459586,94.84485539244207,130.13113763571627,79.73424705296523,110.2392389676252,156.74307161561586,64.1352300958094
100.11251234544352,153.58664981576393,100.69802323098295,82.75492113910589,160.72414691577802,49.98176257520193,101.20414140811533,122.32816287656696,58.311019193079815,105.32118055164258,163.5800819838339,58.218842388653215
99.11321464185639,154.0576647504025,109.95799256569461,88.6732522442856,159.47286165682783,54.36068528341525,101.74497302746894,122.22347825229441,53.59923278349161,107.66644526805332,159.3202814990814,63.400603539930565
102.42112388996773,157.37942161964983,95.8939514568324,94.00081816631425,157.48985986288506,55.70635151610272,99.86668429918691,120.74895564385565,50.14450559462342,108.4968479142251,158.21586018121025,64.17856372308322
102.7010888858989,158.56982478028812,102.7241847624347,102.25505741078035,159.79695545945953,64.67092752028599,105.01367553342399,120.82140414792329,51.610373574790316,111.81397578964442,157.2925295794988,64.0048330543532
97.36806626996139,150.60554332629061,64.8014550521505,114.7624414721367,160.2022866353714,74.12463488556608,96.91690738861634,119.46570853311427,45.97612232106443,116.67516309483646,157.16495451014714,64.36288201714224
96.53487915295827,146.43278341085227,68.18224414600222,123.96258930535305,157.88867657687481,73.08380466713915,97.60168453622933,115.39297834679931,47.58174538082465,122.2283114749263,157.4714992751436,64.32012828904195
103.62297701670617,149.1068149763828,70.39862705718328,127.95543686731276,155.86503635247678,74.2115056258281,101.69266948084665,110.48330613708025,47.179442950977624,125.81988373337936,158.9821669851153,64.78738019728594
107.11775289883302,151.54675110869135,72.3957485538666,132.62456427094227,146.90653746388256,75.49040807792306,102.60255747633416,110.15082105112498,46.06267615025349,133.31260753576305,157.7435877169676,64.66187340294626
111.93559510129828,158.46437346771637,92.13674922845547,128.2633275800774,144.67369712162272,71.984356483602,106.79947413044468,108.67926576650302,48.87843871343098,139.50655111507479,158.5978874012712,65.2153409923504
113.44360754271446,156.38425648060036,90.501312420574,130.8015887634814,146.21593566151827,72.3295764870736,112.15366384381619,114.4935615332915,41.5853582193479,143.12604828354952,158.8532723042934,65.31807023088128
116.43773082319224,160.08802317129351,92.57938775420334,130.89736364976724,150.66086609398727,75.4731654072846,114.98663876156095,116.79284041774801,46.46173637406142,146.2665386386549,158.59006234488592,67.05673457583126
115.58193987306582,157.7578680060925,93.05404747267004,130.5927688347174,146.97743009527156,72.78847985156506,121.94699871954687,121.28634831710102,44.500491184704195,151.59562939737438,156.38739288949506,70.4851288422539
117.55961941506364,154.99228339543316,95.4819629704378,135.15971174635862,148.30350433633623,77.61271603681958,128.04646048478244,123.76354948954375,44.211824634886554,155.00340516579485,154.83524557907862,73.74100682764022
121.03905329419574,154.48015416575987,91.00916161233302,138.14648767948546,149.74951485424057,79.17997426278275,129.49921310462747,123.33390577356508,44.125423916825774,159.74714881867257,156.34961195396502,74.68418964772394
116.32734055006149,149.79467220088625,86.48433958421862,147.8451366733545,143.9727118367334,76.2744467230733,129.96950225121108,118.34517427498825,47.22919109113792,158.0851841848874,156.7296730121783,75.15980595175259
116.43566103931995,149.42559011578194,76.66567633086483,149.26185639346912,153.49681353952505,74.44608626351011,129.13302995665433,119.40064669068748,53.22638446206302,157.9777858021576,155.26923486762593,80.42136366926312
110.22542450720772,143.67780946960522,95.8379817421289,150.9572749616266,154.3354586901505,72.9337813035072,126.53469841453253,112.32162776373468,51.00184518436297,159.26944721751977,140.7623215339655,86.58929048829471
112.85532633378202,141.98524037291944,78.69728366048864,152.01580719840445,155.69114234960153,72.74677520969283,125.7365291440949,112.17088271395555,42.37815870014981,159.3121354661971,155.69318603198136,80.62043005748211
114.97538459027923,145.50844121079334,69.32108886276134,152.88049738867062,155.01122019515168,83.95818617981793,127.4639529175939,113.57784263422471,43.27734954846451,159.72493711115172,160.87698697745097,83.42389744779217
112.80533196977403,145.02553763513947,75.86884726082513,152.40180105051843,155.62823335948096,89.0470857819127,130.32053354709333,116.52400649308777,46.02747170435563,159.88186916757456,161.92301943339882,84.05405250750835
105.72685815114343,144.9725655337135,100.54121426095787,152.37989056799483,156.14756922859573,88.23253484338223,134.8995954171752,120.13520124570339,50.94211918529522,160.60776598998712,160.5543272369055,83.79257344521199
105.83563639738232,146.12384070762516,104.50854890912524,153.2594278707291,153.67762784281166,90.75791303983503,134.42941607786787,122.22009600158097,47.03098741184592,161.25164914501352,159.9509148478663,82.41759476353742
106.37627648470752,149.8721921855974,103.68898352126237,154.62186378673312,152.5953776922137,86.94809052369204,131.30322152601562,117.92519466699679,52.11011021148071,163.0735703109008,157.60880730008157,83.79186611746987
102.30534967636835,144.51398764167845,103.50307129055454,155.95212779297154,152.44593998152573,85.65635349266958,128.46253480854696,114.73405448027103,51.87700007267201,163.8823961645134,155.0430667088146,82.39406765861473
104.51742811525726,148.76570798735176,95.7962029202537,157.5543494033693,153.44784020210625,86.84155991253944,127.0187225654516,109.50691164740974,56.78425706631173,164.8701450898,155.4504281374355,82.74720204081518
105.43985754750344,150.89361482076194,98.44344846104202,155.27890715925736,154.58506281231584,93.71360066023968,128.42069981892678,112.96553254529097,66.75104030053271,159.8460773366427,157.90580394234405,84.53230822733104
105.46406951865157,150.32323111661637,87.76195300211663,156.37188892991855,155.70431117558834,88.04521844152669,132.08996694655752,119.63502911452689,62.06276146320767,153.77665235038057,153.0058538267039,93.24434894957419
99.86613754686903,155.19919199127852,109.96795918258996,150.48336185691912,155.4435409513006,86.32811432065854,130.8540900250526,125.92378277212522,68.07409552455596,143.86836316223432,156.40198104778435,89.15052551533878
98.89697605868979,152.8414946463467,106.11912150320923,151.3945601151661,155.14270229241032,85.9492227960561,129.10338258432483,126.70899910825452,66.27938847613932,140.94257507138775,156.62083186769704,93.4423919718085
100.06109529524984,153.88902541811512,101.69614466845458,150.27856067695592,154.94963265996296,86.0597605884485,128.1252710033597,124.98924385875655,59.910005955860576,142.6619991889927,158.78132332393758,96.29051597870952
98.85212432778783,152.67096626581798,103.91509035496401,150.27453114957004,152.23973954028526,79.26880381265754,127.76902296080429,122.38202328725755,55.66443361915732,130.88723968023882,151.95802284066605,86.7960947982582
105.98187009935198,153.32174155878522,91.11528591053047,156.9721578215294,152.06801487675702,76.49180443373474,122.53034253690235,120.74413312192847,37.41340766946267,134.83325297709058,151.37259980728123,83.84865687341379
112.2924128920316,157.6243301092714,80.48871644587062,157.72858485602094,153.06039051959536,75.21852369508885,126.28309113070097,129.032284823159,37.84449109224809,136.61537325631687,145.5209018595323,76.77092114584957
117.20877481523115,158.46518270958163,76.53583346957244,155.96475280739674,153.20837930261257,73.18259167841103,129.73719368254123,131.45562971868165,34.88077626766276,139.1800487039901,147.14417397840813,80.89937451675146
113.13163163579989,158.69241607993513,76.87632309687974,153.6527022676421,153.12574939460845,72.59569555389749,134.46608020648821,132.7317388856515,35.54206681473744,143.96457593348137,139.75435594680235,74.58522541578061
117.27507176410298,163.6040919059407,84.41844668499891,151.63872975029165,152.8049953546076,72.60772226076168,139.92886551888205,139.83516999338116,40.50792486025873,148.26712445282902,151.7207042801176,88.91992686559689
112.10714621806541,165.10738805741005,103.67981041725574,153.77099892879747,152.2503104979002,74.23099461854937,137.1171518157719,142.08568522801457,34.04160500093003,148.54208712719833,155.05899452046134,87.22495990288789
113.41249272947165,166.2804370377251,102.48812228159662,147.38368846079177,151.97609889315552,75.85449748413679,136.78936495870047,139.86323857352863,36.01957258281825,146.70008865069494,156.26800959344232,84.6809850001345
113.40842842565941,165.97567745370208,96.15446365177037,143.65341893499453,153.09026006929733,77.87440385784308,126.85052770222741,127.42165561914601,30.71396509203137,147.96256691590582,158.51853107879373,80.18759062757451
118.16066959426675,160.77829605353136,98.8631511771008,140.66649335236627,153.86630462622222,78.32945894452206,128.99061851016324,135.24508743761686,32.10617666029735,146.8943160063298,158.28188881191554,78.12916687173691
111.94931486056021,159.22133996068217,96.28935536742812,139.41982903567674,152.41134462474574,72.06784908067026,132.24685243429235,144.84714266991958,35.00631213433094,141.73989660774257,161.34170825073693,71.19378458057196
114.6106707738739,159.435942045382,92.81500374911163,135.7789664749959,155.40546199453024,75.85955309480022,132.07606994123685,146.1966264361399,34.306765821925985,142.99324923797175,159.8677990716968,68.20490550430014
119.43342399785524,155.57114567198695,93.16634534724962,134.71224181017644,155.5736093097926,73.24303722276197,132.1742165755426,143.63630764955116,31.626384004844347,140.96984735740094,155.17692392179117,72.58767992754468
114.92966590967782,156.92172798320834,89.22481508205414,133.9253283196335,155.6452951087193,71.6298914753761,131.49954362625664,137.6464092295926,33.18782569547741,138.05716504114662,158.54187078996662,76.08168031131602
114.67726976550425,152.35828509901341,85.73339780449456,129.0500803738281,158.09508579240645,73.41445485955897,132.1707937740279,132.60364737904098,34.75014224317677,137.53443613909377,159.31107279486054,75.37101559303804
114.28216865049883,152.1852394837811,74.21622729871378,130.95992727268865,158.69702246219254,72.21271098887877,129.99977010396788,130.59089095295997,31.251007860999245,135.94862088585106,160.29945037657544,74.13357164799326
114.63854407919753,153.60227339648225,79.75640624716662,128.62360363950992,158.5014620904985,71.41512759207588,127.75187252066573,128.6313622053132,27.777982366479183,132.90688262015982,159.18948616791198,71.74844469735525
117.32063861356862,153.01225878139232,82.71216522760429,128.44256147990288,158.76234200291177,70.97106622317742,130.76431424367794,131.4897344215371,28.198704506122727,129.59046185066356,160.94589125908334,70.15276261111876
119.74027819490132,152.85262005376984,80.24920048447869,125.76544863260075,160.62437142706838,69.61853452680094,131.85270973783204,129.3341652370175,27.755329709220682,130.7523185651861,163.5989588812493,61.23078707177407
123.55935566248131,153.42407424905082,79.88233883936948,124.2858461248623,160.70114835219664,65.91942495036298,135.31206088304887,130.91957253515292,30.274309142938442,121.65227843533768,165.97333485747106,62.660803708182755
125.87743420913914,153.35825356918065,75.29277751258887,126.95720773157741,159.08602192126813,63.948516992900906,136.95099790692757,133.9341133740617,31.775990165103757,117.704119646107,163.15293289161093,63.90277046585817
130.08253148621958,151.56790295829242,71.6103230907114,123.45003257117799,158.8057123227578,62.75092339431432,134.57182351445962,126.38069647664503,27.863421249232402,115.92223368144562,163.70424499680107,66.32742757965418
128.8511421767402,149.02671454736483,63.28573861224141,121.63168619674822,159.09079670903077,61.92933289516491,134.17361325373432,124.3839934911617,26.20132635197133,112.54628361874629,165.72855130053242,65.17439949782381
128.67033758032397,151.40423165259668,62.818642942674025,121.99322533829515,159.54180962335178,61.96835922541844,134.49340453289588,123.40437486556984,27.323346703075998,106.12983404850812,167.7668439741454,62.40591355303515
126.75831735274234,146.0317094610181,65.94494213867378,122.02034366605461,160.83342764721584,63.61725753483933,139.78606350676336,129.44885440935929,25.669883899312197,96.81068264790761,165.92398832255932,57.95464798310229
123.65328867955338,146.88097760916065,82.85970013164493,119.47553589797438,161.49164836621335,67.95423423212085,137.13199943647214,125.22437428939878,24.968119626705377,85.47240755356572,165.70384380911875,57.02833246420229
124.57192669642463,148.7854463855814,85.5586256016161,118.19349047544011,160.29919762990258,70.82873351251283,141.30348655567008,123.19022286574393,28.716800119624377,83.78554483662994,167.53110669528965,56.532417816688614
125.3918001088865,148.83014233374303,84.88909714114186,116.13714288059172,160.2398221856672,74.8826206298528,143.51996707623263,127.1988834792409,26.81437698901469,81.58581195138245,172.5428357502708,61.632486868698095
134.5057204482537,146.70444947327212,76.96451437199941,114.30512868862144,159.76709447174406,75.30323881909608,144.8471764224426,131.78054072959276,23.829488602541048,84.42471516472244,172.0690101415414,61.61676441754548
137.37192208461386,147.81798259348557,75.91691065093468,116.27775353599432,159.96582170271526,76.25159794720135,148.30030697970696,132.66360468993562,24.63541536385266,87.79586138501868,166.27322537760728,57.480864232484066
136.74303775142647,147.4788274034694,80.65441173878732,118.4347906565921,158.38947962232487,74.75127714281716,144.63183699137596,124.71350178630156,22.888801162758938,93.48045935888683,169.06914034457665,59.72308478853825
139.2237610540052,149.24615028616427,57.9923104852161,121.20487967209982,158.08576454027065,70.23503773100299,144.1951300332647,123.32183642951833,21.878980401251653,99.2271610980553,163.40511963427494,60.02266521008183
140.0467325918681,147.50262984297547,63.938107557239185,114.64528492420247,158.96990791638174,66.4188439825719,141.74284983997345,120.18521663400665,24.111858586951413,106.27868203033437,159.52805339936688,61.99335758096777
138.3052184780425,146.70976886102582,82.33802915587961,116.56798799545662,159.2508531592948,66.70489418111889,146.38581843312411,122.22208765979728,31.42682644347206,116.31638334057168,154.24527963561383,65.05967647188464
141.90699684904678,129.88123022404972,80.62065831582692,122.26429701579559,159.46365390113917,64.74666954036817,149.23289743700624,122.7563650055979,38.168996830242804,121.66090708683964,151.02914871318558,65.71126380175437
141.43078089753843,141.57168620638237,82.43857537200242,128.77728690460316,157.1214480930051,63.87564025996164,147.62501654038945,120.8890800148779,48.94035373246825,121.52751785376985,143.70959365834298,72.10520157168382
148.78850870214706,151.79678417762796,83.47251250373647,133.6788198221191,159.12540771727606,64.62233909862039,136.86161156509857,112.35901648547923,58.48381184979109,123.65490124811141,139.90811339167618,69.41124557438032
148.16127645052882,148.62037095082607,76.54171932404412,133.3920640088658,150.74312793756087,77.56437135095535,141.54190393040278,118.80642297033094,47.3463075262678,148.11938718838348,155.04657855510044,95.19467299200633
152.43769275796146,157.1385653368985,76.90334519621445,142.4925806164864,152.3108297441665,72.98893071955406,132.92026340981235,109.20939634558724,53.31456959962954,131.26205731216126,160.95514407120936,89.37873361465869
151.0580073662951,153.81284883281225,76.95669812926623,145.50013399481182,157.22893536312426,78.11504428836456,139.58067298800646,117.30550634536236,75.08747741328219,128.83952308230414,159.68144665847112,88.26180059327525
144.0896640297214,160.0148416092001,96.8652983626951,147.67634725736113,156.9213693656571,80.9354419617049,139.42914111733052,114.43612868417262,58.831299638900994,130.32376143759265,159.71164654118343,90.14551071637561
141.2723262287607,154.84168353077484,94.67365267216749,142.36549092357728,154.82605365561102,78.51422685729536,135.64961697954837,113.07589378128618,47.99257838180104,135.77134917281455,161.37765330510197,93.97768256086324
135.5296003874999,154.5374777979586,98.34607754647945,157.7858731354883,156.46198764064187,85.41538763411015,126.7061646231625,112.97358477554737,52.26261378460269,146.33118202570807,153.33003875750796,85.10243463793115
134.18669734854072,145.14718386506806,86.52188573680324,158.5266819188168,155.01890520433915,85.34475406535303,133.1914982076659,116.79094021086969,50.51296459290547,153.85847392409312,147.75393402792105,77.11076809062286
130.87075629736867,143.12092070095184,91.49578093486737,158.47300026832602,154.809554633122,95.08486620827281,129.0263093796611,116.92494303716876,61.10288325694735,161.19821390439338,155.3141533593893,83.19205895412524
132.79593425455224,142.4031574511471,89.47135027834318,156.33919505228837,154.5064880236635,93.1394130816724,133.44711433191475,117.15084285380394,50.20370533974169,161.43324189991714,159.56786925115983,81.3374370779414
129.47863078549483,140.81848377400416,88.88512797197552,156.05549168177782,155.6291835420164,86.35372346664369,131.45995139902877,116.46371627109936,48.879727850426185,161.44337051002398,160.2577760343483,78.62797869623316
127.00992421698705,136.7044220440723,82.19826416430195,155.81746666583533,155.2719547930208,83.271079777456,126.81771311136492,110.14185953323933,44.185820877220635,162.3430172503264,158.4305672415895,78.47635058194201
126.70576531952787,135.84964822559007,96.36900782354851,156.57229012580433,154.8950070209117,82.80814501537155,128.9214460193341,115.04158686256781,49.19259649574763,165.33099600803973,162.339944920837,85.49180968938504
127.22193285597177,164.07503958384655,79.24021328706516,153.5639230818435,164.23631476935384,76.88756699158475,135.89467324906536,158.27380780450747,50.47328231352779,166.02255396305472,168.26023167586578,91.53161274310958
119.66333054323077,151.88474027063822,80.56008009123441,151.53476227137787,161.4942489067943,66.43937424593493,141.89429902663773,166.17753778331016,36.531896106251594,163.34249936799782,164.9481931804604,87.56552735487708
116.82958104465614,147.4959394294934,81.77872079673087,155.4892313480176,154.8205555314966,59.66232792448261,138.315597168021,160.73152996901834,40.426715903675394,163.60554410615526,168.36299834138904,88.26714953777316
116.11087194458827,149.63811920584754,80.66378052948812,156.44499658481723,164.06083016565498,83.70538370238441,135.30327901544615,160.698161232083,40.95885451836357,162.8540224485333,168.45689584686997,84.90214290279876
122.87226271043485,154.33429710958677,67.29272458528293,155.52278753917275,166.08603963647616,57.254738092939924,127.18565338656992,153.35281747956046,41.70763940278772,159.50987373349773,170.9947589849611,82.1857183121728
115.81039122244742,147.0425007434518,70.46423175826186,155.57661576653405,164.56687356811364,54.394513968018,123.24104703491065,148.95960674445126,40.39905951812869,156.5662343643483,172.4701697866658,80.50892963373879
120.85105840146534,155.52475924770678,69.2387327039644,151.41658803052005,165.6392483767993,55.95364292361749,126.15024007929276,152.6026498524634,29.852321094205593,152.7205817475594,174.89297872530668,75.15354376411824
116.57804362762121,146.7403345279289,69.26840625173645,145.4425002014826,165.5406521481542,56.88908669202673,131.21362574329845,155.70346108779333,34.35919630142814,150.99049537744457,174.2337903098161,78.37837597115093
115.18276283325903,140.02098266506235,60.344709304662054,143.40409982006628,162.03004693051054,63.40669885269447,135.69310008453178,161.48041782105287,35.81864626034659,146.05539807827537,174.74108374994535,79.9666756986401
109.73183945577058,143.58263925049732,80.96593806494805,139.57762692883335,160.0579354025539,66.99784883544909,139.4963563727941,164.26696397648473,34.03461410113638,133.48913563582562,166.47902461149656,77.74813517682081
112.08635806859463,142.4124740498392,81.51905087914706,130.56159355511463,159.03927027276112,70.82504435265713,142.26303909598872,164.26228527683432,33.73178350553592,123.05334815335397,161.7819431584049,63.07568465915407
104.57675704678968,136.66747553398883,75.05920094346578,119.5680242320653,159.78435793121838,76.8761387091016,146.1308584008387,166.69057867953853,32.296939415140585,107.25915286987036,153.874509081212,51.393756150624974
107.86654961046573,139.87649929773573,85.27873958649396,111.29661288734547,159.27788903138932,74.51732338707625,145.22588767406108,165.2980138201281,33.07898508580491,95.09807775061567,148.01187927918141,51.76251749292969
105.01177064356308,127.6863180322182,66.77663894994252,102.80805956556112,160.45655488447332,74.89034561939509,130.39259026756918,147.19553183270241,35.23791720662502,85.64072169226095,144.2526278725932,51.71679822310136
107.8950391744036,126.81390513734141,76.86651431371847,97.10270238221823,161.18465596973957,75.77704731434646,130.72635615958586,141.21053595940944,38.46800128765138,77.72829909132763,149.80205246482012,60.0991630778442
116.59536667605059,133.17643423486405,80.43450721942604,93.88935830165632,159.5197193517169,77.04853941646464,131.02101955886775,137.82635946868737,35.89161570132601,74.65112310115585,150.3627138271941,59.3770332705875
111.85969249321691,128.3213350272199,84.2842339810308,96.08650820237655,159.76819817008416,76.7511059023955,123.04451369271757,121.17243626510164,40.56529083779557,72.88108921982831,149.64058778959355,57.81894499601113
114.15478175690731,133.35716319690337,80.0082032497899,96.13055356462193,158.6445238859312,75.81783123613444,122.80435931370091,121.49264509553952,40.84832749521154,72.37873733907004,149.332787361694,53.9584134109545
115.07222484852795,131.97288102358624,79.23363783280749,94.44664388835892,159.76538803365597,76.87241111715149,121.4655294234535,119.54870639914469,40.47989887173549,67.74404374994792,151.7579274936161,55.081784827857376
112.56948867615118,127.7418341009562,80.38673420550703,92.61765761764477,161.3531476041407,78.02520818402527,119.25426836431467,119.55466522083191,43.22908675448742,65.43111900774879,151.24481576428343,57.82354944264184
116.55469302041764,129.40772411326847,79.52658165538352,89.35257584019882,161.83429455058615,78.4877918436543,120.97989550538381,121.44777006602523,44.25103217350083,65.00786975129861,153.0214516635166,57.86886669857982
116.120084532891,129.12487113414238,82.17273191314926,89.88189501399614,161.6783373420415,77.72740224063345,122.91944610060433,120.63785034611236,42.43062621646058,65.64014590291754,152.4936285578882,51.74827134011508
115.77233325977612,130.59216396033025,84.6940151660272,90.96657710450262,161.1755490724896,77.70658157500635,122.23147301397002,120.97952429031982,42.846681907761024,65.99237029850849,153.30098046706556,50.773149633692654
117.36917482167479,132.29383889220975,77.24190241807179,90.84053161657191,160.3481286298358,76.54598756616818,122.57127772788549,123.10631496869335,42.43204372027046,65.9357242987174,155.16666216683856,52.21537217426774
116.1883642208685,133.24455080768524,80.5431494257409,88.23668889715053,160.52892478783036,76.72477133227807,123.07865096603372,122.62790172137952,44.38767232363696,66.20700134644594,155.66972689903025,52.07530366617986
116.83072131967135,134.21598470359015,81.3426983712602,88.86155840689307,160.0563267227903,77.90301408715885,122.29088214246414,123.4020792074806,46.205003638252265,67.14641350752851,154.4596965432935,50.86923528734485
119.90497228999027,139.58550411298478,88.77276557528204,91.27183201453616,159.2526925316618,78.26714246625785,118.9686509347738,118.47244782637753,48.7992332377523,68.7854098147171,153.21064643182712,49.140252108450255
123.9625242109262,137.4531887335593,78.7912212071673,91.35632630857255,158.29546426025613,79.18338434847266,121.84008471145135,119.86646843798106,47.835599001266694,68.85701863489632,152.26685790476,49.00956325900051
121.99565358498562,137.0286352442358,77.42181848608477,88.3182436854672,159.15483241893645,79.01917149682902,119.58658969469217,116.75625959903802,51.16824369855782,69.47376087483012,153.69354284067646,51.15533332336201
124.679788881775,142.8844002486012,84.01070962457393,92.79954540765247,159.06303776055202,78.72694778234549,121.93080121355281,122.16315830106531,57.629851379048255,74.20824183886967,151.73600237323865,51.14787978089379
125.90996503620667,136.01828760828502,91.10867735569906,96.71969943948211,158.5964697003473,77.58770648224042,119.36191315968298,117.09757342300252,50.47559486078764,80.2420631856381,148.09733503178205,46.053075563681
121.48095562399122,139.39016720953902,89.18016211759011,96.86280395175804,158.31843234149355,78.08434393991693,128.1236039217109,134.83282573328955,43.18462868480613,83.05577487645711,144.93376137293828,46.091051419584275
118.45614413464523,132.90589227906455,89.53633307873137,105.18822317259323,157.12892967766052,75.97980971595689,144.4257308741467,156.87128595364135,38.48659254402997,89.05434324192815,146.59218170535746,49.156786323544836
115.92828534410475,137.1111165391306,81.2687165046962,113.8719818415811,157.295247468708,75.00940622721114,145.4229150718585,159.58877078561682,34.706729691765986,102.4971778727407,153.48161129607504,53.27631573394564
126.71825370343075,144.07620684193205,74.1693178921559,121.141368146593,158.78863136065377,70.66482677394788,146.94274548898946,162.6450936300049,33.50938673730089,118.36589821448392,157.01064047608736,61.677675377705434
118.30274495087001,140.93321613447742,80.39290822568593,132.38437275645222,164.76613935413675,65.62604421139793,144.4664386451125,159.0105749561605,35.88047602051583,130.67106774761592,142.29311007088586,78.24967954148076
114.04746306928506,142.33425178298268,82.44585546944059,140.5504505746997,165.4175824501146,57.75200622752954,138.3841329145889,150.18464793360312,39.41473316274802,139.6179427369402,161.93906420671206,77.32620738624857
132.44063656994715,151.54928493275233,60.86713796587579,147.01080331422207,164.65007324446248,53.37025832999932,130.62939217173644,143.68410008764735,40.83338681578848,147.89891636456028,165.54273568992943,77.06708355308326
118.22097183412258,147.0561003372709,75.19427379734445,147.57500340779228,163.43017878540812,54.12935768754858,128.61480332624242,138.45193809196635,40.935007260893386,148.88809292940994,165.31187798508046,64.70208447762681
126.61346233919802,153.71377760427174,72.57930219292736,142.326117253158,159.17221135621335,63.67127382161768,144.30238083271965,159.15519468434042,34.97568073422608,156.73710138427683,172.4512375028707,81.34129680054721
125.08407281173335,155.87622582078657,72.7397359095815,140.43205384908404,157.96952950571878,67.38815653283586,147.45399792343784,162.021918416402,37.27808662338175,159.3292434706979,171.83315944548605,84.22075461746653
121.58482060465487,150.92374357620048,77.83764959251559,141.97086550908622,159.1912754154643,65.57321408042725,143.84147569001544,158.39016967300776,42.57100683082169,159.19317429515408,172.84197834738754,80.28125286430831
122.49311728794126,153.67148089662916,84.74888582070973,142.1618746052856,160.85546123908367,67.62706751020158,145.92033337206627,163.68103509239407,40.49129061711785,160.65687042034386,164.9782047401233,86.63293019595481
119.67920996644234,153.15210996326752,87.56645461375925,140.3184282307135,165.80139732627012,77.5140724998361,145.18279088423193,165.67235069309817,41.1124619994454,162.7089114751646,168.5658466721797,86.18641821928779
120.94299475969548,153.38402411259707,86.12020603860456,142.08487734913993,167.25304508759706,85.19641555112715,140.16820329416964,161.31768866766228,40.47916376126586,166.60433619396585,167.9875740827347,87.46451163646492
116.5675658256916,155.2206159186718,89.92699803849965,142.27102404127098,163.6886139720647,86.83164800064641,143.47589959663148,170.14542583422224,54.11596907031621,164.97795811984497,165.2316294149181,85.54704235650021
114.8903606850424,155.441505884331,89.7084424774285,144.08585837688318,161.50098976390203,89.07676060245217,134.35932787819075,160.96242849883382,52.616171012668765,163.86678688586846,164.25652058586232,89.10834207472246
108.40011985684505,153.82966756759924,94.04697389360118,145.35812041568727,160.27308880365902,91.03181388681371,127.18111569541524,153.96528046169644,53.623351665629734,165.1003665480573,163.25777380968066,89.49584311342632
107.73138220177584,151.51192435273276,95.0605494908672,150.1171727139148,160.5126310930138,94.18993325803683,126.62846834913405,150.27522558810222,51.44451884102947,165.87840606748856,162.46675880919489,87.79440115097874
107.59701883771004,153.64890225165226,100.08955131359241,155.96111054025894,160.3132883179968,90.10487241080061,124.5396072848281,147.06533997810385,51.89864610099442,166.865727262886,162.3882040886245,85.86160094911016
110.1916330318151,151.95866778730078,96.28929685558634,161.4334021526284,156.9791959097504,84.7174416782018,123.6295780567652,147.832022043279,50.72340446173033,170.20058099207134,162.84352514773005,86.74113442352534
110.37245441577177,147.75763351866706,91.9860501313952,163.32704048714191,155.4067060862545,81.84859431455531,125.81760748720005,149.41980602197654,48.95676990253481,172.2654895916811,165.06010393927087,84.9565000157207
112.4912385134172,146.31106123439173,89.98772453426578,163.6266973594098,155.5118404923884,79.08155588019063,123.0310219044856,147.9870853348105,52.76332786202807,171.4763515011239,166.37574185071188,83.73941689328173
111.85922802164781,142.73064340215439,85.4609836467791,162.74181466145197,156.53474729293634,79.81673546355573,123.57268531823465,147.6912666251976,54.13663552481316,170.46634159883772,167.0644397294602,82.28570272665486
113.65059208275578,139.96221721012185,82.06042723617668,161.23821942360755,156.93021057876308,78.46983783226096,128.37726963536056,150.26087736319963,52.63388294538931,169.4092542696852,167.40692993666175,81.4330841878407
113.90268478854351,139.40391668815394,82.23240801090546,158.09578870694222,158.74261108915184,72.99053836370518,136.14784744278026,155.03430100414644,48.750298306247885,165.0631135579838,167.99365229789507,75.39484872682058
112.84647416836239,139.4217281237441,79.87840913022886,159.36004931023092,157.7792278535368,76.02757373682144,140.32214001860567,158.32928123072523,45.06342997945449,159.61353938292643,165.29137622933976,75.3392572770689
116.97821449917672,144.0609334217498,77.02839681109418,158.42153968213674,157.36464303774306,82.16819023512164,146.19692612539504,163.31959200947844,43.11009734732733,148.0050401018983,163.11999159446495,78.89672319598088
117.38902112266354,142.521267941793,78.88926658738569,160.31826435674878,157.29197215100544,84.59966150347964,146.73065148217052,164.95079600114042,43.324111118700664,137.91572993937984,163.3214400429715,85.40278856077501
121.0923702680021,143.6475482986395,80.06798276625585,162.18773256830426,161.00290393905104,89.38315971542549,139.65314238802173,160.51059850465026,48.08531719655952,134.85964235524472,163.60881025984065,90.82110837416036
116.26725295757028,147.3288928999458,86.53470245789575,163.18507549697654,163.3386640295417,97.93561660713954,133.98385902809696,154.10651404473893,50.13394448309073,137.71443722110646,163.35722407801975,91.55060932427472
110.40206795797648,147.73622677031543,86.87971899376576,163.7435799997277,162.13116561549748,90.84235131809959,136.73285233000365,156.7218179100823,48.99498692087592,142.55229388550381,163.37365105039422,89.47915813353426
116.6591502705589,150.84759098073536,71.62351212161781,161.6044711297934,165.41995605732336,87.86999148867784,138.92826739219632,160.50448029586747,45.21316512382951,146.7667323905901,160.29016889887467,86.91694796193983
118.73168892782724,153.49344859969986,74.77070290958785,159.48847041606166,167.04971701897153,85.55952017398434,145.02322210822518,163.45043990018803,39.75700255757753,151.66088405538434,163.3597269704402,77.4301691360208
112.9206473411813,150.6642203810255,81.9030151625186,157.68896362015752,170.54635739829664,84.39817876889873,144.93303675606646,162.45076365362655,37.46348212321514,155.52710584719424,164.3736906310913,69.37927987244655
113.17448830396705,147.68818788046795,83.48813830914244,154.53312247218497,173.01176987026352,82.35357875605058,142.48490520076783,159.08286277570213,39.59024692475348,161.691211452215,163.58908723234947,62.97535922534143
118.82496599582167,148.38946379445417,86.43701942879804,150.31582783447817,171.45946361210525,77.24490138946551,136.55232540447545,148.7396606317607,39.05307644114839,161.96110145632562,161.9760407940677,61.84057002589462
117.88818530584129,147.20801266532504,88.55501392551116,146.321541328157,163.78812065866634,73.13816202357005,136.0884853363638,146.25765815824533,42.3165009507811,160.60135619005115,163.77298777871616,63.56475887702966
118.58216064657987,150.4690517318042,91.40182054374618,139.71479971225014,159.72162742161885,70.56735788590102,131.91611950423712,138.5338588831322,39.65844882126871,152.6594460932018,158.60357141763743,64.49309874269638
119.30061517072615,154.40967003814907,95.09786486436798,128.2247690042992,159.6426539255882,66.84734891255735,125.20825420057767,128.55928828305275,38.245423611080696,133.1963592743353,160.89247849219154,64.91111230013904
119.41714350718654,153.06165220231637,96.26620465042656,117.92897922339107,144.8494593312605,53.795574120042836,127.8086003788378,131.82167096683523,38.66525991591665,119.18273717366966,158.32072305120622,64.83800844493314
120.26504558770628,152.9591709883292,95.47641328350385,109.27266424377206,148.83212307366009,51.479281506503646,136.19215761179592,140.8950692246637,39.41786837109266,106.90557481739356,157.07424080822878,62.97112231622885
123.22863777099694,153.33569030452526,93.53702006098139,99.937045653115,152.05040176977892,47.5652634865174,133.41010293462847,140.27589491729648,40.883639538639876,103.48637919268947,160.28845542439302,62.47151691395419
124.66641844729348,156.13028532758958,89.34092288972602,96.4571220861597,147.94958052170134,43.5388278976811,126.44723057696037,134.5123057917942,40.18329640618815,98.73507980534072,162.6733958525365,66.39458031395928
123.96329511567863,152.90776888473818,78.106566997768,87.29369362254246,146.66486198225846,36.07129771406687,119.94638614551629,125.54042754661357,42.010937382989795,98.24384692838048,163.20008869079422,69.70008330280241
124.98320533600048,153.38358597138372,79.14837950725101,83.87361418749109,144.12893877028216,38.05515634281436,128.35204186590678,130.17103143321603,38.54989181481199,93.20172453598593,162.99361150270767,67.48678485021162
123.62784978069759,153.4713471048553,84.76879793331169,80.75938804332063,146.37464105089708,35.37871433245778,125.5905840891243,128.7374398138711,39.140572308444604,90.8463145273194,162.96974217955147,67.86682461500737
119.5202064391014,155.6546136696528,87.57207554297493,78.68717185842492,149.39533985606525,34.75676440019683,125.2838717187704,129.61061668002873,39.830058828099,86.34005498793033,159.97712181600198,69.56953658107986
119.86609309949047,160.98302196729256,93.66823376283287,78.78602680185352,149.06448375075013,35.091677354417754,122.13646317196172,131.66359590318837,44.048884296359766,84.63135398394388,158.3189811408464,68.96048711146778
120.2324175556014,156.54027654754657,92.11557066764979,79.79274019364519,149.97019372353333,35.770711082177016,118.09314456233726,125.34396576603321,47.33420446409766,84.29806259105108,158.33110670810822,70.16933765622088
119.99162019930785,156.3346132612544,89.74910588650276,81.52289360828074,148.00069176306957,34.69771197191493,117.65159662461474,121.99702494987248,49.57795165215635,82.73074089418931,159.21733539797563,70.89237421121275
120.00794786880863,162.89059849023795,93.01011914183438,83.90378181248066,145.98586695667083,33.24416347112388,115.50319068284746,119.91325649954135,46.78938085744289,82.81905699560414,159.36285179641055,70.729446462401
119.14070600100379,162.51387489255234,97.80720290384286,85.29486480105082,141.81954846099893,29.84139312451097,119.09191997476455,121.14852938621563,41.664524291646174,84.00484111800168,157.32330531819687,69.88209411513917
119.14345109143657,161.05886342025042,99.26770620821966,86.08275898380995,141.8133763952272,30.135857197464052,125.13295755468657,122.528665381045,37.34800259492517,83.40897518699596,157.66775305054247,69.35377921770747
121.02761259797006,159.6756726083937,99.21804812119164,86.77356515815086,140.69730348207472,30.172292601396002,131.15642937343267,133.05900312759795,41.39129727385557,85.14991437781521,157.6604500982319,68.86716467706864
122.16683286436438,154.93670934655398,95.81303237471813,89.05101076930268,140.64535376681533,32.751384730274516,128.7730344929654,132.02008083168727,37.33653956237291,89.93652038253768,157.96511772169072,67.954717466404
111.53282463799181,152.966480657813,104.08921217623552,93.19698745035386,138.26786593874203,34.15610606461328,108.84660644666567,114.25978878329792,51.87745087902316,96.24125614944272,155.48956231978343,65.38913865380482
112.12723058946123,152.54567052059198,103.16065237395242,98.20242097373986,137.23538185615968,39.67410502643483,113.57942988051478,118.1571338162034,48.89112925412102,109.05232538708289,152.73775203465254,64.52794638740005
111.35414972902002,151.4576134248745,100.41063310481687,106.01071947228735,135.25891377408146,42.19883402555264,129.67198331631636,135.35626106859232,38.88912397735865,114.68289888803896,152.6942504861486,68.49215947393705
114.9185581797965,156.96633999990928,102.36050579837547,116.94528799384102,141.20528442215098,52.784544719928824,131.74753604751373,138.47235860136448,37.96151790394913,128.0164359040705,152.3822484115139,68.87558112643626
117.40690593482326,157.18455662056152,103.0637398813887,125.35367762277072,156.34280562022016,64.9625671410556,121.03254635941728,146.3241129358195,50.8733864939322,145.61512419760976,154.4393389680002,65.79795858475302
119.07896315992924,152.04255549547452,96.89697558442548,135.97873570686312,165.41342392699318,79.98374755223142,127.21564907282793,137.56155299442972,43.55586297677605,159.28958736184535,158.07138810205817,63.23036144261273
112.1887183525403,150.36261421714758,101.72443795016262,146.54590588134016,162.72301719844097,86.22364841904479,127.58324358172806,138.31775156367092,46.85382123924402,161.30847960399703,162.14649172372845,65.85874993751905
112.5870338310698,146.6204126709854,95.32767408173657,150.81887362465076,167.31388503252697,83.12587121259276,121.2359796002877,135.00573420460486,47.99262570760932,157.77067695958252,163.05585765514218,68.31006622854288
110.65719218652504,148.55407834083982,92.94069531277265,154.17242753787625,168.2657091678399,83.14220236486446,134.95942036712745,150.05647896373665,47.51386441296694,150.940297787242,163.03501902386859,69.62270152092145
114.25558675800988,145.88684188178414,81.48200004206589,158.5161157917861,170.65534249177122,85.16083663268151,146.18890927668923,161.65380185913847,41.033745401201536,144.52918613728542,165.3176144199993,71.05904128743843
117.73053115682164,146.5674338692781,66.52150774988698,160.93802985520676,171.40564795793304,85.92310164911119,149.40078862118483,167.56115176696173,42.864901876747325,145.47765646563172,162.94175867688415,76.46285425854917
120.72723988516539,145.68077237917137,72.62357897800054,163.55174886792818,165.33075063495338,83.51808534410696,137.1432507753461,157.714954395424,45.090631635980685,145.96858754728788,162.7779044404838,74.68680115289177
127.04568820268267,148.7382048185114,73.6563836762111,162.8719085260578,159.69470131290535,88.5885255914178,144.1767858145692,165.55983069157264,47.83630932172582,146.32616727091516,155.46105462991764,71.45434507841418
130.55727121207718,147.86502348622946,67.57554832286415,162.8133748720463,156.83318061520572,83.75434333863761,145.71831234694653,163.42626133394387,42.36395574726972,146.45333067200298,163.2220444081737,82.50418057429843
129.02366819990698,146.4711843425019,78.31488114823372,163.49594547700906,156.91078444761786,84.02758227217186,149.7038677399233,165.55433005155624,39.91812652050321,148.96928871967867,166.30347488781686,86.93038328432584
117.03763560299944,139.08388611985183,79.83657724880305,163.03208918490398,158.25898535345937,82.59299412532822,133.39088663973575,152.76808725159498,50.8540006195399,157.0474181022844,164.03488430982645,83.9178752623595
109.3357476688665,137.81694222833076,82.72061044013992,162.2892861143848,159.1776964747257,78.5588098293423,125.36227020193098,146.73215416798473,55.18916896637658,164.1119468623404,166.10290636105026,80.78634159124384
108.41564019259393,140.17608218657358,85.12709054449645,162.42080953510697,158.94793780532657,75.47736800595864,114.89305281508865,136.24197934650223,60.60438046846022,167.5424670485281,166.6686800363609,81.99423620808125
106.94900750758208,139.23141327026366,87.74381959890162,163.69236750058246,160.08757420550535,73.73485681591139,116.40038744369,134.8969799402851,63.39916379820822,168.50591586496995,165.89049639491589,80.33396404226083
110.43655211824661,143.25716989301336,89.30212904334606,164.95365845726826,161.64602192295538,72.49151995903632,116.44121819516214,132.92116428828066,63.567859902109205,168.42073172698713,165.967701785482,79.31546890254336
111.19483746978489,140.98361419528737,87.01123254602346,163.64009773174033,161.39229516920395,73.6068927595725,119.85198366190147,136.3017449269427,63.270710988427,167.9030901881898,166.51850230725822,79.01791063409479
113.90475463361375,142.0058882534933,86.05081246882798,163.4828161131493,161.41734661508005,75.56061796999352,123.6219968193619,139.73872769366884,62.87315745850821,167.57716209604303,165.9477685500909,79.00276821416777
116.44924935368294,142.83869121570694,83.105003974275,161.83459771866262,161.6984963807091,77.28286359740737,138.881706035612,156.81848730879176,56.0107483825872,163.80403675147204,166.05561726913282,78.50897991961838
113.09104085471641,143.75625291055763,86.59190139999255,147.04502353660394,165.85969987875558,82.58438628118212,145.27635461560953,165.23712554793715,54.48111798597347,165.55743528059708,166.21638102029948,85.00908460009546
111.99539928848488,147.64334694326223,88.96225250187567,139.07887545450737,163.86328246628975,85.76854898881825,142.96741269712172,163.96576210235693,58.56723199586612,166.71574246186586,166.3779685679946,89.28868586540065
116.09261313799206,149.66362698160276,76.38494152086712,134.28966418517442,164.43220538473466,87.35657099103112,145.83141649135138,166.7025189241389,55.63187386985607,167.78317123173775,168.67230345770597,91.01119335061634
116.47224582006575,149.12574470614874,74.98420356365125,135.80179265328567,160.57641012793763,90.18192929522677,145.97740556846477,166.31743038041242,48.262549206034876,165.90893108387928,167.6951578731481,89.16595611467511
114.74069417852131,144.41044105861872,80.06472542937132,139.05251718391312,159.73533326696628,84.69755685160835,143.4707262605539,161.38635825019227,45.00874608534701,165.6697962027975,167.95841757868322,86.86710867535916
126.13578256998578,151.1729637807615,76.23529121038865,139.49674862379464,158.07717196674358,83.00928456653415,141.47720611806974,161.00846028123195,47.1058154043542,167.14132618597395,168.02743892958412,87.19396219075749
122.59780332133528,148.79092747961027,72.6762791453127,144.79770564815936,155.98025169634056,72.73800064748325,138.80258846618128,157.23378101071648,46.32362867762815,164.03797107760934,167.51732353802473,81.0018401800583
121.30578914058306,142.09419964023417,58.734558636080024,147.1885494865177,159.19291855235647,65.60260742042759,140.4888458298804,155.13224594844579,38.68435427422598,159.00176350250948,167.80961738556857,77.71004156252717
123.8692602613443,131.6932376531405,64.21956989846309,146.30839783301042,161.01623814200238,59.10560378202292,126.57440429212014,144.19293763079648,45.9960145450844,155.67348207116183,169.4440320374055,74.81620429344659
124.30612767734053,143.2369994333042,42.373684655754914,143.49310832122998,161.46296108447999,58.15754291173681,129.32943570010764,146.8025926009948,45.777281094423444,149.24149064146252,173.84908509731477,74.40582561210837
122.51881016356344,143.86280462600212,56.95765911066288,136.1366425971365,164.76547730131387,59.36894921346621,148.54878328294288,162.64493574347787,36.12623584755235,143.49545563506885,173.5290453831204,76.05241696468546
119.88807894401775,147.14669402342022,61.54946549166237,125.43066001274468,162.31816617344697,59.98810134851902,144.27060376717753,162.33284176446108,38.89690453950038,137.47075973884495,166.78383597515855,69.60532800118523
126.08444285626611,138.94603266760282,56.199794574225145,118.9966145524325,160.72320113137354,59.79097527974598,140.98174788271808,159.22163998138888,38.48129425848133,120.16358966218195,158.09999376213787,56.40947709781124
132.8298917193955,143.45301792690373,67.11875869184507,109.09070845209028,161.08210359329095,65.26689732553291,147.30804038522467,164.26336377240335,37.643033800399415,101.60531154193978,155.70811946680718,60.65230049793531
136.6418606484338,120.30826502735921,49.94041362080092,101.47538593678996,162.4429912967374,68.63367188073947,144.57960606786946,160.3328775065879,38.36449422837718,88.0667534114225,148.64162860235257,61.831298675095724
118.95425230903827,127.5002027376283,68.45448611266178,94.69340691623012,163.13091818981144,70.65585988200445,136.34097952390113,148.97765429659773,42.257559855257846,77.34382727332905,149.70099186849762,59.19770315088287
115.47239410425796,127.82480523876723,71.46086809528201,88.15418882351594,160.27433849095272,73.2872451202717,129.18293171138416,141.94173396528666,44.572302564140074,70.63747042511648,133.62819519070845,46.14685598954135
113.18251541805904,124.87084882804405,78.42997614408988,92.88914250106141,157.99021140643262,74.17056064575155,113.70300748434055,119.05651791413403,53.35217402869841,66.94893714135618,149.18167471200334,57.01240432153858
114.3711423025377,124.16422059346392,77.4538220199027,93.12600290948511,156.83876173830154,73.66418501013302,117.56580928510799,120.86182287577911,52.17553810335365,64.64068915025618,148.03812301187253,61.46966725114209
113.84633899181007,126.30115976210193,85.62144450424665,94.19331361283201,156.47169328140345,73.76840898849287,118.80203975156002,120.15898643717067,54.00445955656426,62.989447433173204,149.39804101773882,56.5516841665004
115.92458196832214,127.37888622869988,82.95326486540496,93.82976391765281,157.6994706495779,73.97632764439047,120.0157976010793,118.66251096056293,53.422767152033906,61.87184677147616,148.54179348823868,53.0333730015758
116.19305538610992,127.99726433719385,78.63862766497134,88.9676300146773,160.02035716190468,74.66959402242513,119.82966032978241,119.23540814736988,54.636237001668064,61.06174391057366,150.81218262633024,55.00088833268219
115.19999789421969,129.3401602035967,82.61741758429255,90.06269967777466,161.270750254789,74.5409356833195,129.60059039980078,126.0502652167308,50.14071191122011,61.1824025769618,151.46331770496047,50.92142204363379
114.88248465549881,130.2771803384043,79.41770830332375,89.78419620391158,160.51697819887974,74.07338691321033,128.61950928475065,125.581623549696,46.64171792723631,60.4878641116787,150.69710721477296,48.03012186236939
115.28458186942343,133.57336037005686,82.62110269202628,91.18297735794582,161.11296809408466,77.44767581154188,123.07673150241001,121.46221206012645,47.72642069640461,60.668940626538735,150.59304157337883,51.269617330212974
116.7442866697076,133.64813708162146,82.48034976734122,91.68892068459547,161.16030478546793,77.76120762070526,116.6518224206452,114.6171885800149,49.562417832574496,62.5920523333432,149.85688569672567,52.97678751262176
116.19984876054791,133.62914441568557,80.92673322376557,88.38037142773828,161.71797297599088,77.44627571997174,118.35814850952153,115.74438829790716,50.35660692000091,64.202100562698,149.23415712829046,54.1596765912221
116.00348526445224,127.23518011503783,79.57379710065658,84.27110041469706,162.56236954279387,75.54780560723505,119.58679226822173,112.73016291351625,49.75614083006149,69.16964838376059,147.16590770585273,56.14136423440943
117.03670243267501,127.3744511192396,74.22496968448476,89.57255378746584,160.66787572199604,73.62134061347543,136.38139567952547,125.9183494279953,40.189389747001414,73.11254082486106,145.8599342308231,52.491326368972736
130.90251162864573,138.20230379921384,75.7613689358045,94.35818491245878,159.38100970116102,72.6335703692531,147.47558999861437,148.7638465411832,38.580844540530954,78.8591319012356,143.7169173494041,42.7380467249362
133.48220029249697,142.67597328061822,79.98567936503854,104.23834567441001,159.07401114581964,73.86983191289134,148.26717790507433,157.574829682575,40.25540785760313,91.37260681472388,148.89966068284934,50.93574617878233
125.46386118348413,140.04174255147097,76.82906842502183,113.6277766803927,156.51672363884742,69.35640620018536,150.67277953088893,161.40991580168264,35.83879360090954,109.27948328165677,160.81330903905726,62.50399625752531
126.63075093328901,144.612609495618,52.03396349267975,125.10963362305847,158.90655742928135,68.61944935083825,143.99085743018935,156.42327341758426,37.06716236319597,129.80211308887402,169.73364202118856,77.51992873785134
126.79776996935855,145.82052147021423,72.31762165267929,133.9947712171411,161.4632714810685,60.1317270462767,142.61169865353543,154.42371940815886,40.27857934311415,138.83137738560006,166.64371121069004,76.11638613154926
117.35681401907583,140.8151217631144,72.00081816488483,142.950633144778,162.68767812259148,52.528959781452485,139.1958265993924,151.62533985496674,41.9187961984397,146.94451068155362,163.0950516727358,85.19351263629548
124.6468855080814,145.82629670200754,68.97413007821646,148.051097615942,161.95198495587147,51.32157804960714,137.49211359131843,150.11460389721685,38.204282474185085,149.83992172137272,161.9823026926826,90.47263619909539
123.18653439832725,149.20183705895423,75.82510806541748,147.2209584992359,157.76544533664008,62.08272011719868,142.14722972617528,155.57630552736418,37.07903126808201,152.4222723455351,163.8466014819587,86.45588980628017
119.09248596490109,148.36405331315802,76.70148676408274,146.96770669440392,158.67382058716763,66.36729994715556,149.50144931487552,160.8100070560534,36.8967205017653,157.5139209760917,167.4807045386842,89.55971815840262
118.65254827595948,147.1410444013687,75.13611537235282,145.12972147188134,159.54384006344497,63.13002465760002,151.07352169722955,163.75318046392852,40.492252879814174,161.88924276664028,161.91015054862405,93.65956791778841
121.3153444677687,146.69450833530394,70.69378077597234,140.85334617037242,162.11939433095893,73.65799378970723,147.89849023842453,164.02714383388596,43.08394272739225,163.31907236146878,164.85177834660692,92.77694660912844
123.06417335954492,147.10233022164928,75.83636613087805,137.90250771112363,164.451234802099,86.47397312663979,149.08386913723467,166.32140040899955,44.46166608416847,164.690627689777,163.76997151152773,90.86067902427355
123.48235487600896,143.91304106714685,76.83953324951334,135.07568514417676,162.44300046502008,88.97094728614972,146.25672320974653,163.83058123734568,41.6896927829655,164.26496561282403,163.32635741858272,89.79061821024874
123.72289478571149,148.2579882341976,78.2484600518405,138.3976052337532,162.9622733999044,90.76987920083835,138.80835304282894,159.02726454599494,51.22732958803993,164.96550342759582,160.31845232308098,96.09399913163553
121.71620278637903,149.68278805822308,83.141519880181,143.73482454628984,162.39839730149097,93.59192895785809,132.46706361849527,153.30976865183928,55.54271400032774,168.917923442185,165.1424598872408,92.78325773980089
116.88113331933044,153.16267006354443,91.0536242882339,151.0889068840904,160.84489253553716,91.7056623439104,126.39067261733366,146.67317052409155,60.4240865148769,168.88353664814133,165.19151486831396,91.02356831687736
114.52097138856597,151.22417703784672,89.85251640100672,155.507926414072,154.9907441438567,88.38480851036634,121.6122271084679,144.33766603142425,61.729209640769156,168.39238059904238,165.64930024444968,90.31557481037322
112.9776691045622,150.34422708740934,91.55260200233852,161.67447458807519,154.86074500373812,83.48716760736772,117.89014931127485,138.860195664411,62.807639020751836,168.75086716737258,165.45101777647113,87.1710904242694
116.06361770959649,146.85070780344472,78.9367354404125,163.8335700629909,154.06461363945314,80.94646910022938,125.79484632814952,145.03017350651234,54.62245222677584,169.9831380689357,164.00821831312683,84.6327643585918
115.40004882609408,146.4497844281749,86.31475362549261,163.52169682603312,156.1009974476851,77.1332625623321,127.58383828302895,147.73602691215544,56.28487895520289,170.79790384735773,162.9565896264538,81.80333354068402
116.57914311836602,144.57359699274215,83.75045705198798,162.18721394533574,155.39956527577922,79.13406716478362,139.1993429948067,157.7319393880186,50.05347104240972,169.48801281268214,162.58525406659138,80.95215175645878
117.31144941020119,144.91056361220046,87.22227881187878,160.79093698014304,158.46645703082112,80.40352433598949,137.6063219343796,156.2365320522351,48.943082719005616,168.31745258980996,164.1991248800434,79.82005879610638
124.00710051841668,137.19677871607638,84.95248858559135,159.89634213591276,159.3274381026216,80.74497734031749,151.94589695070425,168.99290779795663,41.99891496155373,159.09613590246929,165.40953339503605,81.23397710657622
124.69214554187307,141.34969142141716,92.3538214353875,160.7741972008394,159.45360757003488,81.20026249215724,147.57104018481468,165.9398661306719,43.83596821799384,148.2061067726217,167.02958981225683,82.20397209959273
119.98830226376963,144.92154898159032,100.40445790509878,163.038938007655,163.51089383496787,82.62144439515374,149.86028840294907,171.23601421942274,49.04231044490301,144.214466684398,164.8778367200337,84.34360251878196
120.19347957258157,136.6546051894352,87.8819504079613,160.95513538593693,163.85060359053492,85.05333138799668,147.53814438776038,166.641003465288,45.94160466796111,145.59277232911543,165.57632833909543,85.4528868344259
111.42259288626742,144.3755571964985,97.57173657798316,162.27732504307576,166.52011275134524,83.71959211667244,128.1210919186535,149.1580329792081,53.576966935586924,147.6079946546866,162.11046745991507,79.0343183328381
110.68013863276695,147.97165548701173,92.78200193122925,163.0549644029904,167.75902847867192,81.21372875633256,122.92717687874834,140.57360159119008,50.62121615200788,152.36962947773762,160.76621361842774,73.39571760476896
111.2042680199789,146.0274579088471,84.86512440350276,161.62079927115224,170.43506627419615,77.69140427481419,129.75477295250832,147.5827067442306,43.810147961553284,155.5739565364127,163.9315591790431,70.52411788224639
111.16475465774319,146.34609010680947,82.75830506763062,159.80298804861775,171.50180383376744,77.43788991102737,131.41851811962286,146.75447938479854,38.84843202366579,159.74880482078248,162.5135888232848,63.32652631367132
123.44663364977595,153.56248779912437,71.98520822317708,157.13186884025257,172.67080909854252,76.57325817678075,140.86060695902813,156.72061518852388,38.49260434589765,160.8947863513373,163.6978630294887,61.870513464017925
127.03380238647635,149.60557179697147,65.39694633711268,152.84212961756978,169.52140405342428,75.11397029105179,140.20609081106423,153.89552094309406,36.902354995360945,159.496962895441,163.49156735816405,59.22948618959034
117.97729204528827,149.7383256564578,87.1323783208718,145.79927654226444,169.77801489487584,73.50380273221487,128.67301099331382,140.18230822244493,41.713240833055764,156.3082925557786,161.67038883404865,58.39820238324694
120.46033005828521,151.23088538140237,90.06711507939823,141.3126231613768,165.42283477229932,67.67638721725498,129.35808229839725,138.3040362967121,40.93475989331564,149.62818916722082,157.42829599196602,58.76757089352076
115.2677356816158,154.41851000665628,97.73649983091828,131.05981575769752,161.8233365815665,66.77274664173659,134.8519577573295,138.59071730820327,38.19869723477854,134.88348393290633,159.5202469102749,61.81199735164478
122.90598535108072,156.5156664799073,107.27350737177214,120.38550372797187,153.3804289135414,61.93236883841223,130.9796323928123,136.70378732554417,32.60326977227438,122.71765841795873,158.4419738914153,62.7508796567822
122.50526964456178,152.42485711873607,91.69874678428593,111.48319312858102,149.13692111192734,54.923344668115014,135.5672663773396,142.05806107107162,34.329531306272486,109.01491376432126,160.43168866695208,65.28412233220008
123.99754226297668,156.7332470338408,90.75566567541559,105.69380062783505,148.8796630614291,53.53264322364293,133.81774345877437,138.62572883355205,40.1893339378495,99.39754890212338,163.25206732672797,65.63896246345557
125.46094053178435,157.1348172976154,104.22496094764456,98.73493404001889,142.46003005345835,40.84424873306412,129.6009997912659,130.66361781730714,38.60920453895779,92.75654509480155,163.4431641982079,67.30779565931273
125.46564407906106,156.2084136071179,86.32821575635737,93.55707463156634,147.2855100246072,40.241044949516315,125.06214424215503,125.29380945680744,41.11543867296466,91.88124496404929,163.91457641476143,71.5648210123563
124.52954532184607,163.55835104191405,106.20141918231649,85.86528069980449,146.57853874168848,33.6744077531348,125.24080351591287,122.999229617905,37.19477371910629,88.3593132583833,163.50607533820838,72.55617487436865
120.60184023856941,162.7156023342652,97.43871535886318,80.31461649804291,149.99577504806024,36.44993760376016,124.70831987829857,124.17436312140174,35.97897683802037,85.75574552622906,163.29635849659215,71.84951184338661
120.70840471184829,164.49375557765356,90.79122398300773,79.24431985375188,148.8307067260717,32.95339427284716,122.97788497433439,120.62862014676573,37.07275150979053,83.2537240450877,162.74682982706156,73.0239990499625
119.38883414776028,162.65942969081232,92.57308696188664,77.29521801072654,151.4218174366082,36.03365289805941,126.51624786723066,124.44932220655119,29.812214392993344,79.70805455134779,162.0513483314402,72.69312947123257
120.8894823796909,159.0438206436784,84.35034786643276,77.7690629117145,150.1181605959621,34.62013592910393,126.32745278952419,125.83707252914681,38.29261856842392,79.44117390796454,161.35244713390327,71.90823179506637
121.08927218929962,158.22624904703986,83.85190618680728,78.88531810682963,147.6650287808766,33.03394271016277,121.4362063966782,125.28014133176472,40.70233679986969,79.63662688944001,161.11189238802194,72.39740388165504
120.34380597944998,153.59009612330814,82.62102317374121,81.63403962759936,144.93487360031693,32.78764680032479,122.70239309463247,124.87721363500417,37.69415548857226,81.28779941562152,160.24727517678056,71.53392935199805
120.46602475876578,157.77250061248375,92.95518911585903,83.6504554664086,144.5617216869058,34.00523807200988,124.75189570358731,123.4145063269489,36.92210700929754,83.83977169140874,159.47808466804207,71.31495744761786
118.2030532659681,162.90476627382546,104.00046640856974,83.23708785642988,144.9010662290791,34.41039550934153,120.63317974922221,117.73414781438954,37.02924424400423,83.57974740739549,158.6543757103558,69.2922528274217
119.04312274264889,158.24026718011237,98.69444252809785,88.95108483309464,140.55301781651326,33.13239237921097,117.40069524322793,113.4847750771586,39.66767306167639,86.62137052320557,157.5722401926214,67.37508686239953
114.91795329363354,156.37580293530667,95.27276035418296,94.34461226162395,137.84465709432348,35.05923128435933,114.88797197937342,108.62982972131965,40.18043906473068,94.65948418129159,155.86285768101618,65.02607854956861
110.96232968505578,155.2615937268809,98.0258189657282,102.13994204105634,142.1555014778666,45.976204526454275,114.59445568821734,105.24427697118455,37.246053924782146,106.80329812043018,155.00524528309742,64.34542949536323
110.17514717772103,154.40633211604617,96.93229154002451,114.05030246203975,150.34704381214826,59.88043929927382,124.50552574957631,124.16894871306103,36.666391651780096,123.05254628425777,153.42173793514036,72.0394475439952
113.08531490802399,151.75080905946905,94.0477076259183,127.75571329951318,157.01288590510705,71.76438882449203,126.18863143622502,126.95143605481269,39.99870882810905,140.783954291083,152.0650144630898,78.04204614373981
108.45441526546217,149.33510405123565,94.05788677724088,138.80409987143415,167.58207766558567,77.73356139618384,123.55843793082103,124.05951181021014,38.95273412143563,153.2218188381578,151.68206234536575,85.13439371197272
116.7881339948581,150.41174745802746,81.43124196198815,144.78664622943705,164.33203846129814,79.3659471431201,118.5821126831651,117.22730594304952,34.866321330364556,158.54110515830044,149.3180931011341,86.27769286119981
111.36257374204904,146.1609952510899,84.54781974284434,149.98641845474134,158.23329404245652,82.24410184143562,114.48478814359385,113.1626455931671,41.89028946627573,153.9070116320801,153.97428841895916,84.56108138862822
115.65820466679465,148.5660097787579,85.61596600192108,154.7320758354494,158.44425770524657,83.33592205526172,125.1388916624575,127.03664928788069,43.55280205530854,149.87861571642213,157.85225561566668,79.99008815795008
113.36833629164362,151.32518922999597,85.44885806317973,160.2070211382317,168.37448916613278,82.40714932970265,124.31013426083686,127.6599023800812,46.54414579920665,145.06834405813095,159.44722774547338,80.17496165308634
112.11212387094687,150.75155974198128,86.3900547331299,162.48905880201107,171.41373743495663,84.03075295433084,127.92860870428969,136.7143393420345,49.380712493241354,143.06229953443986,162.69725038236075,83.9020045971969
116.3251269211764,152.15546892367985,89.60217507482231,164.21687660415938,166.0290955388388,84.54344776685669,129.84554758679056,145.9203941309181,48.10774822949029,140.3602270104577,161.94105906562845,80.80553387192337
120.1930677985445,150.96751778650338,87.941871144144,164.05507890546525,162.35815690929127,87.32836554542982,137.85908363320098,157.34143323055375,46.54146436815156,140.27699351985507,160.8599867886406,78.02563088790825
120.3875018853494,150.93595195679765,69.43769929281933,164.970406599993,159.4945911338401,84.55387303127196,138.73226601788343,162.57855484464147,55.99902745222625,142.40435693443297,166.35069893976478,83.41246430917042
120.73661424221709,151.0283580642216,69.61201262376271,164.63664451233572,158.43714583253836,85.4960952795187,140.50647772114664,159.67374479721462,49.18574382633923,146.47396479410813,168.44030713995727,86.12773169140675
125.37552305683724,151.51520825600838,86.98579565006125,163.136372373071,155.78452322620427,86.84688209363718,142.0856754059364,163.95677584531376,50.02568717613431,151.38322273456436,164.54275080708106,85.29374118559741
120.32602684283158,147.72489456167025,91.6086572404821,161.1712129967803,157.55145235571558,81.99343467691044,133.31912636186655,155.49822224448303,55.22185415893337,161.09766636933117,163.71407628627213,82.72521786683923
117.20568914392454,150.33201537590517,94.2756398295357,161.890212826988,157.0502720033902,78.51708173219454,129.05975489772584,150.29276937409026,57.2709756025869,167.90721431103208,165.31350183202306,79.6452225332432
114.9793796086483,149.33286376467493,95.12911905091839,163.10309137585114,157.6319063593735,79.04426048074386,128.83055283203066,147.07429738730548,53.488068004750325,172.05944658800135,168.17294311552124,77.70818833777624
112.46524189005025,145.76427259018809,92.6844911347372,163.06765169270685,158.5187396078785,78.31741793960242,127.58450171314149,145.05282354432518,53.91965613581838,172.9684908789089,169.19064730833398,76.54634080920667
113.35700122492779,144.99050694093503,90.83574181987207,162.22469361726232,157.6817184864498,78.07267259467541,133.5147579087816,149.48904787758886,49.41741986380939,171.7955976548133,168.30408607879747,80.02024640828316
112.03276855973911,145.02492561588963,88.13768930055593,159.40030917237573,158.1173692791885,80.3169663743007,131.82815495917805,147.63465079003842,49.83449420809831,170.09225618824112,167.16587258077558,81.49546021965537
110.7064998172424,144.50189796437084,89.06339858225337,152.6952147539234,162.48321159942213,84.20164725080853,140.91433724188056,157.29981540571742,45.899041693268344,164.74809550317295,168.7707597669315,83.72176474825474
115.68450859756764,150.92896884018523,84.41916782086312,140.50608341790826,163.78200997091085,88.73443535494512,138.5847188617457,155.4126115292727,47.26201064491493,169.44934283724223,167.90191896208594,90.12899388997991
117.79765304311891,151.58247931151843,76.67580909828158,133.72050564739683,165.50956963457483,98.59414895380698,143.76633970856227,160.22822247682447,42.80935643552342,169.73866907028878,167.5483175411081,88.57192382791897
118.21055674796156,153.44287181341252,88.5254392758586,133.4638626771955,159.35820953337245,90.93515347949217,140.61261573608473,154.51859312645908,42.428023093707594,167.303149764664,166.94864392139533,86.22076048435972
116.21219777976499,149.88981829091438,88.3989495420354,130.7487330403356,157.81500120580088,87.76854073788246,129.6611609705057,140.23008388251873,45.8003102020739,165.99782276731807,166.2759191332829,86.19673835923525
116.70140046555652,145.84668729397674,90.60177259705709,134.8090812659534,154.3482372387649,82.41816442106773,126.33806237111196,138.66507968071264,50.23400052052327,166.31717930107035,167.31587289424837,86.12391394398848
116.31157527014108,147.90800833748486,90.92148980478045,137.71377920858671,157.44392679317463,77.76118359176556,126.32760597574273,142.44867750920795,46.52798243084631,162.6914085540985,167.25327971561074,83.37465631345579
117.89354103487707,147.21082122214258,78.58315953629291,143.46268294494945,158.540334213976,70.1962018120624,128.4366861584269,144.09118443534808,42.7108112454923,156.38871089015356,167.08639023562222,78.15361976620036
114.67769304306721,138.24629345742787,99.01428603658734,142.53507674947176,160.04909184318802,60.12777639446782,124.75567186779723,140.17671632344508,44.91371824629221,152.1263847001624,168.81508247118393,79.41908344422714
119.0299450682393,148.84069901151514,82.24041946098501,140.99825132804241,160.80689005434138,60.07805039283675,118.56685406656462,134.48728952669927,50.21768579378871,146.40953156194752,169.64415162844125,77.3008311322709
120.06722109787016,147.1043547551629,77.6573422982273,133.85888451791004,159.35010329979337,57.25511539498553,139.42863931127553,154.53433581355853,40.3792404779428,139.88377066189676,161.9435718834241,69.67791474428476
119.80125351377832,147.72719118237364,77.91845060952342,125.74629974999425,156.8878881586207,61.320819619896525,138.5184664367924,154.53910024200317,39.13308296561752,129.81361870608384,160.2489309320773,62.15649987112511
114.85959228718744,137.18158870982404,69.31373815232512,118.98823959258442,157.54194302904412,69.12531696516028,137.4037755016676,152.39814294001852,40.612836088424196,114.91268990604533,154.513616654963,53.60490822736193
113.84309434836761,132.25772952249736,63.87969027548814,107.96060011094282,160.83812927932567,69.4560166547662,143.19017705434027,158.50044549402162,41.86677269968694,106.32743572640403,155.12156258028577,51.473113434050376
115.1559705027046,133.27308692488296,73.81830885946268,103.39719097349389,160.2555087026988,70.85172955107612,143.77767960615068,155.8705460070246,39.85071001667457,92.73615081606691,149.5084564178222,52.200848905012485
119.30945517936824,130.78577243795036,94.94637858373265,103.47820147951344,160.4213505521126,75.45576930988877,126.87740217737468,136.26399550658113,43.49086466680104,81.61076426817178,148.12286345391638,59.652972671502724
114.33009816930131,135.42221598427813,89.72530011062844,103.38739623546563,159.99708453732467,74.48062919737623,127.17514771700564,129.12433261210154,40.34242901965359,76.95485859279235,147.3301691239528,45.75247482735245
111.67301338843006,132.91234576678988,88.17358503565214,104.05752169249651,159.86448118263576,74.77925942513686,122.61192119431978,120.27126320786272,46.473342514834876,73.18038106164656,153.38788886911698,52.76748304593091
113.35583983546626,135.39102650121947,100.16523350516263,102.77722310320266,160.54902824050285,75.11506301865674,123.63338859008567,120.40600784810346,46.993329791891036,69.64235918288807,152.28488617512562,54.68274199933697
113.46362492664166,123.56227169119593,86.35481812109191,95.33514150378768,160.84673895264493,73.55203839583135,129.34085513561126,121.66187777254878,47.31910164180734,68.31071534305677,154.45114220915104,54.03910371830673
116.65800745941836,130.6238411713492,85.1294175218352,95.16824625921068,161.26277722476632,74.19004866095459,131.7278400445995,126.05903303882263,44.88946437196051,66.28380037586551,157.8848303274884,51.00897527127701
119.71277313365005,137.1635708735291,81.50162084725065,94.10072303409375,161.09678618189804,72.95630219994311,139.65941828151384,130.68385259547858,41.16094382455712,65.23307039991195,158.84567275452707,52.70449441452042
119.5860636946241,134.27576257839584,82.32365630264188,94.27886274114667,161.1290074232799,74.30908441667201,132.97952643589298,123.35033268820715,39.82768959003357,65.39454082770568,157.8164995775879,50.733684882833835
117.71534888708037,137.21647276891665,83.21299711806944,93.21073382611712,161.28775337739472,74.92145439879224,128.0974068236602,121.40839844770727,40.21829648415735,64.11943062529697,162.1050099621951,51.983121771233535
120.13354866933375,135.28897153003757,83.63366327536606,93.49032810660968,160.71854828703457,76.13609325719267,131.66873649000325,122.80284514322338,41.567126886563635,64.88387151233033,161.26844608921485,51.22726350531743
119.44261482996168,133.95737781051673,72.7825660259762,93.2496494036259,159.88277696391202,77.89972589101727,131.99604786961743,124.20223370137913,42.72387032135658,66.25701116940084,159.4583192224302,49.12962248512852
123.11230518252293,132.34308462530385,76.42830516011485,93.99205761815733,159.7567835740085,78.77905500138438,130.87460675152613,125.26943008902974,44.6136581934079,66.94281872333966,157.9930829019353,49.190194124242126
121.29308891412195,132.07792131448593,68.61106773300284,96.59752660300317,159.12695613194316,80.7560043585003,127.4865520308144,122.6577057057154,44.704293896241595,68.29722751319899,156.47366597778657,50.32991916178494
120.50661704664698,138.86143613801053,73.91180366341446,99.46812316329373,158.55302476915242,80.07520773364733,129.41513744141767,118.82502386545704,43.83013619632842,70.43268431483499,155.51167902008206,48.07687726145054
123.70705896084411,146.1771066445291,85.5506026405671,104.39379936260542,157.7256879982057,78.71665457681593,127.98559354037498,116.24955394169253,42.557222871767166,76.2820016170164,149.170353824216,43.02573397645178
124.12739948898553,149.2722878956705,90.35591719367734,103.66948079273325,156.82537039144478,76.28644661860571,125.69230999562836,119.1168674993034,47.333206304043195,81.65329497858497,145.84800760200946,38.04807423078606
124.97775395472695,136.7185572250526,80.92736303121983,95.82837978659109,157.75396348204848,76.00203602278197,147.95720432237266,156.10632728718758,39.65563481027734,88.9423792763813,141.86450851155655,35.77926856849367
119.98353282367073,135.9688242447219,83.54294070473813,101.33178030791622,157.76379844078514,77.36314583405812,145.31598348401207,158.5494612434448,40.0359926537173,101.86511461383022,147.41270633899813,47.33561272785837
121.9144594183867,141.54365826645088,77.36262618906215,115.35929425961591,155.31353341154806,77.64494401024095,146.85977949724932,160.86975992315197,40.593754202242806,117.0044510278956,154.33376906264309,58.07693784236675
121.30193349479983,141.91309716963372,79.1315123326554,129.0182616466087,157.04094596667238,75.24307439744094,144.46575403923356,156.5897092390776,37.9242900164296,129.55252366750977,167.52223421183777,73.8990049641251
109.58472014898263,135.60801846724704,75.05746200952225,136.90731511893074,162.68807731377527,64.10658159844192,136.8274643700802,146.7349917023648,40.74720407948404,145.49353603142214,167.93252004070507,82.78757462227509
126.63655291739946,146.8631746373322,65.03863451781369,145.8916481809914,160.83095686856566,55.576041498840596,120.47526867272894,124.5760937265409,46.22396390627799,152.54387035441735,166.7290683989332,83.1913866030589
123.68680909064125,150.69168609571972,66.58708627540018,147.9288020576206,160.39768979328053,55.95491242634025,122.15492023594587,126.58037624513295,44.98067651377481,160.3454202048435,170.5195755792255,76.10747801710836
119.37145290931544,153.5024743812191,75.50412339071893,147.46830427774253,163.52967637605013,56.823117185634054,136.31103908717577,147.03937768673435,41.67219239121274,160.7626120722031,166.17416702868377,88.4040548536194
118.51398729471428,151.41297189587797,75.82702649606193,142.88961074240046,163.66176246616345,58.15982401926991,136.90521190891363,149.78922266140546,45.18305672037978,161.52322026443,164.25192043652277,91.03346101665961
117.46489359972067,155.22931127501712,71.44049468286552,137.49293054800305,157.62463769351132,67.62917745955588,130.0528055486628,146.83351577234586,116.72967529591858,163.63845890433464,164.6962542304467,91.52514106277533
113.43880615300857,152.73524219746727,80.07161543878041,134.8737258936637,164.29760834120376,84.12485858853293,138.5797510030324,160.27644049697358,113.69027290851176,166.5657372792053,164.99302286089443,91.02276577745053
115.00139903355152,153.11972469629052,84.3573948406584,132.76777332866843,164.37502553124102,92.84917728913636,133.19271263734228,155.84380846494588,105.8256974399197,167.2347223437491,158.59183874587833,94.61728328094584
115.85335470245889,152.97636142987153,85.67918029720411,135.44050013493293,161.05947354416426,89.0703966420972,132.21423151356115,155.54997359664202,86.2572348989873,166.20640782838265,163.18107357889036,91.91970132152447
115.29420598945948,152.9507061882366,89.17452939936665,138.4962339992796,162.37334847958036,93.73583904220192,127.77362975082664,151.49239679595695,65.0272042656603,165.60853476617203,160.5923031231541,90.6346704751799
112.96403421012238,151.39728129661714,91.01173129189864,144.0872900798704,161.2615783223107,93.67523451185109,125.4886324616819,145.7102881703,62.692678228772,167.69379412212464,163.02674598152,91.13831592967564
110.62411583091614,152.45578111683528,95.09013518528629,146.92470872169486,162.48654233849035,93.21866264480195,125.18268763434642,145.65700861995967,63.04983891045595,168.87360552964225,164.03254474370738,90.66644218794099
111.91740107963481,155.7019009045778,97.66407612159624,150.97439851055896,160.50557261955652,92.13204759943504,121.82319350904488,144.79661037793787,64.65495528274025,167.98820988596333,164.6153542495612,89.85109035702783
111.81059735303029,150.34363393691976,95.0898444608357,158.64060424888126,157.61692514334257,85.51075144166573,122.66566347386876,142.12916349282582,65.3889997157782,167.46306380004177,165.8254974380373,87.03430077232457
112.43176350284328,142.43855356526512,89.52700691878745,160.54577373569492,158.9319864567218,84.9196909152566,121.43573114896448,146.86574287602943,100.5093490289601,167.72761127533116,164.87553016641152,84.40496376284794
114.37559118165318,144.2459328287226,86.7112514940415,156.93652682744982,159.0724447592597,81.99641611521416,138.9238180554539,159.20445522675377,53.41893918499421,162.85984768898464,166.17506519658554,79.82723563378472
118.56213253771199,143.37647201327826,81.93275585161969,154.32903827253273,156.87255702769616,79.86279928281192,139.3560683815573,160.0249876142814,50.34059033416775,151.2708453342493,165.2684195408044,75.89038579746027
123.67268334168723,146.4557220880895,80.787435492292,158.46937803520126,154.96247588754414,85.02966957313244,136.429443483469,159.35882603377917,51.37083100427945,135.83644583483746,162.61175205876486,86.26909922201948
124.04816474546877,147.40816747226702,84.67173395365438,161.91271789633305,158.54119192083388,88.80882408718057,137.8332112841333,160.31207367213455,51.19232399589206,132.0764648778972,166.79347504409037,90.89497696977202
116.82192614005646,145.45029541582835,87.28501575698172,163.45757655930453,162.28593395079585,87.57389776271393,140.7929881152923,159.53230051328197,46.25049151208563,135.37460240586373,161.86870437474383,87.20746125581601
115.06799423228196,152.71727245307815,92.9048793297788,162.22216382869834,169.36290845581084,88.15709050899365,135.6339071737935,154.19052497077612,48.4507259456944,140.609494930569,160.6637388311867,85.50460815919087
114.30577742394419,152.15263260958304,96.1545038548029,161.69866178857328,170.74756374625707,82.30139957885321,117.23103436129979,136.25999526886648,52.630172984759234,146.35730545577601,161.0500013104715,77.01650070177742
115.39785339463184,151.75847656955295,81.74485825315165,162.42019698527298,169.4050002785337,78.55777866606829,128.27128469188946,144.8291872227471,42.824243455906334,152.60917053000148,164.63543902505378,69.21156147795216
112.03927171046189,152.87507143190484,83.47634729531457,158.8062981169068,170.23630927054296,75.70257753578971,134.06650363618158,150.80206041588147,40.34513884604117,159.8442672698166,164.79424116631287,59.56209032186305
116.0116456826646,149.84680004437556,78.4778033254558,154.66686883773798,173.13035217737166,75.77201231023916,136.21312917747673,152.08308832289202,37.966091660875854,160.85787392151323,166.0054474173936,59.674639516772885
117.39994562995845,152.34296410079767,87.00363258863476,149.28485948359832,172.26581822328785,75.19064982444773,126.5973211441024,138.09032358205283,43.15561693658588,159.49320996680822,164.77349781964858,59.75888290320372
120.58851642734962,151.94852877322305,85.749801144532,145.07678459917898,170.66692465236994,69.31468385433284,130.0499552751128,141.34738093466865,43.92303827526355,155.88822380470864,159.53619690431722,52.85285703468227
118.95978792047235,152.03269420226917,87.66813263558211,137.10073101530708,167.4247143314391,65.76289053676055,135.6728452751125,140.71466981295697,33.80730317297305,144.5416545518683,159.2398364121189,59.15842845188255
122.74090886618862,156.14221766606698,93.3541533879326,124.1760467784025,156.2997412270682,59.367602591835436,132.86995004910668,138.09186548417998,37.82074419500111,124.83485297890745,158.73696076465419,63.4641309314853
119.11483457695537,150.48962458116347,89.82890483860038,112.15444712172626,149.86493926053674,53.010193196044696,133.20524508398458,139.46283228669674,37.799109255154114,112.27042829841609,157.09196613956755,62.60633794383244
120.94036548929348,152.8216752494952,87.17496566626053,103.98307351633531,144.80225641203504,42.82096812173091,132.28854528808571,137.3517993175689,37.424629026486805,101.13874892789867,159.70787041289893,64.12402744927088
124.67339816873991,152.61820072509877,95.30145236619865,96.05152368431116,136.50622772750015,38.40882807863047,134.4440449325663,141.31411603838552,34.042204992115515,95.98114105451911,161.6222800020129,67.48023747985235
121.23800762217239,155.0557606671836,84.25142603015857,87.95374205714063,143.5492973222464,35.19612936286116,118.12275426858767,119.87433575350084,39.7884107064011,91.58280563038166,161.8175197081154,71.70625772693927
120.92580407042183,158.1194250770491,103.97045202965083,82.6093491561476,146.28399371829167,34.18427746831695,115.70428666236953,113.01898992954955,40.46186114305982,87.65646975555175,161.80290367390276,73.96587871432064
117.23991121386752,154.91878332608172,86.81631480235994,78.19254957917208,148.7734629112319,39.5257899252732,125.62127083512031,128.19185562686906,37.5793227311957,83.1312592050768,162.01779590070092,70.33610362568265
117.46968313417973,155.69996826808926,90.03418133505498,75.86555221571953,152.06161068106522,37.736493914700475,117.80264326232522,113.0684894130133,38.78655160752893,78.68331051225104,161.39970765624608,71.03367236495967
112.32602644106385,160.69168457806742,96.47365906420238,75.35313165277553,151.99917841892142,36.24031613633,118.47942466059607,113.16496062185536,40.21000026450878,77.03335634286056,160.98074483646246,72.05695584796979
113.10482849169212,159.20406972111735,90.85197604347253,75.61106448165567,150.10971224640656,32.706801637773204,119.00068590822558,118.79903394681098,38.65096162361807,75.9703799359541,160.1397057432246,71.22326908386715
114.03978231943708,160.20912135834422,95.83403202899643,75.59774813653239,149.56266843582645,31.779179757250038,120.50556866305,121.82544996979468,39.66350315870726,74.98803846464364,157.57448414593566,69.93403262914003
116.57105649162976,157.1986298502348,91.52666622515973,78.3973779359852,146.1591594674265,32.502499630389,122.15306723554481,122.9240730839725,38.251135036400015,76.15312713718913,159.1842274693862,72.95915444208721
118.69732206738313,159.30761772901502,98.57300488794694,80.74426148905788,144.49137959489806,31.946106920587177,118.41572560480353,115.31408490748629,37.547653394417566,80.4715731055743,158.97466218518122,72.71974056879796
119.1925273296156,157.65828731495566,87.90585882409862,81.08343642141892,144.6984454838107,33.33975860362986,116.87117172775301,116.0455741138382,40.64908876028804,81.60136979137036,156.7361025915607,70.8784612212712
120.81671843772612,155.39096692853863,85.88581714763546,82.5146818894221,140.19476640642665,31.63323114824132,112.93144781303884,111.49426598632832,41.76653612230665,83.730934305019,156.3931201342926,67.08528626710822
115.7355814456586,152.56152667770448,72.72343539799438,89.52774254458924,135.19891514727445,32.283583255820524,112.57310689873276,108.68845235288624,41.71574329165812,92.57379047197647,154.40920898993332,65.4083340319557
113.12042547158052,149.17670150113244,69.04464529601985,99.99750114035685,140.65661080664682,39.896347842022614,115.87775000711602,110.31711877915164,39.22815064897896,103.86250060753852,152.52415060466552,66.12586073229056
111.44514059459145,150.41868252572695,88.79483747219383,111.5097754965292,146.1885464397778,53.125510824318305,126.66345283173365,128.07592495201484,37.18065053153954,121.28075219702848,149.9751944772219,70.5612873183142
111.28480365249568,155.80692287582977,100.992376610904,122.08202952173312,154.80873148880443,68.36390742209547,122.47108505993538,121.55471782000791,41.19899278060392,141.96919742142225,147.72243969025973,75.72939180597778
121.58398808248111,153.94923202219385,84.9464084225493,130.6398394942938,161.73016483065337,77.49256857535559,125.43099069913208,132.15545309262959,41.86157404145254,153.7150850622531,148.64468179516962,83.75053243223685
116.56730196365939,153.71298081473952,78.43491102692025,138.95083139724014,164.98595217245762,78.11019162737217,123.90533105048061,127.27380909342195,38.043766180201736,157.0972298770637,152.10769223540728,85.8580738400121
118.35270440585684,156.36974293933528,77.78632906331461,150.90592025592971,165.67562481123218,78.04276544452993,113.26311033657899,118.19986779370282,51.662520286218424,152.73131108676995,157.8996995203215,82.02853982878483
112.73077458082523,153.36941691290352,80.52282170847737,155.80968672459335,164.64611593134546,80.54532526921629,116.46834334663295,114.38244372491623,45.353803812581006,146.82454022076777,162.01560842349753,77.1172933564465
112.79097896358769,152.68171459543254,81.6267580853951,160.3141186918512,170.99129756030854,81.01639027287894,119.86665110309677,121.67236052139965,46.86853133785426,143.2801330016321,163.47451513826888,79.90128995442063
112.49022415677044,149.4355166730711,71.0044204312431,162.177087449413,171.29714403792167,84.71453290485634,128.86073821875564,137.30979624894925,50.33671744335603,141.29570743294278,159.96480214093955,79.47010396380023
118.59352508774298,149.06995485984524,77.77995265275426,163.43051454592202,167.88613845670767,86.11237637369156,127.13607461860458,137.73187789926422,45.231323727928796,139.7121981776351,162.35556173375832,80.32902125079723
123.08803563252413,152.09087674447275,79.62315407323752,162.30872312929216,164.59002358626793,75.26125923586957,125.74992095358755,137.42397847209008,48.401748409606824,138.870436860645,158.39229263180115,76.60263171881864
124.97968211354372,150.68446309536697,79.93356396447497,164.705525032609,159.88368063374676,83.08031625111951,126.50212863578045,142.21134144003037,51.47669304534924,139.64338533998384,164.44629072706704,81.02537764010296
118.73222675493712,146.48539354803904,81.59521910247099,165.3722926204263,157.70099289391692,81.8287345287786,133.7228568481061,147.49953839332807,49.98063119128818,144.8109048579568,168.51178541960817,83.14088282227968
121.06082205228668,144.54483022921005,78.89487379871966,166.12300177084498,159.07907019306782,82.42376117444233,135.86417984688947,150.675405672384,50.867064382549756,147.88696679859444,167.89347392882308,84.62799896547581
121.2073810528313,144.12243004317023,69.92126301789133,165.29080385089108,158.07806636522162,83.78921119920292,137.1463214042954,155.5631574651719,51.09519695427161,153.42960914751245,168.3228495843727,80.14503843555808
118.77792369094726,144.7683222206766,82.38473722276522,164.03227068849216,158.89377178527104,80.54873422481177,137.0311781714289,156.89127319812502,49.26495736440568,161.6660986459991,166.90516198909341,79.98184309345297
114.89766956440003,142.79786800422107,83.80844775227325,163.52421640990397,158.73566014924256,77.8961583712643,122.6487587110686,143.8727687920501,58.21456962962617,167.59689861091337,162.6253920255558,84.45234436110246
114.6175631710945,144.86471765544488,81.65062258264925,163.0741176943712,158.465780761368,75.66294760275218,118.99681436652531,136.65066537324094,60.515128829317355,168.91298822232778,162.9766472000811,81.6745574781205
113.30140619289404,145.35514710546462,76.04012160721645,163.00026135249578,160.22513967165452,76.03907947723494,120.69335085358097,139.467444674869,58.95380533985229,169.14775853289714,163.54503632318105,81.74145959329994
108.99646931173096,144.69840776619725,82.23123683602462,163.73020886111055,160.85806988260148,76.12195614668754,117.63585271005812,137.6411651838191,62.14547680868374,167.07484757489468,164.5492934955515,81.4950269709506
107.53246478305252,144.7220342709681,83.13417145262268,154.46452411183847,162.91596390241097,77.95351341630916,131.8934533426936,156.45576385815232,55.59736046466845,165.86377460811477,165.1875166798019,84.67628876127029
107.20835981289254,146.68944014368967,85.00498247721099,142.74862341959982,159.8237256649783,86.70218095778219,132.361539166452,156.12674330924,53.162888204905755,165.45767498802962,165.50436387926715,85.65965835366856
108.2302827977984,147.6513194282322,78.33678349931641,136.33079833451126,163.6169255287428,90.20154364918108,131.51263638353663,153.97099247561877,49.105432624351884,167.6082550366281,166.62983302550435,84.03660223153803
111.20994290156874,149.39970623289662,77.70337841194875,135.42046963730868,161.5331683950852,92.2149927070673,140.31816053680598,159.72069026967682,41.98037116236431,166.07069751901466,165.81687371424044,85.29082906198589
111.87381567323156,148.7132519399096,83.42322054416664,139.20000430086074,160.88260853225586,91.83463433531219,133.50203232750948,150.3973317814548,44.05975614580041,165.42475008575062,164.95103312562273,85.85029946415129
111.3964710526903,146.44761876500576,82.9237183178047,141.10188567720476,156.53574873497877,84.60073948630074,130.30744546701405,147.77390550522486,50.64191110246973,165.47735088238602,166.546537285826,87.4616999463822
114.79069274717315,146.24244887410697,83.57159285723856,142.16040544000708,153.40960734308183,74.87060152916631,132.0972862683209,148.96690583164744,48.72067153254705,163.86207969497082,167.33786462622402,84.94827363599065
119.76201066705444,144.27940913806643,73.9616243001525,144.86465076514034,158.0989294995835,68.97766189134865,130.19822073135717,143.68062413851726,40.62117902913235,158.78023861381712,168.8009353061181,79.94082526205308
122.96540160624855,139.1813447338809,71.66154144304699,145.83474371900834,158.68550277383602,60.24274447960414,131.19221822792258,144.5026564618586,42.301286279162454,153.2467574146343,168.43473426204665,74.43906180538032
118.33741156481639,143.9093706950846,68.56508180179587,143.36597739491938,161.41751074442757,59.8428241251344,136.00725874216147,149.39719992799144,39.646562202906054,145.4009977743259,170.89352233836968,75.07509572001693
117.7311347106334,144.638002857598,62.10443793913901,138.9691018570787,164.12896999382127,59.92578260900208,142.66413919653343,157.2795354727824,39.59330652013541,140.27840393635373,165.98016474531192,74.68138042490888
123.03018972337031,147.4832730598067,71.55428589624688,131.10673528645862,160.5170926948725,65.22161407535972,145.11144059383858,159.06500083682468,36.38851634564141,133.80858132518517,160.9735969335712,69.35354516541548
114.98663195867431,136.63883592862072,73.11697638128628,120.12863271539824,158.3314974420234,75.27195891513279,145.2325859470851,157.18968619486105,33.91080789106705,118.94531964145446,132.22150559246293,59.368233902821444
117.15665463036713,133.45532133306222,74.05403720420748,110.9404877060331,158.27994286320444,73.17576925186522,142.24253477182353,153.45116731326087,36.44404638709435,98.12918636226313,152.8988680552573,51.7058272132795
115.39902410678975,134.04026354902842,75.74070939892135,105.72986914797188,159.7323407392049,74.25666223183596,142.88320552905762,152.19478833962896,35.20502826989155,84.58442422709875,149.3637551397978,52.9965702098115
114.45757449785832,138.54321848688394,79.87956749674622,96.33229029979802,159.96154459035762,75.45355931020977,138.22688070837526,148.34340200908844,37.017600949882336,76.11070445512411,152.39923697821092,60.29637016925925
109.97346756812574,132.3138680941524,77.85979134447282,93.81230251949627,160.23694172459787,74.19066076313196,129.44394677417088,136.65386313393438,39.68451268187201,70.99235368642428,143.66794762994013,53.691145731854235
113.74703212253867,131.36714080153928,80.31301825398658,97.6879058334887,159.29986558506647,75.09355113300043,121.62721911395413,119.90765537235553,44.56706952577629,67.43077987606947,145.51344706968135,52.35418420807868
112.29143093460745,129.5411186317047,79.65639770843113,97.56022077366514,159.65229157857388,75.11876589494474,125.18437364992832,121.37915188130998,44.1023547261759,63.58647171085329,150.51053232144,51.848376946357895
116.42001588518742,133.32909952810897,82.61804545284832,93.55054171214876,159.74467153267796,73.36200564787457,125.40241067345927,118.51507921137632,43.25200941816543,63.47575661596864,152.47384999108326,52.82168929497809
121.4690811454258,137.5632691011029,84.22612768910568,92.64445513131493,160.13715992353588,70.53016667623248,132.0829741509301,120.2750618845269,39.41786601812115,63.630058482989554,150.48821447245834,46.072517072758686
121.7766475006361,138.4225691331372,74.93487123315901,90.94356988567246,160.45313774985036,71.84680100699427,129.84316945307654,120.04175620372028,42.48904856185207,63.34721308505761,146.97197579006146,42.09698432565427
121.05087905568324,139.31551309572293,82.96815695471963,94.24723019818703,159.8321567444418,73.75107278544137,129.05203040644318,116.24238261831351,35.71964354423811,64.59675996849882,147.80519568628375,44.19687567260031
116.64234157431562,139.4785306637166,79.04720426878853,95.21024031451807,160.48606796255157,74.9634352045765,129.0265162368877,115.91527899336153,36.438315137086924,63.952797569958854,142.73257280875413,36.43013330235468
118.56809719982006,140.71994958599979,80.26586063642766,100.75037301839288,159.32698057273066,74.93645442438154,122.39615517187225,107.32505020656762,35.00291263806076,65.03088856187684,146.10456953638703,43.47983720249376
114.71509317428625,130.08469625709705,71.91522745458649,99.18235102321204,159.13714023638624,74.65502948671512,126.47102507204623,113.37785920147783,36.669231664064746,66.09818940056786,147.05857306360207,42.66712287739346
116.2450603737092,137.67922318566033,82.10451046870129,97.05655382580383,159.3153741129374,75.21337773326074,122.41209012779134,108.39109629214815,40.45412453116433,68.68358533133735,148.95144211659021,52.51024466466923
123.22648368518286,144.04136959358513,82.0213401762338,92.81474519903338,159.4204900859743,72.39140490121724,122.11751494629245,111.45972370206209,42.918219579216554,72.78852027365765,144.98186718417412,50.107354266700895
128.51493918896884,145.64626898646182,84.6798466403475,89.25578155535796,158.01209667817645,72.1127434225618,136.8933937704354,137.6655975023245,37.56980526471349,81.34124003774065,139.92212434755277,39.61309700367818
123.14323498451847,138.96967806651645,78.71433728647371,100.13949014140243,156.63129078458803,74.57443204960454,145.2528182425596,156.85736048713912,38.60783415049631,93.11523844816816,136.3312126785967,35.60329207162123
123.42689070436681,138.5324477927085,76.64890566459553,110.94285275787149,153.23477308744972,70.35300766035834,146.31250784139036,160.52170499359954,39.83448860174457,107.45236060145905,147.5035711175143,48.287826240182255
122.49523969149782,141.93941412818268,69.97804659894686,124.61134867506794,153.72989570354468,69.33813892318574,141.60006429020453,153.1622069573668,34.29465065249573,127.31824994724006,164.20567864743356,72.05771865885688
119.14869375875011,139.35814213046436,77.63048930710474,134.2554878493814,159.25534898509846,62.27864967051764,140.85764395915783,155.3915325900522,38.00702121247073,135.66296027288232,168.23899962130105,78.74763346797117
118.4779466019044,139.83829714093858,67.82868266464226,144.71970166006696,160.93206494859888,53.706053287519644,136.3222424648615,147.11764760110728,41.13421417427521,148.37629625947397,167.20333703335666,82.8919020462146
123.20174560138085,147.72797743865002,67.55696538326151,149.60919353958874,159.9422642454163,54.101977217855314,129.0871853661258,139.1464067738018,40.41159268531892,152.68759092285666,169.25696199578354,83.0808118465274
119.41749580159656,146.32702134643534,71.45228105469256,149.7638704104658,161.76378038871593,56.65532102665663,140.61363079531694,153.08851891214192,38.829296521637495,158.2988381677422,168.54856943127746,85.88435696734491
118.81127624681892,143.8663752518468,68.2633986986136,142.79413615284065,157.82764695630172,62.95941134067719,139.22090899791561,152.11995516942912,42.45007340450336,159.8565183406749,156.77918740560057,94.44533530872374
119.9619568508856,151.45690100883476,74.05425302433675,140.89160367273644,160.52018947524286,65.95185129251472,141.36319022115032,154.22247527355606,42.18125839369454,162.28931045113526,163.4148979432833,89.1041562330756
126.51429616929154,153.84848388890117,73.79208866942419,139.96300585237785,160.0335539398177,74.55412652605501,140.31278013834964,158.5322375172336,44.0536332555562,164.64471465468424,165.56246359454593,87.12682446077328
123.20568531779784,151.82984213046788,77.6372726512145,138.80732293529618,162.8266363734862,83.87519072587934,143.6924630951267,161.27036410826318,41.2474206596671,167.9005411331023,163.5574266685718,86.09326317421986
123.72082681417253,151.20026630031282,78.9079339262392,137.0544337438824,160.03951011984537,84.2499958947205,139.61188848202517,156.97057033328576,40.70079241380553,167.07330505725895,156.9872777124931,91.79767996559008
118.58951792953235,153.24560121997968,85.95974529971117,137.48353562831124,159.716215281223,85.09243339166332,137.9734450889329,157.5472158903864,43.025945391328634,169.84174930672302,159.26355240222324,90.72745767747594
110.73968098181541,150.52082005963032,90.92381482530217,141.70563406027486,160.80446055393952,89.59778462547857,132.638859331345,155.01104146567474,54.6476234467279,167.5562585265404,159.2459337319916,91.08283562872354
108.22407737678866,149.37546994206394,92.07591262173729,145.84064207598178,160.75579652145686,92.45893478222885,135.54106863116257,159.3352106854404,51.15443009277053,168.22000355211793,159.50800718675328,90.75341813926663
106.89306656481442,144.63702572841635,89.0794450959692,151.87584536703628,160.1710557150574,90.86236006378421,133.7503393195343,157.74807555598403,53.86651425666095,166.57592859679576,161.59592133203532,89.19384424143601
109.6578405311899,149.09820806785086,93.60160518751215,155.11320727152574,160.61398060785737,85.8143915677209,126.61492435661516,150.04717534695283,58.203243000098624,167.83033383081394,163.64245416255145,87.13746673949616
110.00269661066609,147.10924206711846,85.61665382915588,160.4640675323452,157.33324340584292,81.3296810513767,114.7567386651162,136.1902317096141,64.61862478003984,166.9307869212403,166.0086316233871,78.93932727476158
110.63037876917794,145.2222386251447,86.0403919516795,159.42908672120774,155.79793732669182,77.5986484118683,120.08132601222802,137.89087720341934,57.76312600688644,166.51219992485042,164.5431894467346,75.11321950153533
112.02325579783711,144.14829175459604,79.11509573495994,158.91207061386945,154.6003310503587,76.89365068332566,124.58926928743375,143.58905203480845,54.29476040256778,157.9773146793665,156.03991814543306,85.0362746084531
115.24075035787547,143.0088989170426,78.26862981417518,157.73656372748013,156.72039772195978,78.15671176024144,128.15278268353455,150.80987930482263,51.32415544353597,143.5799962985026,166.51314918376062,79.8092564389867
119.01949727249954,144.2014299057534,73.88233360760829,163.68665081118542,162.07837548335334,90.39322843089933,132.47518405763736,156.95411709988977,51.337235010971455,136.92431685349524,164.9739190370303,82.93710380865254
118.60544675158845,145.74256387444373,64.4622114537524,165.27768825622303,166.2811752561373,99.01545265747475,134.90587313944133,155.6684488698708,47.55587244628725,134.20729316139526,163.9643593200011,85.52078231462157
119.38151359660888,148.51545645522506,77.73813630523854,163.56130224065652,165.7565786080307,85.39908247282267,132.7977709218554,147.90321842466213,40.54523196328415,139.1143808699053,161.41086580615087,85.0595494816361
116.87301692735873,149.0329132071752,79.84244161193753,161.43700570907922,167.67337974555724,83.57964965239071,132.23139779290986,144.9962462267226,38.212698143419495,143.54647145384848,157.865583782897,82.74188086043581
114.02683467724677,153.85199865278454,84.63796092807866,160.7895045687217,167.99239661127203,81.72845912483432,138.0806744194186,153.75464856411264,40.91044561050719,149.58499245146996,165.7795988614484,73.58848393459463
113.33928950430675,149.51012460910295,78.09026489344792,157.8360863899982,168.72174080722962,77.83910091562795,144.4137229782442,160.4290712824494,36.16994129127022,154.55676936033242,164.16790176492287,64.52364372140347
114.62792054531882,149.40382969751175,79.59716765985496,153.8952187489213,170.80601290013456,76.75761290880634,139.40045957359524,153.32536035457127,34.838486315944685,160.498922491231,162.1829929107304,60.54084949366908
117.97796317214701,150.94894263148356,76.71250017298102,150.00595870498205,174.91655608861424,75.03942962305686,132.01200449209873,144.12734311421264,39.898770525751694,160.5622056630805,162.7592644073476,61.59050226732258
120.06524748446465,149.23924546362494,85.59431943655004,145.9782745778891,171.04222029796722,71.76797040222256,133.7427100559823,146.05291092726847,41.52608888262864,160.49390888149244,160.32776232026654,60.728457949498384
119.26675356804932,150.6776058471362,91.29459045769211,138.7822968969107,171.93554209164373,73.8868968868038,141.56629627937167,149.58923406366137,37.32865985303633,149.85737878695764,157.03309657018747,64.38615770259304
129.3621890825601,155.11982396981077,94.06986902056293,131.4303830814359,162.56940481618463,66.57960213901237,141.98661256864577,150.06413446082897,35.62443848605317,133.01581386143434,159.0662923336151,65.12218052679708
121.63380060618314,154.1563014419475,100.27097720827493,123.48693849737383,149.5104935901977,54.003913030700474,137.30494891726843,140.59102922912402,34.6881256264849,114.53131672624384,158.81755724279859,63.12487112149344
113.57029958803528,160.86055141080195,104.73089907906596,113.90473468360764,133.63591125310145,58.137607425945355,137.62799510882806,146.0286320248244,35.65624010610574,105.96544959652338,160.53048851010945,66.0825091856626
117.95886275796727,157.20648869931313,93.36422688835887,102.96539383496034,136.2420321509717,39.98129547376519,137.2023512503542,147.5632024056567,35.53553364930249,99.7688998883843,159.95140199414502,65.15809874292715
120.21896282421639,155.96354003832872,96.99715572220941,95.41875531041406,141.78579393534395,36.99552417490068,122.53027507627719,127.21562304669995,43.73411035501086,95.22857492498478,159.00358443574055,66.15448654618552
120.31408550259867,155.83213523073525,90.13922022400145,86.91556646541498,146.00570645364127,36.33405651113382,117.67108935012646,119.74321684382254,44.06625553358253,90.44334977006257,161.11580372767426,69.37221642514596
118.45415633757108,156.68511520796497,90.97761459975327,81.74971607005881,147.0874089107398,33.28378404914508,116.70261415569779,119.34213870688679,44.78718981814686,85.6775626703296,162.09520827402574,69.16812993253792
116.69596543189711,153.55296556801892,84.87801101451028,76.72871454832277,147.10317924756953,37.06476038441114,121.46051094430224,120.5797650712218,40.56065894531475,79.65027420899091,161.88030265298798,67.96498101843952
116.05000533083127,152.6757991694086,86.74545288027906,74.26801765145407,149.82957337544886,36.33968066268663,121.24366958848671,119.29467062685342,41.09683621545736,77.99655955258974,161.84423908330916,67.12084721067909
114.04585912027494,153.75296420073252,64.78601363073801,73.8950990957659,151.80451671197716,37.00001541519718,118.40398539905281,118.46178688584692,43.33130291610927,76.79947519234051,160.48007018061108,67.15708456217338
110.6578798946312,154.82616025654502,84.1787523034839,74.12633059566204,152.95476027155146,40.00359234393909,119.00051183599223,120.14395486193736,43.38757327745212,75.33037319601162,160.84218842296264,68.27455820721794
108.15043254038181,153.73318994649946,90.99116640601954,75.93211583147347,149.1357686120253,37.3118228412927,125.38618036197241,126.00967072189505,44.32571654604324,76.13867893734164,159.077014504083,65.43335853228747
117.25258834026377,161.4349867518703,97.12330811752447,79.07370413003943,145.09766073104515,35.06832855048927,128.8917612771845,125.28255764401543,42.84424519917474,78.20324826945745,159.2950053470932,68.91781747698163
116.54366567305294,163.630144636955,103.25558347686884,81.11844517849686,141.92686636244778,33.07068057808233,121.98280823919187,121.6410522157505,44.970280848309336,81.22261499024494,158.2820303582021,66.56911956865731
118.43600079651706,155.87171759368456,97.59118788044985,83.81018576869437,142.33949564506926,35.03038119727814,114.55406943089815,106.66547026276017,41.79059978557246,83.10080982563602,157.5549903149691,66.30070232700668
117.00422626880193,156.97881224344871,100.08450462795196,89.11825429275133,136.9051570810643,35.67939930666943,110.9896684949366,107.22925387733301,43.623469258935046,95.38861837089642,155.16103409942014,63.13490867876731
109.94060816677383,153.2001595370296,96.04803699235617,97.77478835604494,132.56403927149543,37.39712486770945,110.17496862164076,110.42390651968239,42.27419797902906,104.56154225400249,155.00305138663128,64.1263447324257
106.93631192352908,152.39062433200587,97.42969526305792,106.47438445989015,145.4267065488956,49.00582617306262,115.90322506827849,115.00725429303702,42.3496750286712,109.75769632138864,153.02215415735262,65.26312904797138
105.93989380762487,156.21567757749517,105.73243284249735,117.76315638803361,151.22110265286688,60.28146459128387,121.97161570687781,128.5229154024074,42.21101360240433,122.9276480538879,152.77474181921346,60.41300105795033
110.40385959220659,157.47985691809035,112.93311219908792,129.09296970148176,164.28006013279645,69.14910586073377,126.59726071676847,134.85877617134787,41.541556364479135,142.3081716809441,157.15355684757787,58.582670183326144
106.11901817116721,120.66115400176427,69.12065155991992,138.66185587961087,167.83271562263783,79.00940233067026,122.99420857807314,135.74251304997875,45.25903639095975,157.5771450558699,163.27530963493902,57.059272627062676
121.48751937504176,153.38302125762652,66.36592728668413,144.74166718552033,169.19873774381173,79.38498927574479,119.10433982094816,134.54377545009922,47.871722749595016,160.9830231133822,164.14981350953178,61.51977402631999
125.42479106681014,161.58847937007857,69.9313454481182,150.6909155938481,172.11606572133627,78.89909618178449,115.83054673662531,133.44771740169006,58.18606687123726,156.50001738940676,166.33756231478344,64.03788132988375
110.5579062674822,154.65205500166056,78.32224522137015,156.35969170713966,169.168322941176,81.62220888484038,121.56762227324303,135.29160407489232,49.56483135182062,150.35401194433652,163.38960956076937,55.88112810303433
112.47828434498344,151.28362886835396,82.00775365393307,160.30201964895667,171.8141655037847,83.27547200846689,124.97395915215277,137.65146233989455,51.14874164173024,145.35481830583785,164.31987663270954,63.84628459864933
115.40553025110925,147.0433244942955,78.58897676507875,160.96596130246493,171.9536225453969,82.55548552168742,136.18715925295533,155.35505175619613,47.54922919019989,144.5920716788392,162.77113078576784,70.92343613146929
119.1231708595053,149.94022627166655,80.4872057227881,163.43081077299385,168.32621980103247,83.4254729826575,129.41273305487115,149.84289057987704,47.62729409187418,143.11893675579014,160.46429598806387,73.291838450135
120.1484122973958,147.25868343577915,66.8082404189194,164.63899310644993,164.94817466491094,86.6361331136832,135.06163901480676,157.89161650702007,54.496572765399584,142.4101234897946,163.99514825164368,73.63097775555933
121.19493006438265,146.69011968394216,64.05829576585117,165.15184316858497,158.59797539120294,84.95084407186887,131.40533444658047,151.43464966805743,51.622688275075795,143.00223300878008,169.4997614846198,82.05881704169893
121.83854185486418,147.49905043091755,74.97772496378995,165.18478020892496,157.27658291273136,83.696608017692,141.86494685576594,161.7091885950127,46.18229154420411,147.00662176951593,169.1218147534938,85.99607173045091
120.98430848589251,145.16025787229782,79.43701145880884,165.22272159799118,156.56522935862532,79.84616460938722,140.36822379877967,162.4132733370757,49.542358787823446,155.15958618382948,164.32205462304003,85.13373090554279
117.48758200418725,144.11392877929947,84.0749387740689,162.76686424549354,158.83299865722674,77.66442269893264,135.62769096407288,157.5714314042164,50.75326342161259,161.59279232044622,164.52099833614545,82.54798322852855
117.76303065834223,146.29965803811382,83.64973403698194,164.23850453722986,158.38207687321602,75.1905217448885,133.02251656510305,155.14446034576434,52.44888684080277,165.24674600054567,165.62021374678574,79.7544713777471
116.256632946384,145.0851829680079,81.04668456133318,163.6523131300148,158.22096615760927,75.54365751483485,129.36064468898573,154.26473822149833,53.47989156111677,167.9312486447174,166.5033897011541,77.68596713139463
115.39464613229954,146.08179181809723,79.40817275755569,163.3030090821671,158.33478566586285,74.34187704656433,125.47488370721122,153.13632823408742,55.1172912738977,168.59940056631828,166.8433531440491,76.46529275569311
111.90620983445044,147.55524971969498,82.93741362428784,162.87892063960345,158.54269347766026,72.89019507356491,118.07372369252738,146.33055956908404,58.81706451729173,168.5058471140612,165.47952927242045,77.8044761141406
110.41313794822891,149.15887134262275,84.73249541747107,161.71124047793623,158.21945285782047,71.99747858815665,111.93031528157405,138.1627559788138,62.45995481493157,166.566365173964,165.4787328788248,76.55869647007474
107.53708307236737,150.30957723727602,87.81604973270586,158.89451625850865,158.65036278742403,69.87986272245047,114.77966626611405,137.2116929764376,61.660020853985586,165.40055783305158,163.4218126229346,75.44527616948959
107.73925717447985,148.40725464287002,87.51757839533705,151.5965005723389,162.31561080665657,77.2288783407779,122.29223877697802,146.01690991106344,58.80704567986383,166.33818884106344,161.82479703266876,83.39119880171187
107.45642134993167,147.93160859053404,86.74659425945558,137.52249802119832,163.9956546951877,80.92916190599193,127.47685419475374,153.57151068860637,59.92771081729759,167.26983423522407,163.99958264816064,86.79872800548884
113.62446731577177,152.11739129798545,87.65030709339337,135.36198778813596,164.19769439426457,83.31057299351205,133.56031235744462,158.68759032729312,52.71559198207577,166.61241108649187,167.11950879094545,88.60458267216586
114.94559767647901,151.71623503668934,79.98695214955204,137.02381588519367,162.2696010289143,87.8797165028343,139.04335779370143,160.34597753056917,44.31688624860913,164.29347431396675,164.37525573161867,85.15523451264488
119.32421126645964,153.34930450423286,77.5174290004704,137.32400346346694,160.0162259972135,81.428259404642,109.50619253013367,125.67572651317323,50.941175114561354,163.1566097858491,163.2002376215013,85.2874673842176
120.50340533078307,154.0114623437194,72.26567997541041,138.58991331473175,159.38403386897633,76.19271259500697,139.6922350130757,155.31389276705448,41.939440490251215,163.9118185251338,164.83280229995557,83.88165225476983
124.01368594306625,153.24710086388404,74.18308936784757,142.68645972567307,159.9861675207134,71.2483842230734,135.0128004707891,149.35119800975377,39.62964568004114,162.4281781699652,167.60443965942716,80.8633625405593
126.16881233190297,150.9171023647723,102.58161540709894,144.03565372119192,162.27921978588262,60.65738797644529,134.87043223536426,146.89665407051,39.83250962147145,155.53298429295646,173.70443237829048,78.81339873684274
126.33663828474533,148.689063293441,78.63667246634493,143.7221852031548,164.7192476287372,54.37835443905282,138.59872122121786,151.45849034194796,39.92354020979112,148.8924512036881,173.63286566549175,80.71170378670652
122.12361866614575,147.53342720989738,70.65288107690556,140.95784206656543,165.19863996384166,57.17551172330894,134.59000514838417,147.46827206444698,42.55612554726645,145.96083726818674,175.7626275190789,79.79857770883345
122.59878775193867,144.64973813091726,55.91669851285537,135.57160112494626,164.85625520198676,52.224413362235275,141.01381914317832,153.9308515531856,41.26306062289972,140.33742239187842,167.95531942110856,73.46227936443606
127.02465855280394,145.29331202612389,48.15292424667557,125.49691086852778,162.51722101323287,58.44183988133758,132.51447710445896,151.54562836167105,45.99373524556353,127.27116115472101,159.6470375387578,62.47288783857503
119.68498155472379,140.07235504577335,45.54118862363473,119.12756432402568,159.5781642388027,66.92856057465396,133.5402926455636,149.53354458625154,45.194031506060995,108.74426476357587,150.76486242446478,60.30413845424054
122.57646555418964,139.3537781185583,66.58664715686665,105.83089822595751,160.1194515571182,71.00318058018861,140.6516741170591,152.63256448768976,38.42570211946083,92.93059040105013,145.466706893626,60.07037638499934
126.59817240701405,133.81466168576392,78.05497780867454,98.00768714551977,161.0697396009874,70.32566229775568,139.54246600827364,148.65542616346013,39.21971831129059,84.50832176716432,149.1616706572127,57.65807147861348
121.33334221255939,110.87606828215633,54.38396550003614,91.38669031187199,160.54059575690627,70.14780314867026,132.38237296074442,140.1649802600493,41.54969875106945,76.14937533136089,149.9573550293868,56.43526537325387
112.8738272282555,119.09848042281727,65.7034092460687,97.42490701993307,161.19594978584223,73.32048873735319,119.85642498301412,121.70002054987457,45.642227210464796,68.77929754433016,154.59378661447124,58.28047924372179
114.78746190988694,128.0778097498373,76.94027936274348,98.30239370185362,159.4466021382211,71.36623726689052,119.05778833322802,117.43628724554307,46.09490384859456,65.71296831327645,151.54295934762723,53.74095329067555
116.52211191009476,133.94887219031747,92.9044117383985,105.27394104623299,157.72147771148502,71.66395227929499,129.94466068514646,121.4722933072076,42.034600876487616,64.31651770573235,152.1578113511362,50.37443267040287
117.29440596393427,132.52425729343562,84.38637889472065,103.42387758593347,158.0764322041897,71.2318988520112,131.40255361733696,120.8008955809225,39.76976500273202,62.705980220190185,151.49544659112846,48.99889020956351
120.58464885490346,134.50282660363294,85.68491666378902,99.25040680792546,159.53689947391993,72.57332290728355,126.49530007126818,119.21705781767021,40.42949710286062,63.362252101682905,149.12517499975294,47.57436778781872
119.48484839682837,133.82533646289423,85.60389361974246,96.50986570510702,160.62594147471802,73.75899074621381,124.38555792598085,116.11656701194292,39.88370855296669,61.81928982046323,149.52234062879938,48.65893351837174
117.54230305947397,135.26739870977735,80.61147761076258,95.80978464425294,160.78037031070852,75.89892756583237,125.03347278698877,116.34504867719112,41.61542623754068,60.98042475656365,148.54972675019636,45.575852869412785
115.52093302421218,132.95235535315513,73.9789762805944,98.47882363743517,160.49621466377494,78.16662089383924,124.31405398711225,115.42529587174563,38.61049580421547,60.985013501444925,149.41241537522356,48.98315522368129
113.94896550286916,130.9371027630832,76.59351618726814,97.49663974060053,159.3963551907535,75.7450481715527,123.4241518012739,111.101884018575,38.074637590873195,62.535637603725974,149.35548503622806,47.54511654951265
116.99479276163743,136.537981212486,78.24978484301592,97.19546584764889,158.90340483787725,76.70340155835206,122.1496954418123,110.49411868874141,44.00328277380549,65.79794912133133,150.44632887718188,53.36388113632431
117.45377648000498,133.09853655389446,79.88054420215914,100.12693091156828,158.50478298211635,76.04217962247522,122.66705725543036,109.52314058721001,42.60446275888081,68.00712223195139,151.99317566343436,53.653673504823544
125.37215651591754,146.18191903278918,87.67699319684279,98.65622968260595,157.82286411924835,70.76084958347352,120.53528073426898,109.30361136023895,44.51864043319362,72.37109206834148,146.79962000185725,48.44898380251091
125.08129813420383,142.97570469001082,71.51359438696582,97.41538344695991,157.32172549123592,69.31819073985494,132.44466094406022,130.15120593505083,41.32888857406085,81.41358891622464,140.16196549387428,37.20653420782611
121.43004101174239,137.8068417901766,75.91065427338646,103.06361238186068,156.34072691508325,71.36671073266362,143.16858165078406,155.96194564437636,38.561700585347815,93.31057272610136,132.12367051999465,35.62249295676656
121.70091388346067,135.59041199839896,76.04483158296416,113.60490004591969,154.14197164366388,70.13170410553037,150.90667259658719,162.53514493212236,34.73702472444638,110.41997480017909,146.53540889195978,49.921781585445196
126.06145894244423,143.84594519685785,72.53853523856877,121.97274847323598,155.80163589756907,66.01730454927026,143.7482174117726,158.38783205139495,39.30206324719968,124.88547107640109,162.72093605676758,68.75785033831475
121.56777712842846,141.4847759240601,75.12298636567617,132.2047022368221,163.27417564035116,61.261564218618574,138.6881523421259,152.81860864122064,40.384667708677114,134.68118722661055,171.21018991130765,72.98735150965605
120.09574812246778,142.19372159329623,70.60662462063254,140.36508200134372,163.11147788146957,54.00456293014496,137.00764811003728,148.99362534123608,41.34020076730161,148.87528189570088,165.94525107347368,82.22343656066509
124.6261625542878,148.5544262813058,72.51742737544784,146.00116062655715,160.69239111992604,55.3632200248474,131.04825229335046,142.64146983173177,42.485368465923585,152.65812352415483,168.23613267221603,86.00315542682239
122.487905714233,157.13949388431467,86.264118814242,144.46893602756026,161.06981538560046,64.55949414310415,144.25849917198946,158.884334601752,35.58790493385582,157.0520542174396,170.42504886618457,83.988139986399
122.42033832523826,153.63072531638775,78.80477828271304,145.98059528330225,164.3390247820107,51.9725307976684,138.20078472225808,150.86870154405662,37.91018965187657,157.314335586808,174.423390959749,78.47251162467762
120.28180670291158,155.3884811466893,76.30357638317362,139.5789620750476,163.68866162203489,68.71797674843843,142.80134556814158,157.97859903660674,38.63194734656871,160.04142517096062,162.1413896666205,89.51159735324049
119.51311614501012,141.56130115246157,71.18204837681301,135.56098961866422,163.79899844435104,80.34321998291492,146.19990958528703,161.80428405787634,40.809042234796436,161.6994079268318,167.49578666793903,87.81540517483823
118.53750063894256,142.96672962063255,72.28655004064885,134.46618311320196,164.4816344576162,88.59125655895238,143.52199841638765,160.21186023678203,42.48818961604604,164.21606326020844,165.81391199858462,88.38026494300094
120.87339215017097,149.88445164068932,80.45698252314986,132.54824871815228,157.95161378411777,83.3368898737614,142.7923609693524,156.38214004838463,38.666585704401335,164.6456535144558,162.50573706544768,87.91236711916554
121.33153964297573,152.51168033333715,84.52975260750624,129.18349127285734,152.49416423577844,92.20964537548393,134.07402306311945,157.42366442230403,53.75961225840423,164.5874327396237,161.01863053161262,86.87128860683569
118.9983443103932,150.96471055340697,85.34467320710847,132.12376976412872,161.58421709918545,90.96476562650024,135.11301956960997,157.1382655321391,51.81663829989545,165.47751024073577,161.9833918337165,86.5819804124971
116.76924534498279,148.64526520836938,87.43465995322332,145.33902547020637,163.09296767130402,87.50578674419299,137.67589732631438,158.69216502611238,51.173051217804684,170.4916778084782,163.83432302958147,86.1399779538349
111.11236093414604,149.4759336879755,91.08600107766742,153.30853866017148,160.46144996620583,86.10080910017457,126.13059932560793,146.85682342750815,56.85964862897885,168.19875278001308,164.32825595672523,84.5734299172933
112.00667515093375,147.23234258031627,89.2117440340899,158.6650084884775,158.74664426793683,78.86670583335129,117.94734043578671,135.70754620018096,56.5998227014048,166.82622919381214,166.02961800677244,78.86456035767169
112.8570494573105,146.8152889056754,89.83300942413669,158.52475813259218,156.78018537428682,76.78820969701133,110.61932172851084,125.75314408215918,100.94492769820833,163.0266653786891,167.04985936875408,76.16784337857653
113.597340720706,145.47618186504295,88.60944785693991,156.73734526492746,155.8274944073447,77.2510653242562,125.52876956319247,143.0116843551701,49.42920542678047,156.54126334712691,167.09484259551988,76.31128230914689
115.79962975213542,144.74511111493842,83.41798509277939,158.0891176516451,152.91723676652356,84.63202844628978,130.1172318754561,150.63766039616766,50.042626272555744,140.84453919385905,164.62797186693666,80.55609051905911
123.91783221356631,151.09638062174122,81.59245640721252,159.72155194877328,150.68325588880748,84.44355691766715,129.06189348030907,151.71685266430998,52.68655284496675,134.15732006754925,165.81941576674302,91.53362030581182
120.56128696887615,148.54622761348216,83.37834522795892,162.55346088915934,155.1330506450907,100.54263989914661,129.3969169408496,148.0951785690933,47.95671966312998,135.2256479455975,155.84508616181617,89.41089941880736
119.17146638793614,147.8653412304844,82.81652968569927,162.5814126539693,162.616409722246,93.5565806762455,131.45800112177398,146.2184863189747,42.62047080169497,135.51140333911314,167.6986763665925,94.98106281443302
112.35349230712734,148.7124629166366,90.11259569221139,161.02973526500563,168.26439408521333,91.80723177278435,132.7092612008175,144.9067716467853,38.84016001098409,137.6194284140741,159.14963001464798,82.52553299211965
111.10172333286454,152.0069155811683,91.43349016532137,160.79878240778706,167.8208571245186,87.85055883349982,123.19859425285243,133.82519806605436,39.87115390267919,145.42125044187557,163.59724279440294,76.64507254040477
112.06408190285103,151.20892408561141,84.57156453604244,160.63273525865495,166.86796589455375,82.84184286506986,128.8295452901079,141.90186544851363,39.834360170856094,149.94452516279043,166.09251773317834,66.19880583176645
112.71352044712742,149.87316293899244,78.71761691720356,156.66801185187558,168.1797371692708,79.07264567392065,129.89675111769338,142.61181363203718,41.259325760876735,159.72516168859687,165.62628379341803,60.742276145804176
113.56052809437878,148.82191305997696,82.58490737614699,150.61326264038567,169.92268344363754,76.01027470971287,130.58320417207628,141.59028083920842,39.03630264955338,163.1066755584351,163.116751462552,59.45585199930183
117.81158592193114,151.7916008790594,87.00425649024113,145.97189164354089,171.9646238887896,75.67281882028374,135.71013232750127,145.2654969969513,41.11581438987879,160.33228860346432,164.46762292490936,60.47702441100362
122.01880424263601,151.76999635506897,83.72027589764608,139.6154625961221,169.2384007075411,73.35102736915987,140.37176149655863,147.3111314192658,37.820273676777205,152.88521307657052,160.26017118471094,58.30652509733331
122.55438884606114,156.4913970506621,94.1791978240919,130.22867148331846,161.65646828573887,64.52153546516494,132.43855739152525,138.3935993205735,39.4520464385589,135.54736549568221,160.26919133282735,59.29767340428417
123.77946773413224,153.35381792665547,94.63236521455603,122.82558509900468,144.21071439940775,50.39686535525218,131.14831010974007,136.2338274518175,38.220842129579175,120.88781993275904,157.64686126406306,58.988799836434055
121.94800786255267,156.24491727135631,110.59132412912632,114.16578263927985,139.80532436302798,44.46412573190187,128.13335224787443,131.34284885260098,32.0696373832186,109.30896184345019,155.64842174993734,63.73926102860775
121.84966024356592,156.50110918942863,92.79302110177301,102.93895070919777,138.65428346299478,36.958263925565554,124.05428445591986,126.8408157667877,37.079498711250125,100.36226480119984,159.5180252337457,65.48987349671886
123.86395667409126,151.9071754017056,80.05850078288437,95.59194136518671,139.1681701820675,36.31515609188292,130.87181853464253,134.04892249390224,37.561603101321,98.23132608389795,161.80616396720112,67.24958565496475
127.68385320325852,156.92584026020404,72.88839386405654,86.82201543517517,147.65827544260085,42.34144736129396,126.54099119935016,130.59602627219098,37.01409393476662,93.08569210913954,160.76281572292498,69.41782159460638
125.59129245370332,155.64841299473858,80.00246630970275,82.79206335176077,148.8660640744467,40.92535148945417,122.06498647593386,122.31641903137545,38.5560385164502,88.0526554078418,160.7013146669029,70.93705553675453
126.06946673160627,154.23060475064406,72.121827910865,80.22807359863816,145.04122019929585,35.22339136702455,126.44458480187318,123.4301623142781,35.20395081569658,85.81174533798664,162.47106242306714,70.67448100091704
123.05994770870933,152.2571541969893,88.28874222417393,81.06634628196588,146.44572891008488,36.33235859219888,116.98944006825813,114.84617534468755,40.60635525598603,85.1584286814398,161.76078622662584,71.3366759299558
117.87227700127642,151.82846161130496,83.94514423351805,79.90990181328063,147.46985128236113,36.667179377287276,116.31589916330981,114.21037177008338,35.08130791565412,83.42939609572495,162.00281522157283,71.41534471289602
115.8360709026655,159.15799531216808,77.2486857379493,79.97373468998026,146.6540968641019,34.88095027684548,118.99961650854861,116.84391904345496,35.70495381723355,83.03308789657022,161.58397601759873,69.54808537451895
115.77498177375708,158.81672924519154,85.73548546452349,79.90444353599692,146.4447479390146,35.793628284266354,120.15569458697658,120.70329163992211,36.15954423704599,81.70679113031342,160.1413047487838,67.83775840921949
116.36189907732746,159.24583994914008,90.33361986531762,80.4368493844913,145.86390735485594,35.0502287231853,117.84769160128616,119.49436619465968,40.311642804192125,82.31942792043527,157.49416439769388,66.18732702757107
117.83640493262558,160.01272319948117,92.31627995429795,83.3112066531122,143.07264919627227,34.16620736535822,121.43940477375178,117.63334417411693,39.61119369356656,84.78628510179479,158.2193060849415,68.22748933528437
119.16939023072227,154.16373930526257,84.13905009391175,83.85105815248305,142.92213027721542,34.74115823258641,119.58655537434106,113.52046825880917,31.563192595828838,86.57533600626209,157.56773295060628,67.08241280211563
119.8576130062474,154.05858461448585,93.34968235284332,86.64145275478883,142.26230395422357,36.04061026391988,114.07515832216137,105.18986543162522,32.958309273167934,88.90117472822179,157.12244498638103,66.01411451812173
115.31207977798076,152.3220817620809,90.21977417900068,90.92102751614802,138.0954174093557,35.28909382228076,111.46546268989127,105.48510456747076,44.114383122922746,96.47916505234213,154.8758190050107,65.73852378890007
112.97535512440803,151.86450799789213,76.90461491742647,97.63435431977194,136.02530926982695,37.02515759908417,115.35308962830582,105.64714655089833,39.87107495934824,102.72943642630875,152.90899093689964,62.25072388699729
109.44524493081744,151.28270066690982,76.83094230739854,105.76960531160097,143.39751491184634,50.0224845992887,115.10325639380413,113.17658541073399,43.368332436517775,112.08504663533259,152.46708118297556,60.0492807161492
107.33672020442194,157.33717574943458,99.00093960367951,114.76317116367443,149.06096885954844,59.49970442047891,114.75887928224057,110.08261748347789,39.34749210476293,122.99258678648599,154.5492714015385,56.07456133338432
110.70760387462028,156.0322321150137,98.34540768754789,126.98443966737997,158.41354362607814,71.69495515997684,113.27284982186383,110.26544065511307,39.573575896249366,139.18961166660768,156.9506072551674,52.73120821631939
111.3361205323339,151.89563203272516,94.7716205798233,136.0262649552026,165.33263305581724,76.134118281593,113.9340862405673,114.73334658933614,42.43361821648042,154.79218819486405,161.61672492025465,55.1627896077327
114.12950535731812,145.29906275020858,76.93104526266788,143.27047626395088,166.7881854408004,75.89356334745659,112.39138244135998,113.98913121915723,46.50431736320358,159.16341837007855,162.85322914554717,58.382796577125454
117.0701632347824,151.55274368810365,83.77883621530111,150.10602620681706,166.81012811138504,78.55273765415383,117.71096256644843,117.4617295344451,43.948683349041914,157.1432350686834,166.1492764674833,64.46871700231853
111.6644213729538,150.5907265269405,81.1207431850032,153.9488902689467,165.357152463058,81.16927371268724,127.57474090908774,132.21760213781982,42.51482700437025,150.80184924611936,163.46024763118797,57.74093577611809
110.36657093698771,150.17439390389137,86.2868497235352,156.72410251305357,168.01835778967498,83.71302000540233,133.50664809688612,141.17832316524965,39.182955953961354,145.79048222989746,165.79446235565035,63.965848463230664
114.14211331726499,149.2540772177813,82.49208352256777,158.45652622876486,169.73409901559913,85.69600609532826,131.74045815636183,139.31164349992977,40.140699299946206,145.9105633285903,161.8843965026953,72.80926775437952
118.27571662666301,150.75751042130616,75.14542973931836,159.39536102638863,167.98767015159055,83.49523330300275,127.9359812539399,138.58937134772972,44.487361189185066,146.53040658556623,160.6385697901361,75.35777763125706
122.16665704822123,150.22555841905606,78.217633828868,161.61725042649618,164.89889854409532,86.70046095379583,127.73765286257115,139.5956884076113,43.51032242692255,143.54573495001424,156.93911533524843,75.35698289789438
125.063337630013,148.64120175949947,76.3196508508484,164.5739233465812,162.95005306936034,89.14335770412431,133.07682744843692,147.10820418973097,48.46422580147196,143.3016009052017,162.1636779343745,86.84570248430794
126.93583108952917,146.81932227165967,78.90328917844113,162.05993225695138,153.48689976646025,89.82032732876831,141.00554812029884,150.7809522939077,44.7195276472596,143.82660765872603,163.67936081468244,90.15327788750434
127.88426790072926,144.4855234573873,75.98232024079998,160.10803599285967,152.25392613601053,85.76447390713966,142.80731850128367,155.50695250184398,39.371726275131614,150.34683474206662,158.1656645148748,85.43508353274402
123.41303577193739,145.99286253598532,80.39739901426755,159.3387481612454,152.8860938834673,82.90966937318895,141.11362747562694,156.39297940913522,38.72042455415909,157.26576956230443,158.30307388951562,81.30594398986939
120.87600295642498,143.05103895746075,81.55198440348516,159.22670561017088,156.1227624717692,80.0472769853824,136.1086197941547,150.7433518932441,42.14389078584676,162.20215177447307,163.94551226786882,78.9744370153737
125.07964581907716,146.2631716943389,80.28654760970832,160.62078563939892,158.4321879450239,77.51636755396672,129.60559552669125,143.91723638834094,46.616872015303834,166.30191839546947,164.1282343636664,76.56646473288679
126.8653629692612,149.74783688465175,93.56135654253387,162.41644868231145,157.71463011365762,78.65199200667864,127.98937998768366,141.48761235046123,47.51133457306938,169.38126145896723,164.7860282783326,76.51381586487358
127.40503737881832,149.46421867080483,84.5473837746396,162.69867912156926,157.86751871422584,76.0112801515259,136.5275455946805,149.8307580540364,46.5062130992314,171.6547277035193,163.8701671822868,76.34997523157453
128.96610304347175,144.7526367922149,78.98994789024844,162.60776280562308,158.2993647794892,72.41318418222085,136.92706892615396,150.44392879969465,45.34491539119251,172.37012919486966,164.56217137119677,75.89426640394022
125.73361627598398,140.91496862744597,81.75701035536531,162.0437178129574,154.78021510087183,65.3848775630239,136.6715146096648,151.42988454899546,44.1881989945107,172.04342803489695,164.67024983539434,79.00723212931165
124.72106667281206,141.44602551388022,80.92378325201395,164.0475828292664,156.66687530079057,68.39427807051405,138.05855861933455,153.24260794409165,45.44481506988471,172.2932905140097,164.382925993172,78.05771266454578
123.9135900440746,141.64614442153314,82.53780749371471,163.38606590517497,156.85410954454022,69.8116925698246,137.19812470242405,152.69634541742153,44.01809493845935,171.57232814609068,164.49421155056828,78.20763278829276
124.96747936810539,140.45223584296585,79.78432486444062,162.60617569306854,156.92781505331948,68.39927736226217,137.08262886692452,152.83398675738678,43.52589030720789,171.48499749366462,164.21459024244646,78.87344046895748
124.94845578937667,141.3432555304004,85.54232673938012,163.16590114933072,157.32543686484345,67.57889083757188,137.8639531807443,155.50775245738404,44.53890806150409,171.37983726930386,164.37400777181915,79.13102196981704
117.2849778219073,154.95144304277514,26.50196615552955,146.29083829797398,169.08153035028258,81.28071813698814,107.37733243318273,125.94205048315439,43.39914842073504,152.06733283227726,146.51338794298476,75.02342045511132
86.47776369148185,101.92964845771341,35.033538690031854,137.98486237208485,148.979383922047,73.41175136613109,97.5602092773776,154.15907325753014,122.11962196191662,109.52698037599129,145.94556233391438,71.29834133327203
101.45445745973726,114.42575026152011,33.99161410477777,128.73411243758667,156.28568633167745,75.1420920388568,99.5362108259424,142.43829270742228,89.82752030260677,103.89417479261051,151.5593989403293,70.46405160154667
95.47517807930913,111.99632883230622,30.565724670229375,123.76272594644078,158.0868603336524,78.48606086159619,99.21041925667923,138.0471486966853,112.74489769840287,103.20505112950939,152.59661645613883,69.30811164888041
103.54266523036542,115.13395685699693,43.04751651953502,119.84184209280068,164.3351213440019,79.23669510828076,111.10207871890469,151.53521127842794,96.44469324363433,100.36799810604671,156.6010842285415,72.83225351077807
111.79820352893329,120.57959162988017,44.63795657473753,113.40320260532393,165.26585044106994,79.07027938229244,112.33865924400828,154.47268865464284,98.8136655734302,95.4554849738421,156.79724104682361,72.7241892673048
104.58301425415038,119.7444368096696,39.739580196278936,106.26411885857657,161.24734441961948,68.11871007363139,113.51182888460053,148.47034067685263,94.12316233737174,98.20791788611766,158.5959978422572,69.32068542305385
109.32932144002163,123.09758996986314,38.915959549537206,103.64308123379784,161.88324661508432,63.13638972117201,110.11495911502736,144.1734596785686,89.56442577602643,97.12826070908937,161.78135388101506,71.518588266586
101.46512809028732,112.53178614115875,37.0976273871959,104.33781195278547,155.45415414180644,55.96955091833708,99.40558626084668,135.73515249940434,97.28653123419039,99.68670734702522,161.7879721213521,69.83965221605112
101.60443519862199,107.96684030319096,34.098097767323,100.10488661706921,155.50766107460083,53.554682325107436,116.83516223969939,143.8550170083363,81.21790306061955,99.27233520040573,162.01168516918415,70.4447253168144
105.66539018424129,112.49242597341036,35.87304654172552,102.9147841849151,154.98704164069008,53.28816530351229,112.40178139307099,132.74187140808763,91.04350403565435,99.84697579816795,161.85703465764345,71.31864590347793
74.29544531798574,82.44883700989156,30.24725082790143,104.51460144356595,152.23168134100146,49.77354859524588,100.95460890794372,125.66426854277113,132.827605635419,98.56943476227613,162.46912368564568,73.44454824604955
88.20005632049741,89.86639021145224,35.99942371090263,105.3130329639702,148.9049408122005,49.408023225051,97.5201373167776,123.11254162506769,99.09826368890305,99.11738960891174,161.42071185904157,74.28521112448912
92.37711881359705,100.07469950099276,39.32626718164827,109.11618805912784,145.9891353657287,48.0720295376971,98.25252049260926,133.98054930584524,114.47787175608885,104.56773499206943,160.87963350867673,74.28211567414566
85.10777676467116,106.52033367277146,76.93482890381068,110.5891477077047,144.209322691458,49.18698171253013,99.9283837976525,130.5315797640831,94.50261133552031,107.55675005031092,160.17968079215282,73.38314942116445
93.17017021375408,83.68735839016443,43.37209100136956,112.04950514088846,150.75652054782265,55.7315080387615,96.67219342206704,133.2452285937817,96.51805483430785,113.39703171667873,156.57985435846993,72.76663092399944
94.6454920356161,94.9255407137872,63.712641172147514,121.67699187780802,161.5448526567675,68.41954469829493,89.7132014476486,129.16871626325985,81.8071461008102,125.8494828586845,153.74577159237344,72.0490751270171
125.20588183240008,139.94129001611955,48.03173846204205,127.22157032676125,166.37251858873447,75.29449776353994,89.88448282142653,109.03314959023776,52.87013641016853,124.63805412161024,149.56480059417717,71.24390004065589
65.24950175058582,84.95346592154824,51.56403702867962,134.25511269626753,168.30721222241377,81.479102839481,163.1728380993931,170.4308900060529,33.317551155081354,126.55357408747192,149.28519291868048,77.03106484709586
26.649154338683022,45.139323079560356,44.64002613939677,142.77426355032986,167.88238815778232,82.2669145505364,133.89179220192287,153.61670121274219,57.18521867083924,132.01092411567916,145.9810433168334,81.16441653623058
117.97470543377358,84.83000087921052,71.74510455300643,151.0431003714403,166.86300522888155,87.75214115790595,106.66880607844725,136.60010230543222,72.77011328668526,161.25134637929793,149.5226572862008,86.58005447471136
129.66718633206895,120.65498722293177,49.97562797856049,154.5000238420078,171.35071820408177,84.41528412626313,136.0585082636887,159.00941241325455,45.7912349380527,150.7614219570817,158.27047401305498,77.26392949355501
113.43804530957883,106.01069345165563,43.19296085589122,155.8711449597041,169.1838226875698,81.92544567609167,139.76223368378635,164.2298692051385,50.39557710595304,138.89517244754956,159.92025670158225,68.67004007255923
124.57019893161485,118.54296534084075,39.47338861509012,157.17474487856643,168.65211378114032,86.02775061224044,100.6116858072469,148.73926630234655,102.56628159362491,139.05286465715403,156.94091929794405,65.0040352825061
99.83787748792534,90.16645512861176,54.178196695235115,159.1233342280415,164.4174230339541,87.85369430310712,109.50508061809079,143.877603375259,75.29321829581401,132.2351370204486,159.9608105526752,64.64418323526432
103.93591591414486,91.36536762966162,52.977331745217334,158.9217479166811,165.96614670028745,88.15718655630661,122.16436165293983,144.92864068724847,73.67452534283794,130.7357466526528,157.92248152604662,64.34098504284019
109.13282333656142,90.0901433677178,59.8327515162547,160.53949094012984,162.02179832684828,88.99862004825617,113.0858159334637,152.67910381781294,88.36054902849878,128.54763512902767,157.53431824970096,75.60812114116494
114.33298318958721,99.77579953519066,50.75691011584981,163.16410473929645,160.5637997794325,87.15813048200384,111.29766476294779,155.6128618472177,85.42477485540137,137.34819815422384,157.69700115638327,85.64270413892136
113.29082648900493,105.07124990439391,49.4096632470884,163.78863253814123,162.75706260069992,83.84563826714323,113.1699599904541,152.57158566659484,93.24938025964228,141.47409407923433,159.96193556518662,94.75893487815136
126.89443478206394,113.72630033054018,45.92705494056637,166.5224278356597,164.85250665289675,85.99268722391632,113.57429265328197,148.36933712391647,89.87643001508091,159.92064355879702,159.53657645901473,93.04879391718238
119.66114429697326,106.66377560817443,32.13831656134165,166.1976672406422,165.35803357561835,79.36889535245778,117.5833468878647,161.3753732442373,91.63666222391076,161.49880940529994,162.28045603951247,80.83252944686159
113.26154765863363,104.39252658345058,25.847096358006425,162.74432847996596,165.2859330242276,75.57157022853292,115.33398970904474,139.66834529867415,87.52701404357323,162.62072918561486,162.25280790762616,75.6532017328896
126.53144909994664,118.24077049432668,28.700154331755567,151.23318697808728,166.97145664501593,80.22549589834158,112.04194670995668,111.53402110228004,61.762001252345,168.92207807099692,157.4032146990854,79.46088161485375
133.14959143221728,137.96481242164282,26.451352190008045,140.1161674884168,165.2765568063348,85.53047703986815,118.07666006993944,140.84903320271567,70.01162846107371,168.22720173605663,161.05819966252378,85.4203675831345
134.87228298095908,141.62184739957175,23.258752406845424,133.17250067822616,160.51739663147652,88.61962348527106,119.32791292623337,146.43244276331495,70.15450896362341,168.64412311420332,164.68581745659802,89.03251573678692
130.70754853315276,132.70832281946082,25.054431871990243,128.17497771323076,158.63596106999222,91.33324334702006,119.84623640215386,146.91507014665848,71.48976875303411,167.26341385308848,173.97369751479627,108.62891824263674
126.11197414874319,130.25239944220203,29.901205728670526,129.01851877451082,162.3098793235792,85.54947082038782,124.05088045450177,153.20766283211813,78.06662798435093,167.60861318498593,178.55128320500717,107.2500084023823
123.22424787912398,124.18698336197335,29.573258227290363,134.52629511756749,158.10005734530165,82.77874153167423,122.84346263846174,151.06769596121308,76.36772437981196,168.91709221425424,174.73983419866235,86.89952026702883
127.01088168789276,128.6528245083736,30.27634602329491,140.41704172587748,165.03057509940822,93.02267779532735,127.50911933843835,145.4129900435885,73.79907408240308,168.23166640511866,174.60609327415088,78.13334887458366
120.44373775788479,123.37054144437354,31.313256851449225,146.97897324157915,162.15894483614915,79.76887811813891,123.51007879208703,145.08710139808005,72.42989287327835,167.15021384816762,173.76384736130683,73.53690105753267
129.73442185880472,135.02970066644116,22.862356192226457,155.63429828722334,157.2387176259041,69.75582365883781,131.5391573848285,142.52377734883112,53.16754937571892,167.65978785319933,174.5452804713548,69.5186959386851
111.01702341754806,117.26724618576728,29.130173430778715,159.71598761074085,159.43145716620518,57.462638784024946,117.06766509000975,135.96391254084708,57.494957736328246,170.13037953222812,171.97963093122397,68.61759437361842
122.04428540531107,124.16522440108439,12.53973322545423,162.21080678456522,161.49425481232137,59.294732995287106,134.37437944274967,142.95306611849477,48.523052020770365,166.21346506396,173.92129329411938,67.30645766827891
164.33899302741833,173.23928008796818,22.22551116961304,162.87633602605854,163.29989342021378,52.44696713509951,168.99143762831184,173.59251347360035,17.686812451064984,162.98108842484348,174.03716127682833,67.11956681785279
150.02314060990162,149.76584117433822,15.160014443993163,156.87518816067202,158.93850490770183,49.090401338387544,169.408385810896,173.9709451474417,34.26425131787482,159.6414362069404,172.97844203709377,67.33146534534593
155.8652918446435,153.89915280326153,18.028231497462013,145.37255998211583,158.9657412110257,55.44825026707964,141.7297059745785,173.9770608429619,66.27968937082032,157.54008919021288,176.44653123091382,68.03004847879893
97.06287689250875,101.38344286728385,20.584091404267742,131.88583425839283,153.4961208750882,56.70632107070086,132.76061296416668,165.90753410958618,63.073915331123025,151.18177453965572,168.03338462706,82.80398430946661
105.04548756770264,105.86828710109141,30.023563949545398,124.95533921214687,159.98561046445414,62.32308583519213,115.2021704120164,143.98138527963602,60.33637312488246,144.6912512991253,156.18508884016518,66.64906690784686
84.63430655353571,93.7043553467941,40.1288355479477,129.4558259957083,169.4172733677163,86.63235315774378,114.03015734449419,137.58850440038944,87.40616304861844,119.81936348214194,156.14762862132258,83.52494031343068
100.324316004633,108.80400999188484,39.72069493844857,114.53056225157587,157.74718457413536,66.15221170572492,116.24706349843247,150.14777033391206,109.30657619093707,122.5659050053606,153.21433765571953,61.33521505274811
93.7903761655809,101.09359094684163,40.46223985920783,107.31085628103823,162.10184209144077,68.4451999441365,112.568341205861,139.14336964656962,127.35115135866043,120.76039457350872,154.79127049471217,60.80736425226039
90.79576484280275,94.12836763189851,38.41316291913929,97.06343101346144,162.73033052718066,65.93592348742493,114.5722821872683,154.3770784925873,162.23058363061403,121.62419053213486,157.2768884624983,57.55240990266762
90.41821414790306,88.63226223869404,31.471468014258196,87.01352847091381,160.2291477165728,61.769457390937845,114.6205181535396,133.57593488254912,136.00807908505067,121.10344587371843,153.42503927436186,56.61608959829316
86.86500986405763,84.91014265766317,35.91780035395644,83.05192857895833,162.040895690137,64.23456075936114,124.91557421595617,64.57116808999183,64.05383486700342,116.83893650549153,156.98442794540813,55.98333867155988
88.44788202862244,86.38665914346691,34.133110620098904,85.45424369739952,164.69248429213945,68.07140558949355,154.05658570293497,129.93062836365428,40.939716516862255,116.68352458149579,155.0107184415239,52.84661388040402
90.9611486257508,69.03907061918422,38.50014406764768,85.44625167299945,163.585072940806,67.00504591869496,146.31064481394858,171.46201742028333,26.737369877718425,116.58716878522162,151.96492637704714,51.70129935419989
93.35382974438468,90.01000504139832,41.48503017066609,92.86783241941353,162.3147849276457,68.78516769894762,144.25900730273688,134.34976688612915,73.58862049848537,119.06987162118041,148.3929193316769,52.16458503846074
91.48091534289,89.98010489550201,33.94582571158287,94.37454386878463,163.63960162359334,70.33880011524275,147.8487928757482,139.09774678035146,45.37617808926649,121.0744433879642,153.34630160668695,56.65513402258645
89.15449982542019,83.69907115294922,34.89460501483236,93.16152970282455,163.64107896671086,69.09308464232883,131.01328513355597,113.69547545667592,52.440286782277674,121.50592168542369,163.33049631996312,60.63646620755948
89.07036082587584,92.31242183809209,40.68942480989765,126.76402545811658,150.91627967759567,55.18218961730005,96.7459765390653,118.90107419556702,82.9216953075813,158.25274178042582,164.6492859691988,90.75859232611563
84.89275521783968,91.68540352847931,41.71459696608008,130.29761779539047,156.37351932451182,65.60940600226243,94.82200640803867,116.61689146205876,62.61022649023968,108.26114380762839,162.86034728597116,79.39133611306087
83.92590420430204,100.71962931093594,55.67684615617676,136.27266346849632,162.7019417534576,67.78783228055796,98.24129206696888,108.9547673028475,69.76846989487633,112.96562731111946,159.9245273741841,72.56056137925427
89.0929247947821,109.42947486968114,45.32057690481573,140.67678585497987,172.14156378911164,78.56427118123685,117.52286469494042,131.72361403937367,40.98184110934196,119.32601955010492,157.8517727749408,72.01129585464265
111.15610824311045,120.23449178922479,34.67231766777197,136.77207176693108,154.14011508553241,83.15245798471251,102.99139554047765,137.93379546966688,88.94753369696022,170.72034539538302,165.4817501116161,75.34413068737322
130.7744967361091,140.6892644076921,20.01793117572731,138.2992273081178,155.8310945899865,76.9584126771845,109.65843111180695,123.30427308846907,79.26795965391146,166.05672152815538,169.14979477007168,73.83460139093465
114.53726348430517,113.50942740413372,29.669266072906275,144.60336376272,155.7935166166435,72.18282220255782,104.13169184053085,130.63100099192607,68.70378833800866,163.6983221601027,172.0719025639867,76.33701082582674
141.14986285679174,144.9376843203183,18.848065881469722,150.70675339189862,156.86317401836934,76.67607353989972,135.42788719910956,155.55195915164805,68.81334015295137,162.84691478993065,172.63480050726537,75.37860334668775
138.28408204660022,142.72071914650772,19.59623063135439,160.3015640243896,150.66463897949492,75.84621861351887,133.37878078265965,159.04622286189647,60.93653838650444,166.89212519758345,172.33967243707463,77.90518581365842
131.76324110959348,139.62238814468262,27.516509160358,159.59051906157677,150.8020445551088,67.53325758972434,138.95505234698905,144.13556656674825,36.67929443963995,169.15416459090554,173.1473721790222,78.41409391792625
120.14197334921569,134.93641671789763,29.48546121557265,153.70943331728927,156.27760921110027,65.20936113140412,141.62905168381096,133.56732162335234,32.92170084432802,167.43735296385813,176.25023555699585,76.67426574281775
103.59871682175665,118.62048733529807,43.39152044567807,148.3264913381005,160.8931702064433,62.45933402387778,128.59598344301273,139.89420800020014,47.10273506808394,164.6293206338628,178.03478676655195,77.60701495922652
100.67806096576085,116.88647471510427,48.56607396287014,141.48334716027148,165.5195302796619,66.50388318272984,127.3421022405776,157.01730451940938,44.68059698979222,166.91435307147827,179.5372349525514,78.12204560472014
101.76573990500555,106.90946792040232,46.1670937853262,137.7544871824667,164.19447333694055,81.97964577593336,130.89855310214332,159.29975930676667,52.67458352011388,168.73581426732486,178.72485504477268,76.50406061349321
107.93139169676651,105.9102810096398,47.78589221283028,136.93926450582495,154.86427415737143,84.85654645755595,126.03478719746865,167.13063124464531,51.80650079494531,168.7257029886227,169.69371798290564,95.7352126209856
123.0754701210563,130.3839917017077,50.4670792186637,132.4403092640306,154.11554306122528,83.38722033898031,95.40965276993286,139.2625879226663,75.89634334752235,169.14014199151782,163.82703551116938,96.89777131489373
129.97950154469024,142.0180466959858,44.7111762826722,136.10996962512604,163.96875499720295,94.3962129829032,110.52922203120332,150.66102844884094,73.78663104617743,166.88390533443203,158.2662960928654,91.08669034413182
136.17479848956773,165.0694485943524,69.64344472625208,148.0389694145664,158.68957852657525,88.02488587465994,99.03346193326537,137.61511363022663,92.20811667414999,165.17292206517297,159.8465431554422,89.88610536571882
103.68880889769397,105.35610747806582,56.752909941234435,154.0852404554332,162.37690262791477,83.00181883727227,102.68499267106547,141.48717455468662,89.98400156220127,161.25956416742537,157.36051834671517,86.29293019804217
107.12317161914778,103.04633175598092,32.06484722544018,159.18217680937423,166.822986322297,86.57080970073542,116.43316320874096,142.6784190967307,91.71420391535044,153.1973714662452,158.4400198602339,87.13601421206114
102.18437944181782,99.15300979481535,97.67552677548605,156.41583754546534,163.12314785601643,82.31002559303124,116.77550983753673,155.38614065409,95.58614030904648,127.37129883322154,151.50238181189,92.46058543509676
107.8129653140537,102.76036083979432,47.189076213926825,145.73213941618863,152.65272326112003,79.86890533149973,114.34686575248416,163.11049498033026,100.41781682076412,118.90109694953794,153.43642024881805,83.53586498173402
110.64146786865656,104.7832107321181,52.26611127799165,150.31117580488117,156.25770425419097,80.2119726729154,116.09190958023409,161.81640587718073,94.87006049823533,115.61489749477519,154.61250461042076,83.39198375261398
109.50416304235266,103.1280160368395,49.2149339268118,156.1322672050787,157.36304378459906,81.43613582232024,114.4939424645903,164.52754648472353,99.3623313273654,109.0542987307748,149.2908708642744,86.00156849506831
107.02740905212956,103.27818100156526,45.60494115370606,156.12582785497375,157.40453252892925,85.12744586998618,120.41401849751071,166.08564942397902,90.96684286557804,111.19017393320516,145.8737869193337,87.73096406523423
106.53937656102995,107.88889708817302,44.99265854158154,154.69165903537436,159.81445580738136,82.4328085071693,112.55627210506148,148.70324038224697,85.247171871141,106.40101989207872,155.29863264184218,86.62620531807119
97.47989072137892,104.10929479946286,41.1301736928478,154.2470702760929,161.713126444452,84.12444164762016,116.29525248984373,147.93860816251015,74.1268841223842,117.1220450395181,157.533960507274,77.60618974946352
94.18545644800794,106.34963952164229,45.96062916658038,155.52709187558537,164.12973767711077,83.2255745083069,112.75791669565943,138.57657422664425,65.78761913721732,128.06935042809639,157.56440003615845,70.63618047904501
105.08576657052258,115.49436382956078,35.9430170909951,157.91258646483445,165.44372730401966,85.14082853046938,115.08202772227007,145.1979996932259,62.33294325656788,135.22908959497659,154.78361605109706,65.67877281310146
106.83990877117154,120.7582726473901,39.07230223456627,161.32720528791572,165.14715901558026,86.26319174817043,109.17826247274569,143.51305650122814,77.10999144248579,140.13864507319101,157.55431847169743,65.58984953385189
106.37483984855834,123.78931433004261,43.63022381311495,162.08238949944598,166.18167426035117,86.10112707589983,106.58674439683865,139.87003675480608,73.96448695769757,144.31935902996068,159.7271366192841,65.49551782118243
100.91699349655556,122.39784149983366,42.72957001502623,156.82396132591316,166.158664841865,83.56268708440567,106.56376406854456,139.69787921886268,68.81996890185866,137.4299046146389,156.48757159444435,62.923413864246044
97.03782375403144,114.8870610896661,39.04200764772387,151.89302064020305,167.49681204217507,83.5460390298367,113.42938844121205,148.6818673217349,75.15951198089039,131.51039682344367,151.9222987649774,59.78213788871382
104.27329891798466,118.9446440724624,40.00419795607257,146.71144084049544,167.9440318957224,84.29021876057537,112.19588732602801,147.85864796605532,79.1111914009285,119.20822851199773,152.4038334511687,59.32911424209185
96.25859121866493,117.62112682353442,44.46941175361415,143.81985179114096,165.1032361019898,81.275663516749,117.58529745580057,149.63957442733832,78.51495738814994,111.71371583040013,153.47747824753114,61.67657283407936
103.03430318880262,118.18131809824833,42.90314056951274,139.12436201885822,164.69782161303831,83.79624039329815,107.21482614595878,149.40237626015812,106.65249857818114,104.18769603718933,154.3354627057654,62.81681164459056
96.36152948133598,112.48498412997806,45.67034613031032,132.5752519999811,162.80206788437914,77.9499942967352,101.5225704418311,143.96899661736586,92.30459311648019,108.39277818725046,155.53508927161522,61.33154340192762
97.40215568417278,111.78354845089241,42.460386978031835,124.5530159597364,155.9629788400187,66.6292082381744,106.07419968683053,143.05505222450202,83.92968788960765,101.39438696967358,159.82718211523795,63.696584874574
99.99213824521053,115.33897666563136,40.10873013965493,123.47892385034352,149.58548094156177,58.397821252517716,114.2368201045619,144.17371794071593,71.50602816554574,100.27105805461194,162.26013971939784,64.28750920103626
109.03012608004458,124.49903451949828,35.38452288915366,118.25791296751818,151.54883549089774,55.88245644222958,117.97628881954411,134.68678392399636,62.552304457203185,94.04005304982539,162.1696718769552,63.89341003552158
99.49088901443565,110.5841851729534,38.749165518078826,114.25879328023896,156.1895458434636,55.26964299285589,115.23944476937264,144.17833713609843,65.36037939807036,84.57316746036729,163.27257831461105,63.45856288754347
98.42091414491969,109.72499618572668,39.13282472005347,113.9289237005624,153.61338472701559,52.27414339096434,120.14786679018124,146.7213539962447,62.17930939386904,89.4136114689196,162.18112979436972,65.48205164700323
97.18679790184821,99.48896662465947,43.90983908941584,111.27706473569448,153.94709030770176,50.73761920206475,108.60741536883421,136.0504995431371,65.5418439870388,92.09478412204925,160.90532037825068,65.1823066690322
98.01276684264229,99.03597549590388,38.84175700531579,108.5463104758917,152.12080231529413,48.81545382961407,126.31967805173498,140.24019547539356,63.50247989519355,94.39288100716456,159.92768059464478,65.04224708951318
97.4885422667646,98.90355519873687,38.92504434072922,106.35670012545012,151.71131261787977,48.98402558747436,106.06214271617466,134.59243266955278,67.05850851101032,95.31941690520787,159.85477682306234,66.48675739194252
100.94286564264301,100.10209593774728,43.35017745771462,106.63556942933931,152.06083902379672,50.03662195514535,105.52457537131933,130.91763867591172,64.24837381897947,93.71092019190827,159.75608722442487,65.95171225064755
102.63483497107356,107.19016130811234,44.546785257041265,107.08055164884775,151.97527401096173,50.979279282589346,109.62720282691389,124.67804886433863,52.02356613529113,92.31264849597386,160.76846565506887,66.20662323660679
105.50171485636912,100.56219950295457,42.212410827144694,109.19400520061693,151.8107790223189,52.43825346477874,112.26153140521954,121.74193407694034,52.783651119163636,91.56875760418237,161.37826833017368,68.07460612969972
101.5660374240345,99.45357313238138,43.2426543891461,114.9318142568405,149.42419193599738,56.651675641464095,106.48003583869938,128.22519851789343,54.59788938425506,98.11871193061491,160.91933518781056,68.97338643711088
97.68801916436655,89.73168825357475,39.57090374550324,119.08597774902563,147.20136515985018,59.81476473063051,101.5145452553363,121.56145173942683,72.91411825951246,103.51260132417349,159.50714866147266,69.24310311891226
105.1151347979272,100.04642323614375,37.878290433916334,128.7174329339684,147.45590200168007,67.39854404676285,104.67423443402555,113.99965608427517,64.22071207902127,110.63525315525982,158.1852275092847,69.84512210118241
102.56457050037507,96.24026964069219,46.77408922030722,136.10591104362672,154.00645581014592,73.7149700283359,99.32141529828962,112.10582930230939,63.504683371853865,121.19912853786961,154.72327657973182,70.13952852114913
104.99004049780125,105.42749511150444,44.613658987461,140.18900656700797,160.8627582509709,79.50244454350604,97.31175661787017,129.3603950860055,81.60739909609066,123.16926475948829,152.66421346074168,70.18686096070344
96.00813800780736,97.04309500391973,47.10898187349592,145.5086871207592,162.64983498782001,80.34228981045894,97.77690013981879,123.7453567291844,83.78420309689923,129.87575768104654,151.1674004794093,70.77504292281908
103.7051792067683,97.4921344576214,44.756986738916204,148.32380853484224,164.57202588989136,83.29941928443766,121.1108438733425,148.75607400633524,61.022453775621386,138.25084731570126,148.2627027263786,77.20019300054885
107.54469417248562,100.22310080635663,43.6699276524933,155.8623143081843,167.50310019129194,86.70679071088735,141.89167247943988,161.6215937618162,38.37864345680805,151.62613920112898,148.54570973845856,81.1490692204524
105.24735325441956,105.49525016290542,48.13717037788392,160.17341082632026,166.57697566515978,85.77802167434372,136.43588833212715,160.5317412217442,51.16955900887571,155.63652606048342,152.12433245612038,73.81628042203819
103.49119776252601,102.03190289507921,43.88543853618862,160.23080896209876,164.3148296087399,81.375344314694,127.493222721059,156.78617081632194,45.97682823433793,150.93033262316854,158.30113961992717,66.69191005537935
102.00251981102546,100.02285616789665,62.794870548565974,160.3680697278632,164.15513022405744,81.0091618620494,139.19826964042167,160.1703603172318,65.798366274138,141.74305146237734,159.16325024689067,62.12333351050658
103.76990115687407,102.43187133975034,63.07474695141237,159.00054318999577,164.3227611298592,81.71359874200911,109.28678217555914,133.0308215142379,49.80254262164428,132.04903278154498,158.20518094834256,57.90292799298329
97.31947629764454,97.42620110479807,88.65352152149569,161.34225257606982,162.4179923763252,83.5762280313892,104.73014091518968,145.3910818630887,86.66863016990932,134.71474394672015,157.39490237395708,58.36996367749025
111.67709958500143,100.88754213982091,54.057473743629906,162.4631197855017,163.5296949692692,84.64755772419174,116.98093556916872,157.8937063185275,96.9325479638659,135.1346446802748,156.18035535845445,67.33978507108436
111.36868603041485,101.29532170970737,45.07333834218103,162.76403902653837,161.72658826298456,86.76678418624313,111.19019525426037,157.799711859486,99.29801400175198,133.44720463503705,158.1627817707875,73.26188513842436
113.27560004701502,100.47396949271095,53.381479857242816,162.8068275862703,159.3194043415584,85.73507452361062,111.18884739697587,168.6180858644975,116.1376842318097,131.68429627243412,155.201271472723,79.0774133637341
118.40242319381626,96.29633565975284,52.918433749938785,163.62194629259244,160.35104358492433,88.53301064849194,112.13626323575437,155.60095647928622,92.06801110262592,138.51075739302607,153.45504991032877,80.01233772272556
116.91764626673661,101.74559423127745,69.5316347521956,165.25479809704177,159.6539088745156,95.87251897355469,111.78849944018026,155.71258806683244,91.85433005314235,150.6113167475054,157.40027609415216,83.91128409213552
114.4712347880445,106.26653944178527,46.01704384349594,163.4410071247836,168.76916800868082,95.99214104376786,114.00621130786796,150.53332928232982,86.31019061986447,163.97102512963562,156.45757269654678,91.62687421853605
108.2228902312506,102.11911049399548,32.982208749878225,156.71978344459302,162.1994853246301,89.92003402926059,137.65679328959894,148.6471872092772,45.8725849003862,163.4439146914125,163.3713301151269,89.59071792745792
108.81007741840385,109.46995346576962,22.28084890214174,147.5404925992922,134.53680705189626,70.33531215817574,143.58830369000552,165.48970553267833,79.27446993011078,154.36070849576294,168.087864210715,81.90837108924703
107.2862664128398,112.48721596193735,18.407684817747093,139.32397388163912,117.56201316011717,57.69786671714589,118.64840913800096,132.20207249314043,58.348218259274475,161.2543520312791,167.52988997112618,98.18232029818778
120.11553541110796,123.84541194842741,23.315005289312726,129.24262126201089,126.63906585456414,63.914259678492876,112.16918472939047,127.78634977848394,65.91348649583625,163.1079600096237,153.12780934030118,87.47154574852763
129.5772240819629,135.42775012562595,14.512032690398378,119.49208612705924,152.75015334600354,89.96378409335853,123.45119274649277,142.97565137078024,82.45870415588683,164.09522970475206,157.7285503149053,88.3929529116059
120.11765768456773,127.50938512869786,24.953747673585188,127.06723126587569,146.21563230014362,80.66623413225115,123.76270936766569,148.03769553014087,77.41483604341097,162.75057480847002,170.91274089340314,96.60644823701911
95.63861389886776,104.07760469328069,34.91109287755499,118.20673327390506,157.69536155172298,78.99397172963062,123.47107793396819,145.39505447409104,77.92492248700577,167.15003988392812,176.75719172565942,99.38937995078591
116.37608917368765,113.61336528033928,25.650409979231707,139.16916666968655,164.93000964231436,89.31330837023867,119.24581359679726,149.547849952771,80.14849628120076,167.04264824172844,174.5558045693128,89.14410194904912
103.48014355766695,113.39555014894994,34.656606020908384,160.81208669843542,164.75585873658008,77.75749964453126,133.32171699435477,157.16436835061833,74.13900977923106,137.56481994991782,160.2136181710578,85.76198496927239
104.72842880887303,108.35463581985513,32.39644051225875,156.9182801842141,152.49760630496445,68.2119870900927,126.80743254570336,144.7317778315529,78.78572450686981,163.3451276204553,172.3784494668994,71.93456754092941
107.82419478382208,104.18885708655148,35.14529393604939,157.2895348253276,155.63751961538267,59.40037781701589,122.64592608660513,145.55395314763513,79.6117766795626,165.68792746235047,171.77349786715695,72.07063098508488
102.82766804803215,88.44148148013025,26.677622766746246,155.72016703231873,155.94087502086873,56.99501417294822,114.29507709955624,146.62715947731755,82.57768234712528,167.71755976013822,171.87721999651595,70.10991027126644
104.59977559542494,93.56201694791855,25.53415705433674,150.91544452044545,157.47379149471988,55.909466585976816,107.95458140417438,134.81736787939525,60.50891741128792,164.62019440507993,165.279205357817,77.69753846792021
98.20425037382432,88.57846824756355,38.17402053076875,136.25549814349637,152.0139284669029,50.00798036907672,101.79340308762617,130.4804888351416,77.28698282131907,157.0794890824602,171.2543178339543,76.99771495640908
99.8605281724508,84.02055411326728,40.04064989127536,126.01688022852107,158.00412813485627,52.81419231395996,108.43444113864061,143.0933329445495,91.94566059474309,149.86148597204462,169.67974070210371,78.28563026104413
92.66993192488151,86.46279937528253,50.754295487167866,119.53534194475682,161.69718232347768,51.410946585489654,110.53421268163896,149.3529112784744,102.39987127897602,142.70043994469484,173.67071236196873,80.45492018905564
92.94346405917128,88.4865740555431,35.22383940432564,114.33058295088138,161.14900477235383,51.97812274390283,102.06367432129431,140.43714038815415,72.52748327110078,136.40957465593115,157.30345858424465,63.047018178195934
84.12168180079394,83.11218124802919,37.80076745995304,105.41928018544462,164.57916522573916,56.39679568875809,105.07585131518029,138.9975580016129,95.20778084316458,129.30546372897692,154.6867065014128,60.43686177975286
94.51427929636708,81.08432695175635,39.33042788051154,98.42166447319471,166.56576689802446,61.59629838379609,102.1815023074586,137.68764364427935,81.85006524779118,122.74555614090166,153.19360818520272,60.7204079231035
96.89802412514571,86.76159765079262,38.58425219717756,90.4187628327201,163.0130816459589,60.22445211913054,103.20561722431704,139.6582346066458,90.377537706692,118.29712690106993,154.41311303937238,61.417492725784996
99.26256705984652,95.24264766145917,32.60646335081086,84.61832303678659,163.2692880817381,60.3090626637188,102.63963887697506,145.349107620103,103.66370406087405,114.43744459167158,150.79587012115744,55.84903028398952
96.04496076812761,99.9794893803629,39.26647009040131,82.69827217262461,163.929344423126,66.69128762375534,104.84803908866529,139.76165900388946,97.00321808669759,112.82763060181888,151.00999138912726,51.58570633002705
94.42802767952467,93.856075361512,37.39543844549345,81.856944897347,162.59882174270683,70.97640151557681,103.54115576971617,136.07459513155356,68.17966606883046,104.81059761883772,146.6336828228746,48.812990900567144
99.07462682600679,97.02504367239787,40.938171996480385,77.24120948548143,162.1961626941477,67.3139743374152,115.44231554748522,143.10989258409802,122.94141009476452,104.25179742836754,147.30003349501328,47.90002161765515
98.7086999731884,102.87166421220596,44.285600733774295,78.35414745738251,163.93656358265036,71.1251025074612,111.45035018138086,152.25383804868162,98.06783824947523,101.29355341184765,146.43405913531635,48.313893026318944
101.57462704313663,104.31834790480474,41.8680116202434,82.33121874267425,164.49450870464233,74.07187870676057,120.61398094179704,153.0352340652848,97.09771145706246,102.76429603353844,147.08443605591256,49.65884019617224
103.30098865321753,100.49093192465178,50.92035330838113,86.0748835778515,166.2969993579447,76.39706140204885,121.82237252248065,146.57499662763695,87.89290400605071,101.35144913418446,145.34441228695812,49.73363465633249
102.82524985941022,93.98620154764343,53.029098624638955,90.26203723832498,165.5583613044425,77.05992441230173,124.4748492548382,142.19225654541265,85.33813450197471,105.30424590956666,147.37340755104816,50.09501919558432
106.82209248709479,113.4178226058742,104.09012841671023,92.3891244840505,162.7571051203498,69.89436672720674,127.4662775523922,122.04867007666651,77.84381583208422,113.72835175980074,146.92310722102133,50.359984089964705
107.4976437958144,108.34137340130778,30.863904396111,96.85705536088737,161.9164279829625,69.700320133844,114.88240215894702,134.9286344348798,69.29556705258929,123.94300459383612,145.18682589529172,49.479498803522375
99.41064047833284,92.75800623205798,53.85226638744798,101.61681771102484,161.22691599183318,72.44861813641343,110.61140979104977,133.33953623783063,67.77556788592014,129.61013525942514,144.0103116948238,50.77775120313975
101.4451605239209,103.14548040477513,36.51152126047177,104.02441668118298,158.48782285952882,70.61659846624872,109.3442362768373,136.38529544959974,80.07144471756874,135.6756042110435,146.98602999439893,59.97425908412732
96.60894995892194,87.61204517433494,25.40668541501437,113.4302608422694,156.2747941780764,71.17063658858258,108.7458083032811,116.31075689213233,126.72133884455211,139.41447785621315,156.96793454487494,66.4024440238704
90.6127561173393,93.19357415358246,38.53409209476661,144.24226126978002,149.90396336723379,68.23049542693855,103.41577487482962,143.52027336604453,109.62681150372848,168.29321413073444,164.78054940276368,87.0122323811738
92.9787612595908,90.2640678043458,30.37225786561898,132.7273925817086,164.01170483645151,81.12276355241302,106.39058637476437,144.86963744178038,79.48922743910302,156.4708415721798,168.61686050667703,79.68883634701562
102.30860345958989,95.58659178377542,30.799508340360635,134.79748058483,154.4153827631381,74.08259065634805,103.45049351034082,152.29433028318886,95.39278334862158,162.88440159433003,142.2914266356803,140.55277571125154
134.4957994917851,141.26092168501214,30.77880836104525,149.39724687632508,159.30791399474916,84.77229545342536,111.60951484053004,147.10251218641076,94.99066738433848,163.99969621857528,175.4704486896039,86.05971228130407
150.99621732881351,159.8036284887245,20.191820838151695,157.76118021900328,148.7762159250216,88.74785462151844,124.8691169162895,137.4011404794113,50.42019836739589,170.01003131695984,174.8091856489294,85.11493993906319
111.85830529893119,111.19201550082047,23.49379601084468,156.27996309040734,153.77651094397226,78.09602929523334,101.56888171848979,149.16374880194067,91.50876136075291,170.59344375378413,169.91046697685655,77.94951427545759
111.29017014719263,111.81611380326578,35.07260287301596,156.30496353267657,158.06400428326816,67.6465062426576,132.00891695554682,149.54799746411615,30.642059773438614,168.58837249651987,173.48263768929863,79.70284251328901
103.72186919636343,102.03992271759748,32.850558037718415,150.28031429265027,159.08480392418622,58.10815333994918,137.61699612338515,155.4450945588373,46.051780068348975,165.33566219475122,173.84875847770869,79.85464742219368
110.67353226142068,119.92698798156441,37.597224304823506,145.77661509100764,164.3080138098993,60.39562144869376,133.38937536392982,161.6971664265975,41.04609532715835,169.60379586064852,170.40525083392725,82.0245014428374
115.35019472387748,127.79321681416407,39.207725185450286,141.33768022356733,165.80514609547214,67.88175350204247,123.87774421959834,153.96521619468743,50.78434158581222,169.33256422791692,173.0344759736222,84.42395182306232
114.30914762902019,125.02398031764108,36.55809183662254,137.0094444634599,169.6847132417191,81.84486351899045,127.61505113946552,159.4520295716742,57.65467989014649,169.1053203130462,175.9466978255051,84.59765084615248
124.40169717597189,142.49335563633903,41.09607344440024,139.19622304635675,129.3687341024955,59.15931531077769,127.72321792120249,158.30063281405802,58.21923700797579,170.00713136349557,173.4630342509369,83.65950953109135
124.04705480092242,141.73393576495718,42.0261825788787,140.58364967560073,142.1274816934349,69.49513818798087,122.12171438192492,154.52411633390753,72.53995698094708,171.1896946125421,168.2727587725411,82.81946287533243
119.36141352852633,140.20495214126558,43.74916495672008,145.82652583531842,161.06473843740307,81.82604839921999,109.13103672648452,147.57478666474782,86.372319651803,170.26353665968173,166.17732195400367,79.82395298807997
114.51468864139322,135.29390905591544,41.7128191419847,156.4693344032375,162.3508394717576,85.8343876539157,104.55902116057328,141.56528945405677,110.55170164953995,169.56894852736588,165.06242963801017,80.25489850842479
110.69836564686635,131.37208839360375,41.450976861889934,162.0781346592899,160.8378374593104,82.59783992741198,103.06836828742091,136.50822811076944,92.72253964541173,168.9932232294377,161.84468843212477,78.25961809618664
110.94991139339352,133.08316055745203,39.36785999852744,162.0673475666052,159.1066936520818,79.11064827832152,111.21451580974302,146.71125878172197,88.86342539448052,162.575089469459,159.36091654475118,77.47308753774425
98.35512069760371,120.34878155367761,42.643202971486254,159.5588079820945,160.586943114352,82.16510501669919,113.9522049295593,149.73037587936415,89.58926779171534,143.42672840407138,160.89825187758754,84.78411371484366
100.96735120094243,119.18427624821707,38.83602411657411,157.00205879972546,161.44905177236225,83.34255336105136,113.87504038755922,154.01763286893564,92.56901924249962,114.83495417018403,140.17793730566723,93.17215324674815
101.66257998046963,114.37163503982613,36.86814160212129,161.4010604462785,160.40749046866966,80.80499703300391,114.19942696402725,152.19761743904272,97.68687956633013,108.17791599810522,156.48499654259592,104.82907533304761
100.0372682830466,109.02209590688351,35.24107327146171,158.47119986164788,159.43239201443362,84.08945399603859,116.87622817806758,155.43950571241797,90.7073457718845,105.96155286021968,158.08491193602234,92.08042613426012
99.92014433574172,108.29729836665805,36.18635224672032,160.40694880586676,161.57182868424073,84.58685619041663,131.50585440684065,164.83300415645223,77.19156840482351,110.15979564311446,152.3124436894406,86.80922202856945
96.75850990029865,109.78067439682603,39.67432961676657,159.04665864401838,164.38134857246376,83.13035376488642,122.190943124492,162.52179629666904,79.79322201851397,114.25301932523232,151.15340709623683,85.13944619421866
97.9294884459976,110.79914153449795,40.557619178991864,160.85457563203553,165.9333903192514,85.69154397152738,116.2601624623391,152.77765544774297,73.61270168435402,125.79610055731932,158.65447984947247,83.41089974919676
112.5092863091157,128.5401482277977,38.7468365916577,164.5579572066735,168.1122166597123,90.2654324526365,116.73483138011831,147.65296691545242,72.8928499843163,141.13599711193942,157.4246344269101,72.79434131868912
114.2456038666882,136.02173352376,37.88847333556312,165.49776761487817,167.31787467830168,90.75334812560634,115.82972276918646,147.2153807470339,72.20265958248605,148.64229428808073,158.89434450295553,62.84724442013602
112.39389374889512,136.6950183527214,39.80028980267344,165.33649329982646,167.77194373598826,89.03681609591962,138.19126238199928,167.13159319491345,60.86248983434295,158.1797734134391,157.4246650016565,61.27306115958332
113.52264555057003,133.58671620317182,37.191252418255004,158.3801919439103,166.76198891649648,86.93862580576597,119.91733809704587,155.9372571130183,70.3189334243489,162.5933022372052,155.39518350960387,65.0775802020476
114.27601237214807,132.30197573285452,38.0940657482359,156.88285807222098,168.28730553146562,89.39344715894107,102.85910946742798,141.33371427732786,88.07952084948283,151.18203870878565,153.19474553986927,65.33584342256603
126.54554076804496,149.3088795864352,35.27758848225068,153.21360443010417,168.1816087443287,88.16668861894347,138.84418980190443,171.58812469364486,66.79911531989494,127.29759252373208,155.53162888980506,61.02154187115676
129.0313208234393,153.9351778629069,37.64915220702935,152.61302148732779,168.17682934033377,87.33234212123014,147.5619354333477,172.5772508792239,55.95945544257704,126.12177368070142,155.58041006008958,56.95199318855697
128.00328403104885,155.15964017196086,38.183278569613414,147.04345600104858,165.6375997026446,87.28541428601005,152.6961715477942,170.4908640807889,52.985202163523034,119.68599277700461,156.41018519708044,60.068242417518704
134.6749284594585,163.2681240756261,39.3675608326347,144.5744633255466,164.16290900306421,87.44016709252269,158.35753264541515,167.36754754926343,40.741039967012696,115.93437515200796,159.90791492683633,61.03632122643991
126.91563526481019,156.07118129759297,38.859399097139516,141.2315839826227,161.437663057468,83.62349441786984,156.72490560703656,177.73681719754154,34.468709088177775,110.99271333095167,159.48719968541585,62.130561102857364
109.57422102478733,140.91702999160404,39.6833920853392,136.15683928347016,157.4785696703339,78.66446324592259,151.97511857175186,177.59476984124714,36.582321277479075,105.49566017033627,160.239248545438,64.15021247546134
112.95463965786159,140.3836011351132,39.09645200430319,130.78624844750294,162.16972800928576,78.00583115335598,135.74464035850076,161.58234226306624,41.00277683067669,102.10771658648164,160.1705693950882,64.90908273282609
104.90956587434638,124.04951319355406,41.300609147996106,125.92002794031286,164.67762908887215,77.09635885654144,106.09472795150269,137.42285272580062,69.94223702178294,98.5480386812555,161.85407563748282,64.45106439378665
108.87870101963786,125.90904202429118,40.22357771483881,120.12916117683194,161.07211907220372,72.35600138023749,106.2216697481312,136.6974488196404,48.0352063309077,97.61068817422793,160.86177245693779,65.08268688534578
108.80498373567458,126.97759788553769,40.42975978652957,116.39754129664819,159.85918317234143,65.95777260716429,124.70615249358227,154.622724520226,63.38946265764783,95.44213465312643,160.67807727810933,67.11087760214527
111.32659397052872,125.12697449187714,40.73580359355801,113.88917310467663,158.81071017826812,62.38501603936406,108.40699931335972,133.60836625978448,66.4625566881904,92.81768237585884,161.47095086046656,68.60866505791256
108.43121726161864,119.58005224131514,44.3165982775252,113.90406844784928,151.73347522509494,58.27975609933375,113.83417765897556,138.15047804234896,58.85398558908647,90.15954397599839,162.23036671532446,69.97846042135116
106.31300916993462,116.38557653553276,39.595919666952376,113.50957800792392,149.03572304045576,55.36922771309139,105.96327239715984,129.47065723027976,65.143558456061,90.59177882472721,163.02216696944518,71.3034007410422
108.55710806839518,119.26034349142587,39.11375247530846,108.31294923881623,146.05617449531795,51.08230626047748,102.58963077891453,127.19099037314714,85.68721035934944,92.39064735180503,162.46579401132303,71.81222231273162
108.55850213388207,118.52947045554902,38.521571282774325,108.7900476601066,145.2098874903696,50.577348075535575,113.43864612311053,131.7483879062294,69.8862561480605,96.56816015285744,161.27075737266026,72.08136989665046
106.50009998388579,106.13644608983141,37.067563333688454,109.5490975555091,146.7661298296612,52.26104356923393,113.60236307088613,112.96526767441846,35.232920281196044,98.40789538864298,160.6817884636665,72.14573404105192
106.64735845726041,106.13066611735492,41.67004599795802,113.55843957770504,145.6946974418024,52.94044767843459,132.64167879776366,147.13309731232167,27.564457709290934,105.00652926840186,159.79739662428815,71.9447280314558
110.82133368471405,114.17139275043255,40.57539258504238,119.59430899235484,145.59873584770045,57.04435299012375,150.4903935268139,169.18206887490513,38.97917353473856,114.39079193699297,158.18678056370058,71.66791510641637
111.35662970711762,122.99545279803671,43.11063089500883,129.04198059346191,147.1612887060221,61.84068258457905,142.57162463752263,166.85340480710434,40.706606802086476,122.00996272987307,155.52113571828255,71.54570535381772
91.49291625255486,104.71593008744475,36.427730453691744,137.64004834088283,153.94588448027207,71.29627744111906,86.63455499065815,91.46852438410573,41.12936903367858,131.2688631073622,153.37637456242462,72.0507468887205
121.98054079028718,133.9406842717438,36.02438934645505,140.99258630433243,166.1009617318294,83.57392456893696,99.75313719959021,126.69533514038628,47.209146455833,138.2562659963377,149.07545271420196,75.37779688207718
115.6906484233454,128.20369633102396,42.00949574513625,150.89830034525744,171.20564795345004,87.7686797204755,98.85867435768347,122.86729358197881,72.25922200765586,157.668804188011,149.37169975125715,81.72706171489992
98.40294261421138,103.79227705562093,41.39137074368152,153.98521640761058,168.7004078749011,84.29617751425766,102.24299946133837,102.88699405229158,52.415679143364486,159.37414753085994,152.620523517223,72.1550423592367
100.33471139477945,102.24105337689947,43.233799093360226,154.3252162059553,168.28603876825835,82.13270152709056,136.43795992959642,157.5203648796505,53.90472716908964,148.65409880935508,155.61373583797584,65.41243486626776
96.58610337536714,101.07795764832706,45.72346188019956,157.031383950651,169.16290708539609,81.36558195215953,140.5121172876295,159.24617727287014,49.46202226968969,146.87857874640068,161.28191751692853,61.94962874664057
101.33610500575283,93.64620532676821,35.87266714216199,160.94951010037326,167.95564956236947,84.35455687740931,107.13632340758515,147.95681230059688,78.65838540423509,140.1570586641462,156.93438107433727,64.14434434183659
101.88312292228542,88.97776650518664,35.18206963655988,157.84706103829535,153.7704229175504,98.14979031665104,108.10276896292265,146.74272004088604,90.05120581347597,135.03954510813045,160.40397582295515,68.53119841492726
106.63508551576777,94.70973704358778,34.94491916411259,161.05827083140304,164.52436119880517,89.96331270999879,116.97649986284584,154.00050849845343,83.80472618852035,135.2042875171118,155.03700140268674,70.14891571179722
109.74687934119316,95.12007059440658,43.092586333667,160.98769762431635,163.86187044194352,88.54277981204261,121.64930116405935,159.14414307371234,94.76431500170585,134.91966013985913,157.4333414709587,83.38809672702133
111.12834338788248,99.23196565327443,43.54444642963602,162.5605771125069,164.13680991496045,87.68697841472633,115.52106953265408,149.4160444399103,102.32594077185507,132.3574488442631,157.41255485552998,88.50831039280847
112.92233772144837,105.4653927630183,38.5440804066467,162.06444612728848,160.11920924036417,93.52489606318366,113.8124811959769,151.71805282184576,101.66207506565989,142.4349652099531,156.5048453617913,89.07635097313421
114.08241332412939,113.6022980368413,40.56220049782411,164.12090745568082,164.79367307979075,87.49179244704588,121.13171628657936,150.83050579332806,70.81663064026863,152.02740178127854,162.76258863058158,85.92448535115565
113.20357949503716,113.76341614235793,29.074217122618073,163.90252728142022,163.90387899738982,77.22718273430681,122.27262309098495,115.93188510695654,51.902518424940794,158.87216596058076,163.09967792227332,76.70531779978421
117.70287409608214,118.1776419693747,31.460928852766628,160.78048794542747,161.47977542198714,79.5718938922962,104.26250007709213,124.11282497575783,71.9031277468293,164.417765232697,158.93353537052712,76.61391875108232
139.67813631018512,141.84149168113188,31.51994127643694,152.5108935921502,164.48202170780777,85.64381177771742,112.49750228999174,131.23344324121885,66.47938643233194,169.57690748972195,158.42539485025372,85.232537909242
132.4929106098944,133.04663328714594,26.86833444598815,143.0895854965265,161.8254417042213,88.97570264943127,121.26637399835693,137.13968325938905,80.5198804354005,169.4760283910603,156.7726727207315,88.98292290128914
134.0101516268252,139.61571603479453,24.83799668720121,134.03111527152936,161.36292506256837,87.15098464087664,124.32545193947308,147.52987963855722,79.43814907710365,172.28968450211582,156.41217937881578,87.39432552242887
127.4491726477352,135.33468928258497,28.98029060022431,128.18811163946918,163.25823447053997,99.44933982040288,142.0609377768721,160.39113161757717,65.48208391059714,168.01369302159372,172.78754508689835,87.83657113450211
117.96147008779413,127.06017705068234,28.747704964298396,121.58115849056885,168.34494576551913,91.48035966218274,136.2825056746831,160.07213352342796,83.06840443091647,166.89855499210054,161.4081648427998,73.32139720734988
120.52948716542392,141.09535954880894,34.5620308918677,136.77178629679742,161.11570370710055,82.70707990140326,125.22473629884013,153.07854654653812,74.39009658349302,169.00143459108497,173.5522895370852,78.84842230138752
111.78924363643262,110.76210123117042,26.98085498861544,142.34770129140836,159.70289525692124,82.61759413584677,125.90861610048479,151.72003895047743,63.864302799707914,169.4450086782581,173.54011089606,75.85889083581155
132.16638266019785,134.10805000509188,20.583808437136582,149.58604743872732,155.01303862346452,75.67437645480973,120.30064133103235,152.54905676299742,74.56942573053472,170.2607806419107,171.9959964274206,72.94480492263676
126.44953586537483,132.4311081588255,18.928509171719536,156.1874714029483,155.18355284250987,74.16560520931525,114.61813819073409,145.46494365602837,77.76482599623492,170.32895415206025,172.61623814093687,74.66487055266155
120.75375501383962,124.61578342112175,23.67818704305835,160.6847633787296,158.19888483268593,66.34551029527655,116.11767488767207,143.3871881936373,80.23742162624096,170.85770689869233,173.39875260142628,74.58558542586017
103.39772086894871,98.3194004991706,21.82366906189002,162.27175445299784,161.63513796741668,60.73983629488077,107.72757691991644,139.34521654944112,85.49290608256551,172.99869948865498,168.06963296250444,70.41359163750522
96.53618731105645,86.44946632509367,33.838123389147704,162.37540658318386,162.97037335804174,55.27523169826111,104.19250857232677,139.8953010453828,86.46694288375261,172.4002788518562,169.4375109063709,67.7804084907627
99.01889921343775,86.79355394705087,30.48976190270115,159.57564600707235,158.4301763530294,54.190743398791625,103.55031548868851,135.76383783731964,81.29393727557999,168.76986331879846,172.1439774429316,66.10148749135007
99.80993182279174,84.7345013099142,37.08842814920954,150.1719069655884,158.8689786881667,54.962446354065996,104.16808837964355,134.0944127749756,93.7750983480026,166.6826026549897,173.958834417843,71.53786754648345
99.10467616646532,83.79338377543415,28.51625891498166,136.3254763442372,156.73581547492597,52.87569041911233,103.83136691019537,138.1398394928109,96.43170095012958,161.89101154975273,179.08990141293748,75.08801098129815
96.9080070701265,97.75116150894544,39.0067742624443,130.87314073150068,156.37340555084236,66.53466312472884,103.7484935922959,141.1044192530161,78.95832481385429,170.78233175063733,161.88077425243708,87.8033515799212
89.62501070728304,97.56669969646136,51.443823725598904,131.81240580891782,160.98503779669448,61.80509981031725,102.34397811035565,142.84119529679452,75.69947930688244,164.57598135387389,161.1864955211364,76.54212914418001
93.87824650774573,98.67696720486452,18.34512257757496,118.40665271343465,158.0296240077446,66.7159925876113,118.05818352875002,137.83020780692988,62.567273330589025,149.16885321565493,146.93344709602292,64.83431878870174
88.1990590896034,96.09354888673772,50.038762773807036,118.48829365835793,117.14700082258251,144.22777986792747,107.38080954747399,131.73093308168535,55.813818827585656,148.7636572679533,101.07450857974925,44.88645055494991
85.55041621372808,87.46338321672118,49.57334809019796,112.3517285618376,167.75694201438435,83.60057745859513,105.17664178398707,135.43040186996797,90.50460283606186,113.1000336213248,165.7132924430347,66.05984558518875
83.68818362604839,86.78744012357676,57.891878246887664,103.34945807624487,165.04946295508293,74.39365548923395,104.97250528138129,131.1771018062485,82.03205759952182,114.65786133976447,166.56536879073056,63.307811256846485
91.51240331911521,86.82105269020292,45.02008567508272,95.41729943767365,164.09914374151194,72.87366555782515,102.68719810361642,135.00490069353737,80.22144142936976,119.59693654973817,159.70042709324548,61.19853114854214
96.04596747529963,68.70699841072035,65.15997994069774,89.20303238778045,164.0774643321833,71.79676970401391,113.25673438797587,118.66338412296986,114.94864635450897,119.27300978075236,157.18242632135318,63.70338071411632
96.06646910009094,101.70391324676889,61.31896737050939,84.45124837369858,164.34884843609112,67.3655221495754,96.9711045661016,129.72267057220282,109.6711375541546,117.56879214514255,151.86100799142983,62.58427757666285
94.15492991341137,114.29713514992538,87.6146376238307,80.98574035569779,164.4176965757602,67.69337678959812,104.7558846658331,114.07849674080438,116.01091231313396,112.33754280665111,148.507692520778,60.7635412646069
93.02377287956865,93.35543401800945,60.399755938345464,81.20487990200535,166.65394944366716,69.09728183615745,111.42342824773554,91.58357482820782,137.19722441633468,108.71162180904062,147.94949416584814,59.95862079669971
89.92142262079204,92.18691146973384,55.418101039011866,77.67807382314592,166.90778038932592,69.42274097028319,103.30108080483048,124.69622265982429,89.56822977051306,93.73154301943042,137.74948779523675,59.19612763801411
94.37219169599418,113.51082410001871,77.9164510698679,80.77926191229295,166.20792034118804,70.30091846103208,105.51587192164679,128.81868739454583,48.90303014015741,102.28064937787093,145.0611717641132,58.31037408930106
91.29250871976448,95.00731594511022,45.75837230453867,83.640558025771,165.73299606634262,66.28551429968834,103.76433517626731,109.30911387725256,50.90165901831038,103.20694613423014,146.67367663880398,55.84219312723654
90.27707895364972,108.57801860625997,65.43306799255107,85.811658940556,165.2525672438042,66.19868420731979,94.90205957911685,87.78618628780838,111.36178892530855,106.55495682533268,145.73104694163473,55.53726155879941
91.29459329979206,98.51109805534071,34.83012962671447,91.49414499426308,163.60499700401792,64.07266962793244,97.4372613919455,155.27213193714346,120.49523945109554,113.81915142534598,145.29515230175656,53.07100663433896
97.89145143288972,101.2868189183519,34.747193518985725,95.41888833877864,161.08968960419165,63.89074367797793,102.51882274465551,145.64418111883927,108.99506074209758,127.81509184125345,149.71608928084748,52.56461867823435
93.79046431217097,109.00592412970755,45.78762130336154,125.44414712744128,156.48148538477076,61.321987813336975,102.8151636146597,138.87027580982573,94.050056238166,154.63583481886408,162.25597599474298,85.24001175938454
94.36832634651589,103.71135843105426,49.33040531706293,127.79815664974277,152.32367310259264,72.18939099200685,108.72214030289192,126.95604949077098,77.61198958823708,150.37192172833383,170.4736351445758,81.42483165569288
101.09610659170875,107.39845069090184,42.38948955373996,116.86057105409556,158.7682045883182,70.74739162046062,109.17333167351065,130.76299285167843,52.543282727240296,148.45908528174095,170.81745558335268,76.72269541625586
92.23625703402222,98.21032651602192,51.12498048001451,141.05029281691913,151.47036191591144,61.41402270349867,108.67941886158351,141.62553925383048,84.64103090866506,161.42662225676767,165.0125010142512,81.46320750527376
96.37169812423603,94.63566089900945,37.04552477228798,134.64062272419682,155.6982957709452,71.02443116830644,103.12661156486735,135.79850383030342,85.06670137020934,160.6985133714545,169.95419603610847,80.61696819714838
102.02980690473747,97.1647267156819,30.775523661498628,137.17779235797124,153.9229285934959,68.26008913963578,107.71805733119913,141.28245032870288,72.21272298398978,157.89881180148666,171.1671563826377,79.52281953052317
131.1789031856878,145.82977078255374,27.22204258611082,145.846508414222,153.11741352201642,76.6030169220923,122.8517074767169,149.33550654060377,97.35622515133261,161.18622107539866,163.24896567080333,75.56651257199546
105.84082492840434,107.41676076228775,29.03672453173558,154.7540519401447,147.48105463808974,76.57156618454373,116.50420754768696,153.1511168953046,102.54987556076574,165.65008377539507,162.5071534873399,75.46417798763325
103.68228503598513,93.1789749331192,17.939462806690717,156.1233195253331,152.15540187160457,72.50540190170332,103.35300538311704,152.17290926086685,108.90726331257643,171.99913399607146,165.17003152083888,72.85071997750406
88.91535306966269,99.97527290846605,36.43036300752,151.1037046655232,153.10668303024684,65.52502807053473,112.0624617155264,136.91104466556766,92.35696999950146,174.47188413938545,165.06982614318343,69.78173779740759
78.56404904094477,88.87502974283987,39.856332416454606,167.15547748044094,162.03511992175473,75.77199227260077,100.51447443265418,136.80183128157648,77.92589030701522,125.43647260715574,157.54644232595328,73.01603376296934
95.62602307192545,93.06873783944356,28.28340510440317,149.10804241638203,157.18112613688913,67.91656088130331,103.43572430611265,148.37256301522308,87.29813690928881,174.38366071107268,167.44372759536338,72.36809550331378
102.75733787244849,107.67078076704902,35.08889309632251,141.99989097381726,161.4098197650441,83.305141015029,112.09856486965774,150.60340155663155,75.4961150882999,171.62638232652307,169.11274717724257,67.95311745898066
106.16921461788301,114.10072481917531,33.65829681248167,136.85833143712182,135.56944342261477,63.411483714474805,111.69609797896914,158.59106022534505,65.4256176146828,169.19392388547283,166.23501366926,83.24488408580604
106.77770595685845,109.15048312745526,37.121969500896334,136.85206261506056,157.0746814683914,82.24598370787557,113.58688514582735,153.706689227568,75.15237352139201,170.81127117820841,163.55614659289384,80.67810222433731
110.92756632689198,117.67771568352,41.75224034837483,139.97632754886786,144.83317380146482,74.94667506501779,109.90941202415607,147.98397890895473,86.0589063084077,168.95341954576216,162.82777563741868,79.25762060564756
100.31013331662193,121.96349000915745,50.658086003415924,152.58671307953105,154.0117531894183,84.78972634925437,99.15964167268544,141.44112186568432,98.74909301422194,162.67390561129847,161.00386861126327,81.93193769043484
86.9952591043417,99.37573062089186,49.02475151554952,158.35419942814704,163.14466729982811,80.93502193009411,105.39307820150974,145.96989306815047,92.80492265011792,157.34594279236188,161.12828966261094,83.53665247142413
102.88843753564826,115.03509311823237,39.296380619065985,162.66932728931923,160.93258816636148,84.23948062729531,116.94399287633135,154.76749413028796,101.41492438080134,147.04480362073812,162.21213816257136,83.59269434630487
104.90560217943033,114.82610271125405,41.74341743378272,162.9791608919791,162.13061603860777,86.57040041979975,117.01167465414133,154.9820287999459,101.73189839706514,124.19905864486945,157.53090575210675,86.99166708449607
105.56377499515119,106.44585244594843,39.70236365805649,156.79941807345233,155.14724076134667,87.83267248712598,115.51640523550195,149.54488878476155,95.01961876104046,114.64465708823778,155.35444663767353,85.104329744339
102.26390673708217,99.7486647308644,46.89224359681303,158.9126077458886,157.51353142258085,82.08734103546499,115.12394762347495,167.46143327549052,99.42663832752699,103.87978871555664,160.42537476427984,84.66224919757249
101.66930327955784,98.92066343148637,43.38545340710083,158.40568728044704,163.08964486877665,86.15922376991597,111.07838116875259,163.9002721039725,94.53205411242259,106.6160114249904,155.61352817917,83.65639555211413
101.29481141735107,95.92562931930165,46.540920672573044,158.4502608494263,166.2492397574394,88.2870559563325,112.98160453664052,162.65044617996566,88.99439104986224,111.96293541813365,153.29529985246634,81.53076675413361
104.32620351166008,102.01955420405048,43.856501065218595,157.9491501459766,164.10393199926858,85.58933756333971,112.87807104106314,154.16584995371292,81.44942552947154,118.93180553732587,155.0509804597618,82.78557822296142
98.02848056226551,105.8774787590076,39.97943357433375,159.01016604394675,163.16778655724536,87.66456268426731,104.66727604223014,147.11309030916368,81.79706961912026,123.0469442679739,154.5269287576086,77.22833908028048
95.94217160554524,108.78657802776728,43.43576461271708,162.27171941015956,165.20765912142232,90.46446411723733,110.00873977024358,150.76720346672397,80.55085932072377,138.63503936101,153.5815193017848,68.0172125476728
98.64986030681581,114.93265821620635,42.755438911098004,162.7965108405987,165.00768099296596,90.22191347678948,110.36669462458585,145.18371955578954,69.59016592753711,152.98039560200147,158.09269406607524,64.72818735353484
102.35271706868171,122.8992443403778,43.35284562022147,162.55217048463888,162.99252749347295,88.51493583429193,105.41658072624877,140.93433711546638,71.95790079163378,159.40103225177765,157.12610738787043,63.39415160452611
97.97926276682693,116.52548113562554,43.5412364117552,162.0455984855263,161.42512598008744,88.28080357593869,101.90003433804357,140.73693229394144,94.43465029168807,160.37062661103155,155.5108331704495,62.63900931584377
100.69403661188505,115.08605017748862,41.63929034276476,158.52304744485158,163.23377283694992,86.74415622329397,104.41130178790385,137.65481303794002,100.32802873015495,159.19060579705211,149.3937276168316,62.666011853452254
104.6899217504065,115.26444483656498,40.67610307648697,154.28538337500152,164.15337111392293,86.34479583027297,118.89802142872068,150.91120940028856,103.82128589298904,130.85792852608984,149.4172327490237,60.43584670593739
100.22088457323133,110.05334067317204,43.78144185534211,150.75046771739247,166.1250306287919,83.37460408372391,131.76459540668523,166.84682020963467,74.33864670532388,123.51080830363294,154.3789811791111,63.17093692601225
95.44704266160524,114.4831377740279,45.5362102957479,147.40056630219425,165.0246230011063,81.28822087001636,108.88000536151397,143.87039658967748,103.30865102084461,107.20212953013917,154.57845509932793,61.03098430012304
93.10942621488643,113.79043074460019,43.37849190728517,147.56111075606816,164.43755460457206,83.35686710900404,111.43549813370049,151.35145084546883,79.91471508497106,101.6385678962597,157.9089770159472,65.69084660530105
101.68740182460532,121.75827933859034,40.4407124019083,147.02674178031177,165.2078625154665,84.51369523842081,111.7694710213442,148.96916609953556,80.20537480083573,99.573249443366,157.9801620467307,66.49622018429554
96.92309403588364,113.32209918471422,41.327890608433684,146.07820722087789,166.0317592918104,81.41033515494472,112.51756703845744,164.32364560955824,87.8681193522307,103.82144712777661,157.1775910588327,63.40873575955499
98.97610891100159,115.26341834557407,40.33210745967392,144.43512228839202,164.78585036207792,81.17527568823871,106.11705915420636,149.224283534165,85.87185402897971,101.89357203653437,158.36390580804277,64.9088373600198
94.15656402074968,105.93084929096372,42.61036616171526,138.2045841697443,164.76237425029248,79.53190728466426,97.4319073443831,131.17649739994303,58.52527215712354,95.75103874265952,159.26127954835485,68.64935270967177
97.93811157093674,109.67333427816678,39.75493846276791,138.25495811129701,164.76216803140684,79.93894951818164,105.04613864168587,136.02349981740957,55.68894735836727,95.20491485937858,159.50547063361788,68.48338118365362
101.99542547336938,115.55728712630922,40.09207633637732,139.0812528607499,166.56519898768153,80.88653193889854,108.72619651448254,133.10313420832884,67.89045639950818,97.50148880911654,160.2325668913732,68.2854179024944
101.72471944456159,116.5827364380087,48.78716738049761,138.12660324182738,162.84883258907834,80.17140162751522,103.3935344909987,139.61509183745835,80.82937299898742,92.75425576488087,161.18337679863671,69.8682600386679
118.868186340738,130.31427618063546,43.98033525919476,139.55624375973494,161.1189508850299,81.04011244863894,101.46908197015195,136.5102920226367,78.76960329792375,92.74630219992689,160.21236613267362,70.69055561221958
104.36421381252016,116.22187921668781,40.11339831688991,138.126719690619,158.49793536638097,79.42074006036486,103.68456006095545,131.07094591341885,54.40866436468123,98.67090372413178,160.8906181145445,70.43445037770488
104.69042897651507,117.23476447115134,43.504917348852544,138.5012830197589,157.97148006331918,77.49659031619971,115.12120691903544,139.15142271626814,48.00010330753801,97.7345182602165,162.53160963219258,71.90765733839501
99.41715784758317,109.31111726031413,42.807885018539935,138.73222223703092,158.19281514750458,74.07401670900951,110.55132573824258,118.57795951557908,60.890532031313676,99.33110033065383,162.02351771846995,72.53362885443849
103.76965762109893,112.03117649643451,43.11549155320083,139.36011970684444,158.4125550001739,75.97203712529037,110.47608347247808,130.82132004267902,51.23260461036687,99.60450635868585,159.84489068658627,72.74310372508369
95.36194317939427,100.95832512918702,48.99100693192028,140.56357927654966,157.82760212970896,78.84047648885735,113.78847449878934,131.84969222644474,38.67816525550812,105.90314122787017,158.69810712581003,72.52723651576446
97.52220034818598,101.91587483860489,45.18290346263476,146.56385604958064,156.89645331674373,81.55964139930904,136.07278270266156,158.3332303713506,45.64902932879229,113.83742498296924,156.99655943648634,69.9924456993274
95.84511526293629,101.6966847493431,49.086050075355026,151.50908649147408,164.36228313372797,85.59089828382571,111.31970661192862,130.6380935363389,52.978234704587635,121.02347109650873,154.40640865649084,70.36124060447769
101.74458716967035,112.60207125607494,50.80934377075303,153.36977440918622,167.6532027784596,87.37047761449975,152.56184086456742,166.2741379060819,45.20269865771508,123.74938730794835,152.69672044192723,70.86226359153575
103.54687393472051,113.05121587134326,49.844407611368226,153.14154568006373,170.2384171758068,87.35549873149445,153.79127453097524,173.73790798240427,57.605833986527365,125.01057175603582,151.19546500274873,71.90918586548977
106.75457864165165,121.52848195374189,49.42218175509763,152.75617646036352,169.12277900254102,86.11719768041813,142.83944449033558,167.24600352239185,61.631513201423964,130.63001565961645,147.6978791547781,76.86532704306578
107.50952677799538,113.96353275582719,49.95300286493279,156.17752220468088,169.1836962900483,86.21461919546245,124.24159346055482,140.45639359490934,61.770483826423934,160.72048621704946,147.06058655206664,82.98409257179058
105.17662310328963,115.31498602209379,60.667625584547444,159.76629237542087,166.71746637102515,85.57019828041977,134.2041677626749,157.56826027653946,46.54371583714853,169.34842045581914,145.60621431574484,81.41760330653827
101.79985446520071,111.65721087334286,59.03229429180353,162.45933554185845,167.72606220267278,84.91738588105812,139.29048899766323,170.80210162067397,50.91459968298494,164.56099390017403,151.98219878825856,76.12681075620043
99.15634776428934,105.98162230123147,54.54806754370334,160.76410809774256,167.65993674757027,83.44292310235308,120.4573720036795,162.1686402109009,65.74524929932342,144.12946205113388,156.26479134730755,66.10934114792562
115.86073649607745,122.46489684184375,46.43138564351387,162.05020437043783,167.05709116443322,83.43328293548845,122.93380184871909,162.4394625898156,64.25292415648902,130.39261416874243,161.08116512150355,64.4048072155026
117.50957357701525,124.31915805715481,51.18607620616809,165.19420225411764,167.93136877100048,83.74450058476317,142.6951222734874,166.4727529963705,47.54801228391727,126.90993036975861,163.06042101586553,61.17216550530584
100.12466924801905,101.66567702554612,37.20103741902395,160.8812259802465,163.45353585165424,85.40132298037396,135.19482704835983,168.484845732951,83.29772655722245,115.90644170203635,156.02891789630948,64.2536705781189
110.83806378088295,105.54334877479913,48.68372913527036,163.3199337599601,161.28179892445382,91.28001342232356,122.51003578441895,161.42415476225653,99.18997246000312,120.78502586640728,156.57790224616068,75.28954965718103
106.0729988160061,98.51122856064542,60.59728245576594,161.07860391188868,161.6327085217676,90.53067732233703,123.07988364012562,161.3302354203572,91.03461244437923,124.50581817470531,155.23102227809517,77.95537126002905
118.37255769872624,118.71963285131481,44.941858986382,162.7180722493186,163.4345004992543,90.7035603528568,117.61918395060079,149.72053095796034,90.3599266404789,132.07376294985193,156.66009958569063,87.55717676621892
117.5666778880626,121.38721491115356,46.93106780198688,163.9319918365269,156.67178924749632,98.99140494586595,114.87548365185283,153.25616878824297,92.86419726100524,158.34849915832797,158.61157499314294,86.73280129163128
117.1651771977088,119.76070844320735,40.60160375110962,166.27336488411763,165.47867372032627,84.0837699082232,119.48851954693264,147.70767893551258,86.996245451849,161.52130767959864,159.3723389661691,80.62994668310641
109.9388345222392,113.1103230551818,35.2658202066897,159.73529683216807,158.54917735392021,85.92718303935202,117.25101063980601,138.89064186310705,80.822850906195,157.4012478545759,160.38720889720767,83.56343294265119
131.49114231123013,130.2071048454412,27.135022229626788,149.51489229520973,151.58792644357194,78.13505848621661,130.81357937135084,142.74153778708913,61.15137180771167,161.90051126440244,153.5753137900925,82.6140342840237
146.08351277554206,156.08471997078897,22.508762945132922,138.24370351492254,151.45475216771462,79.54100741066974,145.41378382569127,162.6676185784421,56.4944216020642,166.56517756112058,154.02572949761276,85.6969456317269
137.2620483052984,145.27543917157647,22.97169102226699,131.2102478657578,162.8546736292853,89.45482640551774,149.01429239050742,172.43566646603668,70.03301665133701,166.1405255237257,160.45505685374266,91.55590270372313
130.97863934898643,135.25545205659517,28.02541503457511,129.74915248014122,159.86726282827723,90.97520494810283,125.77470581525316,151.9262425849399,72.36156322420757,167.46351713761655,169.1192930601011,94.05763478766175
132.53126158292298,138.53399512484978,22.459756722119447,129.13277075456193,157.15750692329016,78.38539478857548,126.84868554215937,157.42372732400133,90.73509889155297,167.08528358645435,175.49189083803952,93.73320852478284
141.09247916809693,137.35696013864214,8.022412944897125,139.44899711862766,157.64449538110293,79.72255740006347,133.0095662934608,158.99154812302152,96.33299675348059,171.48357139246235,173.5466068054745,85.57577213331328
152.54836101058052,148.8045997031695,10.886597264256947,144.57306046029203,161.36721613964514,82.54964641552525,128.8297629938212,136.43797695210233,81.04159162089884,170.17516028273516,172.6851315017257,81.88299714408828
147.86176531122175,139.27145716510694,14.518585853772558,150.14159793890354,158.25932577313998,82.78742508412353,119.39603418024734,142.58738904218706,82.12448668142997,173.3895753221187,173.31177516220956,77.94633474477087
130.5486666777532,122.22410006383868,17.890013220521094,158.87014121090624,153.06248299582575,70.81062609693213,113.53921674174524,131.55166923911565,74.17541990003517,172.28061966577943,175.8399520935385,74.72530337821036
133.3235014095281,139.30257829352598,17.36205794623404,163.32452235746229,157.47951356722842,67.53009809986351,121.60859749571112,141.7828014355762,70.2921416223288,173.88847618768912,173.42985206136893,72.6633267167788
107.00340388741432,105.89303684780272,28.773075987006624,166.33857489510618,161.26222692296224,62.14466911163721,116.618824047186,138.28017435129453,69.14447001581934,176.07230352369382,170.94480960382657,70.81906681792113
103.18621897301267,97.2905964149275,40.166395474249185,165.8626618560365,165.31410648996945,59.965584417539624,106.30114990955322,138.96698003344844,73.71387833288651,178.96873847962428,168.67362982375863,68.95275621570761
105.93816096896157,95.01631016136906,29.243676935337916,164.56664776315702,156.68955558369936,61.04249734980647,102.79564837565125,138.40421634482712,82.55398885879357,176.5106574342826,168.21664410862496,64.68022997900583
103.86359892220041,94.65100998263627,26.097880169970157,158.75267304495193,157.0387114604879,59.74130451426899,103.46625313286933,137.23536542105958,92.92224968711947,171.4277452604015,171.11560247608267,67.77376414260075
100.00288651236505,88.19521513709205,28.066334756076216,148.40929054745052,157.10676897259052,55.27652832512386,107.30161619799593,138.3274924207026,100.84805668782542,167.1430436437998,160.38868886067613,75.3688727835731
100.95770896191446,92.52932405655636,29.28055123312085,139.76848185731274,156.84202081254,52.67242738696082,105.79927052791831,138.85854563651097,89.92716422664019,163.10850647662636,168.54731435814813,71.04060855209079
93.66252849089867,104.3342056100347,46.39395107586285,131.6552643529624,175.31428938656376,75.41838117537738,110.92713006170125,140.17911988510457,67.69086995557325,136.49386493803328,154.755752663269,76.04942768644074
102.37985289181208,113.8938655101736,58.19892970627234,140.91066361707936,171.00378203467636,81.9815948929537,107.42387072260473,132.21891640709816,97.0247467068394,114.48988410611344,157.95282268768236,69.2379756011833
89.81431584947974,94.42023365211523,63.74016637887739,139.69575709688075,153.88794290601214,67.09806989955106,103.24850244033209,148.60183955725935,99.97768646875164,147.61529959492748,160.71004285157528,69.90754665257082
94.29096196294238,83.47435607277336,39.09739260619729,125.73899632319602,154.8254765596806,74.44232173324346,109.51793716015848,143.56293360002826,95.23572634984968,148.48559072871896,166.36755784585657,63.425076478667734
95.21638591889662,80.76973466402329,42.51915703376109,118.28461334761877,159.76462410830447,73.17602503699288,109.52910990307554,140.65914789374773,79.40498404922825,146.16497275948845,159.170334225959,66.7302904966692
94.73734410132776,77.91932118178984,36.23131700844583,113.11652421682953,164.76821913589396,73.48337444488291,113.54634589918109,145.52362195321479,105.22239689296352,147.71008101350884,157.97844310682433,71.64019471358662
100.69161953463286,96.01963329326512,28.351254312088443,106.98943635950296,163.2885286710256,69.6534629219692,119.48109488189054,131.67347626143524,82.58805386958238,146.00855852272716,156.4806300244076,74.76046974849565
107.32093908451685,99.04907169917156,42.11905319158963,104.7507502602512,162.01250702850618,63.23659639610509,122.76320999404908,129.823433798134,82.61454265265334,142.46427241600136,150.79685049579805,70.58389323867812
108.19571836202921,105.35881017617024,29.61083898804038,102.93795800908363,163.86474625801233,66.36831892038512,118.32940959707459,131.70633330080025,75.25925937065902,143.24847690714807,153.3435686509386,74.18661790252321
107.42101469042325,99.18030491758907,40.254357023171515,102.5705534449048,162.16005345513062,64.69938748497663,127.29325119964108,135.50039969478834,51.967047073526274,144.4431344886083,153.65145463518832,68.45614480983637
135.22289328296432,147.8145086770131,22.828485175564868,104.76931227588882,162.30413905863293,65.19532813628611,133.94674796683572,125.36891961094877,29.788681952403465,143.06718891682107,156.45908460608976,72.61303576853349
135.30799930460893,129.58145825964405,25.823274978043298,107.35933312881832,161.62350731491998,64.8331059652641,123.75761622149275,105.97341769057552,46.99982240641958,144.38889931769032,157.26179282126142,72.7041110509065
147.27060824360146,148.0455018072404,16.119433233102097,112.76984887459248,161.35542663734464,63.96494293522392,139.22640830567744,127.86088477574975,31.415375049015488,144.09361746287624,156.39810459725706,73.42960154700353
102.87870025576908,112.31930395926254,28.938046417981166,118.05705829637198,162.4427975507312,66.8479292157869,141.5000878345169,155.72572419849945,37.9612966758067,147.2485746441084,159.54932264622119,70.59252024311027
95.37324198970839,94.8486166530588,37.3485001942031,115.83894746844472,160.8493456539708,63.31500466647242,131.35005322082634,145.7287711199224,50.4698517204276,147.23346571754908,158.95361687376447,73.5460500701329
97.0796860045803,91.8877794738484,36.51021215547263,122.73947356093603,161.28714613620014,61.31087272424832,128.7523633256982,134.24889524442534,46.621610064169644,150.5105681911796,164.50152805138507,81.4137244889171
94.11682340819915,92.60562928999694,31.69393820952977,129.3023460256255,159.7551225835821,60.01927220511944,108.18982483447692,133.13100065188007,91.01335451495845,156.8483542476104,166.55713946869335,79.9866496361358
90.9723592869731,97.00755816966594,34.961235234204054,134.3062596273353,159.60697685340133,64.65150800958142,109.08335491817411,123.11552538566576,98.79987662874282,160.29786229202267,168.4414505269009,79.0454706209523
104.64746282628782,113.81411936774963,26.381931573145636,137.80187385828273,156.50235857600197,67.44047587715555,112.02254778010796,128.24909736168195,85.327148316284,162.43983247108562,171.5221836046478,80.02421194903455
139.03537851223473,156.78758674797487,19.541779766407515,149.4144851191209,154.66682338750127,73.32329100498887,109.2795581526642,150.4431542454024,92.1005635479884,166.22668760608946,172.4511830040392,80.05288506309226
96.03569021128304,90.00644224914751,22.242669007964057,162.6112121661708,149.61558109535696,71.76553231760566,105.45860497232722,145.66251827650294,84.10136480316757,167.26474871913132,174.50892752732852,76.90751426342415
122.91763692119558,117.58831843123998,20.495858162871677,164.73044225436152,149.55661925374412,71.22289455253411,116.04931766102555,150.68592880693768,82.04287221598821,170.78214783255308,172.57911608452903,74.0106990696466
121.8267199162487,131.20988467726835,39.75996590097967,160.14684651178462,153.13946456869002,68.28955808097169,118.4396458816486,150.00334447620432,80.05176354147191,173.32770467999046,172.2064176640292,69.5518892938989
110.04029467877085,104.37503406552906,31.68510652956534,153.0906952202571,155.87626312560562,60.92200291322697,119.54039701747436,154.70380080818148,81.4321904122043,172.4324810954265,173.03238981839309,66.7667864413173
116.55260511645423,115.400198293686,27.845464179998135,147.20961351613826,157.19289410658655,60.11595717604646,124.6738783788109,156.59840648703272,68.26862493873995,170.04433339624748,174.66117861440486,70.02798268215194
118.7141354519381,117.0946910819639,28.47032190413368,143.13932617063975,164.77609163732106,65.39712620225264,126.9541879745732,155.86927666531273,59.72789876274537,168.6143997674063,175.90909916703205,72.33838558794704
116.54932603711889,121.19854207129194,33.28320575419161,140.58234796958763,164.99981773534915,77.55810373169984,134.06053099488358,161.64637629008772,55.28853234817604,170.09620968687472,172.60011852488716,72.17139759155926
117.66649638349281,126.0637519470257,31.915961924972198,139.52678992069684,160.24362163710387,80.36939011628408,120.68152765361857,157.61147291744408,53.22744503411259,168.83720727924916,169.26937565825781,83.17765646612763
115.48919921198454,123.53266339537744,37.62443371489812,136.9136803210665,165.19634929549272,88.2466610657578,103.28056953276075,146.54584651684547,83.86693793502849,167.29981662855775,157.7334458424293,86.37911733146133
113.3768166045344,122.59092155440122,40.20638668972173,141.90627417047727,164.80528653676188,90.93619295421801,103.10386583385254,138.4432417698838,80.04552158326457,167.79382053904624,158.49814104111223,86.95025389270121
112.12507945842272,124.5361188356765,38.63222924869571,150.74287464350488,157.58868509359812,84.45876813817323,111.43125442282211,139.8685819111862,82.14750563040653,163.32243157910514,160.3335428877703,84.64000715632288
96.08246534827465,104.84133710454724,39.831813656373555,160.36582830414025,162.695565664453,75.84728633805246,104.28167599884715,140.66524455033675,82.98639205063111,161.25596812223486,159.6288897317863,81.72702515636944
97.5703010167097,101.01275297716488,43.62511095009635,167.37198171891106,163.25770477168345,80.69374314273927,107.99290733229613,148.2857473942718,95.41621766150273,158.73560879300027,158.79756625670825,78.57890155326331
103.87782851893242,102.94615808714612,40.55337453693263,169.08542097756214,170.3608585830861,75.24288885323728,112.88666840503136,151.4695065535103,79.36975816791467,144.83415205315214,160.25446444724616,79.88556003241224
105.07356024419153,100.82424389216385,37.979975550605154,162.73675757666808,161.85305346104036,81.29742002388649,114.10846815795146,155.86856395255194,80.81674832227644,123.76906019684743,157.24836682460426,88.26663460312366
103.35803846982571,102.90830663500547,37.24987293731572,161.213553370331,160.63787767281326,81.14171122619027,112.63560630818247,158.38401802554637,87.18435804787775,117.44903906149815,154.00278289550096,85.872490389514
102.36899553393,104.42932279152943,36.361277344362165,160.90635021800813,160.8073600490948,80.67472625358357,111.87344013609646,156.14437653350558,84.57285939736643,112.44871286247094,156.3990565388749,86.034568710763
101.65715103264536,105.69025771092949,35.84010746910206,159.07530685577905,162.011734374209,82.65325008236307,110.96139005101782,154.85558261354348,84.49286587098776,109.92051756928717,156.152767351958,86.27807576927351
98.8962698806953,103.68147928848346,35.170658423045005,158.67873921417547,163.74406549306923,82.46650351234761,106.71311239487822,152.15675414923822,85.44686187846428,114.8832130337068,153.60809362866476,81.62774868894496
99.34579209492057,105.52709138762886,37.19644949339159,157.12827518559413,163.2276616209708,82.56713664545528,109.3167023045347,151.166989748926,89.91596875843277,119.17504157638525,155.30643436172383,83.44059840998356
96.99752716129008,109.41269020182298,41.399508495294,157.4607474180976,163.71573358448694,81.17440967096063,108.8829164619875,145.50247889042126,78.97636630741393,120.91164752796759,160.4445504889444,83.52127943951851
100.53769415061312,109.1243458911809,40.0316769831255,158.50473196878127,164.56589945830305,81.43455889084669,109.84905600546716,144.72322344438854,75.5877496919502,129.00914167412918,155.1788866835132,74.77169957613121
105.81093846941666,114.50681563849744,38.729735022199144,160.73991567458904,165.06525211015705,82.8427112782569,109.81146102418836,143.5928294985127,75.67497626526321,135.4615710720592,156.64438119536842,68.59150199554965
99.92155285838771,108.87952101833314,39.789651725378725,161.4041552663567,164.31189042011803,78.94493663756701,121.78746253004616,150.31702902824935,65.05356755252764,145.39619036885335,161.0525282269468,60.29612109658466
108.26718613508558,119.54660739695355,41.09288282680906,159.40536750898627,164.73204017418928,79.17283985870986,121.7644897667471,151.6208728195496,65.9504155973462,156.38175440621998,157.52526232032656,58.14560176456749
100.149160471203,114.72126411308972,42.999671137362576,156.97664948288906,165.8444444308341,81.5536749667688,94.98407441661305,131.38901902948882,83.20948800217563,153.41240846699617,154.67617469114964,60.9851068889924
101.15811846990711,112.93517997377161,46.56926700623803,152.67497791507208,165.33919759953747,82.97171443048086,107.90761753221565,134.78508936883642,88.83287034819053,139.8506810994976,152.63467395434776,56.45927323631015
94.9777541694708,105.08498730581553,43.45490869280961,143.15089740485845,163.0528129292467,77.13108231156374,107.25306770748873,143.44493143902824,109.58775711029959,121.14622639812055,151.09428422515188,61.07057530171583
94.92506175195226,106.53569633840097,42.349119189582765,143.9397618209046,166.1542429276068,78.4717955125995,107.09268348742377,137.864385239562,80.27630747228456,112.99245942239267,154.18158308086487,64.24481581562993
108.5969104185292,126.04712529969107,37.934698103353924,143.90081211274364,168.1854515140934,84.30944006121305,117.54384591773044,141.91273295273507,78.46363387716053,111.51285300023508,155.1265208107212,68.70048357170613
102.3828843231729,119.83086432176428,37.30875998421794,142.24667310716123,164.7850586112269,83.33828633728142,111.99648359447214,143.25735944887433,98.77103378093132,108.86318220882711,155.9937285128938,67.31052961550317
110.33300073036621,128.2959668001769,35.62150272272182,141.69915623041894,165.01521713327915,82.35107372040723,117.73225078641416,144.97603272706334,76.83452463436295,109.85814742702757,156.15316785901265,66.16268077815667
105.5950970744002,122.55454036570475,41.55817501755103,142.12540885524535,165.0386091599909,83.26187677656722,111.77581780287014,137.4140674224664,76.40787208541205,114.46265093824167,156.97105628506452,67.13901258184502
106.3525272376691,123.9448427543521,65.92588770994719,140.73372149271844,164.774554196172,82.72719924216366,109.77841635949791,141.60988832611392,74.59167169737506,106.54740236181432,155.60856590083753,68.61536053005327
109.19285117134449,122.84638732410204,40.19840028223964,140.27835049715316,165.25920636746673,82.25247112786954,106.56291920023064,136.98666431126563,72.53076091778482,102.66960088357328,156.1626910473664,71.25182302972901
107.66354911893751,118.21175838929199,42.750588149906264,139.63622619938636,163.68777392457713,80.55328744813734,112.12392050843756,132.2855995397963,80.15885514223716,101.24967668704764,158.18266370153628,72.47986830767637
104.6197039833081,111.72060549390056,39.499918176853434,138.91072627988632,165.34919779146722,79.80521494728092,109.71073948889081,130.7479647893566,68.70364159445865,100.90577690901715,158.53045172910188,72.3471386233285
107.60706093866766,113.16474534575991,43.503239695595866,140.71399977540702,165.02529301686948,80.5248368204285,120.88271721523418,136.2406164076527,55.540072760217825,101.80768140253076,158.71658797992217,72.8588313584377
100.90199094950218,108.79750395586977,42.6169183096258,138.04160347561262,165.98532932482297,79.59929699990336,115.48895394786801,132.99554885763555,54.64871866358558,103.16605180534138,158.12222062729126,73.00944164263345
109.3791080550477,115.3338269946312,41.88243858425127,139.35597528827503,166.8223542736459,81.23625766017018,114.7207939653098,133.106981926057,54.5986105835499,102.74270794041732,157.26950682989042,73.70860846950714
106.32767878153177,113.7371176910399,42.33051609897306,138.85723253148726,166.88004420447865,81.55305279003753,132.25077141285786,155.7522466848905,51.34211404333366,102.17251393801438,157.00729453629117,75.21302167622034
111.37221565375923,125.36110247400012,37.92959528852794,140.063039802131,170.084033586543,82.38705742735202,152.41896791038954,170.7081320662159,47.72159864434208,102.90682774140532,157.46202159358154,75.00701399337598
111.19876738756936,126.76649395480105,53.529693561367516,143.78772044604798,170.86698557987367,83.3431088237298,147.15633674796243,164.5358196087388,37.34425779529898,107.17892990845452,154.6359214434224,76.1775221220099
102.50583579733626,117.0330225983838,51.29831057443229,147.1912824259861,171.76895811888778,82.24486173999315,145.39353932255443,154.6293142365031,33.36669829587863,116.96606295382718,153.0378930791642,73.93031718434503
110.28534933786308,125.0228824663966,49.936862560785954,149.75261854874287,169.49121009173942,84.46931062054438,134.72359179114875,158.47112233286137,51.71735294605094,124.99132685193273,151.041891927755,70.2097476409244
113.3971007572436,119.66438846476653,42.236187840852985,153.0155601602456,168.44721367417677,86.12311803794306,114.26459421274663,142.71563238802494,57.933061635551226,136.87638891910473,154.4346794453462,67.51141343453305
111.52705897817164,119.18502010090074,37.97561269570591,155.823968138671,169.24189704630356,85.73208898781537,117.75571236730404,158.90531066201615,72.72670744008542,153.80543933975844,160.5038515701766,59.85366623291226
110.48461189756371,126.41306410074183,48.46291741840502,156.92963318256523,168.103998795234,85.76767363506575,123.42604909891958,156.21656585296003,62.847605734389596,166.98480238613476,160.14863219906053,59.64626749181379
109.4022328201856,127.0408432146291,48.75129887638316,161.00318436502923,166.880711321013,84.26124608117537,153.23902710044817,174.14144213270058,58.54834307579286,165.99222628701517,159.1064552221804,58.48566730994989
101.10483231066044,118.45878210515876,48.080678829604004,157.07124480587908,167.85062167482923,81.85870364140774,147.3794038419797,176.32202333653922,55.74385774834096,141.46966534536955,159.9348130814977,57.31672177527689
105.27049660134897,116.23281639936745,44.520589467225705,156.3340432566455,167.48047999469722,84.36288782077754,125.89053261256508,159.43626102666803,65.76552243182702,136.1594472757775,159.81383654506917,60.66154341022834
111.8398000867152,124.43908396572758,47.834894593240044,158.06597836601657,166.5389536525629,84.72888800474364,137.59858128752413,170.60145588596157,68.64537885123187,128.06298748605724,161.93586461184853,70.97442108967215
131.79786495569826,146.75510080990378,44.099571524794904,160.70820877653588,167.3584156564804,85.408553240124,139.8747522839074,160.34387505940018,84.71034369660161,121.18695587834576,164.0968881926591,73.59312066634867
120.04609601660204,136.10318074229565,44.519179003177705,160.19031293844287,167.2590073262146,90.78951730418287,135.2315401439122,157.49200047954827,95.1475184264722,123.00970433692139,170.82984759023267,72.1238986304155
103.40929266634086,109.42125726397701,46.41324813280611,161.58777075833984,171.26093648243807,84.79565859926782,120.36782038840997,152.34864328371097,77.75368981406505,127.24764018926034,158.25721138586633,69.97047367231845
118.80298252499755,122.57409180709524,47.666893952809076,161.1584529637237,164.2057214939806,91.95763587042653,115.32258809447698,147.91526379223993,88.00285388826435,129.1784701180362,157.72740402165408,83.06249709560333
114.35947331888234,113.76437140069127,44.158749992350415,162.61486874866821,164.91525940572828,90.42135808986662,116.31964801683763,150.69770963708163,93.43208501754039,135.38040755140867,158.8843549104463,84.10730919643004
116.81070353880106,117.72836172701028,37.8363674128919,165.92036458165921,166.0367707491474,91.64886620726116,120.7034804922512,140.9983149159133,85.39937617451753,149.20643231490078,153.52541519180184,88.90543903161746
117.06084686830044,122.47884018557932,36.08542429169265,163.82928740686435,168.83116559850797,84.85588671834938,129.7613691078224,150.64911639346886,77.03492149827171,160.97971988957647,164.20045776161479,82.45398134704833
111.91999965736329,121.34144228473454,31.264396653108843,159.12731691645268,160.06486794378392,79.25929212862215,123.34709922440932,145.17041675957392,77.11585592214601,157.51389336087578,163.11168692071195,80.11176013396411
125.57001080092279,132.21137625826904,34.53306479140116,147.8670313783384,151.56459940800647,80.2982740684058,140.23780152455413,151.64819221489844,51.947875693693554,163.48731481286876,161.87215762783535,92.00715215391234
137.68430066604265,148.86745876517904,29.944861387696097,133.07874581726298,152.55663196747253,87.16625826561105,132.13021539975875,157.37203540279563,66.6872015928034,165.4754180235589,150.43606847047332,87.96334273394287
137.04438104821574,147.89083982510442,28.14497019058847,125.99250059791981,163.4597860219227,92.12640413149225,128.11018250800973,163.98643406832394,84.26474330079301,168.70595028846725,158.11569818137178,87.82710188197656
128.5582922924771,141.19197204189507,25.23666580913085,128.08271824745614,143.2348563662097,70.18783635832479,124.30164905897205,163.58476279707273,90.4278635881339,166.28168202415262,158.04241639711054,78.43179877832871
131.49289233796227,143.48674651273558,26.273862371760742,121.9762712411822,163.81030517315511,65.88464520882304,116.51441754824305,153.57276161362816,93.12834865313947,164.02108763147515,166.12155308509335,77.30436581755934
126.79584121572533,136.54012108034627,28.98922242556134,120.60620040042444,165.68226007808866,60.843608055148756,116.463618113792,160.99410683187676,94.37067203513696,165.47427023060587,141.15587715524208,63.51938392196629
119.12138564047862,123.4752309218368,29.695413617433164,140.71937099116147,167.9386306705375,82.3656261864839,113.76447135522594,153.44515654613062,92.87431733416543,162.90142438299196,173.56694891182423,78.43611086568409
115.90828574200374,126.90206583817732,30.97948854285062,145.04783851955264,128.7728893205848,39.425115212955625,112.80810090745675,154.22261423276228,93.3824177911739,170.2998865899421,173.55312141848017,80.43978268159779
109.42941489941262,122.0619286347788,37.779254131555355,161.43038255877892,172.98600099989758,80.47687822923434,109.62604056673605,140.2501164546945,91.91650788793622,146.59681660188122,158.70576343316856,75.04140691582425
121.73916204029614,126.12181000994542,30.866476480564064,165.56047029154857,158.83472001290076,56.365825707482394,113.8457599658498,143.59046087305458,86.82520136091875,166.45604618417102,175.25513886724266,54.502113040940486
132.34557379763393,133.5462194842266,32.99776459458853,166.7467934958037,156.98686438444412,46.23853812816,124.21382252370795,146.06354211941817,71.4007555777599,169.18872341175702,173.1288617077097,60.331549903519345
95.1936826327996,83.85559175104875,40.94815006098269,165.53295570150178,160.87332189786832,45.067844801256925,105.64037530866915,117.788374627396,53.10880757474761,171.96605151997633,171.39903677811316,61.046358204062464
97.67359990058986,82.16731071220705,28.66669090101228,158.29171313290428,154.87149869851103,47.04901612180778,111.69585500152745,155.40760955442823,112.92947011124416,175.2870899605347,167.67217634773155,63.79534374165025
100.75466290320628,89.66575729296396,40.01281198317769,148.63895235307135,155.38183900909985,51.549206673945775,104.95792281731303,147.27503981376853,95.787605229034,174.94361956382056,170.60911516308045,67.64227421064129
104.49973524237369,98.37236935809521,33.72445379179529,140.86556263035152,157.90235657309373,49.773423114120156,119.02714298936,145.68829247116966,56.12330509003232,159.55754703953644,171.5440745820824,75.37005736801716
100.85233162477137,101.0441364066671,41.547135418313786,134.99034852892046,156.57503396842066,51.519185812397424,139.51284708303737,148.57888611263314,45.89710345255238,160.52889381089673,169.06103272470332,78.75860737877125
128.07159304218536,130.98056951876615,34.69376837795447,125.95654018950809,157.6980814328466,54.89381322979055,133.9418684576311,160.32005207925997,38.563273373611665,157.59407140448957,167.04471966049954,85.29401603216137
102.73534546721429,119.55209302041077,73.84731245084181,118.40685408526667,160.5422456474157,62.19626280161787,118.82982198247558,140.77714309506058,115.37930814547126,156.07329593462723,172.6878713184711,83.49033798562456
123.64744553321128,138.82239898321265,22.711014588506078,105.13817546750604,160.06094485390759,59.10913740802651,135.31617272969956,110.63893718045459,53.34706332769426,156.49940961561262,160.17983569587378,77.59982902491382
158.77305197822935,170.29268866066383,27.808081636369067,96.99119711594714,155.61615486533196,62.087000265896386,158.75993330987777,164.43997268112113,31.271998428046263,155.41754942174782,157.87357082721016,75.46422987917391
148.5595022695152,154.72292826955712,19.23725013121952,93.6854236582389,157.63861189215987,62.420322922859704,135.71059150642714,157.62362737581714,38.15195557196269,152.71861133699804,160.64492998421045,77.79119318046871
88.3482535317086,111.57498818707829,32.78585367383074,91.81058807668721,160.91590394301966,64.76717668681874,146.02440173296475,155.47872616665262,30.717443241512598,145.693735138502,158.86723094374616,79.6667400316561
152.7491529530914,148.40432935056583,16.909869358076673,87.75959898983453,160.74084733490608,67.32237284334423,152.6116647409694,165.6463816696774,22.573179907744567,147.4639519857981,158.185744061567,75.87032093333725
162.3444508256808,176.65960750845565,15.508083736046187,85.92136195626222,160.6277575330391,65.48906045604363,162.19407271031116,175.70095533616532,37.425738841168,150.10093056034242,162.37354707879544,75.69893751291606
160.69025236796895,167.90099634339956,13.759622760454405,85.17303742006074,161.3006500489751,64.32703378795553,164.52774553698487,172.958183130125,24.032168266978438,147.88750214390382,160.3990586137568,78.77872174132303
160.25776374339134,172.90848869625722,9.637712646376393,86.1839985426242,160.0310717180559,64.85939003522158,166.94920734715058,175.52305245425396,20.574021773078734,151.80412497973236,161.5318703942187,78.83258453599854
167.1866213203605,162.95182542400286,19.466662693806583,91.97951442362368,161.76090882241132,67.3255531878239,170.47179273095514,177.50173997433023,37.36986499076341,153.19561909174703,160.35651907691286,76.34508428042507
129.06468264021225,149.03105761651733,32.61628767286704,99.2345592315352,160.54670275168237,68.75355298777738,150.94792475945295,162.53209065622474,39.12085781735988,160.84671330481044,156.37126896231973,81.95416331547382
150.07016228887585,174.26402785245253,31.75620611098865,110.73787538251176,160.7871451665354,67.2715763807062,162.62335729951837,167.27955985033398,23.31253686482641,164.09407344933382,148.90656541729302,82.53760134603925
139.97504423704916,161.44234840115257,27.869070157945572,118.88345883285498,156.23427609089228,70.14606553009247,175.5572018237173,168.45763186265665,24.239615495850867,166.03201170894653,144.86173846725364,84.0250741023469
154.59996877646483,154.46684763439248,35.955691602336834,128.38926505062037,157.61156594359136,68.36210053605726,173.61935527698753,174.34200993342517,16.360120918696538,166.06875825684315,154.50558229552934,96.98428704077796
161.62823854534398,164.8551879088554,29.51189187001474,136.0297753170371,161.11632710858845,67.08212041853626,163.81746358983904,163.56520214280494,54.62546365786572,164.63585169946543,144.65543170426568,92.18681719290969
163.13140657435613,173.37887186507882,23.295595374390793,143.50976979351313,160.04633392121895,66.53198793025886,160.11087607455607,167.24206324161915,25.182327356397472,157.36533308749904,141.60175793420197,88.76277826212285
164.79826330355178,170.29401239997105,14.867820874955125,151.49125182326762,155.8425459488719,65.35974927481031,162.85795917092895,169.0411168279699,16.592600707029906,151.8982438458174,138.9649882394573,85.95170066485892
127.24285625273043,131.2552946248294,40.13478967647438,154.0312384296427,158.8082148942803,86.61824858680949,114.00099102669218,147.80311640911742,89.37487694044772,163.34948655869212,157.4660118551112,73.86275098509827
134.15495855140077,140.74924307380115,40.4515527307001,151.67806216411552,155.3930944666726,88.7598649353032,122.24339788508415,146.13315689845524,82.04061696654131,150.5301509060891,159.56553165060853,76.75850459681926
125.98443905817969,136.74629228634922,38.19972939865888,146.30444101645898,145.84201302230403,88.11950657232101,119.75392277041222,146.72700559472582,91.08599192478259,141.8031954075984,161.28153810862457,76.61616512580007
123.98154503306324,132.72492326998537,49.18753077381858,141.40488670330353,133.92520414938343,79.13643129184236,126.54731080443871,154.42058462871228,85.33946804713557,135.30945970815807,162.98577487946196,75.37821098806015
128.7084421469731,140.5871269574739,48.13448264468172,138.62118847820594,132.13188278423047,75.00364683322967,122.53147935119475,147.10741153943115,86.9001247407696,129.62307752031896,163.64650809100354,74.41257497267176
128.28362184107635,140.93503604889074,48.72512045733608,136.50246496879333,139.11476264126728,74.98803794181612,118.4214294163939,144.58521905878612,91.68326969837662,123.70058710222882,163.49771283969986,72.54950278487044
124.98863796515587,138.42392553093848,43.231918941749115,132.7375787216394,155.30403678425458,80.61895141876747,113.67843129314174,139.7888596962032,95.53142520356705,118.81964184693582,166.8071779866408,68.63995109663114
120.02517839687458,129.76904721563125,52.74773998318279,129.22379719334148,159.63636733685297,79.43360709128007,115.26846212707497,140.9180481626383,86.75032071493041,111.11368884683475,162.6519862477404,66.5696801051026
121.80480516319838,131.80839961688707,47.701628842639984,121.37250203156958,165.09545185748652,74.38159492916425,118.24741613419397,141.01223541465313,78.31700521645554,107.91452456330417,162.76519142929314,66.3674713560131
115.70915286828833,119.11211474348579,50.771777924792865,112.45988706714255,163.51517298854293,69.73567802899126,119.99377981975857,139.8015431450789,98.0176023677113,109.33271078553125,161.34177523493335,64.10381785422172
120.76485117629855,117.47276382462903,49.08873118750436,103.17801290482578,163.87601544192336,66.9801820838707,123.94041019366374,145.66079188256532,93.0655320262154,107.48340726979843,161.5049609424661,64.04984176309966
124.96791240535289,128.7040726858059,43.72761255482748,100.01927915947641,170.625776373179,60.66858617615881,126.56872322007159,144.4368474623398,76.8616714970499,104.9379378620569,163.00328852630574,64.57628696611809
125.95742777882691,126.23705049486658,43.83476177232594,93.50513291118295,162.26053518552476,51.58736917467927,122.22389653376824,135.17300779452432,95.3557341854141,100.28379502845043,164.02369534243797,65.40221954156696
123.71596683483097,122.32080448040642,45.21401466616663,88.23695842074933,164.3512004830566,46.60025569982272,120.01495211067257,138.08367020579885,93.67939316011469,97.04158918326002,165.0989481912608,67.54810195422655
123.12720349396679,121.89482855739669,49.92762790511231,82.47366031811272,161.6313747562063,40.139245582342355,120.7140452893625,139.05773310274287,83.06842893142789,92.26329944913496,166.22815986774765,68.46900926611703
123.12062866017503,121.11643613864736,55.174185634650655,81.04352280756687,160.19405304397236,40.28121282568281,120.139835181228,137.3147252611639,81.82171167574668,92.3443875349488,165.69131544864985,69.79115308631627
120.09438967757548,117.26170087288554,64.20250640455089,81.76575100505052,160.8573719786899,40.389678769597296,115.6710365458677,134.06180195865812,82.48900979621256,94.59828405098524,165.07423163705815,69.89725034280532
121.89190893680242,117.99644823405004,53.903902620398696,85.02824373885515,158.73903714885734,40.18638508134695,115.92553529971569,134.0945197964258,85.92126103660169,94.84821903622313,165.9241838753023,69.42084676303624
132.21951741353615,139.45104186266494,40.66829966222921,91.67431550858154,156.80999367836367,44.75434028191978,133.85570099894207,148.4841870667826,62.34391653807331,98.97725638540453,165.03682159892844,69.371499400053
126.49772351381911,131.85930492890094,38.14025875214756,93.20445208626161,156.67306165495503,47.09882445504293,147.44002344262256,157.99633506189392,20.336577708158586,101.66922123854017,163.03211959581446,69.05982329843634
128.15672764331939,134.38644312769816,51.058573380543976,96.66589595891124,156.52528656148542,50.219974704711056,141.92971865558124,152.14789666123593,41.76257911528851,103.10713190466848,163.8050373786228,68.76596118800657
126.72047342258027,132.03557362597735,45.36917581100206,101.72177975189281,150.86553925988844,48.167703931018416,133.02839256711616,145.0052178576076,58.31681096331232,110.45186077065031,160.58747532160106,69.54629317942074
127.93564760467076,130.7661654241112,31.333882939558084,106.09221177520962,152.08853371616135,50.216493315600516,155.5605880411953,147.80418997401244,32.53632444951597,117.32800519316022,160.8715920607156,70.38808534264501
122.43848603056199,127.59744193423846,46.71679761175003,113.33600637581704,155.4526825862875,58.46346925558897,153.17846974459493,134.81328511244985,21.72141432777605,123.45833021172498,160.64435435520085,71.98732623890261
117.13643708544005,113.5438936605047,46.867272618119,122.23539352587002,159.55493007363202,66.37126119745201,144.87916353677622,134.08311171696238,38.37873538133357,130.85327960373516,159.92530464653314,72.82904268746606
129.88169037316774,124.10761521252692,45.11411697587038,128.40658667621156,169.50674681135428,75.58978758222305,133.40888703790745,149.74942271327672,69.64545769261979,135.98275824261196,159.18199934561162,73.41435026743801
130.26190429148667,117.67847561467016,44.674830918565384,155.0002315028904,157.81577298559424,71.03955579250153,126.06947309737924,144.72428582157497,95.49303054639284,143.05536292334685,171.29462161613833,70.74626743228019
134.1273814570656,120.6742439637413,30.806501280022285,155.3097303524514,147.86239095225838,59.6188930130719,126.48587888046505,137.596819363764,85.00297531324495,148.05590413392216,167.77319151320623,75.12125996545066
139.17240099200453,134.73450375293666,21.171422952495774,156.67891814973308,167.90675771868223,65.17801951887651,134.0783862158455,133.68132884554046,70.83686311639617,144.3687159287802,165.03248426132467,77.00577606509778
131.0301340819107,121.19082339352659,28.414724754725952,152.66294003014818,167.08175787699372,69.67035872326208,131.13169954496576,147.39464915206352,82.07259226899961,143.78847608080167,162.17479979850773,65.27587286677206
128.0323280267877,115.54128093357058,33.36386404015272,154.0209768660482,160.82633858313955,69.2795639132872,131.2752691202119,151.3214580416109,90.09487494248202,138.34072802715806,152.57779740254472,66.66991910512115
132.7527501473933,121.83189882560877,36.326499585544916,154.20529845240068,162.5553117155991,73.27892242771061,129.79056947576626,152.52507264696095,92.01286917510906,133.7740625473585,155.42988441231867,70.9918101862388
137.84812232910622,129.36821420026382,28.01331694450563,152.49211323251245,160.16184393356946,81.50414492606426,124.22322632862411,156.24081432821973,89.49950945038623,135.69050387905133,158.0286185717922,77.09067454914381
125.13840661497906,113.01490777450401,29.438624598721685,149.20264839960907,167.90802156252212,78.3732477423002,126.25806854663807,153.50090435475678,92.79327351109289,142.22319878357956,163.6047784120212,86.40901128298516
123.15843588095883,107.46655748961216,21.89311781536103,150.82008460062588,165.52439819652537,78.2152711821855,123.027837707698,145.6558450928453,88.66864159036973,153.50480494129647,162.9594546194958,88.11459359009292
124.59857554093746,115.7635829113623,25.130370067581733,155.48656668994303,162.79047827542752,80.08730914730003,125.78443816422747,145.35198714853829,90.35184095479755,152.93925588262545,157.0676065847652,82.57306150908882
124.92127196228428,111.82903128216,26.257229398257277,159.65501535339519,159.12068342312068,78.49093413240547,127.59469246842609,144.32003600929522,89.00320865857677,156.82453392626599,154.83028492981188,91.45002168963967
129.39342674256207,115.74285635418478,22.321793133997005,161.9126162697978,161.69778007707333,81.81284820603807,130.20914645049592,146.22295260467263,91.3242952427679,161.73274515965397,159.84822645303962,93.32849061388023
129.5623731846423,107.10692179206426,23.22893568233985,164.54927356720196,162.87829088202233,80.62364812948958,132.73644622864742,143.47220484692804,80.71867455558613,163.24911914430695,161.47593654388487,85.21280142494686
132.10581240750585,105.94664416010465,27.898041514666012,164.59315594188848,161.003958788672,79.13729612075375,127.69959332787508,146.54444782414512,88.55653463609231,163.88942002009887,163.01506414383906,79.09258541679719
130.06410973878775,102.23851627529318,27.347808812840537,163.85186855436896,162.03952045749168,79.40725473899616,126.8320589668646,150.34134041092585,88.6147580448368,164.71152038896844,166.15582907833846,77.56753368055637
135.85688168915337,116.39273102523518,50.22314345682194,161.52327329949787,161.07448566510783,79.38766325444713,127.20403638528059,155.93896122225308,94.65495395628956,167.42217489684919,168.5385939874414,80.78962449979763
141.41231312112907,127.67477627524653,35.51967226689429,153.9234790580975,158.93228575143704,75.90638240452476,127.82218393249777,162.87669932274522,101.29656436676589,170.38120172767358,173.44818684494734,84.17813878003449
132.7902512711318,110.60776743001477,41.80516753858831,144.5491406058844,157.65883937762095,76.16141825188288,123.63254349531144,167.70046388081957,112.0765489596671,174.55302829251562,176.1481471120079,80.25769291037044
128.41470887082366,105.21092234571755,35.825442896375215,141.70441522942235,163.57978060267558,80.82943006524036,131.15688561919768,165.24526305103612,109.49847022550438,174.40328730144657,173.55785311916702,79.02154825276439
132.38399015447146,111.77599516198647,44.8529853613025,144.3325178601843,163.4910588918657,77.20540268131067,130.78689983006413,158.94492218014807,104.84788922810145,173.82645787338143,171.08374601627975,74.83488778553782
136.2754095610946,119.28175617878823,41.62873489576698,147.5150796352792,161.25274212422406,74.15854901061947,126.52797456312544,151.77519302059574,104.274069522272,172.07161339103465,171.0438407116723,74.85439497611415
130.0272807061016,116.08295547675561,37.81132747361879,152.84820448041413,165.03126772184987,69.02097752497575,120.75044876424623,159.83346567487712,116.27182383067789,170.60895223671332,170.62213130272363,75.1249357108804
130.23127601486107,117.75954808558897,38.23281898400549,157.82742872291823,164.14313025059047,62.11984403851026,119.58001603790804,159.10384150564258,116.32647658695282,170.52632723863766,169.7247836240541,74.31788992426237
127.15465577695879,117.77012627708258,35.152064206294476,162.21312938407078,164.34602346884552,59.34520618817959,121.12838813818557,151.28888060041382,110.68649266031323,168.5071618611518,171.2705842270495,73.67097979507354
122.4405661881053,118.67985145613967,40.099725184711346,163.37431122167456,163.6206514412319,58.142771665598445,120.06098939077329,148.8973451685736,106.25938196924594,164.71683843214254,171.19823759283548,71.53433054793254
121.72852095393199,121.24274901207684,35.40236417455716,158.56374257455894,163.4883896867255,58.58442131638263,121.4431555816484,147.84071329608113,100.51921402854256,160.34740154097068,171.2694409499474,69.02964422054707
122.3878030983047,126.57578663872565,56.07576602703334,155.55203507539602,160.42535643319167,57.11150028245108,126.34301913154569,153.82315304818604,101.69773935105617,155.8613919765291,171.39001316814944,68.28686272524301
123.67454198714914,124.79378579856673,51.574726041018025,145.91784150517415,160.2475951875277,62.77436879204269,120.75784044251047,149.0197437198741,104.08286276662338,150.98582575508073,168.46837857041288,67.30949593852264
125.47939333553755,130.3278956496414,50.993332894032335,134.77622289091084,161.58601591058095,65.37792411005552,118.50196264235345,147.93830211296282,101.77425780104824,140.15166912493316,170.98974586831804,66.47229221890392
124.21799678442862,128.93837179233378,40.41730063095591,127.31775859897876,161.32420089763184,68.81324898201174,116.12332762361287,145.9008729800371,101.02208759675936,131.18412005031595,165.12863741775237,65.42229559957782
122.9995212744031,128.59171926989166,36.72307721497719,122.2969878496942,161.62189915904935,66.81337345792016,115.38431741711702,152.33793798967957,100.25540099405369,121.1762081573908,166.38228871922544,68.0166704625272
128.974975922022,135.97877735733942,36.744609183617676,116.78147261169876,165.5032842268745,66.55852093821461,113.60420378918515,142.77931478832627,87.65116845281193,111.63117107475489,166.4669963177975,64.68839600010867
136.46424359558083,145.3292528549836,41.03435594960556,111.89245710498157,167.10419099728836,64.85247159146266,116.54584944368084,138.72825587305934,81.90283935828488,103.64732786297866,149.54502540074643,52.21925223214316
140.6080447259297,144.85688759610025,42.848337781082364,106.84207817275913,160.99165493831825,63.44243149740262,123.51764050523964,146.23825219624442,82.71845186371016,93.40386508379702,148.40491582944512,43.01861573210524
143.70579091396715,151.5518538776001,49.57965849091455,97.13158535221653,158.39389993655908,66.97528789373091,128.8898016112083,148.48772451791422,75.38879303808079,86.42729391716678,157.12052260715785,43.22557181520903
140.81091635789124,144.8112789060436,49.30094925048413,92.19342503163959,160.08511085661453,70.45894209221467,132.13806396929044,150.23015191878784,72.98946402976117,78.8788714063998,158.23859447121814,40.87181828848564
129.0238206191647,125.75968205168864,56.07125968001324,87.73679844224321,161.48847697205233,71.40209795367701,120.82476228200413,150.4132044090817,77.38362553444799,75.31106960655295,158.91958880211973,40.33508032899349
124.07109145481665,119.9570040145541,44.835825710384235,85.15162181669398,161.1984561131264,69.31180194484541,119.07772462710325,152.77048866648468,87.6794353270217,71.66520475295007,162.04523277636756,40.60466337240159
124.97861702084397,124.19841861497271,42.2910189023691,83.45293927066238,163.14063767092998,64.83078469887815,129.460681714475,155.7935410314279,79.19153969183522,72.49168252144923,159.02098812493585,40.01990249926401
124.38763175718942,122.57457351417438,43.36958759379241,84.18342743606215,162.55315866812168,67.58372224267441,132.22591392390842,155.68669707972245,77.50371943287335,72.9733094524025,158.27160510298432,38.87558673599663
136.00194084400863,144.74348518771438,46.58997426198522,87.27417527726108,162.84013165699494,68.98726174029105,136.62837854747133,159.0299275375302,75.71792330699988,76.0685956089225,154.67583823346237,37.62622300054241
142.18831887871877,150.34236128043753,37.26467476184183,91.07245068425196,162.3595378812064,68.90694921148675,132.6176512603889,151.70307195427026,74.68607143626039,78.91209664162565,153.1409640536606,37.327968239332044
132.73515056419214,138.63258418103626,39.041648073585534,91.81100295544168,161.70969337807392,67.92435523974595,133.43349776222573,158.06976449868023,77.71685899996557,82.14008620528176,152.45071803666607,36.89605063601771
138.38816669719714,137.74002059876113,36.77392337657013,98.39300189259079,161.57954370575925,65.7365861299454,119.91892135147873,150.2732311872708,80.08008693218693,92.98004637218163,147.59282193889547,39.55351806401295
123.97782161689989,126.43689907384335,50.24085691384255,108.24025939486697,159.80349614081018,67.6830306599419,110.11560134594593,146.94908160297248,85.21347293333466,102.87151127923484,144.51599594529367,44.60135010228561
124.7321761063716,130.22923971470016,42.14744902290968,120.10326683699238,158.5950220353446,65.01825440680423,110.90390692553044,148.33758587523994,93.75944066307324,111.19771973730174,154.46665352347873,56.58402613509891
120.7630095182472,117.81719557088854,35.13054023184431,128.81261044216026,157.06134076938463,66.41294959897634,115.43400219471121,150.68918161929372,104.18886908503718,120.41697582930522,163.41268275697036,69.08934223707953
122.85715321655421,119.11937105524827,40.47803135967139,139.69780465573336,155.22281069142136,67.8334173895403,110.61272451004183,139.80846317973928,91.35945339342894,131.67744902137724,174.90246807361467,80.8272761790903
122.19443347018662,110.65792297129009,42.336305598476045,149.25951383646367,154.59319925254047,68.77462829266392,116.89785125044043,146.561641924133,99.37598195993199,144.21681142664943,172.2905328961782,80.52454841817737
117.65929861986773,110.86164403575027,46.01788119594599,156.92376193253196,155.93738364196068,72.26091558108274,115.74100893785743,144.9028916376816,103.97053755271452,154.52786581990367,171.68695655847154,76.15821004333037
119.9354979475583,117.4144215055881,41.721036403513565,161.07019667313764,158.8161848932879,73.75602202250569,111.30285690099203,134.25827560187057,98.61126329805451,159.89311401203275,167.2229726015874,76.60130146946175
122.6197676889897,124.49699979483319,44.54975433428528,158.4375965889356,162.72687592248354,71.22964959761407,107.2172570182461,138.58064489513262,98.0073206502116,164.4470643509522,169.07173599789377,80.38204660712742
123.70604332320869,125.26165114380095,46.220441888869296,155.24682532241906,167.55766654573625,71.42902753280877,107.90224816132331,140.5683872649245,98.93602464047362,167.33047120753258,170.27175217615647,82.06874245877279
131.8721856033656,138.9876972147374,39.76534777566218,149.92246422631428,165.46054725270537,77.43562350770611,111.31911374993456,155.38513731526976,110.37393965922014,169.01096034702257,166.2928510514788,83.6137600344362
135.33191946829655,144.28407099491344,38.474149947370776,145.51346186671685,163.17009687152662,80.76971903601213,107.47409575167819,150.19819043783428,91.46251966480567,169.5465863769673,167.5271725605901,86.3816397582978
138.35994166380155,150.44198172327083,36.009013256404714,142.42410346650018,162.64333639515758,82.14249627290839,105.97602064357285,159.65420194446418,117.27206865752828,168.78626285415567,166.93889534526429,87.53580635385832
133.60792449102468,147.7014973044722,41.82107309455628,147.83108663819658,169.04249002922302,91.66639358649168,106.7978562189162,152.92976744941893,95.58974634332849,170.26806014128766,165.24197517921223,88.25319957918
129.51265001862728,144.29530479540665,41.63011514099248,153.4993613233221,166.88325070006798,91.17094555804293,114.4794200942073,148.18402495523986,94.25366942115855,170.43393447764547,163.94140225948615,84.90158528875618
122.50455840809725,136.66946757290086,44.85912855529374,157.5591912718028,164.94676487732002,83.44767478066939,109.90878545060998,147.41500186435744,99.55543726895385,169.1976405286684,166.49465550541623,81.98502790126685
120.18941562831553,134.83482796648386,46.8935605866249,160.65086132861688,160.29985536668963,80.15312882921225,109.48871817183513,153.05802339666926,109.37789375375301,168.0602973457611,166.0169521163766,80.98083613871506
119.91724887219296,136.99962086970302,55.640407715730994,160.76431479022696,160.39138521485265,82.782369185331,111.65394278785276,155.27929002800494,115.47124408665587,164.26433081100419,165.4466939148482,81.19808446337144
125.43218706416172,144.1611988741405,65.02992108372692,162.11263584502476,159.53974766535083,89.82692744750321,113.54619050537647,160.0409214896155,119.47854533988914,148.31927343879158,162.51412021216294,84.51303414044006
132.9067682913488,151.7115520450522,78.56187271172382,161.6579330669752,161.52128629546866,94.12907455858654,116.84932565108525,166.03791636833287,127.28381222527103,136.18488769533775,161.66226757888415,89.19267283572555
135.0378436448574,154.30749656615907,79.48291884331526,159.40394535530942,164.14318602908241,93.83713905587122,116.35066342474914,164.31670080733366,123.52404069540196,122.5524545676771,155.52450903852943,87.76729497496989
134.8531633350893,153.88189723019372,74.55026621952214,158.05814591233872,162.73721753388926,92.12190522330926,111.74031301402694,161.7689375874718,114.71779419058812,112.97696017846938,167.0275144311563,82.43473598721343
132.0341646157566,151.09758638539594,71.30583630554048,156.7540742009863,162.29255305442888,91.26837890341106,101.47840538281058,155.362753272397,91.97679648967976,119.07114391588523,156.36468627277077,81.20495370252048
120.33422060833766,134.59373101962703,62.62259284225801,156.25344067050656,162.69763847710837,89.3016270030002,104.19875601212506,156.14714958317964,89.50842519319286,127.23509545791687,156.16360183107918,84.90326485567974
119.18332708680204,130.64511514643837,53.7266504455849,157.04895959279688,163.03679855156818,87.17034777408321,104.694208574084,149.58795652316158,98.88775716738589,134.46453319984911,157.25842251976533,79.64995899571335
111.70629167800887,121.31555483466506,46.47834742806911,160.69043645756386,162.81121239894622,84.5400583757648,114.75618833317962,139.92435413339473,82.7333831156281,161.31788663784388,160.85720224648577,68.40444694275371
111.2649896435316,121.66886408559988,38.36004735385638,164.41148715468486,163.12407165200167,81.58427562075231,121.5771143807647,140.30111694421709,75.02534438601613,166.9841336948477,162.1043351968445,62.86883135474367
112.06823361505221,123.63772962327215,42.025728733064255,161.00900300773108,166.48952924299172,78.22401485378954,120.31855896361657,140.71393924182323,72.35846833328233,166.33484102929916,160.56224594163544,63.333610148746885
113.23640659002737,124.57277723758655,48.224865950997355,152.96177635961408,165.86154894237598,78.92259936676253,111.6900485755382,147.39351664710685,107.02606579966589,150.8388332932929,156.11875168126014,66.93513851766944
111.40330206121868,122.0515062845004,51.682856619426786,145.8395365961322,164.48903829824513,81.41764262436952,114.54321019554773,141.23852480532946,90.37340936129293,137.521112747509,158.2516172120942,65.86093115639558
109.43115387475842,120.70154689644863,47.284142050818815,137.24696741105348,167.6936683291869,75.78736556260283,113.3057029667305,139.41789831585012,91.39072688373041,128.3340839765355,159.30388158616933,67.260534388669
113.51522140503342,122.94230180350671,41.55710761115822,128.16235961034107,164.7225248320535,70.61717965364663,107.82627697833048,135.5570387905214,89.29171411339462,123.19932989334524,158.31637261251774,65.23023322691228
115.67067370069375,123.07620284116962,39.64593842547606,116.24018046969306,161.74023564067718,66.4038670032384,111.010618256143,139.25882301168198,89.37551585212842,116.64300177751092,161.69596538657413,67.1481078770487
112.88826468049469,118.68624622384893,45.513421970503764,107.33269842433576,163.0290984603726,62.803337983434936,109.92242459010002,137.73388039922105,83.09073504676998,113.10626607426322,162.42731172922575,68.78915072248536
110.62091611864108,112.88143641855052,42.17875390619996,96.92279162729362,156.39731448476346,54.84580574671721,113.22819493480414,137.70108737256442,81.83159153184138,110.06143698623225,163.13688071417405,66.04879166584547
111.07694463837892,112.26395235567263,46.33597623224632,85.5391265510378,148.54866664579367,43.85515827528752,116.156787627969,135.32743492275455,87.05016603206789,103.44973483139502,174.3367861896394,98.94090658626303
113.09728102474409,111.3007585524671,44.54925720521084,80.37587184886758,145.93730539251968,37.80879084930473,118.5389088329176,136.26787120183934,89.23645730038129,97.38314236393391,170.17055047920488,124.89832933080883
121.60459434073418,119.45690504495977,43.58611646112427,75.86454475651857,156.08081709351512,38.18000435761318,123.15190391669056,138.5441204966173,85.49085497172919,98.90482971859387,162.3155539941235,80.08843634218567
115.23285051851843,114.12571850854279,44.24682261191271,73.32427403082696,157.7645371078266,41.89680306502111,128.18331491949235,140.9578765755787,84.88700463115516,94.25654176663406,161.96902795218577,75.87413493297296
120.9015560971415,103.8081146473734,51.41384016280143,70.63899335881183,152.15026555919175,41.196171023938916,130.12747988981863,144.0369379788802,89.67761382510753,93.99658242829227,162.60149871523117,75.36957100601904
119.87931571958767,103.08552510400632,43.89592119156251,69.32847550181042,153.57998049326392,44.70338291408178,130.1004957735096,143.47618863335393,83.37796604136585,103.52417292210146,158.86849990587683,73.89212833544069
119.95382846883678,101.48858447160922,59.849480887185265,77.11090529292117,153.9987549856406,41.98148109667578,130.07318025402898,141.15257468568288,88.05034592807479,102.60839053519106,162.63205266030002,74.91500243741528
114.99179878059947,107.15182185152449,51.34670633302906,83.18841986156822,154.05219462714146,43.8417400392417,131.99521149087022,147.494086412584,80.73437862627607,104.3562079842141,162.25799476165068,74.49513113843327
117.76826285110835,111.30128073978022,51.205731932848536,87.62361654900104,154.89156422105464,46.27044499147775,138.86432262182123,149.77479494678653,72.6462418024977,104.40423885780169,162.56870197718837,74.14835741452514
120.68856009274378,121.2396864457365,65.70877923309864,99.60258371861038,145.19710646385943,46.75593458233505,140.91735187878464,151.73115891439764,72.27036456400081,112.9520163847982,163.1856531795313,72.85601617513846
120.75419166340144,124.42963070688111,52.16395475348931,109.95540511907414,138.6524403137667,46.919666032051296,143.8665267782294,152.683791163761,65.54237828080224,118.65620700349228,161.55627137575354,72.90157542927831
125.22989810901827,125.72774350715993,40.68207285153709,116.7763706358174,140.13749799607157,49.547647670476856,142.80577639557816,148.16915917718472,66.080271753506,128.03941976197206,161.79030910606423,71.5591510358859
126.04304729782807,121.93538516672879,33.740403967241605,127.76786109656004,144.1154470246218,57.68016271308067,147.551817866887,152.8425256657332,56.80860437048246,133.20787984518552,163.98224749110565,73.74178755639707
109.57046664854737,104.19118284361976,59.25749887628384,135.20423185842733,164.66815992992503,77.76595476494563,133.08325238179526,150.96395306039025,80.09567279113023,145.6560075721598,160.6112627327445,71.78216090681286
115.61921473338685,101.54569709795813,82.27340154891449,146.74071390002075,153.67476735024925,58.06186030009395,132.3251158885107,144.4515403743442,78.15004172703601,165.57376473956472,151.60165428545952,72.47189659270289
116.23116391208279,104.18596529077442,17.791949411877237,146.98646177364418,166.63403162137337,61.35118564974112,137.38214203123016,140.74122411610506,70.88539852216073,162.62474604478368,159.4714780056469,59.6364070035241
130.82816335136079,105.86113940164118,15.423842151455096,148.38245647661014,167.93663659955965,69.54154247992123,139.5436505870571,148.13722071409052,86.71322936642784,162.55803014659105,162.10932738273218,57.50446334156589
128.97434737322104,108.56025612735574,7.099495328585541,154.36448437803887,164.17395674306087,66.61613940481394,136.88950143326718,140.03918781858707,78.04100270240052,164.78086881647837,162.82299589340303,52.55136207350561
122.73617225860367,103.07417276904872,15.47785955725448,156.96741446633072,157.42069473507055,77.36362641749386,140.16538059708512,146.56959972055665,77.61063064690545,162.16322498308014,158.8279897638375,50.66387278462678
125.75889765289374,101.91742718864006,9.261009405653034,158.14164728236443,154.28465396581316,83.8656061873402,138.24213248070413,149.34296014138087,79.06696037451796,154.37449321982248,162.1087432768261,57.35139007314756
124.5632163484312,95.92619587363085,26.93927132245364,159.02173692625823,159.19860630200438,83.36830919228144,134.91789294756794,143.4535957806447,77.85043516394049,147.25379933573726,161.9647884013608,62.78366487351059
120.88860572517177,93.9111988701507,18.096222411967684,159.90218207998436,159.28505259545918,76.82883875365653,134.0823175569528,152.9810172223514,72.84987110565524,153.47401182246892,167.01539225212068,73.94270216366802
124.1555154246707,107.31774884010497,22.5056831268443,162.27298798628456,157.0066789781594,73.71771779388781,136.12197179754276,153.33898518457605,57.099189794161184,149.01210019497677,166.74948848605905,82.98357863882784
115.00525282727746,111.1980693875293,20.687563306045366,164.1089919698822,154.951321509937,73.74480646546097,137.6748010838579,149.66227144727648,64.24092967791202,152.29205347665638,156.61454383957957,92.95912867873841
133.7257245298831,129.3319284941832,22.754657627087433,166.99544532880518,155.79092854038356,75.67461827276632,136.28280319727037,144.0194769523887,57.17467281297407,158.5448218625618,157.73333230172966,83.40720414091106
153.8640574042586,154.73414117797466,21.040347761715182,165.86236342565334,155.32873712941762,87.61293912346288,136.9776447738008,159.87210572270328,82.62212184610911,161.27336622888657,169.70432331866,91.70423958673751
147.5136404948612,144.0218370997624,15.12641805276454,164.68494500309222,161.10246666025336,80.82304714615178,127.77580430468008,154.2133124919618,96.68113911714974,164.28093435747004,173.35795426335363,95.58757650223045
154.817160768766,138.68601686449486,19.642930099013864,153.94927699239665,163.05499740247438,74.71301857698863,130.75318970629252,162.37994106270781,103.42808467429302,167.0051400296641,171.90262919414658,90.7789643858051
149.70000776432255,138.62441489678093,25.341157622206094,148.47391896573512,159.8912234665348,70.8657791641449,135.7812076818089,158.40332288305146,100.03932292149983,172.1595827611621,174.11383728768283,83.78916615082366
129.51893099249065,116.72251117356979,42.10264726736024,141.41153465456415,158.34215944718326,72.6418785063933,135.61871137376988,153.41254134362092,97.53132362821451,174.35204332084223,172.82164100202084,71.75813602776702
129.45798420830388,113.94215314760945,41.043482913930546,139.2683205943561,163.6457922578414,83.05785020578607,134.83575769132628,154.17651103529425,99.59735975244145,174.0785059458974,168.87497999476147,64.62164695943854
131.76771672590914,116.50499547224638,42.0030660580166,141.8599562531672,161.79665868947197,80.87120489523898,135.39189617717955,157.52306679633477,101.38354813120031,173.33491283474388,168.3690561458039,63.0901656964771
128.1706959958968,108.45253108010901,37.469243981781084,147.6121851085074,160.4037988655339,72.82752728912494,133.49957271546972,155.07088670682361,99.80565196952794,172.44056513603272,167.98043939012666,62.06153111413388
138.45896841509554,129.83210062069628,30.996331450140453,151.22996001674684,159.351541787739,60.115461324211026,129.82981220147357,148.275872170299,89.26222406121595,169.51218760303217,167.65877330072976,63.50943289438606
133.18499485698027,128.14607548633103,24.969674067866784,154.09406659384092,162.33567042408956,62.882405826946865,124.25300968601488,147.19331654269834,93.4436768513292,167.72207497216996,168.08795230221938,62.46111661108729
138.60237292969984,138.43697172725322,30.100140681441715,152.00021147116533,161.92437769390042,63.995885480918524,123.76523723230342,145.6009961253016,89.02536106814213,166.11490225173034,167.2618668264676,62.622816471378194
134.99500315950377,133.63608687814647,33.80841542020793,147.02246161217934,162.15781536211279,62.07002100592256,121.52564450429892,150.53013463041808,91.50425861955132,160.56185492761722,166.80773050926405,65.6622426874732
127.4264169191712,126.61024277502352,43.657560585599064,140.6937762950425,159.59204151338076,64.01349960166795,121.86655331700828,142.03874711705046,84.01143646647627,153.2817607116671,169.51796351694108,68.2050144459934
124.08902673906985,121.20303169883955,59.33220481686164,135.2630727550537,159.58677493735138,67.78363865777708,116.80855144399155,155.43027866387666,101.4031932563581,143.83684220637787,173.62311347572856,75.17423591731
128.37348318827176,125.78945018334447,50.743211968180475,131.1601353637952,162.97051205682303,66.68793894680259,114.82812838333048,155.1596529145735,112.12397092502003,137.39946369634922,171.67875033974514,73.3022256930514
122.79307594427732,118.55857545428687,34.059179953840534,124.67490183121399,161.8727025601857,63.56579059090174,111.79630326936349,159.44230232786686,112.84736391354933,130.01408594912778,169.7788976909865,68.04503023250257
123.1763289323445,118.13387095519967,28.914928032238507,116.8169577025437,162.5546699142093,61.54320365515936,112.12285168216037,163.87821669727668,117.72022245851838,121.82319757114152,161.99753940095616,60.854532712301825
124.92981738621525,118.37086568624409,32.2215693337397,112.14036802364376,163.30127956205888,64.13683477187618,122.13682355905324,160.0184282148063,106.24404744158588,112.01343953871903,166.28278394725064,61.32807253437022
125.31734083399992,118.61704719763244,34.84878989852146,107.41825489757314,162.7244705443015,64.88650360660841,123.79918308106937,148.59108210581707,96.0368009713142,105.03387549899792,167.57697887659336,58.37918489592032
125.58039088899451,117.7268875694381,41.600499655204196,102.63082676654736,161.8981750557541,63.575229156754084,130.65333757592822,159.73682153052064,109.66220475930317,99.45724015310908,158.49387666927328,49.74780362988775
126.74995392930312,113.26412079804574,39.53932516774686,95.96216137800751,159.97151294196877,65.70344035789161,130.47968925164747,156.78376744728618,95.24839854035271,94.71769272773574,161.57132661433752,49.94019140993351
125.75815336382267,111.65543976263503,39.45994926238358,91.91332947217911,159.04964798772352,70.08273932722558,125.93800636847945,156.3378716689251,105.04660489608698,91.74392500921587,158.17132069682035,47.47616115472364
123.2171614157851,107.06760658231802,41.415494322969764,91.41640236651305,158.27263024872778,70.28866583287807,127.13952712124293,157.9006629272079,95.14356127234069,88.29569988150645,148.27164641674852,43.65617888403744
121.06766425119224,107.24576455559419,42.21017555347371,91.33409593488108,159.14368040232705,70.0726053622208,126.74329242984076,159.60297034732238,93.74140177871007,87.52152304155487,153.8085860535118,42.546528500569885
124.41685160044182,113.3580064964105,37.020525099337455,92.10895020489373,157.8343743335973,66.81473265932473,125.63435023572035,163.2013059535872,99.96884988048042,88.90519386599712,152.7460243700838,40.72838392999298
124.0251313862901,114.10813714252042,40.99491994125541,94.78428222722249,158.01025845959185,65.87638197196092,126.42484923395128,161.82156836705147,101.84826700798679,92.45000514920716,153.75699008881097,43.245762727249605
123.94881312820631,112.57711761207976,35.367611976967844,100.33755988918415,158.65832398965824,65.73117120871964,124.99378813351247,159.83479146458038,103.51685579455292,95.53099069466408,155.82962667716717,45.49970289712666
123.74742440367008,115.34386119897927,45.740197849081035,105.17273784818244,159.10151599797103,64.9569631293433,109.9655882867767,143.3660538594883,100.26994969889094,96.95269296777197,157.45115547598292,47.1077879769543
120.52309988308183,120.31462263382028,51.01057183646178,112.33222225668241,158.7430068984083,63.395591548675064,104.84949464547843,133.89233375782018,92.3226733788131,101.00938121228047,152.98618869620412,48.95316042145891
118.0113977463035,116.16110756000157,47.59969552091727,118.73069564920316,157.57104679463725,62.27359264683094,113.50738274925521,146.51750548705812,102.92811011661084,106.93656490566312,153.3345268479575,53.04704532983658
126.23315643405444,121.9921761095796,42.03135821246636,125.55005678553395,157.2305647179252,62.400573434793415,116.52536764541684,124.52292998282564,84.8452862293949,115.10869318107693,162.55925994995104,64.3358278730065
123.25607617231022,122.45092968285213,43.43859842770897,131.69813372211135,155.91560913093127,64.4595858185727,110.11671834953937,135.07028310356884,100.77903100307769,124.77777601705002,164.24919642514533,70.07873278687633
123.56166244155283,117.5916342622892,47.352520571053525,139.3713128129437,156.1163397022034,62.20770027163876,118.63856944989331,153.31497746617933,117.10598055240294,133.2848379927887,171.59282454781706,79.40245326654706
124.90381378824746,112.91854677372235,47.46623812336303,146.93361998278974,156.13488051622136,63.52228153497704,122.27156998607656,157.45931485386754,117.77759681516417,144.96941946064516,169.4740883973279,76.9214322025297
125.06499793773578,112.56385982855335,51.31148769463416,154.39620739935708,158.96863850525403,65.8623561544184,120.33873528524244,151.08547560708632,100.34935041274478,154.22525355074995,168.94688828175126,73.7932629870361
123.91040493846133,113.62817918290645,38.44153915088678,162.10496498549801,160.3687589982499,61.47758945984143,116.11304346244602,134.0342212192095,81.14090094590868,161.72804931222166,171.79869561891508,75.25444670948336
118.81688287305495,111.40962501224831,36.024731515313476,164.99516493653235,161.52395350548676,61.23371712591538,114.62189428654055,141.69795575170897,91.33028785430919,166.95375829706487,169.55016561327432,73.53724582269953
122.42901617286975,118.41691969870499,41.03219991935864,164.07993229173024,160.87170087802969,62.097565846598066,111.00771737022153,140.12215283168007,93.14857750331973,171.41582188412178,169.85559500999867,75.48852404782218
125.33310776133287,127.26065003733805,37.58381269684196,155.58404159269347,166.54323565487903,60.934924379048475,112.25148540472516,139.1881509149068,75.72452563291881,173.17663182793956,171.66869892710196,76.02132720903461
134.28962130293644,143.11711489542319,35.68049885631082,149.11663846483168,164.65551092292029,69.59588175773936,112.11165454054557,145.56703938463016,89.95556002526656,173.4608858052543,169.4238871189871,79.5877488915081
135.6029061318706,147.34065754811695,38.33559846148989,144.96208844868727,164.4537905637515,75.5128326179901,110.47554063018121,152.21568305327054,98.23707416167241,170.54550573903083,167.0950690480667,78.43082346484526
136.0179064314281,151.60888514979132,41.07122793863997,142.28241646696227,155.892959365042,70.94427572640251,113.03274517816436,150.15428253083581,88.69278568838439,171.33713504019303,170.1137967421664,100.5665907519362
127.80678648546895,142.6866304205092,40.36950546436384,140.92048092680778,162.9806672833133,76.23675141301511,106.49062886524523,149.8276349168063,95.80662393321774,170.73678699201085,169.29031027069163,95.39670278141574
130.88229911523942,149.60791835792,46.19250146529233,144.7805575092139,169.85280520813197,85.82735108720861,106.23842942758866,150.66284661275182,103.63762232115513,169.22835940044797,169.65823803762592,93.67573830136756
125.55477281146908,144.37147412061978,42.89618841779647,151.79934997714705,167.147448886026,86.77778318834328,110.82807622615802,145.91063811915393,110.90813645467338,168.50418382869415,166.49386157121532,86.30324397780355
114.53490287550311,134.38791344206288,44.687214551441556,159.3681873634718,163.56555366876856,79.66370673213069,110.86368518313647,143.18545671680712,90.35766223070564,170.54546173563836,166.58893341611898,79.88791392990548
108.71046595076747,128.3750579603921,43.62320895274046,159.25397174646147,161.9132951801628,78.04594915096682,112.42871441973824,145.00571869268282,96.38303458833194,165.2780481487873,166.2342760796005,76.36618868267685
114.14726784717168,128.70049477463638,45.42560510327461,158.15937865337378,163.99609065887924,81.67173386107045,114.68494848604944,146.27344147217403,94.73036062125861,158.0140732412701,162.3864686708368,78.51968694722683
117.01083577615093,126.78046381405821,40.29546519490512,160.643529002175,161.10195766190225,84.77876242019578,123.61284196264842,151.2593115738191,95.6004879681121,138.51573419591864,164.65143383495555,84.94256931233387
121.79112458066463,129.12144538835898,38.082357254365945,159.22602468661503,162.16916753680337,87.29006929963008,116.74645969149802,153.65557234528094,99.85361018516257,122.44704013615845,158.4568153324044,96.13671986341735
121.91207502802818,128.70653435229684,42.25825218547468,157.18205642932676,163.73782224831473,86.91205205912779,117.85435392723831,155.73742546662118,96.16177995258573,116.40019915676176,158.62342534439122,87.22075999865156
122.65496443673365,124.11162787091939,49.34396173211139,156.6070036556587,162.82430530549496,84.93769206434163,120.54877743663286,156.87613516136477,93.67118593169845,120.1582411513286,157.48156872845814,87.37599249129482
122.734568911034,123.88298969528728,45.09346557318548,156.34075321237407,163.54764594118978,83.72434428582407,117.29134925995011,157.0194679575842,90.47795681128623,126.67429092190069,151.7508707766267,80.1904850648193
122.1723645652044,120.77234585366597,38.61299587589411,157.93181595751048,163.61745350821585,80.27539657101448,117.16909905180412,149.6023409094948,88.4974499430079,135.813860969036,160.86669777957755,79.71022206658503
127.13962565918182,121.36027143808926,34.0209802663315,157.95879414743413,164.07058476427088,79.08683202053372,116.24581458683879,146.1340488731351,87.25438312165296,150.37282566796,163.67936167415124,76.05494334483325
125.26365528433585,122.95862590715866,35.65474658000632,162.76489594620585,167.73636409176817,80.44806985140943,122.43425716501307,140.60185174771647,75.26596520751905,163.38100139124353,163.6871342786348,62.593535531386756
118.60894338731528,123.48315679569428,44.06936187966371,167.14201228555407,170.1128897682891,79.46446697609959,121.13139840493587,137.00586781470858,77.67145112650611,166.25843867761927,164.96273899986917,59.279182246033955
117.73679024049355,122.70567179231737,40.939654951941556,161.87712321777406,171.82688254355202,75.26804006558338,133.1548138801695,141.10057987864175,66.09082562477556,162.2923073011542,165.41388847756846,57.76653428877272
116.07270389653016,128.01047977527375,48.49629116035515,154.30634329084447,173.24545465368732,75.38600187418669,129.6312314414017,145.23518850226952,79.34743248150328,154.39250321287687,160.36148333464965,55.702361286937055
115.28003784144512,124.88323132094648,42.31475151636229,146.58793956124578,175.01155171635506,75.49461071341345,125.30216061758215,148.7436312182836,87.27911120907481,141.15734448644073,160.77457571611396,63.84632763858341
123.64566058015949,136.09092892353695,39.49917334952575,137.44402929767222,169.0222667544143,69.96410391322846,123.6886033119293,145.31322861921734,78.59745215992933,132.62330827943404,159.34868392088796,66.16813425177054
122.21859066336522,134.18726721279808,34.399132914740385,129.0917293662211,167.82362473815508,68.06404906653385,127.16285841804735,140.09303107931146,70.13732743163987,125.92498438595086,160.97405679094862,70.03314004301156
120.96231029938295,134.789769895751,44.76501286058603,120.41235733224501,167.5681692609706,66.62640664646776,125.94362599599474,151.33030172074365,74.05608370566867,117.53964687063028,161.0514738160679,77.47122169000762
116.05985595584845,123.18989789537902,43.62720965183279,110.89482322476108,160.8028488049798,61.122053646239365,115.29393573270127,140.7644523751382,86.5686040604485,111.16083229311025,162.65356464690234,75.46581749499775
114.36246332596987,117.45094027223784,42.48143417731523,101.94906600853632,161.86147452669329,52.85997360194632,120.03296780159712,137.97319881630457,87.67069009144826,109.37677688082582,159.765328609985,68.19517087069102
117.48184898851665,113.61490527563623,37.71374929750158,94.48253801110243,161.42404852730184,50.29341976676101,121.52073621302213,137.63894379147823,86.28653584237028,105.64595803169846,160.22464163092272,65.96526711811546
118.86241116412721,112.78286274247726,38.39664508309955,90.88075587724182,158.50008587404037,47.434050910530665,125.07600160357927,138.9426961823911,84.53432680884912,103.78678555584521,161.22678435860374,67.83410363123991
118.4434097653973,113.69035810227952,40.035609249834096,92.45562814594717,163.4927853019097,51.51042507858495,120.67171304861415,137.2660368955408,85.04927400405445,103.7209372675044,160.46711402425336,66.5345179980974
121.4235258968119,114.04275056850595,38.391584638092525,94.06205351092827,163.42501913186882,55.49191666144982,121.74430132472447,138.5851628741197,89.27307482972883,102.81328815480258,161.50982617577884,66.02153829999327
130.7410407457419,128.90442117363742,46.46046295116897,101.0221549233743,164.6214530295906,59.05076542701951,132.3678791103817,150.87012811804792,78.91896425509624,103.26197474887363,162.09642518263155,65.93093249988664
133.13577450439382,126.98274168031598,35.93522882874183,103.56543679816997,163.82757468801017,59.40541988374409,131.1955038043069,155.17357341115857,88.1928706483577,105.42109401757898,162.82585399948928,67.8105103174286
127.89135778175736,124.68295159881785,42.103064354720885,104.18653848961375,166.01905294100402,59.65305244037563,143.23059118081443,155.19051615964142,56.161536370883425,108.602155508074,161.88997599085513,67.62145403820074
136.22081697253552,139.78714734877434,44.37904763616008,109.62671705273739,163.92872706736145,63.32356556696633,157.1342985212282,176.68673773914483,60.925326710084285,110.52734085879253,161.78841231044296,70.24682241906312
130.3159943730577,137.3627776242847,50.75375146785777,113.44885799309917,157.0707653303876,63.68214208883352,134.38918479897967,153.5260224350644,70.85714781013209,120.41441836755706,161.7978417851514,70.91838586217936
127.35491550416836,131.24540448589067,49.7237914269623,118.4118808896264,150.14283831947054,62.99305876765575,116.75401205291303,136.68456809180287,76.35787375396836,132.20568823622943,161.7195414649552,72.20233432694869
111.10538520879086,108.05169628241673,56.67660963078912,126.29846551461685,149.0116981674974,65.30676713685547,119.51277484589917,132.56238458797762,77.34537638385008,142.31002594410865,161.3907717932719,73.82418915462492
111.67966978462186,101.98454344100819,50.293900988597734,134.82799006293484,169.74706844177373,84.11305033118009,118.94974345382768,133.5476523116078,83.00550572010728,155.43879074953574,158.51563850925112,73.83354360188632
124.04893507722454,107.96646600274116,49.042427729209834,141.42030618084135,167.13124027352447,87.47093912995166,126.89469367069296,149.46138473585643,88.44854612250734,160.4519243744303,155.00984335400196,66.25218176220551
127.96344365691758,113.01583510674627,28.69910461228078,151.8952709204844,167.29439428141694,76.77666199693451,128.32597694183607,145.04490599608062,80.93715765049635,162.92277417398995,157.2245815083592,60.665663888801824
143.32904431744976,128.36846302929607,23.70441448951067,157.2010235731382,165.557702852053,77.41867176907651,133.825960399352,142.2074388969919,83.14580123255134,161.84072007651642,160.8671865396868,53.631497639716805
136.58729375658456,119.07081682342748,32.33001092046074,155.62035448042985,164.53701829664007,68.83436690811993,138.1758373160931,140.75913088634073,68.5897104743502,164.52380008324806,163.0593132910076,53.48472249778498
143.59713412849533,132.67476327367,23.940064502508104,154.4196258359217,167.99834384564767,78.46675654309567,130.65818638647877,142.2663346743024,79.39454269796737,149.3471620813076,161.67488107804573,58.18255547891562
152.5804243279186,149.75687456112175,37.98644710209108,156.33680052668655,166.44391075394614,89.35320378511658,130.16304774851272,149.4683895320763,79.03898149621521,155.8126185489333,159.98264769223601,64.68267937613098
136.13183416076146,133.79533886101288,31.403324131810756,158.47660965637604,163.2451462361424,79.84447803805155,132.88212216076727,143.11630288526007,73.23963281039926,161.4990875078611,166.43995948455853,68.68357351732622
124.9909698523735,122.45438083498622,21.002927384897905,156.79479151780788,162.18083189859894,77.80424558614222,129.46725072946558,141.8507259471858,72.07792034263113,152.37525414959114,161.93386132104482,74.43375817121512
122.64825441535939,115.94496531603419,29.252964687598535,161.07047990899403,159.2087393415727,79.4519109555478,126.12348169502819,143.548101092308,60.826097863875766,155.43348686781636,142.40225946028863,71.10552833489322
153.64004108746386,159.73656604823597,32.280215404608334,162.8949169101839,161.5110360696655,79.21246018324645,129.0273260059633,140.1640010030163,64.48302774501407,158.36143732789776,150.36303793765012,77.22595962812414
154.14896134441776,164.4726587501087,33.10366945582952,167.314072880105,161.29462958865903,82.77763680817948,129.08936639043299,142.03716393514904,76.59929148984106,155.1988743741521,162.3891026260133,90.10263296617532
155.88790913462879,165.53062530733303,33.76047144301997,166.09973177160205,160.39842697261628,78.99525715920042,124.16977706251359,141.0536459370649,77.09311455114373,156.3517030269349,172.11087851117077,98.20308792687642
150.85070853730065,157.0793585733994,31.576964878826672,161.2077514468154,160.30345300170526,74.7036086707439,109.16183957382725,152.4425269892329,98.23648984015644,161.0054057273999,161.56105747855588,92.20605151778811
153.2811703715696,151.51910389348424,27.212740788061907,155.8631770223283,158.4749368479319,68.67408496758445,112.15340485358821,154.5983108973908,99.71619233276974,164.59125647753135,162.614296792147,89.25363801697122
143.4192014786587,148.345883429355,32.18853738338694,148.80643395461243,160.44352450584526,68.72954030575686,120.72858532308469,142.62899998332742,90.34741068751435,166.67580293936976,165.9064985009227,85.50882426279242
140.33003167636633,144.39184170915922,42.42474608643619,143.38635250019001,166.05755817551048,74.62789074629497,125.27997587822941,150.1408999300207,96.34216398881429,166.14510740966682,172.91663621506768,81.48781543515634
138.56857772719317,146.30894956352964,48.34069609468968,143.14046176487196,164.27825957801807,73.86181382143586,130.9024656236315,149.98374084232748,90.10811305083641,162.42673653768028,171.50090300655762,74.19823832256267
136.30611056619452,146.66687216979577,47.761818072272945,139.02934861567388,164.79442280707912,71.10204327676627,134.2931238865209,159.40273023016027,110.76397770322176,159.6943750867384,169.93959488051073,73.73905851566293
137.90099268016218,147.60392890410026,51.123171568829946,136.68676370638144,166.30852613460974,69.26956416809003,121.65391297146431,128.93753853229083,80.29439874135602,154.1957577003464,171.1703923116986,73.40898880229564
132.0099246342193,145.16491579751283,52.530259354990356,134.64124387892153,167.78936242773662,67.57793081886034,117.91912780977457,145.99905607621616,95.94268846312161,149.22465992857147,165.85846654804533,75.582952111047
132.24033555741246,149.54901236098135,55.98098728860232,131.32514582165672,168.9211512578479,65.87421080734033,117.9331131935728,146.55789313599516,93.7592857409297,144.64639948872363,162.46485958972923,73.32885203131377
137.40840808280615,150.327661555433,44.0234460853096,128.09130392969058,168.7877767049426,65.28621746692919,117.57070059153448,145.8943955351103,91.26530873895618,138.8643996038745,164.54863321442505,74.24793289649533
137.09742324482926,151.45536942322144,49.12339176180863,119.88359740926444,168.7210273849409,62.027752002504066,107.10609818411967,138.83764341668785,90.32515364875313,126.76537510170247,169.3892894132658,71.97614963084307
137.25731616801087,148.63000943031844,56.6667651278553,111.23908856123269,166.75677729694758,62.44001938200531,109.65277506878948,154.5187725977433,124.64637000085277,118.66325000598142,169.4227971241459,73.0927010005417
134.7986116413976,146.61098400492898,54.72312994059875,105.52914750707637,165.0075819407101,63.19816207998807,106.84461425761597,150.54788713259765,103.78449634994998,114.15458280813444,169.31778741351752,70.70109372159727
134.0346235424086,140.0100304954317,50.27025606841358,99.5479975066057,163.93227375265565,64.78453587062403,106.39850050742206,155.38931918964067,124.69091042228219,110.30577493197647,166.00791393365918,64.48810022596811
134.96804075581096,141.4435131977891,37.79849381330685,99.76452290318011,163.50684477416723,67.07180450346323,104.57648389901452,150.6121114090572,102.94253740491473,109.47826812551195,166.9955448582548,65.22538943772103
142.4043692938815,154.7366818061334,47.359389177857835,102.98568261396498,165.07310331670502,65.21888340654029,127.78958132893015,150.30088778616036,90.20104470644397,110.11460781006662,168.80971285382685,65.94167008614949
141.9699797574375,157.7437155929449,48.0723664257213,103.26506138607121,165.41944712745513,67.05294178749394,124.29192307395978,160.47864615478446,84.05629190365013,112.06817886076215,168.48447593661427,66.51576970733001
140.9772723922603,154.99388927224797,44.20044612282679,103.59682059502921,164.2516289619854,65.33735735906455,119.59477996627486,158.57587589398256,88.79197722897665,115.66827106353317,167.98733460687927,67.39984614013665
135.6468629822081,153.06928754852373,58.66800224455881,105.43482466319855,162.61526199774332,63.446461794759365,117.42006566150911,152.38140938966913,89.20404351811584,118.61497265194119,167.65310501801002,68.27722629780195
133.66475731364218,148.39072721412288,53.23581016647052,108.17346988126363,160.637784864183,60.81562203031471,113.02707149517448,155.7969755774348,101.7242928958101,124.11122015661994,170.1647512643239,73.51817364289464
125.03427770040251,132.23545144986525,46.6204047146002,122.72005663154386,160.81473618259278,61.21763291757309,118.57540600942177,154.79828882835596,101.61885416321971,137.55159645079294,178.26608752712892,78.8504790111966
121.5776399525275,120.48667066394866,51.13339646406131,130.760068394447,163.57300134761346,63.536082983598945,114.3740064329395,152.4761798944521,91.24228187553635,146.35399554060527,168.45673392415907,83.58728422766944
113.78679755608535,111.6664739921016,57.951366166660904,133.72760469923568,165.3224979392132,67.83317089327835,120.33023202587069,164.17404446310962,92.75456157014123,154.30332023650573,166.69753532084263,86.26984832193324
122.04325345898448,112.04096324406386,48.24877289542622,140.09665923896236,164.99348326549656,67.85435001268827,117.37425869261435,156.7412767866712,112.58562242301016,155.64472236320893,161.35850068772334,89.48795728399259
115.29523779514065,102.04506172084075,73.75563381804447,146.107320895412,162.65742624097135,70.06794593931733,124.09357906730061,158.75519826063234,99.2085612616278,154.11669231148187,162.5641508155313,92.36347213257004
130.33726644094503,121.07654820519724,48.025746277999694,152.89870086162063,163.0893694213491,72.85791687672557,126.39103044625558,159.58925113669113,103.44462340253101,151.20553185699436,151.29107356713365,85.70477263438066
128.97715442142595,116.98297134706547,52.534686865041195,159.33839947542936,164.14432540604508,78.63982965558213,129.04379199083215,155.57297756950084,98.91803445196497,149.45649860288188,148.97813189811367,84.34269380539581
140.18430171538884,137.53067515487228,45.91620045966571,162.71000967653953,162.61087730620562,80.53128674796469,128.9201184966232,148.7952801847432,92.92959155105235,149.41186161674537,149.07633282447355,89.84091107230246
139.7505719741596,137.66852802912967,42.58050408668565,164.43534117155178,161.62118726878268,82.39226166271933,126.18485797670702,147.8575186402726,87.39161421753401,151.70523240663286,148.43269998684008,87.04176926229617
114.9140939817842,102.55155983648615,49.85329207894335,163.65032684186022,162.39373667164037,82.9171123817404,123.27687700811724,139.33222326638992,70.17573083724437,156.5490199393544,150.99664213272257,88.86936746901988
119.09451819151526,99.12034078875688,53.13683519336477,161.23046241373046,162.63577535121752,82.4430679372989,128.046503744204,148.4620195362187,70.82550789759692,151.82743045119287,161.16520095282468,84.55088775448107
123.54717622255382,103.19661539412797,43.631375866349096,162.2899523487389,164.33284256178115,85.35120387511128,129.06119885448504,150.37719732955753,71.97621020725765,153.02463796672265,168.80080529111984,81.32121876955972
130.14758501245103,113.95202086899515,42.22612204205693,161.97405718410562,163.18643058799785,87.01161438269811,124.36201828017225,149.51305424846538,78.91997188730622,154.98508090510796,167.30290375546923,80.64582835936024
133.58917979973336,123.78299464782776,37.63124576284816,162.7109735351493,162.65570286296887,86.74884867431109,122.50740913459428,147.5261491277251,72.5887946706013,160.069334655533,155.00087198049533,71.89028963176531
130.80892153039653,121.99002798314918,39.61017422570503,164.5863579314653,162.0077281947891,88.62957938830625,121.52425222231389,147.52953791610994,76.5842234583469,164.3529451603255,158.56859958938088,68.64170747498741
131.34391235840405,121.87473443115344,40.96323102853241,164.93045942378177,162.61423770104173,87.32868065384763,121.20853108355092,145.20630459113622,77.73655431741025,170.18028124314446,155.2477327292665,73.36278130817699
130.66103621338488,112.99013386328973,55.36989776204723,165.04721305246392,162.47773874039814,88.84958148474175,119.56029129649548,147.32372654788128,81.49430398999837,172.68654457800744,154.87773540441538,73.68805959413882
135.63508964619828,126.88325416084868,97.3072849055058,166.56475005540955,162.80563415089014,92.00346432570242,116.87517246721974,149.04862370879258,85.22733995502918,173.50659736266653,156.66892932489765,75.39351893061419
145.7739830638901,140.72398146161711,73.23951152748046,163.34163028111243,163.7856316123601,89.67953946190565,114.06983087167121,148.57190013675978,90.46278927521746,165.79276428637337,156.17030321591545,77.72800285792577
144.83568845092856,147.6686873871145,55.213074711086854,162.44145577015746,165.61244630135005,92.0179921137023,113.54110208617017,147.51064567440454,89.81098394027978,162.09184115216738,155.7222715887932,77.53820377963326
142.15255254639501,152.3082442228708,49.25999444371956,159.59892384430756,161.9614224283367,89.62926555221766,115.50125862573286,147.85882207682474,92.14108736606443,160.02744998281813,157.15932086734568,75.11461501712706
138.13710386052145,151.3984950483592,52.96537086975867,157.82861461481767,159.06619787684835,89.3006938375736,117.59251877176915,151.02077349141555,90.879552709473,160.51673777231056,157.6577456924877,75.43357455916293
125.49730401615015,136.1203498871925,60.94281954177468,154.794508600879,153.0872236947995,96.13649785532472,120.68381942326144,147.27795394952804,86.99531513844643,154.91457775395517,158.8504956473989,75.53040174014934
122.70196266986137,130.2991691805671,91.05006661308573,153.542560416755,142.51778395964294,86.22845309709811,119.31017723073319,143.37479352039833,91.7839462432576,147.37954251097028,158.74530142057714,74.49255755166034
120.95490811273656,131.47298233929558,65.90886530951441,151.57205036419535,142.44644615507997,84.86743930412965,119.43769486137583,145.41446807022493,93.89056567314728,141.75732350586875,160.90542187946969,75.43383146561185
120.12306528910294,128.18174502999955,58.35368530201941,151.86185626034498,142.7221044644619,81.93729720469668,118.14541012966039,144.7177019520237,101.39257810535747,132.58995974071954,161.6889000832447,72.07770312604234
119.61789502957319,126.38513513370778,53.703529471411066,150.96226384830229,150.9620206207945,85.99280539021002,116.6306329543134,146.005636963888,107.11314136517132,130.9743083496699,158.49335869892747,68.84148806389982
120.29751883607663,127.80096997049232,50.543754545378654,152.22526618791827,160.7158626222582,86.6158483167961,118.71460903509691,141.70040885590697,84.49484136007388,128.35256764995748,160.9807307880655,70.78757649951518
124.89123194798704,131.1862411916907,46.3351902398767,152.3897829705691,164.50718204319395,82.87817239849218,115.97690754693421,138.2804662403234,89.09056017313871,121.55814358662145,159.48827335169972,68.12574677534859
124.93893887407695,128.74818125715333,51.15750762718467,150.99197429049613,166.5230673718259,79.71842741190179,115.80866211768907,141.1812477158625,90.14354799372998,114.39017093285374,159.98777804874166,67.643458816222
125.4263991014188,128.45752918723872,51.6646454834602,147.9165354440627,172.144072814934,79.1663999350938,116.46225684892137,140.60672367268313,81.9113480699887,112.22047459518016,160.43597266662067,68.20018559995347
118.27949911648693,120.21438420072968,54.307257853775795,144.28017019926494,174.17788413447116,74.16949890902809,116.97773027012383,140.94947937759963,87.78525739946461,114.65784289096075,157.85072230697156,66.0607184631055
121.85271445415323,119.34027812011792,49.41909718301692,139.90299547091874,172.23024552401563,70.73891560685581,117.54230635369079,144.39714081802606,96.19324722036997,111.07521124776578,158.56207916300497,65.68859683669935
120.73235060103517,119.13993533057433,47.05541480224214,139.29782048118994,168.95658319028004,70.13150743361712,115.51162680815676,144.52182068287786,93.85879932494223,111.27413493460273,158.236214194449,64.9088617010226
122.42342396710612,121.09223538035597,49.998250953971855,137.4737844954609,170.27137181566962,68.98156627221937,114.46044641401328,143.75635241120588,107.72788260968208,109.77440605657378,158.67380182756696,65.15901456017345
121.61846545166327,122.52778475581289,58.52739037454897,138.46915496643211,173.73190244740383,70.62260453671787,114.35848874695414,140.55164412105663,100.66564239351689,110.54578097010868,158.95148207836658,64.4548696417656
120.65776642137439,116.90489581219809,54.98365407523878,138.79483573171018,170.28326932246054,68.2792052036027,118.38636739223905,142.14349746903738,104.28252029371231,113.0897485334805,158.55282870691482,64.8304506995376
120.37206251408959,116.00497935763951,51.49184689608901,136.72520185751034,166.46358237683773,69.86352846201171,127.38485062449637,145.86718508783719,98.85334246493876,115.69211881469438,157.85908710876404,64.90753666840854
120.30220140776072,117.54504183194886,61.688408827550326,139.556346315082,162.97947943195663,74.17851319381187,122.55349972774778,144.28921049991445,101.80700995259437,117.96741364041739,156.6885498869778,64.58334633065607
117.75113484779055,108.31361724017947,51.75860764442663,141.96711173612061,156.9066205664519,74.76514670395456,127.50521579626246,143.50525063591584,75.8527614978012,125.10923411452121,157.9549073315526,64.54913744350154
115.41261079655922,105.01823566062095,39.51961004570342,144.0794253506265,149.70784624295422,76.90515136266566,128.09427104909395,144.83095120349253,80.12632056703477,129.196494620504,157.83625814796142,66.961712576487
112.44008445659445,104.44398370655212,49.29676530843304,147.40383559859316,142.26410686345812,77.39202559122535,131.81738990734826,146.8597509098381,58.7155276467525,137.51091986701692,159.31207099209163,66.43721196863582
110.89687167180932,104.50243827883214,66.4198356350254,145.01463740351483,146.4866535605986,79.16999651147317,131.37484727952764,146.91221934698407,60.80167186772157,146.29736754003173,160.39309077292583,65.48352564809888
115.9473649460376,102.40403030838105,87.16595452916971,146.76438000551812,140.65527725403385,73.8900578815758,133.14577366700576,148.09043660032344,68.58813973531043,155.54315179862255,160.68999558395953,66.43443051070246
113.12266567959047,101.42423987818788,57.144231564499385,149.73876642589002,143.65374826350424,82.60271687697083,132.92619980228835,150.22382221299142,58.800030780843954,160.6164975401879,162.65206978465716,67.68888187027686
137.45421083962043,126.02617939293235,57.630382350461296,151.76028736838956,151.617529780995,91.44452239763017,128.33147511203188,149.6702200616558,71.58172963673493,166.32081806433484,163.47303467095637,66.66262935472662
131.42992548659174,122.92617515647947,46.611925165491726,154.39867125614782,161.07216601429974,86.35614226434967,124.88127546217142,143.68861415579073,70.77536014480972,171.71229191350886,164.53449686581135,65.31467280840161
130.45597851507907,118.6720593200234,39.64960651003237,159.52280287168102,165.40395100454737,87.5116045857476,127.14018249541239,141.30418631966506,70.5460178020528,168.6528207552729,167.66591533999258,63.3691360902632
142.3094588537145,132.2857332967356,33.59323342327822,165.7411208578098,162.7360837648517,81.50483654682198,124.13292987357524,139.235941684776,68.84120859933108,178.09272504737004,170.31001504098376,64.04526182902161
136.50651574904433,127.87965074994455,33.60942906083292,168.75708083889714,161.0050540117847,74.77698506939682,124.74843268197603,138.20701621839643,69.31183035499153,175.44238844150172,166.07865873649834,61.35483772902359
136.5204458054467,132.9929346912778,34.970505210952204,169.57530365827577,162.27078442345316,76.5376632504423,127.36308309679697,136.1566148552969,59.244146904902216,174.14729684138487,165.04793587628595,60.93894037843127
139.13926255098147,135.1810100896709,28.632436880315957,167.0378106973388,164.23155882729563,77.2176919781385,124.85808155776124,136.6826090313024,49.61501637530707,172.45287929826907,165.03697531142882,63.992809640339374
129.90024203633152,125.49461114064123,26.27561161129868,166.68931993854042,161.80415495350618,74.49598293688715,123.89366874388098,135.6135121772367,59.71568175797887,171.42658646314408,163.96912233156525,62.616002163342145
125.61343660640283,113.08635018674332,27.252219794036336,166.72936259628162,160.33645159044164,72.84616707877754,124.51939461846052,136.21897386542793,64.20475405671309,171.06704826127267,163.46115808125396,60.8507369942823
122.61179478374335,94.97705723509078,34.8089698265179,166.54880939089398,160.27777783729854,73.55521044133913,126.63936277671161,133.45414598274527,58.96136658957177,169.53509920896988,160.59736696678365,56.7874347872345
127.1141532056911,91.3286502297392,17.37840146810516,164.28002305750044,160.40167043029456,70.62071031476684,126.64430036818115,125.33950536180177,57.721580358755546,165.53600122697046,161.8259822773465,58.965787998929805
127.78255991216619,97.15847059960744,13.726856308768568,161.6517966590226,159.22553902568603,67.0325156982977,130.6497782297274,119.06725580360803,54.62151994233885,161.2534617344017,157.01621673943168,69.43355253247177
130.5612491708346,99.15737750150302,11.789670682033664,163.53662084732835,159.99326998617184,73.68501511930333,129.22726858116397,129.7632357432652,67.56574052511971,160.9594730103083,155.85094451858103,72.96087657227358
123.65611725589329,97.70530679664768,16.20318354739228,164.27520157169346,159.0362388631508,71.6837771644203,133.91209776107772,143.05396658521326,60.47600422554611,152.27325777878414,153.3739828761729,81.0558156541982
132.31577691362364,118.70878887243136,17.394813608480167,163.6890759085988,159.3943547428069,70.2817378226131,129.2518219632172,152.29886386223393,75.3283182049192,148.49794624015135,139.8430570927654,78.93490306264353
133.81591866573504,124.10792458369436,26.5963828089209,159.69628776910767,159.0028091881518,71.08189476891997,123.97630269486082,147.3490201484612,71.14933570413142,142.12667767703255,132.32671214449562,74.4236332915837
139.6279069381377,136.7589692944181,34.25162736342879,152.90647864196833,159.46407128080057,67.86406291871799,119.96617869941498,158.44617644142767,77.01611326502764,142.9057446319621,130.3599875299145,79.0557941188082
139.47175834080483,147.1421643365206,37.20473589183047,146.59093290057504,159.4603394305641,63.69990639633365,129.67684019863555,166.05952341259234,99.37181785243907,142.2208384192214,134.8438046338777,75.51778925708574
135.73847384454578,147.54796141608864,52.45255070911796,142.5783894736981,160.50349441110623,62.25539371762153,126.0002596890297,157.3860859648951,101.95966865502108,143.91413077190398,152.778710553158,83.32496205938301
128.1882657019732,142.43268847362356,64.54659862157956,139.66375205169527,160.7264980079455,57.501069978136464,124.45814876082511,159.91063530652997,104.85777698596216,142.11820826398417,149.84010984565742,74.10308577298879
127.85515097540396,144.33453652809004,62.785433661854036,135.759806854309,161.16492446213545,55.42184130114151,127.43433354936516,156.48193485008093,103.76228741036071,136.85792719359048,151.62683638285043,69.84933527538496
123.42197378614655,128.6486203543103,43.92555323322699,130.8509181166318,161.3899817600283,56.316530053173864,125.28219471495426,154.41512121930597,103.30961839725543,127.90662906417272,156.49449375003687,69.10433092759396
120.92977532511972,114.28362099153121,38.60330413469848,122.04882845190357,162.06620658909935,56.22106352587629,123.82507588581399,155.44965398214555,105.43070636726709,115.96744939212303,163.6102871461544,64.52047607549123
121.61505693035338,108.7817327031845,39.21327029456162,111.15202813311508,162.312954297602,56.25023825919603,117.27675540383892,149.18981145638213,106.80801325859372,107.60148939338389,167.4508876781578,63.39689927863457
128.55481740770531,112.90070445644896,44.51097855794798,103.06104055361939,162.1575764072838,56.97872992923818,123.41345024601014,156.37532419630085,100.92636998061397,99.8040726348073,170.14371879661203,60.00051671843939
124.75525590966527,105.22947535971224,36.948768981382,96.50662476579794,161.46974101649167,57.30290453402885,122.06568658127601,164.8596855962645,107.16880965503077,91.97151756433604,169.53603715040472,56.49120835413924
128.2916910070845,107.10991632488623,34.9566047429832,97.48883505107047,161.48969475449596,57.86539959505856,122.25728812228118,158.57235657961235,113.93463617759217,89.95535358524333,166.3857591295019,54.73585944804525
127.51497325093264,97.16372173150407,34.97946509492232,97.34674323256698,161.54913621627912,60.19411405294397,124.96744218159196,169.8745392511881,127.70495633778738,90.12031589464779,162.39055282498873,50.377189672351385
129.0094600629124,97.85608166109068,34.23579530471077,97.92090251418934,162.16233166424084,59.625804702061714,125.02586969125367,158.9254957191226,100.2639127973612,90.69164514578826,160.17698720128237,49.688703577926624
127.82554283319337,100.16369803821912,37.328680150321595,98.13078146404733,162.88889343976118,59.936568229919644,124.04328828673346,154.74624304606348,97.10146214288699,92.47732890616902,158.93333391581174,47.55076207504616
125.25593299166606,105.27784961303027,37.27116864572761,100.26944382154186,162.9879094295641,59.90261113618251,125.3491845430656,154.98726343496855,90.20826760639417,95.31283260697529,152.91733538979102,44.17567572466496
130.24417448223173,107.78946232369864,51.05021849141746,100.78974883291521,162.561634832388,61.4548647080422,124.06578898830745,158.24897971156463,106.27701154958788,98.60243371745052,153.70940151906228,46.44627218705221
122.3102600610365,123.23774120861061,50.730445920208766,107.41265031892752,161.29705144135661,61.97569251200885,110.56248143524341,130.71485225268364,80.10407709743123,102.03157038216615,154.2731881153061,49.09376616753742
118.14753413351437,106.07424173271751,42.3449734867487,117.07874668910253,160.78255761748107,61.98275831511354,115.8915022187071,131.34676293964415,100.23297218131312,110.22656499297256,155.1680918012659,57.31093781671461
123.7721159869907,107.40417824155558,41.928181099461135,125.60369369175257,159.08161675753368,62.307696139828806,121.73308526812093,147.57070253693178,105.52429521909978,120.22224262249922,157.79883946052587,65.54007433123786
127.30648010334387,111.00291982516761,43.51756028838301,134.05679066500343,157.79592100522578,62.46044127348494,126.89096133593726,157.4510071937789,103.70285843066094,129.48653589650152,160.1609016706596,72.1706712533916
122.61539047669275,109.18679839683713,48.31678152292127,139.49029380145217,155.55073320822467,65.48264606719249,132.04997087873792,154.48444147469652,95.85573879174268,138.0215098884226,166.83642034293285,79.58197407834305
119.23696686900917,99.20679648464873,39.679231646994104,146.93711835348964,154.72939370087894,67.32553985784368,123.92506273895917,149.35404735815501,94.62672227734394,148.28202962982536,169.91035179761525,81.14971344825108
126.9550063030397,113.95794073755017,23.9886350781404,151.74947561184666,157.21522044894863,72.5921930306787,118.80505481802481,143.13353730533197,97.63634945432511,157.65287372181484,170.54381682726265,78.77159006816775
140.6116830041221,137.7308188442266,26.585170601565608,154.78939088832786,160.85982341907533,74.89350441173164,116.43634781404556,136.42809711601691,87.14989633853189,164.0152213368008,168.45206160091257,78.38591279933549
141.08130489312808,144.86648736310025,33.096845224570444,154.73249994712117,160.47338541010546,76.6266209931159,121.4606684400947,143.08525554334474,83.27578217758607,168.51568595779514,165.7661943307371,79.37100424852161
138.55033939845706,141.79655080463203,30.92386119296652,150.96874144478943,164.4435937373142,78.17147906889895,117.78962814437348,145.84848762006393,84.15860045928376,171.14271976956175,166.70713831072547,83.12638480929441
139.54608640472156,149.63903741892997,36.68841238865481,147.9230405550627,164.43047666706084,83.24115043947552,118.94557051233987,140.11066070862864,91.1267871328852,165.1901795017009,168.73226242399625,89.34250531943337
139.34488051914275,150.03994143093456,37.699592428138196,145.2384022475938,162.82780928365278,83.74203030967193,117.39246214192092,152.32527962155115,105.8743205409919,167.70396546347644,169.84630556280058,87.80598373473028
138.51664998816278,150.63254309662167,46.261472319620445,143.72547417058217,154.18917283244357,80.05388878446657,117.91739889248389,151.0111658510163,98.27688301220098,167.87171928184878,172.03985189878375,96.02019457215306
138.89813143296695,155.2105111927124,49.28457649409835,147.1967743104542,156.77518033687542,81.5136692581935,117.07419719612069,152.4560505499277,91.52417051548278,166.3405405787363,171.40727895045725,96.79408727003283
139.33124767678638,158.79355116769779,41.78554132038922,154.62012703229007,162.46324333846746,89.30522351574197,118.11538461648368,149.47500487029313,88.76240559818034,167.15461217950494,168.9919774198444,94.43183221487546
136.98336812839813,153.54727556631786,38.66203209717027,157.6525369478273,155.65640676430056,81.97310062400607,119.40350614036561,151.9752034872669,95.67774752548132,166.15543693494297,165.50828057839595,87.90073444983702
129.77930493760744,147.8398344007859,41.60446555435499,159.36797745535313,155.37717411174248,82.60686298055823,117.74602248280598,143.11002113943786,90.98004908686225,163.75509919191384,154.69530118045685,81.96362440830623
124.26511225289131,140.16641182183406,42.71008062691026,158.64780013148578,162.37097040807285,86.8784767239565,122.48051998974394,145.0177038963688,76.61036510185902,155.64703955839286,145.8063641253569,77.0450868330689
144.32501440211414,157.78596561730149,45.32714155146239,162.21727574207006,161.725888885792,88.49021911909395,120.42201372715563,150.4494426692257,81.43815615208197,137.44300346741025,160.8562662644806,90.1311816998281
141.13799680833205,151.15289212196132,46.918232180072195,159.90952533602308,161.96585231744848,86.21227963212998,120.33045545384104,152.36701876027823,85.36947733382472,133.99498219554582,160.36874367773555,90.81220639982138
141.18559446262978,147.5171189211904,46.97714850674787,158.8777038580049,165.0321685784226,88.14878176469766,119.86546118503836,156.78473567048215,91.97229091071328,122.03348296999951,158.0028386674295,89.46768067013615
140.1260283938902,143.43665680516403,112.60760918031983,158.89909670104578,164.10670705074224,87.77303605591872,122.1915824510495,160.6335271539835,93.95298695110226,129.21921899123168,155.60900599817387,89.84189002761784
134.33519343107582,138.05671113196536,102.86876567887593,160.30436531044242,162.33238493285782,83.87781182417237,125.60889048533609,154.0320886460548,79.88749438585161,140.14022542766855,165.56740345787227,82.81919342026679
121.47568950558052,121.04336985914767,46.534480565613045,161.76995716871542,160.25332468279942,82.70522492568652,123.78912683501075,157.7713582030103,91.20586157707201,148.54414136167333,169.54931828418222,71.90177521918818
127.11574562206891,113.64324642340122,34.11244805736367,163.7438919477386,162.58446653739998,77.22060521363369,122.73661007757103,149.1246263958819,78.70843514014538,163.5243888955946,163.20286454578707,63.730484416416154
125.74947252063605,104.89877487433337,32.60289908870957,160.6456591208517,164.13758023248425,77.44754251221256,119.27659837932953,140.37335611215116,72.41935668062672,159.63436589897216,161.07652895965072,64.81947684563866
121.2130170864839,111.47585846104577,50.44401455485951,158.8885806564663,164.61199193494596,81.7299852188477,118.65008348520811,142.5052707593298,86.82538173897548,156.79665977388734,161.67700288444598,67.41010764515512
119.60487720622687,113.39708529784062,57.412005697988555,154.16717032747874,167.10974117148345,81.18689181751104,120.02768133581836,142.933627540388,87.50284986502159,142.66473702133305,159.0720161575469,65.0637856216193
119.52904567037636,109.93019243756562,48.21214026976203,147.15377714606134,158.51691220830227,77.56139605147473,121.67108902346959,144.52566730559502,89.3904543968713,133.98724298168176,158.75305413003156,60.86320867354448
117.12025245638873,106.74818706787867,45.05939432238591,142.27931842791517,158.08210982333594,73.97445738640145,118.33107153520321,133.4650896090588,78.99878401348572,134.38961413111502,157.59402693392715,58.062765002992855
126.29162716217478,116.21562606798042,40.55712823709685,137.70522461434427,161.80321015822724,75.25308389444035,122.44850894293998,144.25145225403855,69.6438781765989,131.60302093094262,162.10820177938217,61.73274301672965
116.873042568394,101.71207031905236,25.4230258087404,130.69358523763276,163.17911674263584,68.63899096339556,119.1974096259609,143.14306805560147,90.96422288482854,130.30044990883457,160.17403860644689,61.77933745908585
117.26116670235338,104.9981994763836,31.988980993267088,121.60429537085288,167.98832113342695,70.82315541037454,115.1587732719661,138.95501444375466,89.46756265521219,123.79539542232418,160.1076620066015,60.83544068833398
117.46139058930859,110.27547206484299,40.59012626975673,115.41964280041088,171.76389538367894,69.43057323631771,124.70703732832682,142.88043167643076,76.09848265724973,118.05611016841324,162.17144076161426,64.21085630102588
118.66641315899226,109.98464651040005,45.87951145332731,109.2039330619056,169.6127222957217,67.1905982085843,126.31260070330809,139.9731956604195,59.561788904992795,111.50032340969943,167.83773738418714,63.47921482598771
117.13821678605852,109.25555663474688,43.64045457706209,103.83603877229123,169.08864153138344,64.39614825249078,130.4223225141848,139.88083157152852,72.79618358372629,108.73897244053877,162.67231399245853,65.90071526257911
115.89752772137243,108.0360706131798,45.94580724014494,102.607725921937,168.19303053390396,62.75318606182313,125.5635245503844,140.4739078984522,98.55862502944039,110.03320161166727,161.2658393758892,64.95992953022626
115.99440107389384,107.48477256928172,44.10910314912482,103.77820088686268,166.0394778185185,59.352335658110995,124.8625266212106,140.98769642353616,85.37304825637965,108.29742843445244,160.2285449133575,62.45276308764113
118.0762479877639,107.89720008571844,40.75294261924764,106.98112618003367,164.34433261573736,58.279701225532826,125.79944981453899,141.04192459584561,82.18853152167482,104.68904519357078,161.3238510248351,62.200940075970095
120.83081804763017,106.97397965756134,43.44459438837564,112.3330769050676,161.99150991434135,58.27673627386617,129.93974034338464,145.24637084925027,96.16050089466287,106.75741725927183,162.51670612356128,63.46560338533717
118.72670356994533,106.70692231755456,36.51368126743977,115.36391455440834,163.63026402515678,61.49104951682402,130.0390345432619,145.91528260739577,89.75206109371472,112.02349007302308,161.375780896004,62.76304320290184
116.29432612933824,101.00774914325272,44.4735964217503,125.44724263902994,159.3908479076054,66.36727202578466,128.51840490542585,144.96650435961973,82.45477960787781,117.83292764976103,158.43280482643243,62.33372171130038
114.39001624054275,96.3061847087701,44.36188274449592,132.66605775829353,158.66272324123233,69.93953091391167,135.971556123144,148.2675626370752,71.35883524744251,125.10867646984931,158.83649586264895,63.61972572792673
115.93283902330124,100.42006889424545,32.829415896103676,137.72907819792718,152.29413303064027,69.45612819700257,134.16868127838944,146.2382664075884,70.38124902442041,129.07654853387356,158.97781000466006,63.989538403428334
118.26833242477538,97.82409630386123,48.65421819398013,142.1960153444629,141.60871634512102,67.4437224833009,135.4049471640167,139.5817518733169,59.89137980956289,135.60632870087682,161.30119625722952,65.57048169728783
121.70119175702322,104.50559291967791,77.43493379050852,145.10495996360436,135.82522053369044,67.50325554329115,141.4628836593689,147.66487789072028,63.048263812193404,148.16225359757874,164.21662083109092,69.94852440240753
122.34411434893978,102.29463387267391,103.2501019879539,147.07129145209996,144.44486641201556,74.02474114638422,138.30284223041966,146.79087102428446,57.86926002682648,158.73497614383996,161.7889149848583,72.21767009828139
123.81025229442297,107.10438332435984,63.94980736398121,148.66909973392058,146.33902639515432,78.12177750220376,134.22185986937308,141.64275139423629,69.55692876726168,163.80027299398353,162.68554416186834,72.59725929287852
129.37233815971302,99.79456013254938,110.53201078999236,148.98252500445767,160.2368550075145,81.29697592375422,142.85714386089663,151.47561244468835,63.032460459260335,168.49696821483766,163.23617256458348,72.0177057002747
130.14448528863429,107.35663549798717,32.64268281339026,156.81207943559465,165.90400168446644,87.11877168059772,146.39123627130647,140.45332061135645,46.22977919546831,171.0297445484717,160.98783658456887,64.0271194811548
125.42281705058454,95.72458936678359,15.111098812341742,164.8031868822676,169.27228427555096,85.7206955454895,131.69140862160427,136.07877294687543,57.5064990155911,171.05773156771662,163.7607652193816,61.00144351538655
129.0036811169419,97.05139678765208,20.90982115873514,171.7929877064509,162.75817920600858,82.51642081860243,134.60795978699292,131.24897708091643,47.812120173612314,174.39034692102172,164.49413164649178,60.33898497682889
129.76605828948615,103.14624633207256,25.6746244442011,173.1756144277651,160.99596208854172,78.97094476448676,134.7458184929505,132.25544511815497,44.8713946742322,174.64755082592148,163.15807095359008,58.55351032533139
129.24375505135146,108.3757820244059,26.59668823837492,170.35143487450492,162.13659564122034,73.94058503915402,134.0082309633923,123.06307923749296,48.87074264081618,172.8424490181392,162.8561411071082,59.35953439597182
124.43300289991302,95.94682777944381,19.153080800323565,169.0319614068603,159.78715243229354,69.49748690697572,128.11780847847612,119.16549574199749,53.52208915900619,171.7347798887503,161.21240128197556,59.2860124775628
126.4926700192207,92.10498073828487,3.6188449126305686,168.36351294801466,159.46681284615158,67.21107820073688,127.16281357093865,118.34575828425227,57.564417159067915,170.7479872821913,160.07472892792865,59.31003708325294
128.5043588611831,90.47504049254165,11.408531992301779,168.2616723831538,160.47981851001,67.74887307379466,131.0387358396381,124.924923448165,56.26842305676901,170.20071141790942,160.70365893605907,60.1653320172307
126.92997270010264,92.7343242666018,13.147870014124626,168.1248951587471,162.5342561901677,67.49357079412853,130.90681782044587,118.43512785083146,48.582697538121614,169.17088751744922,161.2509352446102,60.11434997115947
127.26824210391752,96.34305635680174,14.71435305394194,168.16666425254206,163.5869909628595,67.42576196928914,129.68356545461918,121.50821231344231,51.636095779488535,167.23516382349962,161.77489425093393,60.05875680154733
127.48180124309326,96.20979422557342,5.347175605322011,167.61815343305722,160.88787827768948,68.99885614258318,132.25699940078346,129.0802271527629,53.959658345050286,166.80363720314713,160.4693419733647,68.46701502440527
122.39302286504135,96.4382820423499,18.42439898957599,167.08473115577462,160.44307044812206,73.76374456546299,126.61457194562307,126.58418780494853,58.683248568458154,166.23314931602286,158.30507923498618,65.97393858043105
122.31402519942418,96.90993319396286,5.313574045928111,166.95561898474546,160.50969109479584,72.01843625849693,129.85234898563624,131.28353996132404,60.17054211068654,160.05055460887903,157.83163293671169,70.67042522730921
122.9037562099401,92.2185053035573,26.71596628537772,164.6491585172352,159.62700573910587,70.39571062262411,127.49510583948775,144.99197494024048,72.75838852157823,153.37327181951557,153.75169476649282,81.77315224161914
137.25811202282227,114.96612417508877,14.963628058742904,163.27200663705767,160.46386353404964,71.65530808600052,125.92973141947363,146.68195275316006,83.53464860360059,147.17103369263916,153.51434854745327,87.0651960614501
131.13120537269572,111.10806638865638,18.500628018974492,160.06459388191493,160.5274437431913,70.33099652054983,125.08801248358078,151.23274127245995,92.80764652110742,146.2225418587448,141.80438420215282,83.63392502062432
124.88113233408296,118.33771535023679,35.491424807923046,156.34106337478346,160.5447505650015,68.42662202681826,129.3505464306079,153.51688966857014,94.13486674743336,146.6884160788212,133.07947791852555,80.97360250621936
117.13751561796983,116.4786632968827,41.67105001605754,152.19477084038635,162.0733767755918,63.73518833648782,133.72574557467604,137.46280842475994,50.42529134961378,148.5962499039168,127.47705542517755,75.8465245825222
132.43738053836182,133.04586929166996,25.33361370691303,148.04258109086967,161.3202472914123,62.71783944102413,116.1366478445841,156.73347179069043,105.19686755219288,153.11693411667773,133.54958607394147,82.53989805944687
126.78865422463355,127.57735829223707,40.23164026088392,142.60529960050548,161.94396581628658,63.0942735162191,125.93740151240392,164.81751317974113,110.14575318755448,154.88708936746443,146.80090211008144,90.35610321559338
133.15034908112247,135.85759106278326,48.568270490602394,138.17304940034248,162.90880871621857,63.219386612089316,132.89617000209986,158.84468694368772,102.92494938631228,156.07223107246537,130.69370300448497,67.82247443105406
122.55911507834112,126.16115627266365,47.768325844727485,135.04452660863424,163.42457001987208,61.897657300516734,127.6325370941779,161.8917636899113,130.43114594109713,155.8367971975793,143.84761112926307,72.4623954666022
126.5079850134805,125.91046701445772,64.07110746045352,129.45124356606203,164.88808410498083,63.30732572991626,125.3368893402246,157.9412202567416,107.94802026299031,153.56778600937503,154.69189094388238,75.08476247942568
121.40512009657166,112.29794805185571,44.88836439844311,123.44054795699502,164.79641710673977,61.04936621941066,120.87543001125488,161.81095852686622,109.49546555674544,149.51597332398026,162.50615207491123,75.29451186836374
122.31835718830527,115.50558242445504,40.12885421467918,118.69854613864938,164.44450878624642,61.49812125937087,124.07715535445344,166.50510636470912,112.03067252032446,146.82297846260272,168.4695821677471,76.67749318591433
118.3778001697031,110.7652403165266,43.93236296200694,116.96393417198082,163.24418682828733,60.68932696414546,124.39468957381995,176.7347197094665,131.18971548900447,144.4942925774768,168.86977825654486,72.6003879469112
121.39878013573528,107.06595507439383,58.04453540631969,115.8609911457579,162.6214415925601,61.4081909751863,124.88254018304579,178.8241127536231,128.67967974040107,141.491663522473,170.338370912976,71.73355355259712
120.76121673720819,107.8292458095326,59.43598504125138,114.38765226000388,163.042556997014,61.39011893578077,124.60598054619591,168.11896885786305,115.06754141094308,138.6103936071184,170.9975562441472,74.10167102645784
140.05033368481472,137.23620698219707,64.0389953338541,114.61083678587468,163.88875852149144,61.30540893909349,128.24001179610758,163.56852625817754,92.73123871276546,138.95920442667784,169.42410951808296,74.81761112164861
135.8010437706574,130.049637512975,48.880460307321684,115.07569374090203,163.95789497665243,61.180090371332696,120.71694961012724,161.47476800826496,97.65966250054412,141.50644542785142,169.3290762595501,76.17607524100521
130.03125161709812,119.59903978960558,56.786976433450114,118.23817875920003,162.89501437837265,61.009225759955285,125.39501045671724,164.67473177837303,120.28029101564289,143.58978924428138,167.68036796956895,75.96607476258173
126.97202455285094,114.17386517492581,52.13858086320129,119.79809133454259,163.05640052363404,61.27937134055376,125.81483925266875,161.9912031376621,121.84323771536471,150.19310705871195,160.97902446756476,74.89869040782106
126.86281354652445,118.79736957832615,62.68551190226294,125.31661983210917,162.0553820058019,61.76277373436151,132.3732170127258,161.8524145574655,110.94874888276716,154.89893229417478,145.89518688047445,68.00139150585231
127.62789760666593,116.26153785075802,43.600027533581766,129.3904921094199,162.45657195661983,60.49619178411691,131.20246221372116,158.35483908062898,104.55005864158746,158.67116186106534,134.22603823868323,70.27580251542125
127.63456584923658,115.85836915109205,50.928897178440614,137.51293842348343,161.04364008975466,61.33051696187502,127.9904218457519,152.30081123375254,98.88225496727603,154.34501761868205,130.59624818056668,76.13066661049183
129.57691386553685,116.91022602529954,78.95655851540485,143.88893647391708,159.55686154171102,61.92855759046879,114.73867009351552,142.8462812471335,79.19043197802304,151.46669547568314,136.57265544286648,82.87975883607211
125.12898034138638,111.99845867924634,25.79487560646457,150.44176788669805,158.16193150376066,62.905025445405386,121.38103667074103,147.37461695533383,73.53975895520074,147.02675529997202,135.18489151467816,80.79980247179671
115.37542073297422,98.36397127102632,15.62410523716656,155.4303976632137,158.69061578673217,68.54484900283175,121.05011459081712,133.7108185695456,84.0532982176872,143.2483800114151,132.98389340212984,74.30718184366216
125.73264900821943,107.61600602888998,95.8358903329908,160.95117368430783,157.4575984623723,75.09806543869867,112.78346891164492,138.19374862241617,94.09129149506973,141.89339351115964,137.35290537576842,83.14777802532912
119.5283162672266,90.67375422059553,111.82768767074165,166.0601548799061,158.37584782703377,79.48933830669934,106.721157725844,130.57635985551704,102.92630277078187,148.6199697319495,142.2731889446266,81.48760506996906
125.21749502958924,86.71413626160455,40.22831497279759,171.43280857373176,160.86498064038113,82.38450310778312,120.708824046487,140.77111877266563,88.58090281993118,155.80990520680177,160.75892389531595,91.99601687610429
130.48991114052674,92.95466842104224,12.64091810707537,172.52678818984182,166.1842987276992,84.59358593371407,125.19544064553462,132.78211667556488,50.27841077426683,163.9273918507878,159.20355220409814,86.82731973580891
133.70579341896644,83.60800031092214,16.458007029193045,170.27559402577594,160.8905972806157,78.19709888039678,124.0544797360101,134.73721704187196,62.18644512256788,170.80838071379162,156.40468585530365,79.11840973235412
132.88495081446138,79.5391580471095,21.39752232003009,174.10997828353027,159.1072602209952,85.56078778126698,121.17196212854705,140.69849230328268,74.35224176612118,171.5250529545133,161.0891792056453,79.54724528566393
142.96668702109667,105.13213519862143,28.589324591325067,172.02270774504657,163.49962795061228,85.32729150003482,123.26991236192517,141.98906101795853,77.54001543326788,173.57499620201293,169.63191554881973,73.97333810781575
138.25356201251734,107.55978809656447,26.509199971581577,167.8766010231322,163.85004693099975,84.84492061889084,117.1255082222278,140.69083217363183,82.41672350053308,165.06247179958308,167.0020527507081,78.58782192386899
138.0291731117857,116.77747532732079,27.86950675175145,165.97346756739145,165.36799252007862,86.38782253714787,114.58550369769162,148.28073043815186,91.51546551474652,164.35682796806313,166.2175233076698,80.83028346063142
134.14093148769635,125.86372415400493,34.369496986473976,165.05495850849348,165.98863665637816,86.09427536878067,113.37078116473282,152.32604422563713,95.84303943660953,163.95438741048366,166.25820726787958,81.92504616647449
136.05443177887958,134.49313022405184,40.03527057362212,163.20847940722305,165.60524204791707,86.5845255085137,105.82611967385435,151.2845214661802,104.05583358456062,160.276552991598,166.7153240991014,83.45120600720468
135.62618953467666,137.31677643168308,72.45158480527049,161.59766015906666,165.6113257511101,87.9560882661946,102.66462676380505,152.65793404458492,111.61278642835111,164.92889881956415,164.22926403957362,85.27191070190311
141.09585539091316,154.84605334443708,100.2262405845724,160.26757674440677,165.65269652670065,87.6630157285146,110.17949313017239,162.22067165433475,115.89337585625863,162.96300337222735,163.08320929697797,85.72430241584732
141.1583259170715,161.49637430461564,96.78933635972278,159.86919579938234,165.4889085879835,87.03135075816654,111.2269134847609,157.75926465161973,96.45707890814259,162.95692082196217,163.68191830262768,85.81795431378374
135.46432584342435,164.359344114871,101.6692025147735,156.42077431955767,162.7317513687138,87.4728846852328,103.93376500127138,140.20412299114616,86.79434178450832,162.9747903958606,162.58752813357745,84.47509996816132
129.14668955994773,166.14603157291552,103.77648898420136,157.05167832513737,162.38162942069812,87.93000218657961,98.92513372709381,136.55983338922414,82.58493434641066,161.58412866032236,162.0718146464172,84.49398758479609
119.4723542073673,161.4276357130888,104.86961065183586,156.431395167882,162.07868099775848,88.53038328625016,93.26547848186827,156.2621524387567,86.00739717005561,158.76415793875725,162.3262418929692,86.04717164756387
113.48020515965844,162.30371713689905,102.4665045532636,153.8602107391778,161.11511339315047,90.45463874529511,90.81200627261558,159.46739874311336,86.21554543399823,154.42826152996366,161.740347631108,86.46653181710917
108.78246479605583,160.59104839264728,92.99405404674835,152.5732653200422,161.09456455912687,92.37378019889312,90.70335225659741,160.77082866149343,86.89737989656983,153.79825716142187,161.625676253808,87.23212228167165
131.3207394174518,153.4654572609046,36.19651871713758,152.68505329861148,165.16631718829396,84.60044972691546,117.71258663563312,147.630167850191,62.26539345896997,154.60068857856075,162.96699216172578,52.591211728608165
137.6367061595898,157.4551611143022,31.063391818086686,150.4184840907374,158.97150500694798,84.43083447157993,149.2598354593676,167.17363927012553,45.25005092530644,160.50586671888172,162.61436357742087,48.266951599564386
128.58448530804392,150.21228410672327,33.22662346700272,140.8604300279001,140.04853154648032,78.48724808794184,149.47127961965262,173.30722916363396,55.63837812040193,158.5222902883152,163.35359006343927,52.16490893422872
133.5774220633618,154.52805012132228,32.29601387193842,136.16534596065307,137.48194444924837,70.97219660449123,151.60086974716899,177.80350559067205,50.339241245203034,139.31210991100943,159.64329024994134,51.31486168066212
136.8785645247256,165.57631883195745,68.64528233746566,136.43726192945854,136.85234679496583,65.62654761523856,143.203236553203,169.35219582307963,68.79055016471364,144.62403701167236,172.72059525064353,91.86264134309762
123.00510661517181,142.47419686212507,35.164168247411546,106.4167076751928,124.7104003357791,69.59811340717181,150.64414474984557,163.57647165909427,56.0584941974115,128.93705885983633,142.89091090338954,64.99217846377215
127.50856571019874,143.52440138073612,35.66751559781806,94.5436530123506,132.91814591133374,39.7339457792271,154.5757874116564,175.75262661364727,47.636705702208864,129.18903091629042,148.5387414227395,63.756428856939074
130.5514172558395,153.35287204905276,38.01458543713521,87.425471111876,134.54796296067806,38.24384048847668,118.59167444281805,149.39016721428007,58.60401185374328,130.14181370193572,153.4381891987236,62.49631923377464
122.98443178110206,135.88315955215342,34.81627272426011,78.83269090812767,142.0206980966375,37.97336665675508,140.69636243241504,161.95107222689927,32.887773063427524,127.01599421458363,154.46358682564556,63.117943686500716
120.34017525064272,128.91791450773457,33.49612440437382,73.82933870936871,143.3334748994321,34.90761637122225,147.7369536661985,158.2410881029682,48.35245884792683,119.48144857387982,157.31200368163573,63.42864277992339
119.67056669638701,126.67525434650176,34.51964006264615,69.96509292880572,150.03755400825742,37.79021574142426,154.01784849310238,164.4351198635795,51.141008369327274,110.6855461840499,158.63578971026368,64.47109580678966
129.88113611827504,129.22355124572348,35.176431544032276,71.4821985289319,153.27488720017828,39.03871532523146,138.81566609269035,149.16077794709554,57.96951413119253,104.92098560883731,159.27930737098612,65.99061613084137
128.88196242793794,126.94796750524624,35.79088804722515,70.80744661174799,153.7224692176336,37.45897913574196,129.77569258768554,142.17418126055694,62.12630075018189,98.89174252513988,161.63212258251826,70.16046441232032
128.39465286906847,126.6091670454608,33.424616372126835,71.8854024825004,151.80140408146715,37.06505733816289,145.3143400283958,155.29891363902183,51.29652234053244,100.47785956522787,159.32863097511657,67.7585349319903
127.78673087653546,127.89638324288863,31.41841165383412,70.8345673355032,151.54837961995895,37.613463154914385,143.13551973529374,150.97815722410036,47.73204364954542,100.31535328898873,158.78440797760334,67.46132064494255
135.944846637522,136.87942142718924,32.142952676995314,72.8613233125316,150.82774481130622,39.275287343917825,143.54419729528442,154.7783525446178,51.27453720912673,98.8709615752955,159.55552652035834,67.49473803788969
135.88863859610478,140.4452668400761,32.02773203572048,76.44490349264852,150.51945873154924,40.43933504897092,152.80606306829162,162.65823509546811,46.5761743076263,100.37352142120659,159.78093200430195,68.04716600603014
118.38243718993263,128.45079491448985,43.178601157509426,88.72534153417645,130.36948604493355,45.606266709915424,145.97753642124286,164.3520413779749,95.68653215405556,123.05530673692408,155.64419437743905,84.15264471193801
132.84074072668136,144.77776164159934,35.8744498977547,110.9267102023072,139.89840793915238,49.17987971788168,153.5498699336114,168.8572355227261,49.066276769697836,130.0154882284923,144.10200839445483,78.60313628004556
130.51940209894548,146.5172930255416,40.798903556079935,110.24188153965196,142.01847314573598,49.38860339528934,148.13394382482093,168.81527199677177,50.58785671816011,125.77605311498958,148.67228108776808,73.98899902212854
148.1179739984128,170.03663210755465,41.7722459008414,122.22333853523514,145.7124292430847,57.18227707066879,161.16026201050053,178.87257441941136,57.67519107452506,129.03655818717425,155.78034500367588,82.62851499113903
151.47683738861355,171.3496271875042,38.85092653806524,132.41558700502415,151.7143560414973,71.97162043995175,162.92074215038573,175.59661797673164,37.292528839091446,132.61299568141115,156.62749555794713,62.58316166580224
146.7091685650182,163.03787621532786,38.52070619560515,142.79475295349275,162.9481316155543,86.18128082870315,157.52179373356972,167.926733002618,38.48405196322156,140.23829405233815,156.26863309657438,57.14957424705329
148.11638675320594,158.6761499736642,40.36974263207849,152.68924330029398,166.84934693548507,89.61377630747779,125.6270632293429,152.01592408795335,71.26801771642592,143.9194786901143,163.88955038485523,63.246368937131685
130.4483363014573,139.27895758015623,40.150559211654226,159.67440188271888,167.73739872880745,91.12737010030477,128.95881880424866,154.68864370956405,73.34822928600585,134.32089036017967,161.9173556725335,57.78969115808151
118.78040814578775,125.75084683756143,45.04374802961208,163.00710861968264,165.60907815369512,91.7415878055749,127.56318170841114,164.46231542332683,78.4839429520147,124.99725671083814,162.5306297263504,56.374225965396874
125.91477965253924,129.60926967405592,40.021204174731295,164.57814993323234,164.67401519093937,92.6052364576425,127.6589180715949,164.62672061500763,77.57279739261982,122.7690372177218,154.28494381039266,64.32053816377352
141.42667350358906,145.68979627663316,45.11781215936299,163.0507854027757,163.5373479927462,89.6833108444889,127.20517143992232,162.46893293044863,82.23604796808013,121.69089019663664,156.74410064131274,74.52866269560913
136.61802283315194,139.2648207391797,109.47425973308557,157.6147250680181,158.89848538157642,85.03527095056847,117.57857336346672,156.52770631122993,96.88065437886354,131.57657651372884,158.40349672798055,80.8171472490511
138.24750989558208,139.90796851276,91.91832758517207,163.88062852163338,159.3581847555917,84.93361362437652,116.48209749985007,152.21577844952793,96.6408341326314,135.189003796414,159.23321121946975,93.64316671359883
130.93373245963338,132.73397184080736,45.7550036933963,171.79335294035712,162.3142300317073,83.43657746916311,114.49004133905878,149.9365577490823,92.92228086680338,155.91564798512954,156.93973519339747,89.60743040722426
130.8525219672465,132.22708261249304,35.99444483887472,170.3718440328171,164.73800494725282,79.96427457537754,121.09820795943473,152.65976789400116,86.62460915930099,163.63089171453916,163.77526404991667,84.79085173980451
125.06168732125356,125.97758018387161,38.59862295853737,168.36132073955915,160.6509398535758,78.70389589978754,124.80792164376808,148.78799552065328,80.17571794542523,164.94542543022257,158.7377036843786,84.55527507618602
124.53498122857147,128.89496963185766,34.30671234160352,162.65807387918395,159.99298632750765,83.30832265465295,129.76661757698804,147.04615584829392,77.33872972674956,169.3762982560993,162.2478406891362,88.53684596613694
137.76078083285805,146.05067302526436,35.362887947824994,150.37981883586778,155.74693335263498,85.60830054591528,130.31235924271232,148.40158778300577,76.73687749024529,170.0595228544043,158.8996950434136,89.38679359431718
146.62799693018457,157.65537066047037,38.28204765170016,144.49955730776819,153.36219473998972,86.58100538767768,135.76121119670043,155.95522285514082,70.75825537420313,166.05319661985118,166.5327993378542,89.39012223914821
146.77099186485273,160.2598443218531,40.638203938362324,140.7511311015774,162.08597518825954,97.60509522921119,137.65756912658415,160.71150273577157,59.99870847243578,162.11282489591366,165.2632052557763,83.5025174130038
139.6817507507142,151.57420266986608,36.807209279354986,141.93003169932064,157.22436186338265,90.0234141039503,150.69579658011492,179.10167217262477,44.64612419497117,158.77854725538248,163.1432890803433,83.02219762928534
132.82825522014178,142.75316765488697,35.53590455024427,148.73265381104147,165.39846222460494,96.87096301726336,116.10637988614744,157.27748097467384,78.30353162337448,157.94918609743505,165.02456709166805,85.0017922520253
128.59403678743925,131.95364216567762,29.40136950232896,157.5780183133029,166.3609194060237,86.09753133752422,105.00187921754072,143.48477745453243,95.64548449280989,154.7417375517206,164.13844528168065,85.90811761419478
139.04301023678906,148.81141763253,34.71330692171451,165.38426880886797,164.6318935300956,76.44844490939268,114.60151331459927,142.04341894627453,89.55891046010274,156.23802662857892,165.42685316276592,82.1870825611583
134.58577231723223,149.14160175197136,33.27632240160136,166.6804214016563,159.26583083176365,70.8717040902615,116.68418142859286,145.81599142923292,98.86432781230738,151.24101640048877,165.60507668262883,85.56870062587103
131.07965191681208,140.7620495697064,28.747524710820453,160.23498032718098,160.07133066106144,65.06002965425743,118.08291236072914,144.3215998965783,101.60060479375443,144.85261002362984,164.07913254711346,82.63064641269064
129.6553003013077,141.4166623673792,32.20749369689677,152.0072560307594,157.8634934104825,66.97046852499606,119.62479441013784,148.02687235797217,93.43499941186982,137.9877960689824,160.63399595210873,72.87974428554891
135.993454462921,152.26059717867327,32.04637211352527,141.25935622460744,154.98325581071927,63.86073498181118,132.71392759387527,150.14403795660382,75.63615233698752,128.29504039540538,143.49183177276768,54.76727242741517
136.6617075330725,156.82193204892542,40.68229023000968,133.31485691752764,151.15949662570466,56.63029338113975,142.83083680527213,158.84832374455223,67.81162517715511,117.261686573841,148.47610728913037,51.03147020329262
118.35682829480835,132.2655915333931,41.226508007511015,117.69821289642138,156.74503973613977,59.60489555941985,132.77005998898485,161.42312370656342,73.23935785632511,103.03848792107934,150.20689623512217,42.110441183320816
126.91015488604324,144.05193848352332,38.8901776747972,106.53476814128985,155.8901196933705,59.2495006335129,145.76307196671382,160.0326250642295,60.99553759395773,90.36819762889459,146.3535686259381,35.725722730511606
124.12228890711987,136.3143233694911,39.220796322735545,97.55727566551485,154.53470461206675,61.993593820565366,124.26081569780173,156.89749260699634,70.13538919874027,81.14592729487568,141.58803679620812,28.590742549708207
124.27631885855315,133.9465241653914,38.861442928485324,91.9612288326518,157.61042881776385,63.170381807279895,127.11636326265305,153.33985244193292,82.0818133642738,72.2144004228046,149.841556112277,33.943404776574425
131.67888506602512,144.14838313815957,37.9169169311339,84.89576832673654,159.41699991439643,65.04771199121643,149.86256782294936,156.33949704688948,56.69009169441963,66.66030893323374,150.6706407527965,36.40556435720067
117.52785589583975,120.88649795739563,37.766299534051136,83.51792645448353,157.30091848961473,63.25249559678662,120.01545991921246,150.04596936266248,88.09626403411862,64.88585629505329,148.04990656896118,35.30843511945691
114.91639996077558,120.32680352939771,39.40410909628903,84.06742077998989,156.82651456668904,64.78441771700906,125.82913232255937,149.45179802909038,86.10227021312157,66.3476449869304,145.24075277862076,32.85657815313948
114.65399569275299,120.0553925276005,40.559962198733785,86.10405283087564,155.1866610992067,64.65846143383952,124.1840133808643,147.03252159332354,79.35719221582387,70.75523649360417,143.73411808198546,33.38854160755866
116.64561378234562,126.39786323563055,43.561085468044084,92.65735524324916,153.65682146525896,64.3799842187511,132.07080197467195,156.83888368873895,68.3597549887313,76.79007763969368,144.10705815940548,31.40888101513139
117.17430472339723,125.78921677092083,42.602703222944385,91.48910860985366,155.96606802325215,68.38722134442898,126.6267487069767,158.58207948637764,75.23807253630694,88.25984910755894,139.06836029932182,28.11763906330307
118.01586636832981,137.50654757169943,41.99453056523941,110.68271310469815,153.93350317595352,70.4754066281102,133.2871351983284,152.89951470003254,65.06006738202984,106.48819333814997,133.0065666578608,31.228678859300132
127.12386713549662,152.36552803082847,38.1302047323297,133.20932159925746,151.95302298361523,72.75371723908276,151.81069581124697,170.26681813056382,60.967862520503594,116.2318884652451,140.16104949571644,44.031857683587795
117.10822427614613,140.15082374434988,36.568988796727425,153.05348449398676,149.10060660556348,66.45044441583245,127.75357810007054,148.0705186238727,72.5176066029605,130.36079205109434,150.06225336987217,59.043886411925136
137.6412068693254,163.41869848774476,34.03169574680892,161.34446177593156,157.21143243646358,64.26962023447003,150.34499637720123,163.05917082723064,53.40484046735676,133.01285181906184,151.71906164297732,69.92964154677087
129.23837032945497,150.05659941957654,33.04068454340928,161.6878803596358,157.44647336340742,63.56625427912806,132.26331634192385,163.16133757606917,64.24461158110005,148.24796859426098,165.8508932367972,79.16522018248143
121.23531351733318,130.07217168331644,86.88864849258911,154.43223119365686,157.42364308277357,61.52969430029866,109.96179141576131,157.40371620139913,89.24903791137389,158.51207603822604,168.1069478018387,84.52078629957187
119.46064318702663,133.0189768506261,43.63877245924852,148.3792177799131,160.69873456070553,63.22254257564391,106.611102914602,160.64849815942185,102.2160725979257,159.95899233389025,168.586782958205,81.31307971555958
125.62680961861132,143.83743588056,38.69414996663455,146.6501067623565,157.80990450622085,77.32731180233183,109.2414749933501,154.12877231035762,93.81642991053019,161.6665042123617,170.43151588850273,84.98322959747748
128.68555964266216,143.56380222586296,38.986708522145975,142.63063298403313,114.96273814198109,53.31097763535907,114.56152239923946,156.41641434633246,92.34746823356353,166.02631979935302,160.723318861471,82.49038367274406
128.04834287824403,143.10902395982433,39.447442690524,144.53686781708228,157.22089215472505,87.87816289199196,110.72766656533815,150.6464700276285,89.64234877788142,164.24149387178642,159.67611507566897,86.09710367152125
127.0945537885098,138.1508994185363,34.20373075407215,151.9055406546773,147.98332743790513,80.49098590743753,124.76682747344465,152.31061597164347,64.9713542329298,169.65157947364904,157.7946589155753,87.81354410201386
127.79092852039355,147.4182256331259,42.026974982074286,159.30024122133713,152.5350652653989,93.04339871869031,109.95532415506361,140.05831619283677,88.55971921512094,171.19637024985087,165.81689265392228,92.49204084884197
123.10231818658269,140.84438566940838,44.0063595157109,167.87253110810514,163.03971908709633,86.12346172228978,113.64077348840897,144.51911795031458,87.57344189732763,170.26039352777215,165.91847181188595,89.35660419539732
121.00607585757284,136.29354029565715,44.31887538766557,174.38579875940957,163.68606620052176,86.96973238190358,119.73449436916367,147.54061490182622,84.97253824278073,170.82383387458773,164.59944753604123,87.61160610010982
117.14793959736551,129.8444075783269,48.16149863993329,171.593245097423,162.10015929792843,86.7632237915062,115.58663343734393,152.65356232319462,104.18609989427321,161.43306571239088,168.87727692541583,91.11020725350674
115.84818596388448,129.69218503992647,54.99189917418826,165.86889087037974,158.9808531810514,90.38291290199912,115.62579858825299,155.26998710499012,111.82641942202783,126.99100460086422,163.37615338144045,98.14748097758202
114.3273178776156,125.80088354313948,48.70350167691927,165.30322869991454,162.01768210768648,88.97948992492464,115.13096799928937,153.98464940590895,95.67183575365081,122.86823896327871,156.45339750912697,87.79704016375761
113.67701965405818,126.10284863219431,49.25045306661046,159.27650720585842,159.0275404668096,86.0815107834814,115.66323348644367,160.0016480375534,94.38376376977362,112.27897869095209,155.96065193192686,93.24840356414329
116.37652476702141,131.64780692762847,41.52052269435639,159.5063425766663,161.7203291332588,88.47488336381997,123.51399223058941,161.2761843622096,82.47826312558406,116.14047714615236,155.78049656184066,85.19782964186994
122.43675264451437,137.17974684156925,38.87742750716784,157.7977610185353,161.7185519224715,88.73804249339982,121.67043880362772,162.6093790827836,85.37245338272083,122.87131485199843,151.57524478355484,75.67845146063841
113.27714567732116,130.31826790151476,40.630161467720995,159.49280513101036,159.3401845143503,84.47080236807895,118.92229747548201,151.32275711166062,70.28685030152556,156.64931050703285,158.7281289071029,60.892880711129884
114.5223671309411,134.0441573588547,37.26270179373578,160.07972080052176,162.06092435860884,82.80637265090756,118.74851362811287,148.2452103618919,65.6069632260212,163.36277463248067,160.92052283269132,46.424613314793696
123.3259819501702,143.1828946825293,35.25239492086297,153.1375374025789,159.1548764356943,81.28186388851657,123.96039194171658,147.97771469449063,58.62240941129733,173.2117810083174,158.1373844309278,51.62930924184312
130.72680666198812,152.21851748235045,35.27765660102046,143.90377178498602,156.4585673369303,75.38536962194777,146.22877862948604,165.3145579188984,52.21954378697232,160.96299819909223,160.597345026839,53.70334189380884
130.05975742758866,151.0440683144606,34.332592685555994,134.28462740163715,143.07195882493167,64.38863913967485,140.75570008032787,157.59428308006815,53.96822846343475,147.4951003302262,158.8449848990626,49.18569412691539
127.35668642619696,151.78688070060934,35.41391401814654,123.56532925006198,144.26585145017756,59.83435003326851,155.94201165968218,175.43470609453794,47.700217395186755,135.3133268763011,156.7261287290893,48.98026705580021
123.97693142538924,147.37251731944406,38.96282027285899,107.4125825404612,138.16196941704405,46.77134569984384,155.6102240127466,173.2450233403406,41.47798078310364,124.73690411718334,156.71091351248614,56.08491599187783
114.72614317277092,134.7771621451818,41.12025040727532,97.65402272733961,146.55608921265338,50.402819182762535,144.41101771959492,161.6512556180753,48.06002093557987,116.01459798735166,156.9630246244616,56.03547795591487
109.56822665511447,127.64985167047736,39.801289708187845,83.0760783644077,140.82380795040805,39.231365242603566,142.88805412325132,165.61776430698743,49.83535989603449,114.71843561905644,158.03455302342513,55.05490432445585
112.4346895776334,138.13723421970846,42.16701424660942,73.16180635642216,137.22591798532954,30.590742763091225,151.30346194841943,172.6398518993834,42.30566737236311,111.88589363885191,158.4753009981086,57.57230371638958
112.74304179800086,126.61796296513819,40.73051560012793,64.28934731767765,139.93885314737716,32.19435154344338,150.5183979790017,170.3828296841023,53.592710512246875,106.55394243864296,157.110525432232,59.55288603261893
116.76754330518686,125.48870797225888,37.89307337953777,58.95991885873174,143.7917906897591,35.34087547813952,135.3516468681979,154.03918040825377,55.83439810609586,98.13403867211323,157.31517473406421,61.27049065749459
119.82074888049038,127.03276707564024,36.20540577824884,60.62010716959232,148.09733689926816,37.184696093848366,137.14858040134646,155.25934667810768,56.7966907101938,95.94877216117547,158.03452482691725,62.73785373012193
124.6403971925251,131.46855854599448,35.859169938028046,60.97819857889909,147.2756514790313,34.34568022421255,136.02197943987696,153.02770823649323,56.780775762481916,94.32106323786644,158.61105874005062,65.2145922170257
126.99507127073237,127.1246842858407,32.582289751003614,63.97563755719551,146.63507707373887,33.9195893243218,136.69021004384842,153.9030230513588,57.10660934885042,95.98962030009142,158.3103176778746,64.92757957042856
129.23429379326774,132.4152312881693,35.581265362334754,70.76320274318984,146.22393915765886,33.07917564417651,144.37696411561004,160.88148985918315,49.75701054953983,97.03649571370288,158.6332546475085,64.25548120830017
122.58044235588372,136.69047481622,38.61263869538755,74.37212617165359,147.13939173958198,33.513310050161785,159.77226750367973,115.38194068872058,45.86376682236949,102.54503216330683,158.93731590482875,64.32699585044857
121.97644839606608,143.20284104528704,42.462994765557546,82.8554170525757,155.8299941243608,64.31521571317127,156.71643377541795,103.8500747750242,30.535923147840183,139.356409481879,166.75502330299764,86.99067674807051
139.73802920385953,160.79803632771942,40.67397712314463,110.33197840704243,150.06712903154263,57.41268043550581,161.085991928078,162.61651333670056,33.40083166965509,124.99288390009865,155.29399184440535,67.68090249407116
139.02954334801683,162.4088142643047,41.36427335824495,117.06706810106213,149.90287384467422,56.42001562631136,160.62002155305782,171.0540780054227,40.99379569162645,127.35438342152254,159.33659658721325,62.0510110260229
144.4263094239846,166.17921624154934,36.89714820392534,127.51783413639316,156.5329875099751,71.01493478254848,164.77153214553306,174.0784951232076,36.4548992311583,137.9549134844776,157.28280162112284,52.0281376462448
140.84298092704174,161.2070386332009,40.41390659571948,138.47365156180058,164.64316688574272,85.78133228515084,167.02201942775204,139.13881622929475,74.61158321401565,151.90628484798123,162.48627404912384,55.62938130109061
141.27355469583057,153.83269323318314,35.43688028486687,148.05463071681618,164.8164168529582,88.46295901242458,146.95804410175472,165.46251897930048,55.11106777871168,146.78644528407136,160.27080471861765,52.943045320262115
118.86716984092669,131.40438389477208,43.11573590002933,154.37546195873833,162.0420475744055,83.53640676464296,147.06508189591764,167.7658525918101,57.745907472891126,133.48317364070468,159.55636582003115,47.249657944661735
113.92730123221214,120.2352152694725,42.347142057402486,158.86512391743432,163.05610789113516,86.54433953960422,128.55134161199035,163.94763487324934,79.55780410357268,134.8434514445938,165.8184678058668,48.26231494139249
108.94403795630855,97.62037166085751,137.3065973911281,162.37220975987066,160.6210193168367,87.71993338868748,123.44695958428045,157.72286544664286,86.64765491033783,127.30748842595638,155.6136645268404,63.218550725473406
129.48548710808086,131.9455144470136,60.31680773939849,163.5302419554094,159.89153582128503,86.0187559387773,132.85150140017464,169.0024457843619,77.31021939770719,129.54706128937002,156.0075706505246,72.32117882437059
133.48695589264815,137.66831641149696,47.2420620800008,167.14453105104033,160.615304329189,85.38792193789423,123.35711203811405,161.3058936769239,84.0919026046563,144.6386927001822,157.18489036877463,78.42221608115464
121.7338740001094,129.95424778381025,53.19616222529313,168.1094738626646,161.80854023999655,86.033532826824,118.52824514711804,158.17360312414365,95.28580739620052,150.86838007368357,162.27562323988516,94.19321576635095
120.93977059713414,126.50554795088625,50.37810872383997,169.88941483812238,162.68225312049023,79.5135138114263,121.36706107980571,154.8669698980019,88.54394820352523,163.2273467621463,160.87391331748537,92.36140119834477
124.89662836536117,129.58145628500822,40.450787601849036,168.35303091963573,163.74895978499023,71.54879891805702,123.70402281862818,150.51974219443312,72.19613084132881,167.24589526038088,162.0897732702272,89.11318115471248
128.1430240641709,136.66866692693074,40.73111283115835,167.09961501327848,162.03475316983744,72.64188259543316,120.31309898172759,145.04686728639842,80.12152536981233,166.59714846589824,155.33477169514512,79.56497099767685
123.38086908447559,132.4434539300846,37.326728740381505,160.24656969015433,159.33701140340543,73.94377243174834,125.05992252489537,145.37059595475975,71.0483642718176,167.66244971742606,152.7546844946406,82.91168778750084
123.50519422219475,133.90432216366366,36.29438137612775,144.15620796628335,140.08920879424406,72.88217788850206,126.61809977898955,147.81205506826058,71.57592984932866,169.30521762174064,154.93276923466334,97.67342392565583
128.8647601873924,140.08646400083884,36.26702472663475,136.01503364704857,143.6788869261634,84.25867473552137,128.33866828142757,151.19791728060247,84.97447690156491,168.0175166190225,153.0288813102391,90.72717094288195
134.53746913280702,148.71020269274058,40.08268533194599,134.40128073487625,147.85262052943617,87.21267260506097,123.54951542719489,155.1491290373345,95.34390415653438,163.40630692135426,165.61491946711942,87.02435773683217
136.1788717142739,149.37234599132896,37.86923112460339,136.07869998208903,155.6171324985178,96.0182294729203,123.93524487188414,153.51030278918262,94.3776536783376,160.9810571007157,170.8216387882369,84.19704600931952
140.95132819346526,151.56471233189475,37.68998967942086,141.74859539103875,152.80317563273763,90.98739716015308,125.11252515211187,155.180369191871,91.57638771731517,161.98955381114732,166.69242314999022,79.99459818151644
131.17974479543653,141.18196849823426,37.244224929711486,150.7775115135032,162.66054158436603,85.37923966806223,117.11089105665904,152.89049228126214,98.24086802599928,158.44439448330542,164.89279143047486,76.27285587560841
132.60472399674086,139.83428144363856,36.7464196625539,156.75641168218888,162.6045322525346,75.40079602935612,118.5629798534299,149.51580918171064,95.66168877983577,152.67453696840167,167.4104496692463,77.0456419368126
137.85301408733557,146.1773824822991,35.910900388605235,156.8212005144525,162.32509708423885,64.72776177451595,128.06906992992828,148.63868097269406,81.24519723757994,147.99079989899212,169.37005455431685,79.5832525131462
144.67150382265393,150.0992227143312,31.56875928101679,153.78351915103994,157.53824618232247,61.642474852335035,133.79976783432278,166.88142494451114,97.04191417280369,142.79423611818282,167.83950242126988,76.53652364056036
141.61539912956852,149.77583683121853,31.68715636058873,144.55243534497762,153.28245082354766,62.02392134527261,127.88530105974779,151.90301033091882,87.82248183593957,134.8658465131763,162.51708355142296,67.63864182316286
157.4751444979021,167.07566982853365,33.334746852643434,133.58423966150795,152.4676475996075,66.87925965940367,130.84016315664107,147.3485006243108,75.61423016090156,120.91886555805857,163.74312210697164,62.435046074083985
150.29082261101166,157.06366320372447,29.261072402099177,122.6017281320627,155.46471898540972,64.13528092451268,134.9300705808917,147.78826860291224,68.68965618588366,108.97140095199771,145.6278016866141,41.5373068851058
115.72239517229015,123.1870014635219,36.489444719898756,112.49001734105306,155.58530018586362,61.355450735998645,142.62058383014744,151.77800895856058,56.38692127614871,98.92481825293692,152.8318642975469,43.52890109436579
131.58292384070936,137.7170636851604,41.00799534449301,102.09337890847385,158.94403582068753,67.42056125964538,154.44402108400627,170.33551724086573,42.78910124681013,84.54605312105826,145.4309139258045,33.264963389590896
129.86563499560035,132.65503026860713,39.79112201169931,95.19746488644596,159.91146720765954,67.5974891704514,136.12549127990843,158.40656459376876,66.09747991969722,78.81658654234123,149.5849401301259,32.57239055344232
125.7556070004412,123.37465019436377,38.88326553176931,89.44333614941945,157.46255403830833,66.7859109977006,127.59257518595874,151.7079715695987,64.86911816091208,68.6159336867504,158.23924098387172,40.75626980498933
122.8586115527534,122.93147038964891,41.37027580228157,84.14363675216748,157.16014570236018,66.05141617495006,125.671792608965,153.01959113661306,75.22279361916844,63.549700780163576,153.70205467180466,41.89885023156111
119.39347246458924,111.12247830504816,42.55855604215941,83.9836283257372,158.43484338752663,67.90740756926057,122.37276486760845,154.11716387104255,97.41783621051223,66.0089101864747,149.935292067425,44.67390552536674
119.72994561898601,114.71420413702559,41.68957598379128,86.62852772737953,157.0557932895196,67.09594370256164,123.45613588473361,152.79783804255032,96.82796057666086,68.84112574185848,148.1534108918291,41.62106858285848
115.82673395378245,116.67375301899988,42.249034918429814,90.96694546801574,156.26697762604928,67.38138138530422,112.71874335180736,123.13441902591518,32.58068221601976,72.69958065112651,144.35375481805886,36.54864704677619
110.36040069689157,120.27946917431265,54.03826895751278,95.21366435870866,156.20812910339123,68.4432391042639,132.84647573741876,153.05567810390608,65.71127043472767,77.55637033660103,145.11524770061263,36.066331507091
109.9521919802744,124.14601049894381,47.84164941773671,97.04982834454552,157.10093863101702,73.75985547191414,130.97977749278778,156.36716769426187,75.36526832909954,91.45384758674622,137.3327632476023,26.89684187354591
119.43730729120789,134.0547902994642,45.249156694843926,111.96260485355766,155.472731663005,75.09890792210398,116.00337678360259,145.09067240416428,87.23106761089988,105.36506411994074,140.18904975886872,35.754069841585014
119.1971596898463,133.96579114970604,49.32836449538429,133.25170767321413,152.8831766191574,73.60336152559134,122.53232321231557,143.39537788132034,81.58753376841511,116.37012214011078,157.04925951434572,61.90392896659614
112.10282364578454,124.46457283599908,47.27688819177412,149.24827572153424,147.86041110412685,63.91473364045347,120.97553919967491,142.64543333455242,87.13133225819777,127.35731345023844,152.76950820303063,64.12515222491015
118.88953648250735,136.92257505832453,45.65668611898989,160.49524647771813,156.72866948235415,66.95121272990002,156.92547026714578,169.5514321966615,65.54580386644506,136.52076030037347,157.97269131545292,71.30538483240335
114.00293472683164,127.63475871881033,41.97829162868986,164.77486084394388,155.9625534417469,67.48271245759351,125.29200806964752,151.09707358672705,75.83141258505712,145.45309163245696,162.75155096227166,78.1606961157574
110.87415547660109,119.24935358457971,40.413109137145575,158.40533590793166,157.80481185030266,66.4903267800689,110.26274701752652,142.82200239596176,75.44475122267276,151.63297721681172,168.66830744058117,83.7666932807192
108.95843743777678,115.406495010892,46.50288835051465,152.46476742796756,160.6445876042965,60.2838742076694,104.23598590121065,149.64711687518928,97.12463139363332,155.98222209493352,165.16750670469767,82.84548103615197
111.04485152978837,122.5848557687938,43.42937747518891,149.41977096995845,160.8123235670961,74.47209695421948,109.65746042132498,151.51435901140567,93.96873080344638,156.89940769750262,162.60322671534612,84.77961332207067
120.94452802169472,131.86962105273435,51.046406449149366,141.70447856578258,156.48145987179794,83.81962798840571,115.2672398682856,148.8644850851514,87.4936600942426,161.34806421545616,157.86059845497715,81.73728327101762
131.36641018849284,144.24851208945603,42.79495643664454,142.26481053768273,161.48400078585308,103.44888281999924,120.25966237791962,152.93576542875036,85.01521295394551,166.02726939427413,159.64245034719553,86.22201345779852
128.26128706291468,141.58170831565153,42.62853821132045,146.8026467309215,158.2398236722423,93.57283788171355,113.40741182496163,150.23455646501682,96.79392391649898,166.6739709614523,153.48177130086808,89.46743432012373
118.12516864215215,133.7872324072416,47.90344879756939,154.1260965263717,162.09776193620004,93.32544128601135,105.49013598575067,141.81591120575533,95.11247955502498,169.88650410630888,161.09661516901187,85.66458879253669
115.88343851329542,132.31229234626662,44.81258337860678,164.7469477609403,153.26369775799913,93.9317207523029,105.93141413414381,137.7774553200662,94.27878578021519,156.89011309069897,151.67079088973492,84.59054657717205
121.35996392354211,133.30011360480881,41.81925981266379,168.21389792734936,160.14441673397596,88.40677461066673,100.21306139702371,136.86418141869433,88.05650231716704,163.92208439806103,163.5120106017474,89.27938841659069
120.40593171464292,130.44150967999286,46.28670689001205,169.6491179290147,158.92923648642827,82.11130210446015,112.58939189705094,143.30747302141438,92.86516351546635,163.65623958062253,164.252192758821,79.97473141257362
124.57342837331105,131.08000558522122,51.91283945655401,163.76614317989058,157.92615324877391,81.78176882487821,114.91695044267388,157.77801722990844,109.15016442502149,136.87288282439636,155.70453421072287,92.23172839657505
125.1021735299317,130.59131446377762,68.61532826978224,147.92926323897117,152.22334570233895,83.50512251924371,114.06222481248302,158.77299744917104,117.81393976102456,117.5258368218617,157.6985402624432,89.35107804691238
124.03548720247494,128.86919647833884,66.49467419141305,152.9653349228034,154.06694325659572,85.60786016164107,114.25924845540553,156.6057211542599,116.0237110623083,119.71515779460576,150.43149392256282,83.336711495802
123.43757848824394,128.90322270719244,64.10705622827707,160.00294742254246,162.84393718896365,90.25233479401476,115.7813771562469,153.33390434555525,106.43805054427366,122.98849771602242,152.045691130936,88.83697745083329
119.76792365989104,124.25053193596892,56.23184998733866,157.34407205543178,164.7661656441098,86.97255419417087,116.95542418075604,138.87155308899514,89.38845413779521,128.1840398662583,152.73374008936182,81.20103373096715
116.81001504294333,120.54878809742398,49.150138178137304,155.06788304783908,156.9094608719277,86.03184131308319,115.82972040643668,138.43284021919155,84.52846018730702,138.38367852453007,154.74616191255484,70.40147112728376
122.772933190657,128.0271333822192,39.66907495685049,149.2780191079227,145.68306971290332,81.76500297866735,122.00582384201088,136.87564923680395,69.60207429677236,156.62916736163933,159.8100188129304,61.12930678359045
130.58061080121632,136.0873995092686,37.82390384873244,141.27757389157154,135.56901722867383,73.72282764601974,127.45103263811534,141.13198848036814,66.90540098571707,164.1531513000432,159.03146155383706,51.73184259061491
133.3019190627822,140.7469524070211,35.17213183992519,133.2868163718274,127.82440165301104,58.190598564127356,135.4720195040573,145.87832964884075,58.19099020044718,163.01006839792535,160.46131433187094,50.937828352718896
134.3683102718183,148.43367807153257,37.63394832299536,123.50001005793484,130.36754700696306,56.15715144228822,151.83568786851777,158.27345396350125,47.480520791786255,142.87690811941613,159.09582353424216,50.557849944202864
142.98633711410315,160.7467898766673,40.3495934273459,111.32417906129713,133.00525045364233,50.4263588117252,166.1903747194812,172.03291878867583,36.8850298714258,126.7960081278462,160.18505191256233,41.020478862223534
136.3724018204906,152.52563584525524,40.49146761085548,99.1462158035992,143.07889949994208,52.091333839160534,163.04786872571145,172.54994869216026,39.33529316021721,126.05605034909003,159.84060912150045,52.34882924388631
142.67491366930517,161.95113694095426,43.45404728669292,86.43849274474826,140.96206333592932,42.566754352778496,150.86273960421258,159.79268535734934,55.778164216865726,115.81916578292201,158.69109880821333,58.747401042757886
134.47168422496065,150.36811661558056,40.428546257879844,76.92417988887637,137.56006322607752,56.41243996850387,161.6343590257101,172.0281847912521,43.27785074583337,112.7003431299242,159.73764659087686,62.10001648092836
133.38953928669662,144.7294696473792,34.97331365036385,68.2403667862118,150.15204540606666,42.88066225331337,159.80649944225067,167.72838339633478,42.65513023892988,109.73674023817387,159.16849138831128,61.80789799162325
122.82087972837627,129.47468164855687,33.75539638710334,65.4684282477778,146.57180894901228,43.901636845871025,149.25542278598328,155.55807273160505,46.0173573825462,103.52762128594675,158.8028048847189,61.944794210188114
123.68223307273968,124.53615778265888,39.137391975810665,60.829668984166965,145.04551287511495,37.86469556996396,134.96967230601246,143.9818730135985,55.51555143741358,101.03468741601111,158.59160718824907,63.71565285826851
126.6706999406751,124.78161353328578,38.59320974083209,60.407881481245354,143.65400747353704,35.34753834244466,130.84856606698204,135.45661894018758,61.91708061839066,97.06870591541598,158.85336728435155,63.5541861710029
126.17567058164614,120.37451699647809,36.36977609959953,60.71457347763795,144.08555719160708,35.332081788258826,121.94866281831926,137.64623932542477,65.69082632384405,94.05569047348177,158.89173357494215,66.02883756991108
119.44972848437341,108.28511044997288,40.28759368918849,62.043519586923004,144.16628643587583,35.07817572560283,131.648100842601,143.99885821771667,58.10588758559795,97.4674783222269,158.18885303944182,66.43245874420306
119.86202085007314,113.22834852747924,39.38827573281205,65.77704332766346,138.40367823033978,32.515576180569774,134.77561650248407,142.59193000733825,51.29667968281811,101.22670785758223,157.55399062599437,67.33497778204139
119.77374256513934,118.51241042583413,38.25518836227808,71.50121144568013,140.0188677104261,29.524058561367863,159.03346285580602,147.79472997054683,41.40873144214563,106.61270290308987,156.93523048004567,67.76990344047266
124.224966319443,127.82490330509962,34.39431820324624,80.89599165454996,140.39292932335348,30.475651919901185,148.16038707549342,172.4181651460626,18.697865089949733,95.8356221247939,160.38886080018654,66.74354965392648
138.5099441235463,146.58387168939495,44.45058153124347,95.10277226833756,131.77242432011684,29.702771219041253,162.3057910806467,159.4986828638041,20.74830114458402,112.12797637555148,156.99890136664686,65.37269774321368
139.68480424773094,156.19949997610365,45.70632918989458,106.85359157704417,141.86621145766165,47.120521007438505,164.69487174119277,174.24226203076626,29.880221891798293,122.95712423486911,155.19286687872102,58.43785009251488
131.61849264654003,152.30286868705926,47.0603871398959,116.27060928842235,144.16371043671663,54.62628613067634,161.6132220011702,173.8780821336206,40.40744084296822,137.02156597231914,153.2803109933897,57.25416943411535
135.2811924023404,155.29596557168,41.26910104276725,124.54486617923921,150.53702887182664,66.56317589541148,158.28541439380626,165.29048230229097,39.25754188090363,158.46831876320317,160.1877102005125,53.64452398041723
127.53853650933964,145.85583817009507,41.224392621919506,137.35995193869275,155.02073626762464,74.32705708600163,155.49824601759184,163.5899666004007,40.191758251796685,167.39659039955728,160.1173456572269,51.79965005779315
117.02259376609634,125.85571537753582,45.085900840543886,147.26089414923635,163.9520511272318,82.36220031986915,135.76073303388463,147.48719513571362,49.00274462268916,158.50823714180734,159.0585931451977,51.99341954026497
106.11442166762055,109.53254955291021,48.85581410459102,151.87768953966713,159.02215737361405,84.14491139402,130.99789626621396,150.56088005756556,61.774381480319384,147.34522015491814,159.8430409616601,49.70420955439216
115.7601091492858,111.21942027446684,47.33874125026673,155.17644600703193,157.13272841342996,89.65358459073622,121.12326681499513,151.02486909841966,82.36755060192893,139.52962649302648,161.5658259106642,59.977463417148286
124.67989381988488,119.85374479209358,38.16156673403781,158.96929882103848,155.36321509523458,91.75371507815579,116.03533538434351,152.1912916987168,90.93089563140055,137.5835430507934,153.88031289302364,63.72624922452948
126.3949707864853,126.79161977965485,43.12985334635725,161.7059460789165,152.6032552504468,91.99490030949671,116.92733769449185,155.37507130318542,93.51505944403222,137.8655432794598,154.6200518014167,75.34471096445085
129.2303182195132,134.4705271165948,46.4583450336546,163.84886050433923,151.9596182845823,90.56598706616383,117.62420875974809,155.8245454986268,100.53955536300532,139.51379955050135,154.74377543775847,83.29137950219261
124.77179008921192,129.07907754735055,58.75652706374154,166.7525919351036,155.54182630198733,92.2756579461725,115.7454442713676,152.06000019950574,100.19910768505694,145.21664910010333,156.5263765386775,89.84710923413355
116.42487558490805,118.4385698233199,58.940480200917065,168.6216961709635,159.40445432761695,89.33474097659409,118.24440091415069,151.49977347411053,93.27641853562493,155.1126756842879,147.16811420701166,92.79205129383693
117.73289954970618,124.10629767153092,61.869928107866265,167.84265519066722,162.6605267174375,84.5467287715264,130.00591519546896,152.78110812395195,82.8302157004818,167.8870444829394,150.9121447656885,86.95239339254651
106.94339677528384,117.87003688829807,58.753246754321026,165.72117024308773,163.09892515692482,80.89777028732058,115.39832462670874,147.14081869154694,86.2132631881299,168.87842924661643,156.91698624248073,82.27763151463719
120.47907705882935,133.64635262628707,51.54265838683868,168.00952370564775,161.7547784095054,81.75845979091139,115.58990170656014,146.0350752564326,88.17880482366665,168.3682503686472,155.16226790059957,81.24169007819978
121.29892615026438,135.47928130878927,52.97250303586402,160.1335267362528,148.82292861709973,84.64408256730408,117.69620355611531,145.00783506677521,89.31477752759834,160.79219190052177,149.21111042456357,85.6589697613409
124.27904699194453,139.95991312132756,54.88732905351802,146.49005681059154,135.5113333409622,78.4007719519891,115.46733881903204,146.40528648747454,96.15066438011084,162.50070370714852,141.81514868904375,93.70432360437862
133.21066290457523,152.60690506256566,52.971042741348946,138.9828821837595,151.88299070216263,96.0839785891907,120.55913397131707,149.77741747502458,89.90795909119703,164.36074163531978,153.6253347574237,94.90700536046407
128.42223637282268,147.10908528609696,50.576876930864024,136.96531668274076,159.03234871247741,101.89949545152162,117.68501729571574,148.80665513552015,90.859344827605,159.62021601865868,164.87964961785443,88.49416540745806
129.5046110289152,143.97258447450966,44.77837868702314,139.2535842005266,166.61273770458277,104.75618386477737,119.33572694198341,146.34002513242083,89.41741906588165,159.80656535278953,164.71906078724862,85.29873350483801
126.48815604521222,135.9969177786031,37.56041483863412,149.4936814553352,163.1989966281574,92.43427607349987,111.65281284484277,145.88579502153868,100.52890257441209,154.28738858566882,161.78492745830823,84.91894417616619
131.9730233489669,141.9845514077178,37.0517556556209,160.10158162223485,163.446540635899,78.67436104225908,116.99024821436596,145.27580743800692,96.68897052161196,156.0479013424257,162.67637194882795,81.78068784624367
133.00357020935013,139.4875705625446,31.124417357240393,165.03292352249173,162.76953427996656,66.81155335202743,114.34443132263885,141.88137212436067,97.02655327454315,150.95623990988992,164.1087458857473,82.91259940252485
134.7606535935946,139.058199994984,34.670665692754405,166.29451211890517,160.09151896200464,61.77552261926531,115.05974830987508,135.11393842676196,89.28584439900514,147.20693998661312,159.82429159981282,76.05151875912907
143.62757244173346,147.6710135306404,36.15124093659522,158.8550082376225,159.30248812736212,63.37219157435708,117.46334267280332,139.54749804307787,88.1761412847562,141.84570405719714,161.91753342561685,75.64795916865152
135.68395061694994,141.91453517558398,41.67575802920316,149.43751430493705,156.68614416164627,57.50215874984408,115.21395033583515,137.72516940102977,78.21635030052825,134.4753144291874,147.03492238204535,58.231239301669625
140.45822515351972,149.882210977189,40.65978871657617,139.3099862627265,150.90581842983028,58.66156392936814,134.76705415335167,149.3654847138626,63.15811584606368,122.78861500647614,138.03541665197173,46.28605026828604
142.10384654502664,150.33211148915072,40.7981338509776,125.98237419138825,156.0597887871546,65.47687196386188,119.54971671367613,140.63451195915613,73.91249700195905,110.08692622414806,142.23713034782446,42.282070903649256
115.95486664608032,117.8450038720463,43.207123881427954,112.06160847599583,156.1363847864281,63.684567278305636,112.10050888089235,141.61603443359306,98.16104180366109,96.66281630636793,143.57316695958784,37.3717947894869
113.6436379168573,109.01504290512334,43.91164956004105,102.14040323206763,157.05444992849905,66.29886564978322,118.29591459966254,140.06439667950238,96.06372086035502,84.16070477777521,142.7590684894997,29.485262526912454
118.7587553285838,114.24457742737563,39.21736526170999,94.94461904665116,155.548257774521,65.38782117250342,118.62703340910113,137.0925740272335,78.34763720723012,77.85841205229808,141.66304597963108,25.91928985015852
119.39638856452513,112.65585301250324,44.5888315641505,88.52544344440444,158.49821915758383,66.64795255380406,119.40288215504049,146.4613828531057,101.42179932313579,71.36506653837381,146.96548704866524,32.38290017475609
120.16033357173285,115.273245840534,46.227160523365185,83.51162931992233,159.44494274387415,67.35478613248803,125.00949370631004,145.92038386590073,83.31161311698821,66.48593848043181,145.07352344543807,32.247873852656134
116.45695320876312,109.38202732718163,46.820801491902614,83.00521239399288,157.64957846609005,67.30644277490892,126.67739767385936,150.99137105278274,74.37250584141425,65.67678052926489,142.17008585609176,31.412976634830734
112.46054408605154,110.78600151148234,49.26008868357775,84.22794535012487,157.9871045653248,67.29762054848614,122.4485334973419,145.24292191485102,79.36059397463653,67.47205073873273,140.6273184099846,30.23179364416385
108.61874143303665,109.89708456898536,52.76069233766547,89.46605409604226,158.04256391243652,69.17190016531235,131.7363091761193,147.93463693400773,76.33964879076403,75.27938542270404,140.966329945413,30.080468900994443
113.01694310612987,108.92334089680934,44.67235934567937,94.69517113496349,156.94227947426694,70.05599226721816,132.42999210700364,150.84118055300598,91.91079076599397,80.407000947619,142.3793353875215,29.04347403408677
110.90768817074917,116.9772520921794,50.095938699037426,97.85880345795074,156.3638660844017,71.98041789815007,131.06364651117127,147.69641641409754,51.227423886466745,88.00710122333932,140.54852191524756,26.965621660177305
130.1908880917355,139.81516993940275,51.97173604151616,116.30792395058769,154.32300289709954,77.7298668974463,126.98823245724329,141.86796407976976,71.43698202213409,108.13990760896638,137.50968845818798,35.51691525868193
129.5642211268431,139.87145752091942,47.03511848356,136.8057013790232,149.4484349340145,75.46235277536137,122.29726338915144,143.40528087220133,82.75789488524856,117.22811148966204,147.11333468873758,54.79076176586685
127.64679689593714,136.34906458748847,44.154920156323385,150.6866526307467,149.03526732645886,65.1647199048301,121.09841682614277,138.03000584290322,84.83263271119439,130.78559628617487,152.76506660094594,63.465259038735276
143.2364226525901,154.13385591831948,39.90884858846502,162.59676424563847,156.36327244973938,63.901236996051786,146.27238842988967,154.1136817294933,63.66971606886158,138.2443091134637,165.36386514477746,81.3630738088405
123.12994472572979,138.31634154292755,47.632685871568256,167.87560154483566,159.8589157793887,63.9198293362163,138.64062390560656,156.59405257575622,66.27920005910283,148.57228458315316,166.16507306042564,85.22489399154051
123.82753449682679,135.3734621203581,46.64143752583917,165.41867423043473,157.48933244097339,64.66331285258994,123.98943380438072,149.07319310880095,68.28348455666583,154.57403123736034,167.18287294558283,88.52278351101039
125.47035382247195,144.62067997021444,57.30026557186745,161.37449581815844,159.92186681649045,67.3130112815143,105.08266070114948,146.44831928762636,100.14031136888491,155.7386505804702,164.81431929596204,91.26711375624828
125.593068196431,132.68110400737106,54.38239712296043,157.7343146807022,160.21360401372928,72.8504785755975,105.10148553024554,145.99821757109734,103.79033266861077,158.30504973247645,165.1083023751236,92.86378964002145
133.90723442212717,143.7423158997161,44.035902354363586,154.60073096201668,161.08072281504224,80.07422254259161,117.68740876963834,150.65579857337096,91.30218781659126,156.55125967361266,163.68992482678655,91.76168541087733
135.6615288740001,148.54181486103144,44.75952342483353,146.7232780059234,160.08301582966934,80.47776844931006,131.16444674480334,158.20563502525403,78.69526579681579,156.33452876751994,162.45008740778962,93.34133024124596
137.6055023754317,149.98780073844006,44.95638634367509,143.9998474641768,166.99557713146004,91.97728597701608,126.54190454339656,154.9722423156381,85.29231601160598,156.73590313122767,154.2717771821576,99.34807788843206
138.43391795981728,149.28413848031136,37.305920281805896,149.71241680672898,160.79393810947445,92.57051437601272,115.08192836706259,143.52310922912275,90.29845726029183,161.12437435397325,156.35873198472197,90.67747830284674
135.4333766938101,150.14824296927137,44.20967060212403,153.29794847536107,154.63916518260788,87.70246868880685,117.40761266632163,144.0864224528286,88.15084750156657,164.9554368791376,159.40413173675773,88.43487740342711
132.94591552927068,144.63223839973108,44.987816822764,160.17913496314205,147.6046180185751,84.72562660207832,119.17524210798986,145.33245538437671,86.25700163897945,162.4642887184028,164.6055455332864,90.5719161482757
134.74607073816017,144.99640369102613,45.5378477842639,164.74497767908505,159.32943969835057,86.38437305076442,119.81746890109606,145.0030783285686,86.17566199633694,166.5376988132694,148.8124128275651,83.29251436291386
133.2309652663998,142.8776107564031,47.57014827679977,168.22240320664744,163.21983078278384,86.82815900546929,120.14963824053395,143.5209587707044,85.47741768099168,171.4708812683469,164.3091586311718,87.05845561271326
132.69065251348374,140.72719730322035,58.83200849521054,169.75814513451544,159.44099685158528,93.28805567705116,122.27939172594625,149.79117514132096,92.88928915688408,151.9730677924163,164.9636929611785,88.40209659274802
129.54084420904894,136.6600921784587,78.98732036203863,166.69767590938915,160.52785709697804,90.85327187141168,120.89608975755112,152.41709698313025,101.12447206996559,135.5292482323494,165.20015195635494,94.24365225253815
130.64986856461528,133.3637135177652,85.79701523390776,166.5566491305686,162.64400059569732,90.78774441983552,120.19114191436645,151.53056530754193,98.89557191966956,115.92713562998341,149.94513473443104,90.02464481965063
129.31722576816682,131.69613592074387,73.30715762189537,163.8284445345211,162.24805064836454,91.77633275632901,120.9459614177283,152.11270695852556,97.28026476197881,123.62361657473276,157.0599703901861,94.56363749301661
125.36683955094966,125.13315119061173,60.850864553643966,161.41300809086644,161.69408594949934,89.2819353318877,120.31735894086356,149.68128742332294,93.24330499960169,128.8403274371693,161.7915415685572,86.87017938947567
121.93542088163274,115.60172868943077,52.572023260225464,157.20019564403984,158.32049013946235,83.5149163663857,120.57054920543008,146.87440190211245,86.6713449242618,144.6926061619083,159.99626515762083,73.60725522338062
122.26050510842144,113.9273825557304,45.74899454905835,157.591888231491,150.86098066548837,78.92049114332292,125.46668392866013,135.35295001051728,70.98185020792073,156.26922506637732,161.3652468965272,64.70495317088242
126.72058478990915,123.68513658067491,40.95005841448397,152.2774363907739,141.67651578977092,73.94945528238945,121.53174355962706,137.72178044822533,67.50300358848169,167.79153014575184,160.87320255665895,56.174505539980416
126.06417650257275,117.60331079725422,34.35846299852966,144.26039972785705,132.64641827911817,62.73359874748609,122.13221959097312,137.99602598392295,65.1434138913676,172.01095840521967,158.33244837941976,49.9742366042918
135.31367977543658,133.09521028502073,33.955280836694705,136.74918687022247,122.17833704480954,62.51241135961002,152.91852485702327,147.63248184186884,38.108968026379166,157.83530744144667,152.52598339558068,57.51496016602336
127.83359042954456,132.32077859284456,38.9711983477629,127.40029619652718,125.94570255212302,55.81604170806417,148.1615518617999,147.148105982529,39.88614184556505,156.30235000912356,156.73131078756523,44.820370710912734
133.05108979469287,134.92085548947964,40.11488105655655,113.73076962816852,132.76526008359255,49.384376818792035,160.12472053312166,163.23918390494433,32.71771014851068,145.0220028201084,154.92741621945896,46.25571264464619
132.62831194548352,129.70737116485185,39.641315289731544,100.3508078543952,143.24770921345518,49.79575626749784,163.02453009755263,169.36510489493136,41.605136405271104,132.4397869656106,155.46709879474432,55.261788279646034
123.29712590897812,127.35122048836048,56.459895322331086,93.53042071364057,134.5789583240094,40.09437959411242,162.0039983356841,176.5636121694159,39.18470150645184,126.06389025997346,157.19394917657817,60.50197478265275
117.87486243150734,119.34402729110366,43.45710512005021,86.46740808239305,142.2872954668498,43.240298809823784,161.03073704951493,165.79074309919721,59.139491718310715,124.85993123908067,153.7395733830767,61.27681356373096
118.16489896097458,111.30137004502542,48.22682443923774,78.44614072855525,145.30914196622564,45.003756468925815,165.64008726323937,177.11421788551277,36.43091859309318,113.69323965113756,157.7639266036301,62.296184704853935
116.74521477807367,110.8956128754624,44.059011588114075,72.31129432902584,148.4324011996768,41.6826049273092,155.45819463657685,175.0716080818178,24.53862101074285,109.82189466695505,157.17859489097188,62.95487049058261
117.78103339893788,110.94741876722712,38.87144677469521,68.25212037709711,152.4363494439221,44.81919580008269,158.96479418124787,161.92009288038847,19.90938385789909,103.709308960788,156.7443584873856,62.31403409791789
118.53955168524764,98.83164034059565,37.11853316967307,64.83236699261639,151.29330303831236,43.13803002991529,125.68239734966357,149.6406742613078,51.36078388209323,100.83273921008565,157.12116575986494,64.2684381399638
124.66844600671806,103.35832955718196,31.419650155566185,64.93849763838767,153.02889485975012,43.40757420085017,139.57434218791133,167.36053273462906,45.13533993774292,101.46279094334649,158.20482603006815,66.11748150132449
123.5592900589301,100.73161443054181,40.17324006534448,67.54322084716618,147.46303208774745,39.072098493167324,152.78918504451534,175.17252522545772,41.61843176449836,103.64618669022943,157.46991484739414,66.8949332163702
121.54081605971514,101.43369183055204,38.08170566949323,73.9062359854556,143.23668051221117,36.3421841528265,127.00666701447317,136.7541193721628,47.825577958555606,117.99177407054624,158.3573843093813,64.51298262114756
122.67017568638335,110.93242494273348,32.79733759221693,75.1841145052068,144.78081727020256,35.373848923035524,139.92705435569374,149.4226700777595,44.04996099881633,115.50594455165312,155.1492571608024,66.18703041005556
123.95581724218611,119.32927445298931,41.42798869030853,79.00919456331486,146.60816084626998,33.37737629043062,143.02629121382282,151.1703506764049,43.457718106481124,107.25708417596691,157.84906000206274,65.65864783230823
122.92433057087662,125.77827730850797,43.81760807178907,110.2447169046778,154.04676178621105,70.40901660127473,132.98030123507732,147.9074790756709,66.86822641063512,110.74963671160519,138.0974535694473,43.26943550925653
113.09665294680424,125.75616728196502,61.86262793075672,140.6062935525091,135.87200260562076,140.9626265517524,133.44883867666894,164.08895730931334,75.41806179116436,137.65921966003552,106.97839075787672,44.939937388128556
121.50696324848082,134.43157281661055,43.83997894047588,117.25400734964201,166.56949997647507,73.5666513672045,123.66953504053859,136.40858012985413,53.569403004556015,145.21255134925912,143.27017591382312,78.48823772974647
120.18694332562748,131.5040221374647,42.471483298214935,127.37219706823778,150.6420116258764,67.28894330958725,137.37517175602557,147.8733435486532,48.36972140987635,152.25139215203356,152.75672243832773,67.43768481132254
126.70342421009936,135.68081488293663,45.88472428671242,139.13938331491102,151.203887570502,69.52036068395626,144.2671606013171,162.3226748028278,53.23210291790325,164.78609075137499,161.4845423142122,54.00520438233831
109.55934403993528,118.87917681216837,54.34065540018421,146.90723664532103,159.28784808158812,83.73601189123336,145.39146414501172,155.31672889126108,46.9090228351422,171.71757777743653,151.79070975214918,45.5117497053208
110.3924060699722,112.07605010580377,52.104421511956154,154.14021594284208,153.99400331305466,91.80623075594396,125.89844706683688,141.29514529837147,63.05270404207181,171.90067383813974,157.64719273758774,51.352107693549996
110.79547189537766,106.4477798082991,55.630984750185455,158.0986323758218,155.49158650736481,90.61181601360568,119.93065174029174,143.85094099372142,76.00023176922336,163.60467330383688,157.6841715622183,52.53213029821905
112.68621240094188,107.08371903785196,59.50955524744421,160.44960517980243,153.53016295961447,93.46692243546694,115.68197580526825,149.51091075348936,86.28369079369452,157.73170868228087,155.58623333700348,48.26930045464516
111.57885489817068,106.71071529024046,71.11962846511715,162.3821791495474,152.0491542994807,97.37482742314373,113.7098790569921,159.0302889176382,100.57209346059918,155.2879679725618,156.00387708611674,63.62181843882132
113.95694756478946,116.03849396453397,58.21051187928577,163.47880821553375,149.69030495656364,94.57031782420042,111.04232311859582,160.3716558881978,100.03168336369286,155.2422291166602,152.2148079723785,71.5482162751734
114.12388982353826,117.78269771655748,56.748041054993514,165.59205947669008,149.54782172538998,94.72598018111344,111.30691651992238,158.17922699811874,104.07168752962113,158.04984611557427,151.80136329843455,79.4393293210003
115.12400654644769,115.69256595940622,73.80471520274598,169.2789483267756,151.75045047409535,94.17573672504678,107.25297462579441,152.39284169645003,103.63778293396375,165.68553672544067,149.94695340945046,86.96304362166589
113.40850592857525,116.83527007340648,57.06746468571046,167.72394656674524,155.2127601535841,89.47574331747727,120.60609913810706,152.43957922454697,95.60273794407465,168.21298036340818,154.92344097350292,82.72403760348656
110.10691353823981,118.53573770835891,52.45704325130917,164.1147000923778,144.97887918456254,100.26689277603982,123.90822898730492,149.3228547568436,96.65719911797976,163.47269733264991,103.93975498038449,63.493249493912245
115.63337036283292,128.3411780768847,49.452622338999184,164.2125461845279,148.21593034420448,97.06887975215766,118.09945631912262,143.78911966520724,94.86086596347096,165.36618268445548,115.0066481082273,64.20063841744181
122.38589575873735,135.89847863407965,45.70406505717405,160.06219896970111,154.45198227059544,89.44420505765224,113.20400289304314,141.9071694930876,103.0265274353441,171.70055602473957,126.14942732780892,81.79017571104295
133.03453332178665,148.08832566526758,45.09530702678972,150.2032685394484,150.03263503215746,98.6681520001132,117.10655455218483,144.39878340344737,95.18550512831924,171.39587265141412,128.02968124325898,87.82120040984736
134.94396019123016,152.88750593000609,46.50575441404948,140.62280732445797,150.71537345493658,97.86834462964403,119.43617316468928,151.28505380212798,91.53075995721427,165.37175570256443,145.53279913309214,97.42225885316219
136.65012749227657,155.80061138848816,45.44064276919583,136.33712338099613,155.6304847783888,102.16060113289544,121.32399865443169,151.32591821015077,85.23680408532687,164.40039828344885,156.78402773217096,94.35745777507218
133.25834975205169,150.4316917006015,43.854333276657144,135.4809866413278,152.08620928199954,96.39990154080213,117.46274591812646,147.61124981600943,89.09042299349021,162.6302200828667,164.78710889262175,90.4054740115947
131.23924381793165,148.68165534966016,44.9068332740421,138.53306944266726,155.21263786471405,96.00499394689638,119.62694058089154,144.97956655510498,89.87897261974932,162.4687213820652,167.67333224557993,89.12199388793915
130.98170510229656,150.31956020194426,51.96906327078774,147.3893422652891,157.16476073551675,91.00078431134389,120.34490515869513,154.05392211944508,100.56453410462359,163.80173898138293,166.21947673573507,85.95282290205229
112.50943957268251,124.6228859048708,44.49812074430711,156.18275225482057,161.11772595545264,86.68762966313999,116.50634855262979,152.44710611064832,107.18183801917432,162.78827100806436,165.72400566912196,82.60188968392133
119.72203884340814,124.31668408717796,38.418456438318316,164.31717267234026,163.80458557011698,71.30769440085048,115.29741207605679,146.3127277154684,111.32335255290585,159.05881334412896,166.0025506872105,80.23150635696483
143.6796975179078,150.69681841197234,37.38075150176826,166.624509641112,158.23525953602558,64.95537743966143,118.81854416680405,142.63180216536227,90.33995476051945,154.87694300670762,168.3736697935508,81.14795238372844
149.27354720118745,152.827863825383,39.70461548249066,165.14147242229336,158.9707750445367,65.65786490292939,118.12341654205481,140.63364665207175,96.11034581526937,149.63671932743907,173.00354313630018,82.3064737533158
156.68960185767872,159.12270376512055,33.901737813571565,157.54690309062406,160.0831194453533,63.51137558125302,124.39614640406191,144.93417222064448,73.30026427712525,146.03207911054395,169.45457685312203,78.7269637288869
160.01439863632413,163.70100847673856,34.1583459352336,149.17280506665065,159.79940718038824,53.83012709314235,129.2719837113379,145.4797896264606,68.4429665255512,140.49574073521137,167.16322856415982,71.68242864133911
144.623241630143,144.58287898555312,32.663422965221784,139.7524963902106,154.01081980189335,58.549220488719136,125.0401611444032,147.86925522301084,69.92558202974438,133.86669767626995,157.8774173458995,62.44849235084772
147.97524401142198,152.3871824652718,28.936446078983103,129.11970321696072,155.70957844351673,65.34216434557554,123.66318373617263,146.3436144950174,63.79808719502844,118.16475404087717,152.03241372461707,50.145364086746355
145.8197434925252,152.40228799981233,28.987795845767835,117.40425758136422,156.1565286637604,67.43587101109343,127.35432329465668,146.39906294528544,71.47290075996715,104.82771409620823,150.6145819602825,47.13717506166675
132.56447450435786,135.92369564864498,39.83519587138166,104.45710854948025,156.9062856976734,65.7105580957022,137.18942557454082,148.35808225792522,49.76937155069585,91.7834349821852,149.56077446745005,40.355459002785025
138.28673119851751,137.15810184166745,38.12675896381856,95.87392837304436,157.2878998550249,65.60798515050072,133.85723903786092,149.01926129574386,55.93391505259001,85.83172042182771,148.55920111171673,37.753847502893834
165.02217326877187,166.96615460323306,29.574474060130186,88.74162518240072,162.4637876176338,68.29010243525022,159.98383499639016,160.97848158280004,48.88018156716687,77.14095052552891,151.61430233593762,34.08359964489299
149.6856842053957,150.1105229675019,36.730552340352574,84.41687363492261,159.31435830347408,66.72542671610495,142.36571828114148,148.61189539486776,68.60011730337645,69.32891137213481,150.77470865812322,29.98136921192434
137.40319109306418,140.59359853185595,38.117918528566825,77.67794676810132,158.99908866708066,68.2035200246809,142.00139716055804,155.22606185300094,53.106320349003155,67.32294267736597,147.18007034925603,27.04566902887103
131.31535349316795,138.52567479192905,48.63508854054921,75.16897165847216,158.81576823426823,67.12505889411918,138.48861571271652,154.8766483044418,59.421977569909686,66.68715663237292,149.38330500607418,28.956845183012188
124.32022569025929,125.62299430253833,42.27950024449579,78.37545319802398,161.34233787864483,70.25149760583683,136.304261399098,149.2654965102697,70.81302758800256,68.14763519010374,151.80224599312646,34.05216907031511
143.3039908651264,150.9418806593746,51.050563447698984,82.19448266540098,161.27435594845554,68.80390895289851,146.6940511629917,159.8907991610633,48.43769900904669,73.2422802099719,149.54466595039432,31.244852523130405
144.45184720365882,147.23221754990803,45.37680120905297,88.57535497542118,160.6368752001957,67.13290369913135,148.61863973489588,169.28733179245825,49.53321664705025,78.54841750986942,148.79383328628134,30.157572578520924
139.59802308275255,143.80977982512965,40.781568418724106,94.19035123929132,160.37492577012816,67.0281425221666,144.6949464383975,176.5428079111058,72.00466603386303,91.80209876527371,144.47492983870498,32.576855816569434
145.49742645574258,151.03019129874284,44.73138545893361,111.75769291629463,158.06473416046393,67.2971667578464,146.25691762687214,165.3851179161626,63.63153980345608,104.98160578134296,147.30604306096248,44.62416314551224
148.14680161006268,158.56811716249686,42.08852371852149,128.2712264677697,154.48929290352567,73.35039818708411,139.669126481889,161.24694565493607,70.5957706246904,119.66410269918721,145.2673999495424,52.81696771074136
148.1476142001236,153.32609216741588,40.01596692152179,142.61337178684542,150.65380351524786,65.23639310840359,138.63093723110148,156.19835133140052,71.79686600040222,131.49517765772586,153.62308070616322,66.74377587117012
148.67915713551466,150.82703304785747,37.964291256031395,156.2530304076501,155.89479893016312,61.51820693168914,133.01604691679225,145.09322268904012,70.65748461310372,141.25428790996318,161.75692159482324,73.16198072035597
147.6275999181201,154.4274149492535,43.408542839678724,164.68710994185463,159.35901198391855,57.7734561388075,153.53424469446358,155.13414087957975,43.81424575233861,152.80947474079792,167.33116820684157,78.63504166514429
122.0232033226303,123.19546086817012,45.53210416818863,166.31802574297944,158.56683004274504,61.389581308832234,115.75257049283724,148.18797726045008,91.54729719888087,159.31533624379355,162.28586857809455,83.01502748307314
125.02559863103127,123.177955582744,55.50750817512481,162.51004028001475,160.51054936916614,66.26574136768303,113.53637602979298,150.5980771561026,101.7097992393527,165.10527716290787,164.83000000259273,90.71610249648175
125.77578679379448,125.33219238491198,53.20452714491493,158.1731871962404,161.3643666214909,70.34918996693126,115.16408349900145,148.90868229527047,98.10470203853708,165.84274802232173,160.99815306912615,93.93657156031428
132.35649723817366,133.92012290136122,43.69990901217511,155.54545500623556,159.82160688439188,78.79291718523913,124.9247415275193,155.356410644786,87.1989793038726,158.18849727338318,161.2348997916654,91.20586309827138
138.02529180638115,142.0013846688897,41.3683649228668,148.91501879573588,134.87034398779798,69.03786302297863,127.86565312657994,155.51879608337327,82.11366848160239,160.74465766577734,162.82256520255686,91.60562765292927
143.01348153925773,151.29682856030294,42.89322914905775,147.70442755475642,136.06934478011468,74.80468792746456,122.40634410757666,147.99443313867044,83.14146138917594,164.28503190206018,162.36389084477432,93.08069690960882
138.91261198155817,146.03911353536589,45.48807512987852,152.69821996830223,153.63154974625797,91.65011004088507,121.2524349403399,148.332308006075,85.18402549498322,162.84121342372777,162.99547117817272,95.56926527561474
128.41030034646616,134.99297507032412,45.18293594841085,156.17919768532622,163.43143870799,99.2146328628194,122.14867680100366,152.08101445469165,82.86317058766603,167.1120610920407,163.79292099375502,94.5860866561216
121.4599845577081,129.07648637157027,50.21194118791732,162.92405210201753,160.38080078858826,92.22755057838499,125.13816803904547,154.5709108854077,81.67790550489003,121.70928558259106,130.4345195812907,106.31236658836893
125.90603665504534,133.2058469394278,49.57743038633911,169.74495835991203,161.36719392573477,85.10767063548079,135.77819767240942,158.41310227579626,78.83373326173768,150.1363279004579,162.4559258717523,95.21604247786307
124.11516162331125,128.9395856600267,50.81479900380098,170.41467946766863,163.430590758706,84.1081417443875,135.0488761113243,151.27221438759082,73.39011547824585,160.43343661663934,149.82307228195177,93.20347202210874
116.51102092902089,115.35389980095295,65.92454049321076,171.07183211138,162.42602236152905,78.90080938014388,135.49052448554548,150.08269141559026,80.18190583552588,163.1758839142687,168.1435397046904,88.40770158017556
120.97513689927551,118.67411348028722,88.88087695847399,165.80344366373225,159.64015125520808,85.77451127785427,134.30604560709446,154.27156352261926,100.30482145513041,135.831991969513,164.38670824089405,92.52215484722859
122.63028796451651,119.60564155605365,103.29691347162829,162.97902988379244,163.48623189565936,86.99428921020282,135.0943418810081,171.91241830282507,108.97154728720356,130.400123958263,162.50174010650227,90.62056342685443
119.0489655118071,114.93577590719188,106.01656608529484,163.87478344436164,164.37992402748668,85.92272852105113,137.97776438195513,173.2635156549192,99.93780508180353,123.06432674256897,157.30394512522375,87.96303165046906
125.45414545096236,111.55862977505981,82.68709959714892,165.59175945363063,163.71921647501725,81.49998685032686,133.05881366765342,168.74836584616332,91.45571342779571,124.61916234190905,167.73228535463494,91.16073431005798
120.39739356388567,108.51861905738548,85.83865233467172,163.55491548795123,161.90872161957935,82.94120471767776,136.7599625534898,164.5703451263944,76.86217166922732,130.45019014853426,159.22112932234924,81.99373365384709
120.05449050257045,108.35655409111929,70.19799316904695,158.85053386625202,160.70179249121873,76.5456253427043,143.08749339672346,157.31484697252193,64.25579106333998,142.84008648381987,161.85160444506187,70.07887475760752
109.72799802709723,97.32988921942687,127.39178021147481,164.17775819438947,160.11489428748533,76.52561006972046,143.72202739952976,159.41496218726388,58.907650848810626,158.30756284217563,163.33636517051855,56.91845109483884
109.00437591266233,108.84151787408794,116.43124842822282,164.5393789777251,161.12973064972365,74.66770082536513,143.65981349731686,147.14300823151413,47.82266755369654,166.89237746116638,163.01138514666917,49.33257547879839
117.33538080116237,111.14124005971118,52.57628360973966,158.3874940235611,156.02568446187257,70.0937518658787,138.38424275923248,146.33092556411336,48.91410808247132,169.66990049816724,160.17504047771055,43.63604550906594
122.28961592150213,113.71286115915315,44.0853323834098,149.60799466578862,150.1844571679152,70.0482315788605,135.77701872443956,144.21552719975952,53.283989969249554,161.89314254899708,158.51094121908667,43.370264029451945
117.78623996224093,113.2955705320012,43.04929717598304,140.88546977409362,140.09315951266248,56.204938976640214,146.72015032033806,152.86147566858753,40.203062709015406,163.96895506563885,155.42650045780042,39.4285036942268
146.3859852283316,153.31505077257646,37.81995283887711,130.00618849896088,148.43591543937558,59.689431932080865,160.43188561834077,168.33483967892371,34.77758402895203,150.40796154536616,153.36236877268365,44.78020157690333
127.73418479186891,132.92307800265928,54.794321286559764,122.43611088774554,143.75938717194938,50.85468499494261,156.0680903098763,159.31754013309944,39.410929520304656,140.32735315205753,155.09085224369215,48.56205364068307
116.30698337606219,109.98936489943061,90.19976538928277,108.96286884363933,142.18186455335177,46.32906150282386,147.83057999643847,162.76079847145016,34.417851938789795,133.66337697781822,156.61337532238605,55.98482903125844
113.18735796566308,105.05275984334847,85.88580794777685,94.99112416647432,149.69182239539649,49.816750767439906,157.16373385533402,168.12887209179584,23.886701583425996,122.260055123491,156.52902702381348,59.346165116491974
121.96145812864434,104.72324274961258,67.87949576291089,82.45948690528348,151.18065080999415,47.09549380726281,136.9987561355786,153.42273539724937,35.29509118187611,114.4381536454221,155.9087287785182,58.37643646466497
126.05345890224136,100.16989718797096,71.32364162503714,78.95604813344139,150.25908965109795,47.94755326724516,109.37338342369671,115.12603695082271,39.754757306841185,106.20012549377304,155.94231764130632,60.4008379180825
123.59286603522439,95.95028101526638,60.317898259738826,74.39158390958775,146.87899551001573,43.82801094038753,111.75473912761396,120.32857202683253,43.012088478562376,98.61998063106917,157.49522225196873,61.44158296136328
111.3300930665807,121.44950065880741,53.913113765616046,61.49570976937752,131.42164295879562,84.78715008019908,155.51772538665873,173.80039244754883,17.059775052228684,81.95612540003324,104.30117525937571,165.90708681397706
115.88880967728458,101.69022261557225,57.027752275147314,51.34106591511142,108.8083435371028,101.07120095768899,101.01969232930358,88.18463830669472,50.58879890955347,107.24665061879374,155.21673988173364,74.92036372447973
119.27726110260545,98.40136143292267,57.01992631217621,50.81393432512974,142.73339481466795,76.72918055092585,109.43226475524673,89.56355603450888,64.29529152746842,99.57076446475409,155.25968003770257,73.20726678928912
122.20799907875922,98.76628632020828,55.32763480766564,66.53412258854978,157.28627657607387,60.978052368033566,115.73838747703817,112.89874075233692,72.87509542758809,123.96077000866053,147.6981557483225,122.97024673918634
123.43865559587202,95.2607902975098,53.64367057895097,67.74672706371743,161.0573332801758,52.65394844218404,115.19892052373709,106.9865608317852,73.64155957241078,102.97173269049075,147.16252951168346,79.81373689219723
119.7221254522395,99.25124666975758,52.986823712118614,70.99824177678242,159.10539202016005,47.98265176913602,137.55861878924637,142.3859725642073,48.14988122033071,103.99417082643131,149.8162428908983,82.11925229604195
116.30888509515047,101.00571080234764,57.01506421437847,79.81382344385223,155.46479370115273,40.74578932367121,136.59551475053863,145.8577063277984,46.90686064128191,105.95051763637477,150.60897843087716,80.13795668686666
151.91808129692186,162.0202047700742,50.45363662828848,91.15229050162016,147.97243574603056,38.91619355141189,162.18453714403736,170.98908044291235,14.530817380351147,114.00036786101671,153.75030488662966,78.4317889233399
123.97123234999275,138.32477739701483,64.39708734729255,99.96067397152144,142.96070324292026,43.31835322993931,157.2963356265201,169.18454253762957,20.59157397629526,124.35974708029781,151.9663524246556,67.98818257989129
120.99593811687238,133.47449919446493,60.970388907012094,115.81405477422707,138.43526734388806,50.89653184295026,150.77002840127693,163.35759076556056,25.900237317619336,133.2688562821528,151.0259510677411,57.71134118400903
103.30022709023878,116.68738085506,64.11354892875761,127.56134930581852,145.2148003653202,61.04077546729236,145.19254131609267,154.317344760708,54.00326722441812,148.76706930605772,153.43240250361467,53.247691609059714
121.39481309221671,127.7063872896132,45.72939638917873,139.16053174399823,147.45036801320657,69.1234215609684,150.95224742505806,160.99930631635485,33.40795593363923,167.20763738494983,149.48872870955333,41.98536181238071
120.48225843716527,126.02625389676565,49.65312346184531,148.05007613563825,157.11103244598175,78.07031329189572,152.3957674824232,164.07324287058785,38.25527087271501,174.72131401342517,160.47770235891952,47.40180587367564
115.72935935679061,113.93716622163707,51.47204170307377,154.51748387824102,161.37516842957254,85.01806798028248,126.34241022139295,146.8295678813536,58.467142935715,170.97519028978707,158.82307345960902,48.08959647307249
116.66144868993818,114.10063742425557,57.087910623017045,156.5245241440439,148.78426218181954,97.73417833539747,118.03579237691058,147.53639161613057,76.66440348787913,165.60387765571906,162.86932258381185,54.108095478139916
121.51001525106895,122.32146182273547,60.218851254526264,160.12430056846128,148.58215629113928,99.84160919652098,118.93247490118726,148.1322422079705,87.67008969072535,146.98761311589288,160.1637223994254,52.25406954862095
124.2789716998211,111.78778233539684,40.27427004778056,164.39473065924938,149.2872330492524,97.34316681566648,120.06972387967711,151.77220313569882,90.76575034017348,135.05440198233256,152.48982381492337,69.21976875189365
127.53572599691199,118.73101157758741,48.09878731608905,164.03970572367368,142.4626551107145,103.28025688798922,118.88347254252288,145.30500576995314,90.87372727336832,149.09119214457104,156.53953834713076,83.47336456632564
132.49197634637716,128.41825621927555,51.71619386197188,165.2948650734725,149.22465538751712,97.5153040043702,121.66752702419673,145.4091563338627,92.25687638920978,152.82759471022098,152.48574366372605,84.7004855948497
128.51464808704313,133.2169850357149,46.778661685884174,163.93265466427104,153.0137942948636,91.7504868310765,116.16292809483562,123.99971545130505,67.54278476584159,165.80376939406452,150.72208719088613,90.71014996329966
142.1340117907785,148.88697780211606,40.614605593729316,164.15342297765844,154.4683819098692,93.15983937991759,118.28180615242896,139.98279230157,80.71042283931617,156.56638371979395,143.6034077056601,82.67630966462951
144.34928699607153,153.2879290033297,39.15179324406101,164.3056253748304,155.24565853130755,91.57422253062508,118.34046471550658,137.37233650086677,76.88674555047793,159.38117502620784,148.31514389334814,87.98571346738295
144.96219411034792,155.66892283543459,44.58015093762676,162.58611536171117,156.38942550881168,92.8563226321392,113.09454828848723,147.17161101853546,81.70691337996492,166.44637765238065,132.53543897623547,86.32750336231821
142.07307274279833,153.70396676588527,46.072468865923724,159.34556955083315,152.55996358905855,91.67808718589018,118.05899004962313,151.79212464110478,87.08863530001133,165.5612701501511,127.17218753036197,81.71425112261255
146.31045924244864,155.39027572085777,44.1263939519799,150.67450022635938,150.5587372243509,91.61928078447605,119.89393344095404,150.82700809682436,90.17960139511055,164.51732200005281,126.74170693195589,80.27368532769107
147.0753826836159,157.30891289424798,46.06136592730163,142.60482448964194,150.02061596312436,98.15783183316368,122.09120281835418,150.8015028459623,90.39376055665399,164.7891623119776,150.23825155505668,95.0252279072056
144.8988975573814,158.1280530108189,50.81112315381864,140.671305806708,145.17442415739805,91.35176769402791,117.53121746988748,137.92653792979064,86.19305321461519,162.40764660171132,159.08282186787494,100.73113177979
149.21276360391855,160.37120050433205,44.51844377138636,140.52647787552317,152.30876636665582,96.16566881549964,120.83468490937307,153.31588627093532,97.06393514146282,161.43274304579802,165.14526193263856,98.68739447151452
146.46281874081166,156.3616881407487,46.35313090361756,145.8881597517249,159.97516055987248,94.73592167098332,120.5849171028206,152.2907451327399,83.7969419224688,162.96056290830816,162.81075193928683,96.68268045992853
143.70080403251245,153.39904441458327,44.99302962663974,156.28098493139348,158.87158285448098,84.38127282125689,112.91108238360714,144.26831536854448,86.7786065247895,164.72041424641594,161.30033318764615,95.30022355870003
141.08600349076477,146.60233497560031,42.731390990029524,164.6588394138851,158.90888753261288,80.81393712056608,117.10570589744938,143.60136850526843,102.93635000463507,159.93438972570283,159.84843869823953,89.93403194451861
133.91294504880548,133.708030769104,42.78741198517972,169.14552934302677,158.22368570196932,68.05507054299316,117.68962558190408,144.21115181113532,97.29502123150121,157.7723738425288,156.93759720476305,84.64553496407551
139.24685130430692,137.54368413593556,33.75548488519444,164.27247834663294,156.46958024004974,66.0320128435724,113.93187600219419,132.42741268761762,82.28810812420502,150.63646274876444,148.38760342717433,78.62329733015008
136.58063273372426,140.29443701513654,37.37451416151778,153.9275298845869,155.8283060960804,64.12412566428759,116.25580405683651,143.1888872300425,86.32162132711845,147.081044297794,141.80691083655293,69.0939586921974
141.2518585483135,143.78418902698263,33.300204666738544,145.0677349216409,152.8395684205482,57.743144985227964,123.3855180397539,145.19782506694523,82.89853728880979,138.14316837695307,136.81699431895606,58.46759697599238
153.65790704326304,154.46219897330678,32.8199434320057,133.8481871984432,154.78343763629218,60.400991944103495,129.026737879361,143.10084192066563,68.76589902405534,127.24059482394544,140.55778997539662,52.54924617666158
128.61518906730186,137.20931680052806,51.531743705824404,121.67572704380834,157.6807677647969,62.698465149502255,135.63932670696337,141.97572505771,65.17361622393513,115.70187088339432,140.65708413750238,48.33870945799215
131.60012803187874,140.61741564402485,41.587879051559085,107.82504467552816,154.99050310956852,63.31803773056955,145.3880909108988,149.5533194642383,53.84339397420873,105.23575867533049,142.04776679236605,44.9983744208742
136.36632252716169,139.80368318350978,40.08686633317572,97.00050523338602,158.11705440963914,70.71678950931644,145.52407023007424,148.77200861415326,55.67843346919024,92.57246067003575,141.63881855144436,36.57714937176701
117.6559551712297,118.67941256743741,33.92797768224848,87.21539773905248,156.90885157549135,70.07667700775977,138.6810551125355,146.70419097451597,50.040540591441136,86.17420017036356,148.13770727523305,36.17801974490475
133.45332485919826,134.48405164564048,30.647577247742763,82.17327531485718,157.1916257180022,74.31713502149127,143.34357372618587,149.80748694783145,61.40785400898335,82.8064353695813,149.012902741512,35.935271383328995
140.14112201101895,146.46985999711575,33.78198710546562,76.05512562336409,158.68539450486065,72.14012070570642,146.92334665205098,155.06625840604877,57.64367743244933,82.36819135848496,150.04447704574653,32.45251092731583
117.98422386404395,127.40809841742599,41.151300559452665,73.42170447702546,158.4720185907576,72.85689386174072,148.98914197734214,146.8758233234145,57.50710325798486,81.77763216344027,147.48901728806513,31.624561158173094
112.29634007911713,123.57033042327684,43.35593933319886,73.71938438176274,158.3938607113211,76.21764773575433,159.7555438845651,150.99371256959085,46.55073928857443,84.35797944221979,146.80056137905794,32.35854660736696
114.40736139560434,115.93267655926961,55.377214773217446,78.80603120418803,156.60406422216673,73.33239584814633,142.31088840448112,152.6691237546992,51.1506830770594,84.91678870531216,138.25545644294746,34.66628691166872
154.31266323070832,160.8783296934285,42.61890963002044,83.61227389542466,156.77879439289342,71.61019123471888,169.91805628379726,175.50561200390368,25.39517921449006,87.92801984407295,139.9981385128473,33.87062271156027
147.4089720031708,152.93014911096236,37.28963422449791,82.24052054302967,156.09276712552418,71.35892496049607,158.62321557215523,174.03492254423028,47.28633386928762,94.1949617170565,144.96120246575163,35.62244517975387
126.13841166520115,140.91282351819197,59.33022564176044,93.97956159317913,156.32899833268777,70.30404182843988,154.05792289565727,150.075141372965,27.853390957884667,109.75532895732601,140.0068985588136,39.867880712820984
118.90783715175313,133.22445533531192,55.654766096316045,109.19120345893941,156.2077623344599,69.10574762145275,170.98489950675446,173.61994663703823,17.75139421915865,123.91171273337915,136.71574292072032,43.65278177862492
120.61677475326684,134.29191695087886,52.934585760528385,121.51242604360112,155.50430830603358,66.87411312665546,164.70227342725224,172.41938598843223,41.84988612457072,137.99587113259412,134.76690414565138,51.99983832133124
103.86473385724133,110.48318918339933,62.36858365859872,136.5862071706676,153.23594460068452,68.10428392867519,154.30974684986876,58.90931984922651,141.26527023058767,146.52857844309943,132.5927719901696,56.78474663422535
103.30549229517112,110.06147311045329,75.84777022787938,146.97367897546394,153.43483378250758,66.71103693109931,132.95223389021177,140.2710944261461,45.533133935098434,150.76809007862573,142.70444134977828,72.58573934268885
105.35625116528259,97.47621903896838,55.77957930982701,156.6908455881541,153.33674190398378,69.40781100046719,119.37968251925746,129.65137306115082,55.356965541934684,154.61349725186395,131.51731692461817,71.81171119242738
114.66656926039524,104.53542806926778,47.36311535721976,165.28302799380927,153.8191059608759,73.26079467630696,115.30780934940184,129.83155964522797,60.043447031000866,156.46341215994238,131.2769569998602,69.10386175334068
112.40817806959998,97.43914252891602,49.95758553519378,170.90899958198278,153.68842524465504,73.01706636912866,113.70702426742965,131.0762399065484,69.46069873284667,159.25246886190033,133.37958824351549,70.03603851147665
116.21902812538258,104.23986330161809,62.47486860293381,179.26501731843857,154.0937058367971,71.4330108308313,113.11195433269941,131.64519974551615,75.40583379792825,162.27906912726422,150.43539064132298,79.88570563600975
119.84128699913194,98.71659623893824,41.9203869903405,177.2150348536382,156.04323585690287,61.57725870210537,115.37655677751435,135.21694181949874,85.67155249455988,164.12485561353017,170.14567545067763,89.1986350666351
122.8888260842425,99.33186593414081,38.11952834850502,177.12137887443814,156.4127517385203,66.08046032200937,108.53558128595184,134.7361747791502,71.35980687605642,166.87075034164326,168.1299802785347,78.63783414032099
122.82294976257218,98.52774447110261,42.09512064648293,176.66262113806863,155.8982123911133,61.13414025513475,109.64106039006451,138.45190592025108,69.72833160123022,167.4751892453057,167.22115720643524,70.83966775554171
122.93095039260531,100.82559254675836,44.077609894502295,177.46580041819556,154.57376938021434,64.67807653557588,111.02230685794672,142.7545170550307,77.903120181831,167.93887465757263,164.3949022212935,61.934418899292375
124.6779252997317,98.09372442496654,44.18693794674616,176.8293949513701,153.27170173973371,67.93633406095596,111.04031924754322,146.7692728793324,86.14145725982995,167.7551693478944,164.3742877789328,56.79830323921829
125.29163425346633,127.14925005811038,49.76235826614735,160.65910326092703,162.83350495970348,85.87425648321558,121.37617683468702,158.53408394280603,107.33607518955745,141.36949762441057,150.49364774782026,81.74038380068893
133.87466776038485,133.19619561095055,36.55117054420104,153.36230760701844,157.10942389227063,86.52957326297418,111.06731725180046,151.0323342899787,104.607105682334,118.24412146638052,157.47929639938747,94.42633958797363
132.75576634954362,126.76875676469173,50.04008787099671,158.55481116496114,153.4163171993896,82.24619881529082,105.88925143267393,151.5979650822527,108.30216594477555,111.72726228774141,157.55621868967097,96.24575015473103
129.6426468185152,129.6060038462317,39.453354987440584,146.92213750122656,153.13696473714268,78.74131419833486,110.59735387843739,157.26491894609455,104.61630655356012,105.81648294480621,150.06625724132493,88.21585404198913
131.34582650172493,127.95031236132736,36.27428441746994,147.65108840256434,157.1929998065539,80.87960564478813,110.3395172800584,158.10474432235642,105.80283716017597,114.1372046427611,152.56939446763337,87.89991330228885
127.18400641383448,120.06942954800913,33.44235408790374,146.73770579899326,159.60503652038946,78.1385618075065,111.06281117872446,158.147838311326,102.92748735602717,119.70841373670714,146.37406982120956,82.37745704756912
125.62315595224484,120.10104667718576,31.581690803917432,144.82383008006317,163.0291162879463,78.64388318053211,112.4889457748828,159.50411307483833,109.45410927341557,118.71551697638073,152.8701336270814,86.45922430559648
125.86627840978292,120.68397597302123,27.3338331291372,142.20432323042536,161.6065558542809,80.4888374295857,113.83613937105027,154.26816535115674,97.73534510604433,121.8144120678311,155.73923090069601,83.94672094131685
125.17636253255125,121.5433485537116,25.15732988435157,140.14200555109866,160.20312707726808,77.30998515313271,115.39077719613358,152.01004037864504,93.2072929675954,121.64097794149195,155.77631315636827,71.08299237303581
120.51990039666677,119.098225430266,32.415971845343435,142.15815021313327,154.3745262010083,72.78732410332239,116.20338799138415,149.9913261979148,86.83480983202324,123.13748534757781,157.43019158068032,66.31689486287794
116.5293906092004,119.45535105062135,36.62093110443678,133.4286391673476,155.36640029602606,69.78316868891903,119.56359252987639,145.43942242322095,74.07718267679624,109.18905874745408,154.33825152232765,67.58043031060754
114.51713524137425,116.7399376574327,38.327253600384225,122.40398946782595,146.33696720145963,68.85007467858428,120.99253113284028,142.15856215193463,70.66934441516966,104.28093524200067,153.76506277280646,72.07824902797253
113.966475472054,112.21691781427548,37.16979206486698,112.03704895436915,151.27665028588595,52.25954447998728,129.22701269548932,176.1412503167526,106.94996421640809,105.59294059487556,156.06573713028018,66.63053553081156
110.18919808320899,107.51911842021059,35.396361903046305,100.92215381648214,140.6845218655656,42.9343753736588,116.86696277439412,144.02844424176317,89.89498405730536,114.31925004418936,158.16939234748233,71.06369850514126
115.97569422587165,108.53830298068713,33.679790794089016,91.73250070608371,148.53486136428148,40.66542042596445,118.39967485325339,139.51042185258618,77.18161898068578,119.86327516360407,156.4730991927584,72.08487172145115
118.03575610066824,112.13229023301078,37.147835792490795,86.1088761900966,147.20326908288973,40.34879404677984,123.24507379395497,149.0077787025317,84.66969996803007,118.13786552240705,155.80331914014593,70.23642608517989
118.65406608207093,111.27735063677636,48.818890216470635,82.79408325326624,148.89945356821912,40.45035503435683,120.57943881230771,144.78511095266987,82.13686139967778,114.84977112787432,155.96753638300103,69.62713972746545
119.7949698166143,111.78946611748302,50.49262266793539,83.68119768538384,144.11312114234912,38.238846998238216,121.49067036051758,136.34801342211932,69.6212520313994,111.37759783505413,157.30015932029232,70.92420950590525
120.29861655318864,111.56377894772275,46.27345569187254,87.35028224802403,144.61645203300517,39.82221568007665,119.31246195413877,138.54622548396503,69.51544385040974,113.43107301360227,156.34282504698123,69.73968757098754
120.21706642893724,109.39341569423274,45.97910774798604,86.3896179928684,145.42416324042242,40.51914138144393,117.84800002991885,137.7690261135621,74.57487970824701,115.180762654864,155.322569601335,71.35543420372643
121.03651574546043,111.58145226483745,46.72521212585126,87.88729541848645,147.46933784513453,42.54673222163685,117.63862678239296,128.0572500525645,73.26550924534675,118.61859494570322,153.74265031550638,71.36771636425475
119.55649441699993,111.99616917587065,51.01494687072265,89.02082892034831,145.59907706240529,41.72192224474387,113.89857580611125,136.98687678208697,87.98293343013935,120.10200385037146,153.375294890374,71.6382615557679
115.95297320966365,114.68878693618505,70.422791074272,90.23652570385227,144.94766858981828,41.5471242812963,111.1571766867655,141.42211453741237,98.86304195517496,121.24777612935956,153.1878654448404,71.24584312788939
117.8498000898009,114.18806929343444,72.26916173183153,93.05492681655427,147.04768572308333,44.26430636045401,120.5872769927704,150.1234831514695,85.53896424336875,121.9656525251188,153.363086676756,70.49043921877295
115.94906264420527,108.4763471141803,60.12531137322874,95.47195244783647,144.87125379040384,45.443611677301405,114.66591975895302,149.40899994970692,87.06889337956822,120.45912019569604,148.74529285566138,70.79943305373503
116.3844634945898,107.51710144712655,48.688060798061734,100.05884560755513,143.1832481902461,44.691333794444645,116.88410720773145,148.28629772535155,80.79330720125796,108.74566871813988,153.3229495869046,68.42808056497375
119.93469766361642,110.81763173290956,47.25234082709578,106.72538342138228,145.56277881811874,57.65910434593112,118.24182357019313,151.3097180206866,76.66648287072239,106.79912986277787,153.6656742967508,69.49354185049265
119.42480799449676,113.38922053103985,44.0172426792782,116.47090850537661,154.4187720932964,70.78769908210909,124.14844373721613,174.25063827571603,100.53740851000475,108.51624648952036,153.46825308999325,70.9134550705982
119.62324684264965,117.7669561084401,47.301033180402065,127.77090691938051,154.71250092016467,82.36995734293218,122.19580699769735,170.01227438645873,99.23001159477711,110.75963358616366,150.51926525897125,71.21569505171462
122.83623984236729,117.40317987785,40.72218064667031,135.3149388748313,155.2753006709441,80.31700947869611,116.83571592243955,154.24236492083185,94.74345953380941,125.11892266985559,146.63084443972096,75.71060226848209
123.87017042445926,117.0477419146072,38.23628454414226,142.23068785663955,156.63376490012269,78.82640015948813,117.38488114638861,150.39993054997032,91.51917314190715,122.70262026354781,146.43514088213152,76.85413369872164
125.18438719649903,117.14593729633839,37.327134057044645,146.494697548033,156.56129792134234,78.60665680610856,117.61584429450006,151.14007949826853,92.33550994559997,124.67941527849744,151.18045513590062,74.83593248561353
124.85063780077962,116.07996804385917,39.06509123931169,151.2948020915188,157.26661728680764,78.46914234335802,118.23057785121141,149.87847455821424,92.21578955692705,133.3266407446799,149.95898012348286,68.05591462163231
125.03192764129429,116.20743857536776,42.932176112057,155.00692719425362,159.06036532722715,82.1884240430019,118.75630197580048,155.22574733123793,96.31126743944452,129.81085737970912,152.59664538300697,74.23013186577703
132.70286284286766,120.8563060890273,45.64805887629821,155.28077767413208,158.6447002913627,83.80936323073325,122.74278743082992,157.9435343396842,94.99413839960651,124.8626116372803,153.01097953680568,82.22252474192197
134.6731231211366,129.63093263334426,49.50287820425978,156.71394024378685,157.8637841766157,86.00741295545984,120.33990999752761,156.84190762844386,97.76386385084194,117.5232415670847,148.63073279394592,78.43245081035613
134.58857077787405,128.2368919754645,53.12943373336234,162.41213464048607,156.14248654414408,88.82275070854274,116.24705052264255,160.01858199574517,103.84318402465192,127.25019582987899,150.77727994352531,81.07376675228389
139.612329998767,132.93202835056525,52.52229457089987,159.29069397888108,154.87361412178595,88.96877661534955,107.46691827790072,158.10406078368518,114.89255946715119,133.76143859996532,156.1661623710897,93.81204815511055
136.98738608811675,134.43935225910832,50.898331104182205,157.88117458212545,154.791637423802,86.74169452492104,111.1934514188283,158.98608685410673,118.44067260628223,139.07183433973606,154.05495261111218,88.04429640073943
135.39388702510922,130.62525903458777,41.76941202414629,156.14587354345946,158.57860802388998,84.69978053553622,110.03587775820046,151.97265191028578,111.77788848137425,144.89721126617883,152.56309233451177,86.21315475140095
131.60826468292382,128.81571112722312,36.53453246030817,157.85790251579903,157.4071008881851,79.35818304524446,107.008880915294,141.30657295261474,92.26354662947239,154.3707125981539,158.60356773220346,82.73014171645853
131.30767094440097,127.75498625780784,33.879963909589634,152.5591992845317,152.59819324898638,81.78950911441808,108.80408817847885,142.87649018620493,91.46282926808027,154.1193758638697,155.74381445174234,82.99152657148824
138.47646187819043,136.1235108512996,32.18244106997434,139.76205657639122,150.40543407114072,87.52389096745091,104.02953880168005,142.76744299582367,93.22378752790578,160.6298952105067,151.56816580370887,91.21729914304314
146.15559467782268,142.3283075764791,37.54606913516251,123.22295708114257,154.66134233605115,94.30521377049082,104.6418760032269,138.89137365831735,87.56213338764175,165.7209492108658,157.72316299761306,89.34576710001895
149.77540114538837,150.31338531312005,49.61193736105379,120.59036048136024,153.0954935907808,92.51168495833738,105.34676017083113,141.54151082133495,89.81184686200034,165.14950289441302,166.73302883180565,97.3265440759448
147.2122999282879,146.6515732508813,41.062426403549054,123.14732167924973,152.02928688234292,85.44377324920677,105.23548428135268,147.45492428963567,97.87971174642935,166.14427486064005,173.5409151227177,93.60758843998023
147.33028210624192,142.25124171353215,41.58780275082428,132.77899476160047,160.52079190477542,95.21961694036165,107.886408345168,143.87122045549958,101.14917292296263,165.71479040403054,177.72434736512034,91.10134759035324
150.16361121832034,148.89447756538013,43.292556073743626,139.33773716167875,161.66373968573856,90.05865583206032,110.65275185089455,147.8980273124318,107.74068089630138,164.30544787366352,175.10277031322653,87.70923272312031
142.91071245588427,145.36607681323716,47.664566642254826,148.69786419546534,156.3371930748836,85.91964532662081,114.86572977663202,152.02908513495595,109.9303989372614,158.81160332002392,169.0800769899764,81.09350663628022
131.6091146231632,127.0354988931877,40.137916641504,151.98766489521674,154.2896120693831,83.42085114689006,109.95072178690201,150.18121611421302,115.37920415577823,162.79181802979153,170.37094153549407,75.59686275978801
131.64884255284372,124.70258031804632,40.097519540134016,153.55006186727675,152.0343270994993,84.93632383038693,112.6953138874104,152.39505733360548,115.42779470741755,158.3643677929043,168.51418233854199,72.70738496015912
131.40991936678589,121.64982788487205,33.4220965542308,144.72124970285589,151.99473566894622,75.69768906540094,115.0998918158498,150.2875308147598,109.40810080168447,153.24319770377616,167.35193185340077,69.51680946624134
121.00621591989895,107.95791125498674,39.49819882015824,135.76431270327797,156.24849083837233,69.60368391237107,119.38513767458225,151.46199349682468,117.94216564910877,146.71167064698992,165.7633589122112,69.84001216268486
119.99969599722908,110.94783598636194,44.80817327029237,132.46428963384986,153.40008997519658,64.69551757141068,128.37100837876176,145.15474823993804,96.2729670989334,134.96833668525537,152.89389866345755,59.409683698459226
114.53608380667832,101.18937954688506,35.30272316737554,126.05838939721109,154.15619295486653,63.39253691796723,132.47976097467654,141.0956621657068,76.8824311905862,119.89334100540484,147.10869991583743,49.083726497415
116.15886173650853,106.05455235392529,38.47482179260303,120.72888282878093,156.73420749870013,65.03496077619872,126.04154391083907,139.36832665452127,93.64281372570379,108.10693978369,151.79130801763804,50.84206038069601
121.36468767088164,111.18105118441768,39.47812836964012,112.89592408751086,156.34747753125026,63.959410983460586,125.39917950066587,151.0497009549329,120.48968495761419,96.97599452027846,155.48390339199253,49.96376518912743
122.01810942675267,115.87140676544537,42.619890198819135,105.01102092792259,157.07785786578896,66.1988585301008,142.63851642069397,150.7983815219652,55.574105383171904,89.49109594282136,152.22058596691397,42.35965578513985
115.31336012093469,109.18437806307466,42.00506311167712,103.36613466099493,160.57033099115438,75.76879509215736,154.6592180889211,153.02694825857463,41.96890604547773,85.59823070387476,151.27362848837225,38.85709289690267
142.92431561490108,136.1767401706068,34.506073583126195,99.3366677763308,163.67552453257062,78.12194552663958,150.04849003554446,161.46678626708072,55.83697033488519,81.73203548715871,154.82319481827494,38.558340388240666
120.41233050477277,108.09213414549838,38.974163404197256,96.0064192697253,163.892117665296,76.29050946259147,143.1294427633382,155.68462274058,62.88439058023336,80.10721923720703,158.11706028005585,38.83991789207959
119.9609203107582,106.0974224007246,38.927056056009306,94.3863347175951,164.26166161287028,72.61995410150844,139.99448073548632,159.64453192225665,50.788712899474696,80.93214155533995,162.01037444236124,43.23641658647729
122.21968004501694,108.83837937509558,40.905633192400764,94.66024374139845,165.0435981274335,76.0159953970197,133.1640690482654,134.42226721272905,51.42220340581613,85.1483879757295,159.89299074406532,42.790209714499866
124.44621931008402,110.80825714064218,41.198355042311775,96.78886156766055,165.4304623444761,74.37192240301039,123.32368238018034,151.84769023621575,80.67521848324633,90.13576972829078,157.29888225011928,43.489580727003855
126.00329799536831,110.74548239657705,38.04617698482752,96.97529071881785,164.23279308081175,75.95309768628879,115.73234146530334,153.9956159254156,92.62795922728698,89.45806181559817,155.12268323188255,41.85406604172493
119.2489959886548,112.04107126057694,33.84477705368567,98.56463286047182,163.49516001897325,75.69879370734331,117.97593947143035,154.04838079756277,90.31467244216167,86.54274410687482,160.28556184125176,44.69985297204987
116.75800429446561,114.79072957770587,43.74256698939798,105.31949715354074,162.28323883249047,74.85919347534256,117.04629226688535,151.5905948712288,91.09472989524136,92.43943427538247,157.0896453780587,46.69900219527044
117.27953019911807,109.231823504499,43.27823657443987,114.01469391177416,160.79242626612444,75.81120796638736,119.7354936368161,147.2057977765565,80.90903984813049,99.32273149900148,152.21051601643117,47.482433232797426
128.09764133543263,120.32953893004981,33.043332104258496,122.43162989537878,159.0014714864964,77.03114674857845,115.68943929056364,144.67229873518627,86.76928797193409,108.02977926228766,144.7157684780541,45.565690840765406
128.96591673941194,121.24335352758386,31.083842569964535,129.67048122020645,157.26906230109054,77.76467839345281,116.15141399804591,146.50090586344564,83.68329856706073,117.55354263436314,142.25211006583748,51.465057684639255
128.69535224104024,118.02367567270436,33.966446262755,142.29315933685174,153.96607159933097,75.49499885290356,112.6483488615193,152.04765790534503,103.46961710938277,122.74907243746786,163.44684857405625,74.35907004889195
127.35580857693932,119.26906246248694,37.68077405346144,151.78055278145465,149.96995302750386,82.33545091320396,109.59366446745976,148.80527360375956,112.61458523052823,137.37828573410428,158.74512254751716,76.14295033229848
125.17869991116947,117.20071161195972,32.06578906029019,158.2960104237329,152.25277732289226,77.83052032629904,103.41198755244588,144.95928991085208,110.01934686613119,146.96651552855008,160.54948832985983,77.26028140095704
118.84799635730744,108.10659084737557,34.80481725299001,157.2455204329767,153.26288839012622,72.08864479632987,108.97227647369904,144.77965011516508,99.65994411555006,152.95963962606683,160.38436118941,75.18098359065603
117.33566540462975,105.23702791009843,37.46005806784853,150.90941089327552,154.99245398047378,72.55440431217308,111.50665937177469,145.58437255764287,104.1128466827726,155.91338612379442,155.61797385852532,72.65233587854223
129.2076477384813,113.1403560862668,51.83266394132396,139.6850690285434,155.00961050373672,75.4491016496943,87.40153793062804,142.77571481188235,97.8162556028568,157.19783665684236,154.17284080264835,85.34263718465941
128.10328412949806,119.00553428009873,39.71717026561577,133.7109257438615,157.4123485807803,85.0140200886176,95.63398613222314,152.1496570578967,97.59634969720709,159.07930777485686,153.13318761871489,84.68487338017934
131.22754037819712,124.44276822682129,39.45301661520215,131.39563385905694,159.6500866958594,101.4312119266763,101.0621720265288,151.20679576218475,95.64480289841264,162.16327295099276,153.92871251221513,80.52594968175251
138.04306519909858,136.59708737819895,40.52237555780888,134.11655242771337,155.01853740502946,88.73107013560748,98.61101760506952,151.11778635330631,100.5035081561362,164.67313961937364,157.02008392711383,82.04245261397489
136.43585180305803,132.70133026057096,44.99786109585521,138.57322520248482,153.00250141623394,86.22904261741667,98.48885850982722,149.63205186898023,110.23839104814923,163.67569382229436,150.1635366739326,80.71258081666903
134.20856332712071,129.15435069646625,41.69236268219741,144.32310342285817,151.60435412190387,84.98864261823006,104.01522448206408,147.82997590893592,101.00353842185314,161.93860191767172,150.74940586249986,81.68622778789955
127.05579173205564,120.52930751097435,40.34169688160082,148.08032690248837,150.50082697772822,81.97612989419558,107.2516551813845,143.90768141536037,92.77780246327345,160.36374719257063,154.44713393575233,83.13795465840212
124.0576948266668,118.33724560805871,42.73390989216903,151.43642952353915,152.4308738526048,79.51590265452043,109.57631165047523,145.69379791391842,100.24260377496967,154.93036223223183,154.31655150964326,80.66130033586636
133.4827493963891,131.72008683215267,43.37337461511404,154.29811137264505,150.4835439239363,84.39861687752217,111.84514465884561,149.26165792556895,109.43911190487607,125.60446766737032,148.13565138459356,76.53759634695662
137.62551594034312,134.22094511112132,45.821311690631774,152.88988561569994,154.59743793528372,82.74371929417549,109.64682213265071,150.7034973273898,110.54177035430806,118.1137137358625,154.91408131502402,89.33472588007527
136.9020990609743,129.14467823519354,40.877995779732366,154.5834391549179,156.42653467430873,80.09964561675118,120.85174690384595,155.03022155503132,104.0154672493338,109.37054220186742,155.3369469170244,88.63726443562369
137.42198726984634,128.64830038658747,48.24277671846467,154.19396891480721,160.37776447037245,84.6513365947681,119.28157190006532,155.7283033063927,104.30674346415358,114.10814976186144,146.48653487965552,75.91289408006027
135.5901275694191,125.21221740654882,48.09253488409849,148.47180613959438,163.34948584288855,84.3762061689725,113.96407480932493,151.73307453411016,108.4591503805899,115.86561569544808,150.10305695751194,82.17552855267425
129.35975364774885,120.72884355480967,42.820882085248705,149.24834869900383,160.69256257940086,86.50664290493724,122.39517653476743,149.5188575337686,95.86315047714122,121.05066557090532,153.4744948290925,79.98018651517394
121.87937306913378,117.38839254679944,38.45793823924527,147.3479970805296,162.2376709895591,82.77514812047457,123.64731378552979,145.87644899489447,81.70100106904917,117.96429921135329,158.25240841367184,64.86261496877455
128.7924291729941,123.67848086145393,36.89573720893969,145.20576469216155,160.1231953534259,77.78552929018574,116.75276579928584,146.31383037517645,90.03855387060642,116.77086371299521,156.03869447635418,63.132844320455604
128.36615653432833,121.17328142330317,35.43086736755406,136.88157128244467,158.306144772756,74.46591709015327,116.97270270677457,146.31520393558938,89.98746229737755,112.03625662213008,156.13806998188184,58.407946979132376
123.6116523288872,112.41344323362362,31.959660204201732,127.1968423900839,144.21044078773463,76.72429915429034,119.57043634823978,148.7237762939047,95.93876439706438,105.38663539572119,155.4498384530801,60.12791573591366
125.18327170817646,119.64728911735122,35.26912229018628,114.9516458290539,146.34245545856368,58.572034646277935,118.85943838098524,139.46560106462317,74.05976399168738,100.01217993814048,156.1670920601325,65.42807050788393
126.72059420203159,120.27876717162226,40.03847737971431,104.36894141868271,146.39355449566875,47.94250072995678,118.61625532240245,138.70691347244872,84.51966571343407,108.21628155481584,158.8741336338711,66.03752426230412
118.78678459334306,113.11204104079366,38.92503141211756,94.91133771895056,144.1297233494475,42.55434581626845,117.97835953258519,138.93551400518572,88.16605658409416,113.0074956157093,157.65335497702233,66.19829792807279
121.13064222111485,117.83934415149908,46.844724631386015,87.01826787257066,148.73583610932306,39.679289730499356,120.11157582039151,139.41575109710948,81.27094489379905,104.82205267081434,159.4484087908394,68.20908307310003
126.82498502616455,130.62111578862095,49.84430810458107,80.03254905593198,153.07503859663507,40.73957824752635,137.41055423897197,152.439692656164,71.10351121590223,103.81481514827121,158.08613982294537,69.474410163835
129.48016699969648,129.3677316307999,46.911294374655384,75.11727189280958,152.91276174718374,39.522116032633434,129.54072512434607,152.03725166591636,79.27037931958365,104.5769335963566,157.123424132403,69.03187884863019
131.54133642087785,131.38487370630952,49.132502584435436,71.97686738668291,157.53748976233598,41.0452175878781,131.19050163151002,147.1985286551046,70.59622845729211,104.96001438808682,157.00095316240638,69.99298323511128
127.23968306869232,122.44868079059692,37.316856972941146,69.82812337992753,155.8982510226236,41.33692847267893,129.4594504947818,129.60939583815093,59.29742694659849,107.14015669177427,156.37973595537045,73.66198651792261
131.6800918004142,127.76792495411325,41.75759928572118,68.5640478454003,156.9117787234781,40.108611176956444,137.0910890583674,156.09994525276284,58.96212938668066,112.77483014062352,155.1925794099104,75.53520876676058
133.62721443212186,131.6663181488094,52.03139069045772,69.81319902974897,157.7563570371881,40.58517362504585,128.85097346917436,155.85178275665655,57.22739643476819,112.66671205724244,155.08273802309986,76.57013565437076
130.23167684539175,123.01706260938575,53.28950713084247,69.40334166735578,155.49214575609588,40.69531895113846,127.97674396671651,149.45230794821939,37.119395059240986,113.45138558175734,154.6884050968194,77.29633443285128
128.13795181112604,117.43938450779507,45.35112838719519,69.15976544855549,150.80153807804825,39.66014014990233,126.04520384832618,139.94056631912457,34.460886363475524,116.18219180679806,153.8751331411009,78.23612424376856
123.21981455870267,108.01412260113887,62.74646710726534,68.86259694496827,153.3641171790881,40.16463655939993,120.12785656099565,135.32661598958353,37.88635248314524,115.97722576431221,154.03800410467284,79.63767622552848
123.0591009341454,114.90276896507523,66.69830709816364,72.618941803607,153.1493484601905,40.67767358567035,105.0932661631386,132.24969133388163,46.70302507186947,119.14730854683029,154.4153071737047,79.27262906674751
121.4524512911738,113.84429829978491,59.26029159800869,80.46925251833406,145.26614230525522,38.90893963549055,102.85658042006511,125.50897181647791,47.81845770548938,121.05607980822683,155.53351974849045,78.85932875592664
108.00100355366192,102.09324791177708,48.248518605973366,87.3917246017119,143.67755814100295,40.72100658687508,101.76321793875911,121.54689684261632,48.993536707006335,121.19556598860872,155.7086173866765,78.51643245498042
113.72040968554039,106.01566623961915,43.2733629924871,99.58465531140348,143.57722278979318,48.12628055040217,106.05178237157389,128.41750903738333,55.71025431907641,127.70530433004532,154.64166093993873,74.86471819112823
118.95201224606005,118.62149936548998,41.6133292371835,110.02311542973473,154.2177321651188,60.00176810776221,131.16592328408973,159.75246272903928,52.68733598736939,130.41731511808433,152.72868796276293,71.7903724029804
111.94134765520135,108.89237970209624,44.2631376329346,122.50517175610709,160.37187487143675,69.34344335918934,118.44273160325196,146.42676688969635,58.92949993623773,129.3100225246605,152.11570271178675,72.27070492108636
111.04620293241247,108.05918458685251,43.632276771521134,135.23054068725858,154.36825366192124,71.34618247786565,97.48864599863684,130.98224195800228,70.12549965970706,131.59091340018742,150.25599454597233,65.88391088688739
112.13964803547618,106.03826335822919,49.28532314502994,141.89191622246847,156.12059593099238,75.43353182661717,102.60335571023089,130.21881576489423,66.9697589595887,130.991994463416,153.93253779433064,62.643568451575796
113.52093856941886,105.45782180889121,49.59996703298159,147.3281272623019,149.82804057827644,75.65832798915987,109.70000458895474,142.59950206662927,87.65839752141633,137.93591277732907,153.88244915239343,67.81281287776159
115.16651558529406,103.84171847450746,45.76299138116478,148.66689827109207,149.21487679224904,77.30705159840234,112.60315520600322,153.54823755348,96.78968488676124,132.2496454190694,156.25434094302108,71.36505292976739
117.35934661994429,103.05779085650703,42.45425034534499,151.66429721060692,152.4544187421778,80.96568327510975,114.57373204274153,169.69170876050686,111.20646076139916,127.24426810345877,157.597789858438,78.58571198915591
121.10981956572105,106.78454132886098,47.91240035264355,154.79565637191965,151.40193365867708,81.88893727140899,111.65611270933422,174.38210556433756,119.87530801024212,133.84418276860274,156.24313277696055,71.55459852754007
123.11398400759577,109.31477825761257,56.15538861557518,156.42290119946549,154.8689529930068,86.2510095049735,110.53941461348043,163.81228230263707,109.69148578959157,137.90954397779785,159.29311523466149,79.65902377969722
127.24475741935268,108.65865590341384,48.099642459654326,158.9476965145799,156.02646087667844,84.6650088585065,109.26299086404327,158.87094535194856,104.18592666935582,149.8268492013419,157.59650459387737,82.25068623573371
123.1961792370541,104.88517217036802,48.145795383861504,156.69542897658704,157.8620353756819,82.73901600531886,105.2217428788019,152.8416239308537,100.41586214238787,163.88528290169356,157.7593426096611,84.17567755275678
122.14247870589128,104.68254154582142,43.26382282422019,153.46575792399958,149.8643623548937,75.73353990568756,105.69938548331643,147.9630091642416,91.86383189194949,160.80696685269353,158.11885362377146,80.13718967138237
120.28889136132543,107.4520669375424,42.01876554761241,146.5457803973762,125.54028116903905,61.07179703750721,107.65468579898072,150.59064608051955,94.19008093213519,149.81788427503662,161.21642578366948,83.25934681855023
117.22592895641586,112.39631817031457,48.09180568099971,139.5052408635461,109.82934892476177,46.11438195637047,107.4119051746865,140.4315058442871,75.23028213763332,146.3194079045392,150.77372880291074,83.31443581058161
117.82809560263682,114.1088424283234,46.54063698570481,130.12481062581062,139.48037049706866,80.54738412777147,105.94358234810012,142.99862494611767,79.05468991302588,156.29987119162195,153.68634876651956,92.44905979544751
116.5012060198125,105.06867370339128,42.333416021232054,135.3739190971837,110.32944000345059,50.124351351623936,103.82968313640214,148.52893580879945,87.47805360452435,164.88899579343237,169.8189572989377,94.46001262383649
115.42664233729721,107.00861777708897,43.18116962119821,143.87120608041167,160.40752878041957,94.23275268678998,109.39388314969632,155.31422649927572,98.00389253925829,164.932289010452,168.0239135465332,86.58311982084042
116.17432085561516,103.94596921405969,38.35127950896328,149.8530137300997,158.96396658353376,76.59314891882745,110.83761016748326,149.04351961711853,98.081704204916,163.38739607133374,167.95807798189531,78.46983948962428
114.80838576994948,100.4375571710494,44.22536948628999,156.49690566814354,152.12619118530944,74.47746903173685,110.67067475950621,152.0544993634807,102.62663603288924,161.31251031282875,165.4814613473175,71.81614425798064
114.8682102700269,99.28145612659196,52.47744284347852,158.38252254600764,157.07613970415036,65.91052553215421,110.91599657071859,154.48945421345127,103.59830707025692,160.76742827342747,165.62349347405265,66.37692251047463
116.84408666360831,95.28023820746472,46.018937405047,157.9468336909109,159.0724593065977,60.657459652327844,111.87999728968181,151.70786974066456,95.29221200145257,160.8260073160831,165.39585724428875,61.18940444724552
119.29537924332814,96.97958073747542,45.5591021500126,154.17382123859122,157.65838227084802,58.586599223235964,113.89118009932159,148.31556424908192,82.81171256551971,156.470837273441,172.0322404098062,60.1379280013866
117.87758236088047,107.68791158743255,54.187323725114425,148.4618930903201,155.59219190902746,54.82220956392869,115.24942015653612,146.33613714820177,85.89739537023358,152.79998662543585,175.18414796980713,60.26031923729778
114.35381776159277,91.96991593432688,38.74227116098829,139.80207881180186,153.81214825455572,56.311463079714166,112.03969581978356,145.64287326867097,92.92187386983726,145.8794010533085,167.85076627462223,61.143893397310755
115.86877519033885,96.06034443990988,45.39372034171544,133.7709297599903,155.05530882266982,61.08237971300831,106.26403536936232,146.8342434078161,119.02461632470853,140.96158563451954,162.58994527933953,58.81817366749821
117.64647210448413,100.21382383924035,48.22884388450347,128.89616120532,155.42280724954642,61.82859316366092,107.22800542632254,147.93484549924952,104.35800828324925,127.85194765911449,161.38492541630137,61.42563779458352
118.21482961865568,101.19200308602362,43.257380510298816,123.40900984612098,156.00664006035566,62.440600936031636,113.91291880498142,143.18733220112975,81.63918816490543,114.69085129623267,154.7599733899396,55.50028419383835
115.1024464880524,94.94361946703523,39.26428704945327,117.99960341375433,155.88419743147603,63.58632696341794,114.40779694661825,135.05525828585806,64.56142927065149,103.3093241788182,153.03155515997065,49.53747925489347
115.47998483948693,92.11239306256722,31.425928320048904,115.11739950507784,156.52131650124437,65.15764946696504,111.42117101437717,138.2910500858268,69.1193021703877,93.03107783725393,155.11236182482685,50.49662641513677
116.41933691630376,97.03095834016702,38.96793466490778,112.74966654898243,160.8546789638616,69.28521829501982,117.66134214493663,132.80721174663302,63.39494273054794,85.04065338655184,158.7566068555388,49.13452428769358
117.35763330146166,100.27923797533676,35.4483141531945,107.20899945770246,161.03341880544494,67.70355254417366,122.65500846756188,146.29267191063101,125.3388853163705,75.86618078368238,159.96630097628432,44.54331936570441
117.90739370091883,103.74087668848904,42.717287175608675,104.65920861603709,158.95133521705137,65.09043908030928,124.56382225010412,143.87694943008273,97.39020837753417,70.74689080960049,159.7761836306951,44.40469344448168
121.10052620755769,101.04532121822602,35.61717440408286,100.98024748286608,157.5667347432783,65.75175929308519,123.3531417168665,147.65749566645025,108.5938970801857,69.22957736333713,161.56430125051634,44.93249504572832
124.29387701116791,108.25830837041612,32.35179069910484,100.06795777077416,156.68500609602452,65.5739887845093,122.69163237352275,146.2620387004088,92.72935180092082,69.98468232320653,163.40696595412896,43.93793382287532
122.71193313582275,106.57712543684559,30.92701137844546,99.88766656103458,157.1841121306332,67.88472553153966,119.78166545665287,132.07321193437187,86.77904626882167,74.72609969794998,160.71596693356364,39.574870949345524
122.16620618935073,107.70201647308377,36.77648426118632,99.81114549614786,157.55850838759878,68.63425486403345,119.97270575886948,140.6055506284008,94.49921064877479,80.1508802862476,159.54204526598335,41.78361533815706
120.77006132699061,108.71536784306628,39.767644835900285,99.80716034689715,157.6057211196126,69.75525473739197,118.76565112253641,147.50230818406501,93.57469715276449,81.20794030123352,159.3814569676967,42.47608021910899
116.91433316861328,115.59325894987809,39.17677188514759,98.97352954829765,157.71619917609118,70.59749529472174,119.98615517654562,150.13978432674654,64.13704418602454,88.7493542740924,154.2950247876971,43.14164700847708
120.81161065333633,119.50085584977869,42.371917452816376,103.76071718848392,157.62214884785007,71.64640728552155,108.29486147366528,138.01535555643795,86.69984492722861,99.08396919796496,148.653095459697,45.60684742514236
122.42866489553165,112.37357252341623,38.93429591409306,110.69370268472987,152.67148433942697,73.26654419129304,111.08455237657263,147.52992003823593,90.76302729146826,107.83112104415072,144.27808029094226,49.625028270206855
124.18101330648634,109.0055984769512,38.15494424987435,121.04975922833323,154.78234433388258,71.46909794934646,114.62529146459894,147.52416866822983,102.19695894672365,119.11994594163917,153.03808841233237,64.1779708781955
126.32469100486449,109.83424263890349,34.82672938595199,131.35600652387618,151.90946526206397,68.69577903058658,113.67775978458896,159.03934601770203,113.91465812130915,136.16160293032698,159.6000869610023,73.67404197180043
130.3874303851813,110.16629680374014,32.75475489527568,140.98504795502063,150.20619753591905,68.37440120869807,113.61725947617282,154.2517286321863,111.40099974957886,146.25190601269048,168.09618954762078,74.89081876563743
127.55182999080559,113.47769358492882,35.25776879410117,149.20154338016826,153.65267574779142,65.41718386655582,117.78935750548986,151.17828825491435,105.53501171902315,155.12934521727303,170.70199034244683,68.07123586632468
127.16743207722784,112.22172888944185,35.709553191587084,150.14420747625326,157.98768228990593,62.500585624342264,114.66446973344759,152.5373690568843,110.2291476646827,160.95883367376712,170.12825645392704,63.48460088239923
131.37582476310737,119.67244124892048,38.90654969966821,145.8193973445297,158.07411147450756,66.08018005874632,111.22306111775401,156.46904627579198,123.84509167126747,163.64815455601757,167.03994415685546,66.12706866811678
136.11236279878193,113.97435275923816,58.05541532331206,138.31725785665972,157.45133928691277,66.1488131983527,105.00063081693366,154.9834274481682,93.65550124011888,165.70635231346037,172.34011771124327,61.32143635967311
137.22078111393492,123.06312638979959,43.86376988784133,133.23714100415694,160.57904395226208,73.20732098275857,101.72080109858528,149.70057787651578,97.34750182487461,165.6315310882471,170.4530344260832,69.68686488562192
137.54211746611588,128.602995421162,42.475891469157,125.1253692961965,160.33616552729364,82.91184298194663,95.0685454291038,144.48980305889194,94.60964006342283,166.84372275421234,167.7751358490386,77.17474852895091
139.9207908566877,138.27493299053577,48.019562764266475,126.55955301959118,153.21486357370483,79.49588742586589,95.77429517956821,140.52020891776834,85.35498491287984,164.54939351568356,161.27699928355253,92.294979252581
137.2969125695288,136.53423740193497,46.183932518459734,127.95374020555546,158.84290155841995,84.75968502808146,89.51725388840428,139.82590631440124,92.54210264506347,168.04783447570844,156.92854408663396,87.86009044754061
133.75791260303745,120.47176995553095,30.866787681007658,137.02863545203,156.33807852387986,86.19993105509128,93.67300324899225,145.67328160332417,98.18607779251317,166.44215356019654,158.06184680313322,90.38438651160713
133.45875574595277,121.9172031883434,35.20026526493115,145.80617049847572,154.92355834503346,87.67290340071628,97.28611023651754,145.66017766630475,103.38590583180898,164.5812451897553,153.9660087691765,90.78122271429648
130.002307438331,121.06899143980237,39.783350490428106,150.791635097315,152.69002810713482,79.92399396230338,101.71927426140466,146.57248119097105,108.69019312937192,162.24357090078064,157.33960840446264,84.16692377233167
128.08108859288672,121.74883573988323,40.49023481330365,150.70343978159772,155.39209350769022,78.9195228723132,104.5200036805866,146.88864530464164,108.03647904604338,154.70411079314033,152.39806917394392,79.13692308454597
128.72321093038042,119.3772464415755,40.949186399072154,143.9306965074264,160.3992947833082,79.02632372890805,101.93574604720015,147.9611134372749,112.04285689480457,137.66590952918344,117.68452187569252,45.648907261889164
133.52846191600523,122.8881320616349,43.61430731927412,134.4265024135803,153.60276213847916,78.02549574849468,99.6350104513688,150.7904914079718,115.15805061870255,118.69268201682456,121.64118098029367,46.63238538530561
137.43656070009519,127.12346964949705,51.93482041781872,144.54251267939543,154.50338716808358,83.94851082174442,96.96084858615511,154.14120399820283,119.07555828511458,105.21098382233947,155.2259494222526,80.65956519510044
131.97033539201013,122.49227897905388,48.960490048723294,151.05042379360646,163.73141137985345,77.58156544801773,108.99616360827349,161.32529625390032,114.01111681509003,108.18840773508721,157.15981066689196,79.77741812503675
131.60064884430255,121.69418805233528,43.83620007949364,148.73388771111303,159.2620717987823,86.38179049550605,103.70082063623487,153.94008106681287,106.4706216191671,116.86761042158227,145.63573498378707,71.50732902314901
125.76723730898888,118.12608442227994,37.589635073908035,147.76727260207608,159.71493889448402,85.43067182959213,104.32546281313333,156.80455008974755,110.21276349660963,122.1263139278148,150.89099001836067,82.70039336057877
127.17802011104425,119.06851248529462,38.35075331831127,147.17668511047538,159.64277936738253,82.70310953604914,109.55351178570338,153.0033924587703,104.97189386343783,125.62688155644041,153.7817321651066,76.34203479982023
117.61016114686355,115.56995742955986,32.327499486700695,146.86131286259769,159.63432557495068,77.9041601980151,111.79326355027177,145.50427277340364,85.01491990961557,125.42960965812041,156.781394132023,61.74528191998055
121.42214940030952,119.70806923456601,32.5150446779396,145.5378642383784,160.2803382750621,77.59827969599434,108.118409790417,148.10288446186675,95.06081475262992,130.82374263633412,159.61049030041983,55.68402120385507
125.16329687955744,121.25499915278353,30.251526229280568,139.2572702524171,159.1496256459853,75.30969125924159,106.24959444512916,147.70725853026252,95.33688527568034,121.47653758991879,160.54239283018993,52.56598555604393
125.42901421925,117.40552267182441,30.68912059469748,132.72285748937944,161.6158546492151,73.5245886601421,114.76786162898183,149.7553035161889,81.87133327614455,113.30043158766132,159.38574196270554,48.35842610804565
121.63719018072015,114.6662673605551,28.357047830678365,119.10303765499218,157.45447050389197,66.05506451199754,110.81414123375889,150.9791891009229,82.00796183743081,105.71067396088084,155.8891665746343,65.66999778716176
114.340122289095,106.088042730701,29.243235858423215,103.0004180883915,150.28454967026565,54.300868574606646,97.78165878176188,140.60908941954986,84.41200183615015,104.95618185112286,154.12336358925975,66.47513899174359
116.12180597539763,107.69487748928698,33.20075892633882,91.9131956872157,150.07677131844446,43.05301111010118,108.51048195373279,141.17239313335762,78.71294960870078,108.16929991957936,156.13733784650773,69.05108963399184
115.63440984370914,105.15675279100621,33.47395215419519,85.93948106334425,146.29781712814622,38.26541445834993,121.85434380230917,135.30910619132732,61.10584986338237,110.03137178573702,157.2402460631441,74.20018861778982
117.85947155962282,106.44482248691776,38.949180206655136,79.46781476234855,144.84575512094503,32.211707464900705,117.74414933000868,147.51847251358433,84.47764563359816,112.04616131323961,155.53898241778757,71.14356069452893
110.2254370935249,110.81559031643134,50.73675950921897,75.94856258279435,145.6182763833538,36.54996150990976,116.37479466832607,148.9934903629024,88.15193012237714,107.56727094977317,156.21955392166723,71.77635039188748
118.75379052193826,104.08684331307705,54.87001479335729,73.2773496907121,143.67802499635957,36.940517659543545,128.95357837623047,154.75055168471624,60.69155942184187,105.20405106166699,155.9474092670396,72.2987632663869
122.69447744484471,111.25371925795756,50.02650536497752,72.81762755843336,143.0348585681824,37.496463130397984,124.50854377275294,158.5864751803461,68.84559858198448,105.99681964868994,155.54157400896145,71.24203136077524
123.20108428508969,112.05859824518141,58.934365878196076,73.42542845075808,147.33873821954893,39.50305341174929,124.64350474730061,139.28499401591338,26.94007457556459,110.92610811481975,155.1944955453438,71.11742481256675
122.42814091554189,110.33342369228662,66.31259212867081,75.46804369349825,148.08075820010123,39.4430319826922,119.08081235142353,150.47281544379518,33.81415449979409,113.1148511159983,155.54863349116206,71.36177283663324
119.4921765062952,110.05506133896401,48.840906449408514,76.0726061211725,148.0014391479697,37.383589144271106,99.91177078646815,141.82575093792215,82.9795770900333,115.18368265802708,155.11099640252348,70.49823506135337
117.01295152488301,110.43148872885786,65.7617933330444,78.11809595130573,149.40472259804056,37.93324579263148,105.58210864951333,147.84260904056194,81.03590223529028,119.58044369563503,153.27501524592213,68.97507483542721
118.8909246457221,114.88348095845672,71.28170064991242,79.41773450118244,151.187685936509,38.15667137253462,108.82159463031705,150.12126935360598,81.41404053363249,122.72133852045582,152.63647052112853,70.17901481078344
115.82166868382623,112.90224136493764,53.79594408809834,82.443611590939,145.373363890577,38.97402670469577,106.96598845787072,144.85395048100705,94.35343988464268,126.37907333449238,152.2385633100321,70.56032411293404
110.84337721022888,105.64707701095729,47.49642161990984,88.20316260188328,145.174714975471,41.43020260963743,113.59578980327737,150.37974631879624,63.91910884933215,124.53911638491623,154.26196492830184,69.8038593299516
114.58126876748118,107.99755240303766,36.83519787036679,97.40386565076344,146.3492302803117,47.27709749191636,117.04283965419731,143.99811429664115,66.25151267337432,120.56549372490822,154.4695627137987,69.79191716392572
114.73539516284504,110.46234583377112,34.54416496243912,103.50786556344042,147.64042472571936,53.69313514012271,118.42898008407046,142.3175294464865,68.9479873857898,115.54767350081762,153.02168248061946,70.15925850868294
116.51977075412219,114.36780005924173,37.366380112004215,113.97924542467861,160.58155948874696,71.31416253036319,127.29642993190791,176.07379610622374,107.09463463617344,121.4909390186177,149.85256556711585,71.40133043111398
122.32480022036509,116.9021248049028,35.984822120917514,128.94444592523442,153.7897349471,74.27243790252173,132.69156624157037,159.8648034158557,121.6019131191734,128.01524790644604,150.97494349625225,68.61384172693701
116.97886051337206,113.67513874205555,36.66114778527338,138.19764451670324,155.27074387362404,77.64678356851292,122.99992778974399,172.5753545169862,104.53656419729217,142.39151747040574,154.69928595216004,60.30104183630932
114.30977507856463,107.04296848740437,35.948325410352716,145.1843058385611,155.03338338929717,78.25008143085755,120.53174570361914,173.0680575827245,103.67599165469338,146.66026379428357,154.03162432691096,58.6793735172253
118.18084320866663,109.4506467586045,30.023367265650286,148.49102162645977,155.39871213043133,77.40341425367701,116.97938653956984,155.44932269260235,88.99025751388469,138.32024715887496,156.17467160063762,57.43671701288207
120.77082048774972,111.90229364589177,33.09665477912977,151.42365410723653,155.93246900118305,82.3222470332858,117.09533735527461,154.11351485584973,86.81633874345208,131.36129801679738,157.06250774297442,66.20352387234156
123.23117429335248,118.27260732007731,35.68483908723741,153.34682508408298,157.21770840913857,86.83324944205572,117.29134520663575,156.14619305623197,77.15995780671668,131.17097459676117,157.22828984050417,82.22458227364355
130.23584538791334,130.7396443473618,48.266642925816015,154.9117978047495,155.0648239833886,88.19505694949306,111.6784507430875,157.35057996023295,84.84047187935207,132.7689969776568,155.10199604374864,88.4125682807957
134.42785673440613,129.75741873981218,46.090858826146295,150.6966978073917,150.76750021646356,85.57338686640945,95.51486956387194,150.1172599393975,110.60994155286244,129.12000469965085,156.94340451287573,91.37688210910741
121.22249352550939,114.53032161765074,42.57653443704908,154.78291316211676,154.0779657368426,84.34951142579098,101.62030608855743,146.5165432564281,103.5117271386997,138.43546530922305,155.43926698751412,93.37480675836804
116.7173272556205,114.32396211608432,42.60761452528119,158.12853337580108,155.48236823379258,82.64061433468692,108.86453620085622,146.83135090612691,92.07197294860731,150.7230998660919,151.69780783467377,89.8772329783812
115.6314816767747,112.08830480913078,42.727784190190704,159.209300743673,156.91550591368465,84.20102866266565,111.1465015157883,150.17256303335867,93.39762768095694,156.66400685871685,155.42912905830718,90.72218365750341
115.49835173282368,112.90640530308244,43.480075013360214,156.2000639106777,158.1200882155653,82.94697954815928,110.51903177983836,147.13329051384102,94.62829938529772,162.6908988186965,156.678641754259,90.0983882986712
112.51387286241305,107.94479122332524,73.85251640459481,144.95463768359681,160.52382840306043,84.89270248188917,109.22453244568533,146.10945813993214,100.71494503589751,170.84153000976812,155.92495554729786,90.85051266744846
128.2555055149268,123.25124313076451,48.78729293982559,129.13344412339308,154.21195532679664,90.02371887330781,99.14506953512543,149.03770331338634,91.8071282595517,172.42090188819213,164.74422785833056,93.43859982140759
133.4405743451615,126.85674368600648,41.85405034383777,126.7528155244025,154.4163035316653,97.50946736024773,112.89965787708013,152.32420012709395,88.73217039540681,171.95171308535797,166.71744264752684,86.862170404313
135.12897867126242,125.8606127221136,39.97794855140928,127.70779999927849,151.42704593403624,91.30744665065842,110.70029084866648,149.93583743153522,89.6354821078948,170.39500797466977,171.81941150724955,82.79097915941438
134.05883291333674,119.08108167325223,46.0893475403871,130.42608989676754,145.6162754852406,84.769248370427,111.79076862369159,148.94113353738942,92.51486609464092,168.66744871570177,172.30167503149954,80.42717836373383
129.38706969586005,110.49007641840811,42.17563379738406,137.8447572443204,154.33403992248324,89.49985384304101,113.94126410139937,148.73418659345592,93.55251189338902,168.17676999234934,172.17037534147087,78.3339278182426
123.11684801205871,109.55268344865111,43.00895480969171,144.39337300411157,156.5760248874092,80.03538341038701,112.15752526404758,154.66274822887897,107.92282131552822,166.20763114942733,173.1963812199118,77.14257181632418
116.46154540946475,102.70495412182703,44.18408620529372,150.47361114883788,153.48835719280154,75.65941725121047,114.36339610489276,156.8764752023907,115.20178404448893,162.89003899946044,171.63011472380788,72.4144058531943
113.293473201706,91.07793767294335,47.7579705048773,151.99107014974717,156.43331036765602,69.80680942365755,109.54802593760834,153.8763100836888,116.03597465196539,163.42815824087234,168.93446055616053,69.08907568360769
108.09141769493009,86.01260357256223,44.505860682798094,148.82210775158157,158.4239627931327,69.41825440757185,109.30940547088305,156.92710508047273,111.37861232971626,159.07371725508636,171.48559888084125,68.9505140120013
115.71242958465271,98.97791987900044,43.952939073456704,144.11510666137903,157.67820519921554,61.0671464363088,109.92776489589586,150.28095258292942,108.07291592022521,152.9705617932269,171.73468914131735,65.71749246048047
115.44016251121118,100.04294651849314,38.73053821677091,134.93111012181384,157.99486046292293,60.708951882244385,107.67504499541621,153.94056020927653,118.42101389113076,146.00339806812153,167.74797598000433,66.43642020305268
113.82455549756443,98.81775386786526,41.72837823638194,127.23405765841972,157.14287317687558,57.751035129610486,112.13351775615673,155.58005061542335,95.10123741657245,133.4566931479804,156.80375936131068,60.653067153822526
112.22352328473487,98.89262779177326,42.90108225042132,121.31185257805684,152.8650101488424,60.91504321089802,108.48546464308772,147.84231071234316,109.13695449967162,122.79281900747972,154.13141474688373,55.45202316002944
109.76336051288772,91.22435207857022,40.584742738092984,119.66387304266834,157.2082688995348,65.1483803978554,110.5390398196101,147.30528627631594,94.2583772752883,110.10899228083335,154.44000961145696,51.635405298041356
110.05654512236012,88.86237553518437,35.93250919878889,113.99127238411442,157.49607908845786,67.3219659193556,112.41753234253001,132.94573086990195,65.87750487881453,104.29350887135146,153.36714670734048,48.053861704020676
109.35870423022443,95.33259305628953,43.893259274301364,107.45521748208724,159.72019619102358,70.34787135054745,126.65686006786274,122.46394897581621,34.28451186572183,98.23062963534248,156.22198453656054,51.8968286076351
109.52959027121688,99.89491649856846,37.432474192539615,102.67618386312199,160.4051738908204,72.16563120072543,125.86500011150328,142.3030510196186,54.362688477532146,93.90720610063204,157.20121966779215,46.77728869339841
111.32574901745652,101.8795833729414,37.57838306969901,101.79407616699208,162.34424558027038,75.5870136000259,123.65489521374738,140.43392020037442,62.35422719478578,92.15639867548909,156.96972319505213,45.40588362694906
113.0737716146715,102.4171113497138,46.155636906195944,99.06787107482205,164.50992394163944,73.14132156664235,129.1685316582896,135.69912051478548,57.60976121505082,93.17304235762191,158.58050164863783,47.99588234899531
113.53938316345626,101.10633241344394,38.67108732728247,100.22706213413409,165.10925932629388,76.6943369010442,126.14976654014544,145.7927991734533,58.88780770845296,97.550085075465,160.9650346386839,51.68280151336566
112.41398991442479,99.95946748516917,38.10929866553865,102.3354760465888,163.60793827986677,75.09899364940867,119.9081975256727,144.82144765690322,74.36859277009746,100.9459524144847,158.73986978023024,51.24164380145509
114.55973439741014,103.606680811259,37.881009269490725,104.67109315495934,162.43381096507983,72.41163420188474,128.6573735633552,140.61942390302886,59.51055964637163,103.39540847703128,159.43681692218317,51.59826913622963
108.20891330093387,104.31620798286197,44.6006532235555,105.90285377667692,162.003286362522,71.71512631853487,125.57727696491906,140.05131911316232,65.56429429417729,109.38779976020166,156.8334881270376,51.791922489913446
107.36172857184134,102.90760647041805,51.95789726965921,112.75677160659995,161.83240813446474,71.33851244513326,125.13825152633191,141.0104505061511,72.31419510095715,116.50081004175,153.15904387359708,53.001891920076766
110.70409983821183,103.76511796355649,47.61448348262795,117.76267999048461,161.79481769196775,70.73446940344998,123.62046264387543,147.72624442599695,60.79398597461287,122.58154663877473,149.854841470906,53.9929442417492
113.19632023052095,100.89260248107784,47.243504914512464,127.28255996422186,159.27644913851879,69.76884920507541,114.76558996207008,143.1667088250569,74.45940133659965,129.36684970855012,154.8542974201486,62.43085088073588
115.39266472589385,104.54751025181017,42.01415666207413,136.10839020275037,157.292291894856,70.87177726873207,107.13709036305715,149.98616196587355,102.24598305866776,134.80046272822918,164.48382549603534,75.03013111215054
115.51218412097136,100.27926040282789,38.50878119146318,143.5718444114742,153.79533693857377,71.59339495745395,108.80683355270368,155.37724888411728,112.66874758013986,140.6445746327396,165.65323462416157,80.83466942170512
113.05625358241053,100.37877842085466,35.89054649976688,150.86241058238298,149.8414503049179,74.6186133168585,112.38194434835192,156.85710135423994,105.98218777564227,150.44609711735578,159.77862711819859,78.38405959197479
115.56916068489014,102.63383350505595,34.293233676243574,161.04724816702463,151.1137109362819,69.56085180708654,112.1648706566396,160.1176669770199,109.70791241254678,158.49846138178253,159.14653659287072,78.13155606428067
113.75760169720434,100.52141909609153,33.071562009088744,161.9193114409911,155.07405756094562,67.87470245822063,116.34183430204506,157.15238392653984,102.87471895301266,163.52235963189185,162.2402032335454,72.80612770982282
117.29641671428757,98.19149200141813,40.29534561231865,154.4168880817399,158.84249044979907,67.21944080260856,102.67657997880701,160.35110495746034,113.59783429738872,166.6170686192353,164.17216314542392,75.22149752925536
121.66225544168047,105.2338120793862,46.563294574471136,146.57666223595479,158.173804525089,68.7602198110512,101.22894149521048,147.8859529064428,95.62597729459173,167.57173830350075,166.1448924093197,76.73043260762229
126.20531250309355,117.58368744763825,45.21409818628823,139.51304483864544,158.92174555222482,78.32904732111994,102.96647876142437,146.2050306410041,91.09253047228903,168.0151424025329,164.49151203126473,78.22874316896188
138.2678902279006,136.44677587922317,46.69867678422515,131.68728938291034,159.55489138074384,91.31368215719985,99.70926225520589,143.7061888110902,91.91211797514364,167.60083144417524,164.12838938413302,81.21393922250813
144.1161939436889,150.29816790917243,44.0626078460625,130.08524734634963,114.04696931544612,57.099605456397384,95.74111720218052,141.58920482770483,97.28879668041485,167.56636191150642,161.5484354347537,81.62562881588403
132.15916185479293,134.01429796468676,36.994981147180134,131.64651110402545,145.90651841721498,83.2702169813812,98.76514480435024,140.09084559027025,88.50456278291709,165.64244226915218,164.58790043764233,86.98524481772813
117.83324275889738,120.05022602992499,42.24457099062323,138.28363343890058,144.11812582182569,76.1857671973453,105.10513464187301,147.29880268697335,91.2620794476942,162.12521274581945,164.05288713023992,91.13960544899629
115.42161134649167,113.31603315297579,46.538354094536366,144.4972136646919,148.66640893172809,76.1833387309202,108.56762245866956,148.45833955212538,91.2828395521818,156.36756742917368,162.77858610037998,88.76216130652955
115.22367964074493,110.23260689521814,37.037629405312984,149.61366908534984,156.51097485554723,88.02616652562143,109.85915908692613,152.36817415243496,93.04537496477691,154.2613184716479,159.89175783523618,89.08189151049224
114.09156962770315,119.45927868447997,40.574797398231546,153.03083192513557,160.40781965300633,84.85355358121618,113.05435236571488,158.64642670332245,98.00369783653456,127.10936009360341,126.98033691025562,105.15400932114491
121.1249396973894,118.31449688778852,36.16164787769271,148.81055473985074,159.42840061931216,80.43899218735804,109.159774731966,156.98044365174297,113.84107459823129,118.01954941783737,147.28681072698004,95.87997149302802
122.32080553862174,121.41404191010214,43.92376531465091,152.0021388992385,159.06264380298884,80.15413295988142,107.11430478188475,176.46268530388903,125.28415756668441,108.19846974620978,150.15338643978342,91.78877371211458
119.18688252780909,115.54223116227318,39.85337890074337,152.3687820570722,155.80799277155518,87.60928612284847,116.39517271750746,156.70295669736583,99.15973612599194,107.4239328479126,151.53363470960662,95.4196867039301
115.5927938533823,112.58510355223858,38.223157873442815,150.3618915663494,165.38119238577414,87.14035927494598,120.83157810926798,155.07356407616408,85.29630730496412,123.3514580093763,146.91278717794756,84.74661988775968
113.3145746562003,112.22007513545955,37.75036998198334,146.08855107776205,164.07814237075974,81.7452645445381,117.53369060526867,149.04109006984754,81.76030734340263,118.72582519402518,154.04076970689727,89.28520447119101
113.88046155795922,121.41845416082202,47.144398717934486,145.2860892058001,163.6401164357695,77.53454788758751,124.39782326337442,146.89708248523385,66.47011497286258,120.16674445896562,157.3415828260985,78.14196344962052
112.18384872579009,118.96063709735643,51.282239788454895,146.10085340142814,161.9385639497613,74.92067708670223,122.05802726200591,142.73047404165985,67.23524564393325,127.63726286618467,159.14321519278374,66.6248937476053
108.9645453463052,119.0639447049905,46.66673167087547,143.92413201565486,161.9614147126595,74.04556380523088,113.97128811895736,145.96461740113548,82.12090020669957,130.72067192367308,161.35515740620264,57.75347324760286
109.9765434839706,115.24151087557095,35.49970481451497,138.41922425681756,162.3746628207532,74.29689584924058,114.06491211603392,146.15199520482122,81.19794643952469,124.9939896033462,161.9276409260935,51.676557652694825
113.63547926057265,115.41233178234033,31.181777620117636,125.76136832556537,152.26217487566882,67.95584186768681,103.77645617174174,141.83287801748165,83.92075960892355,118.35823409532179,159.90848619448715,43.947436433052054
110.15039183213331,111.71488773025231,32.43166664395409,110.27349531094828,147.8322431651714,61.924066804175084,110.81377705417125,141.16914916522302,73.03521401919822,110.58282840900877,157.6244867620981,52.606778617949026
108.68125738023824,105.27869015998223,30.933678412612856,98.71487688529668,148.2307490734091,46.709830217650904,114.03808735488889,143.17751286677844,64.2186680406228,117.47570758036281,155.90786127801553,62.14058130110012
105.11357874654664,106.0554800696387,35.317984731551206,90.49828167601721,143.83717263615767,35.708956668755974,117.73993564499904,146.575607608835,62.666239626793,114.35002632469437,153.25477618209342,68.10406572925227
112.2315690991543,111.16811940188899,40.21463690738089,81.0308803649906,147.80900650531046,37.375943944265124,116.48204152956053,139.40341147110712,73.25714256227103,111.9662000222705,153.45435965916812,70.27784317335166
111.66272773652865,108.47854927813114,44.922847289271225,73.64439773849332,148.15782059550816,34.09630804177971,115.89386502443676,140.26373615135626,84.98232492830971,110.39879928260962,153.591485818382,71.73298453437398
114.8373776035325,111.32345317211329,48.20876390618779,69.45420909095166,148.95271896546288,32.404302554852016,116.49747389939266,140.56622075157318,94.48448115401747,104.80750455831068,155.34163410528228,71.98810360731595
115.78090444429243,110.19241769564033,49.12890583202565,66.98915723770219,148.62700234898625,30.879072863886986,113.88778444226399,144.42105738968462,81.48018297941908,107.67935586720336,155.44409631004606,74.50205485814658
113.72645897736979,109.77890613414986,46.26176745537324,68.61705239022595,150.84430698983897,33.993207750839986,109.69491795071598,142.01476532039467,81.53063690969239,109.70597614787194,155.17771662930903,72.35570986920122
110.42749400910341,112.49324286908278,46.84245349856088,73.54794652206701,153.75564376101588,39.44909264441422,105.29711161301384,144.1487181784548,82.21747121181296,108.9941456072066,154.58794873666392,70.78757107364471
111.03596002350154,115.66565693176867,47.54366150288292,77.93790900000506,154.9023993994,41.80552508093922,112.82411358421172,147.00125553529136,73.0545640194003,111.83382589025096,154.1551835069027,71.11591781281417
115.4733685933466,115.33680517657481,45.114961111761886,79.94070393116574,152.4170969583705,39.49504258988673,121.84433877699435,139.4710941378515,63.526785531358556,116.13190176609656,153.5196210743391,72.36933725592263
114.53023592941923,110.80509927928385,58.15521684784987,82.39623039889487,150.52840491050452,39.986295634708746,117.11028519325936,137.1318215299518,55.19813327429458,118.2298511375602,152.70824860171018,71.49027488995803
112.55084660946466,107.57027288649974,45.680904622403645,85.91814712817074,148.9144405392409,38.83188024517071,116.09373445156375,150.26664795432345,72.51418067965747,121.09650762926107,153.05217160115717,71.58555946141121
112.37075682510515,105.60806654244217,36.242957335150855,91.624064365854,145.8856760475105,40.185875154737595,110.64127293781783,141.86622438370586,74.55395512305537,121.26865908175446,154.84599982122418,70.72356166291407
111.93396944485829,106.17824093103545,30.74080887381007,98.5070447284783,143.75270637216823,44.38611432237748,119.68817677180668,136.7686312168206,60.32018621020525,123.14706833003555,154.51853339874543,71.11371659105819
115.54306223426478,108.45789585185886,30.84411306236646,105.64773998286283,150.84056176306916,55.775345647844375,115.93072395427859,136.88485770814296,66.8940139719421,131.24443400379744,153.69648824909743,73.08563858115211
111.9906119486012,108.63675818360797,33.07226348438953,119.0568338210745,153.32523666086354,66.33834656257078,114.70204242464145,135.71445486015136,67.67121214494507,141.9700655552816,151.03687051995826,69.6166159213103
108.47270774406422,102.57816120438736,35.27858183444821,133.8350152693405,155.92652585523334,73.88382360986914,111.96983887643651,136.18315772648126,68.44189103299428,149.3545556825542,156.49804085286155,57.21935212641855
112.28229606070173,102.66754131977426,36.13188030579883,141.26092543155912,159.72286001158008,78.05324931512415,113.33599088517636,127.23737684414627,59.27698083743721,148.62929735800876,159.20214544047602,59.53344415809221
116.61546500811973,104.31063156114429,35.661575427283836,145.64424419153295,157.00149710918353,79.4292416190652,115.35882196473663,144.16740198137987,86.01598888720116,138.6683210959107,156.9380627058511,61.438361707523654
114.9322008443594,104.49667386307243,37.44009784997568,147.40672671441104,156.8469007110188,80.09357743960402,116.93498502192986,157.9378709560136,98.05446119624855,133.379812253121,155.04299673484775,69.29914012790454
114.47109914426545,99.09436511080034,40.83200945529834,149.50763174911881,153.2225890986754,78.95801420735245,117.13635069131449,161.7944881546434,98.1173767481314,126.57977383753885,155.2028453328082,80.99034068500994
115.7700239403235,103.85984020024134,43.506927307793994,153.82416891003214,153.16437927289456,84.92569532929146,115.34609625755772,171.27278201658424,110.45934222376067,126.55620319490802,160.2315432984836,85.56871403112045
117.57431106858084,100.7265939048697,91.76574987111552,152.3946400974748,150.8344325278877,81.9602471975845,113.86702657226024,172.7982186590624,118.50633781648847,127.22802258430153,152.16255320868044,83.7502952160583
116.41366471402358,94.15654065801439,71.7469505764929,157.01842451666565,150.24287403392196,82.3328077155704,111.54693150070516,173.0401299904581,114.21715227029323,131.38389340375562,158.40210962781237,89.40344227137757
118.31483655336497,100.87476115584629,42.5740610984899,160.28755384426515,151.6276927969816,81.2433412874002,110.25271904598915,169.77508126311207,107.57464579364698,145.4148140130356,146.1233559220553,81.38094355647449
117.15982010166924,103.51462965759659,42.3848122874561,161.59815102672528,153.42220769604086,81.28084649368661,109.2097624634771,163.79375304825578,98.54843580825084,153.28108309369063,152.56627421724022,85.14298146096348
118.47638841227156,106.94910491987604,39.20560674160024,162.08295195573703,154.72940031513025,81.19717600421671,107.85274031588558,160.68854804403057,98.45042409588356,159.9234480610872,156.02113176757203,87.81932499391053
117.53763334662997,110.69563664887022,42.670222143131625,158.710658317691,155.99590674811637,83.46076737860427,108.47781208934038,164.29909773757475,106.98467900664585,155.25557399789648,154.73506605606013,86.20518708354751
111.36975181197059,113.36639816438634,45.453561903052695,148.31697649314378,148.19908026035947,67.43359385544439,111.30514875189867,159.38549096902184,106.21005471186446,163.05818701303633,160.4438430268207,93.7004006992634
113.64298186745089,110.54124171062666,39.53313667834938,135.10316118343027,141.0118607907959,72.8452678837082,110.060482227082,159.43838278804427,105.87585522806087,170.03302590381944,150.38115513934878,81.15178069696009
121.65277814824353,114.27080739986354,39.641274644175915,126.96631288603224,150.37442095367348,85.20358308076366,106.91621144361035,147.6449931917069,89.22609834155283,169.21126313100763,159.23351571958338,82.3079923088103
125.76239742306835,113.79442990619003,30.307626174427746,127.79421057942444,156.7209786740566,92.27802102318655,106.55068925914559,147.1686730026806,90.63158717742945,167.6089683083437,167.24360389324812,78.28177810563146
120.93010991636895,105.2604523121618,24.789765886014855,131.28400752277722,131.73526371638962,68.39574302622832,103.0957722128005,148.34097902929418,94.18811399513794,165.9306218385589,169.76468751261135,82.51205861316235
117.82596449810742,103.19939690174522,25.28093787740731,141.21620601451082,153.67357147863862,85.38356482674898,109.9013216920204,159.54579721711238,105.73879598209635,165.95964594864589,170.38164988297072,81.4775131142544
119.76674675371405,104.32103758581667,33.5820977628456,150.84106832099744,153.58383963945153,75.52696580428615,108.49433185662792,151.87524335089043,96.07552475375725,163.62150429018973,170.40094006033618,76.8386017475295
124.09657946848006,109.84322458726187,33.966824115197575,159.70850031202562,155.68268741333827,74.74421587215062,106.92338448460474,154.84114642137547,89.31309650364634,164.61817177664142,169.9984207850054,73.67463574999239
116.19165956613952,107.08728478701704,37.19519539491701,159.21608295869487,156.80824863780197,63.22544430259503,111.06650476095288,147.19173414010262,78.6052138304735,162.03180625018445,168.46638520259967,71.21385946843394
108.4711305777958,100.8605600787484,36.75405257623055,153.57364074938852,158.24121637817575,55.3184891270422,108.86611343229387,149.5883240162347,89.8014782691753,155.1262072251983,168.83687744905833,67.145040313208
106.549969661524,100.50783816660919,36.85729653911415,147.3301613456462,156.6882465188219,54.6232181906935,108.07365643278769,145.3642755229878,84.56665738115751,147.96881733213456,163.6834045239551,67.62427655678913
108.86602223450984,103.51727555152277,39.18806754515713,138.32293058106174,156.88922877502648,54.64424606473545,114.61128710471841,149.12795027163605,98.1555158940398,138.8507914205691,157.80928263649898,66.74228962766965
107.60981090951594,97.80654765241833,47.30024242353855,127.77843880919359,153.08280942784228,58.725013570836715,111.8908907644099,146.12794447963515,84.04274255444965,126.22896591571343,154.48163293913032,56.44424041781369
107.64888439811902,103.24392504494848,44.032084564906725,118.08987149336112,157.82378570705689,67.4967433433872,112.80946446889097,146.18376504490882,87.12364315429939,117.38412663942665,152.46319240717474,53.381952879181654
103.19087227779418,94.79846334450046,44.1318112260648,114.92645230103253,155.88228451159185,64.64329659630287,112.58242009269115,146.24693735657792,94.34413519300675,108.74882052448868,152.17552473819458,53.5356948081524
108.58438351403409,99.90231114709921,41.79361047213649,113.48682911489426,157.4690125918539,65.933067345092,114.17875011816062,150.1093703956875,127.31001745090926,98.02640808969588,157.2396246781199,50.863903803976434
109.69701113225136,95.94457371963568,42.462767216076635,111.4745380088587,160.07131728368987,69.59076367411873,113.46435925892602,140.44821523069922,88.32473541309976,93.86353854549779,155.72520650199144,47.71126759492097
106.19974583488295,96.60423378416833,45.69416656314923,107.56173841725239,160.84742276259794,70.8310124049458,114.86659120539719,141.4829877621386,73.9882038862049,92.66723669860676,156.30269457749952,47.20170346070438
108.63929050793368,103.38261013523123,50.73611470568525,105.80129049031322,159.98011427104763,70.14168668278646,124.34068633869641,145.356581378685,69.74465282573915,91.13919443602383,153.8491853239954,44.8523216734331
108.5497951016457,109.3282004880237,46.003397047051266,103.86745996018738,159.82446012562127,69.22214516664805,137.2672581911042,151.66559168039623,50.77403548141436,93.36237060816819,154.2185608012172,46.38406123458933
108.49724255753522,102.67254960711627,38.326745650056935,104.37487120529296,160.09435464201653,68.75444740797117,141.18757601396803,158.30157148462484,45.72282902880783,94.5027543584723,152.6738528334824,45.34210778032124
108.45064359652628,104.20306196744338,42.252738548109456,105.58658735597021,157.78826440722383,67.76972086528232,140.12188473222898,156.49322058018942,53.637419617909266,97.02317833284708,151.6542325884626,44.3771998392731
109.57913577629043,104.20622759215138,46.95216078935739,107.40147426402379,158.26122239990636,67.83148581946729,132.0693736505217,144.84445091785065,63.47830328171553,98.43687651633829,153.89662834060678,46.94806918766178
104.50907749366705,106.00150792980058,53.76751144386265,108.1178213037212,156.73109681546484,68.35906725866832,134.41974873630005,136.43280376037862,42.15073978046379,102.47228252162908,152.33307538889707,47.7811823624162
108.09291966864647,102.45402367574864,47.04784849585359,114.01549063980018,156.1785008320412,70.38197875088413,115.67829816461489,139.2019865459839,71.21537920031383,109.74347053627724,147.90563445792756,49.42708950434175
112.89790863417281,109.03319628480138,46.71227070858248,121.45662777805487,155.57830572633955,71.48666391331713,111.93913388436165,138.73020403221608,85.815344795235,115.01512202298062,148.2720083633405,53.52129994433249
113.59142087621092,110.64100052754806,44.284515379563345,129.48774460440615,153.7266708097878,72.8330594006362,107.76803799481208,137.03715323443745,91.82580318074531,120.49736803748242,157.4288573194798,65.71719079233576
113.78036590936061,102.50560947596666,40.70857827300726,138.52808697565467,150.96568368056992,72.14377398302841,114.02420840324093,147.2783626730343,99.90658033449185,129.95621541060478,160.94447965211174,74.35710264688375
113.79654363099644,95.85366181223681,36.03494400789627,148.55444668348127,148.3049087260491,75.37931885698471,113.71770406212038,152.55531487130563,108.16720905905515,139.8324971049368,165.80167995287243,80.62734933182942
115.11758205541818,96.34473146682848,40.1429270214394,159.46014886818702,147.630623251978,69.91645530966868,116.5453017767271,158.3910706857211,114.77504906744501,147.95984821779732,165.92879980488775,80.23356179279556
112.35221224124463,96.22190021447207,31.954235852981046,163.87206198426998,154.4504749367534,66.62386316761211,115.32759869977383,159.23521841573032,110.29658222731044,155.52457384240807,164.74739309430504,76.26152183627228
113.85201387827685,87.86891633447756,34.065171610491916,159.85641077010467,156.72685065653837,66.80577978540101,116.82109266511249,158.29626622061488,103.61097643818759,160.81189508973847,156.55914771582982,79.96499147539326
117.48797430559208,98.18417851156316,42.10700349234659,151.92408826462312,155.86076201089887,65.56513829856738,109.4572967395695,154.7912570411332,94.1082920320996,162.2712136736769,160.14191267525692,79.31264242059159
119.11860073770394,101.5408206546974,45.21002344443469,143.1374045740351,162.00486233694002,75.64784042039157,111.34676813203383,157.73488626461625,93.28690765676717,163.3084546061569,164.40172117407346,77.89694933324868
125.32941400174165,110.33794169496153,37.81353006785706,136.859341314769,161.71402056809214,88.09507294820115,104.24600660475338,150.37238366804993,87.9258265336712,164.8849891170192,162.6241665362934,80.77562765808602
127.35976894557216,121.74772444740282,38.379992969375685,133.62641511422677,137.41711842838114,72.47786780742341,105.04032828329117,164.36087019553648,106.29163959648498,166.06222398321117,162.52112007313897,90.76768798526969
128.44430162484863,125.54682604548256,39.46014117847708,133.908882858451,156.99867601493222,89.98907722046465,95.98759815071703,148.5298925344174,95.70100843931019,166.86549009410874,156.87506348050886,88.08119843666071
125.32746916395048,117.82809595091086,34.16757617935419,138.72483929159796,150.4250985339872,85.38000420367436,96.11300631829005,142.88243737152223,95.49042915392552,164.86780199436038,157.44705972826492,90.86225812655128
120.29920956234825,120.9757720171638,42.02779987863153,145.00461848082415,156.23887265621627,87.35998702235823,103.59034394502953,144.64608969057736,91.42499117659594,162.60339088060962,158.86827324147427,89.77785606343963
112.36480012652731,114.76529182349934,50.77367659801441,146.68007969896917,156.09657954718298,79.8263783181302,102.64279854461469,148.36050395362898,93.07545465856067,158.9030392542325,160.66163589092503,85.49520547936056
112.20613763344714,119.32547079466882,48.25003036823544,151.99670006184132,158.58272220651025,80.0807573694474,106.08957753741299,146.064748143034,101.65224980293826,152.26176877603876,159.61274822046155,92.97721574510234
126.1547532766191,123.4307169762554,43.88697458076576,147.7401071845823,158.37510029957858,80.7953970276302,103.24415854336625,150.3485948945392,114.08361296491822,129.186723116511,159.33500445101595,94.68794027209024
134.0941085943528,132.43904834257205,49.55865340029949,145.31483784455835,159.08266425869203,82.303605479887,102.79544423504153,156.79561893924514,123.47734382479959,120.49799128895549,154.32598615520266,87.79968999758366
130.2075249036994,128.70132423861298,48.629792565537,149.97431947043495,159.37577958793386,85.80252297333035,99.20945508616651,152.35338574548246,107.20676424125125,119.10537643196488,151.11437639273367,84.29156723783133
120.95093957194216,120.7668000941838,38.33611711219679,153.81347254686943,163.3969267484824,87.82132491932911,110.49815267377004,148.66675370390428,95.52787548364428,118.24683027421845,138.98561908361924,68.13562921829539
120.11804639454849,121.67019990858016,41.18695756914508,153.0423457114054,163.6549183326981,85.8025183880968,112.15886373616891,154.13188657201695,95.25818229427533,125.41680974716681,156.57945383835988,83.91669190844048
116.80915236445061,120.47202315487425,42.3078478250643,149.91089718878533,163.13823630988264,83.18849340915496,119.08104411629027,149.59560299369178,81.51607173633268,132.6602129853025,156.14056940713417,77.97995784956876
111.4921349919656,117.95379843136016,45.40714392673238,147.79906087932247,161.66569713173433,79.23709673541103,120.82721462477953,147.0856911602383,79.4352201889649,131.27197055652644,158.1755945128452,64.42159572453774
107.17376227414536,119.3179954706258,42.70478545931953,147.44220612748856,159.64063920253764,75.77814841490404,118.53276377725894,147.2568381570334,72.31391951073283,134.07746707295152,158.8370986599576,54.11838344153294
112.74601047462887,125.00850523342012,35.81649863161858,144.31701079301564,157.40025677456055,73.73234190036814,112.06057556105881,150.03863301820743,82.90788108639083,128.769602461561,161.77506816466817,53.840866971516924
108.7375484547934,117.51251654768747,34.247720055108665,134.444596323737,154.25974388180472,68.46521475235774,109.73641653728554,152.49675301562186,83.37613924476594,113.75263788637025,159.9977250104426,51.84683353813038
106.79226142552675,113.86445762949155,38.17174224741169,121.21961872057653,148.5534404312383,59.007238143509085,110.63529263980845,147.6924038443966,82.89620467602523,108.51588860067214,158.31376990419932,52.66691045373042
104.95289072889318,110.25210921744768,35.249029728683865,106.92757857495458,144.6406957669021,51.17786727934973,111.0465218651976,147.04150440518714,73.57867148935698,110.57026065288211,157.1804976005017,59.53332790579512
102.27765322890201,106.14161094682038,34.46401523871688,98.07695719087148,144.00168088807897,36.37753124098437,113.61524390381388,148.2155859858912,68.86694158244192,111.41199942215202,158.19142393946262,65.36841306313576
105.18460117790309,106.56051710364689,45.49887693180869,88.42760168298211,154.97753232567646,40.20941673222995,120.02662425044124,150.72472605067972,64.90748284264188,109.52189592638267,158.39805512330778,66.70919853800305
114.50741593772983,115.28855682717978,47.356940545145356,84.78635699034459,152.09887328547646,38.924829147601876,116.70395229637084,144.45428317554686,73.66141698899067,105.82915100722967,158.55311744922003,67.65463928770254
115.92309002673106,112.67763691650566,48.40761393602656,78.79869532367084,149.9690604627257,35.41240780144848,114.35063358748172,138.38463497495823,70.63801465529966,106.18758502979894,157.24675100258588,71.00980541337053
114.2237174170079,111.94030853352571,44.993304296868544,74.78579446585931,149.10189292440944,34.087150334555304,109.88068130303557,140.39132245427012,81.39610774801726,107.20977746587003,155.98972574190844,68.28947746278281
111.50901010873498,113.38072419839331,49.1489489165808,76.2895291217314,146.37468726129975,32.70977105155936,112.27380331908199,140.7181804343124,86.42415393277346,106.44916914419774,156.30076870216635,67.1521461670983
111.55174003703121,115.01375804106021,57.56257602606357,77.11000893694487,147.42848316219695,33.7613691467699,114.73091031934253,146.69800518578265,85.603113518469,111.22862677413012,155.60311173792502,68.03247872111369
112.36738889596462,113.25802205839076,53.38091779341992,78.54212693591859,151.5167061629906,36.3099836172216,110.22621472454249,145.73939863355756,81.06412840283026,114.46693110478778,154.8769115952194,68.15836227033132
116.61162829040654,114.63210225808828,53.49866945781108,80.51347170458082,152.37443449646125,38.282288869029514,122.67103481062615,139.19938772634077,73.37009822590281,116.44389777721439,154.0021383440643,67.92404822631923
116.31360621482749,114.28996896451599,50.10346722318014,81.14248695987126,152.27211864092948,39.27979118899093,127.97026150212345,148.56228688212937,67.74620270767178,117.2382990035051,154.4453350872233,68.22580812965415
115.17096701009581,114.05853673859231,46.09845812592791,82.78394265936981,150.59461207996884,40.83492219102865,118.93193586517654,143.6101375069995,63.46748407798745,118.93291784937874,153.69315078335038,66.98467612658968
121.63518928624967,118.0044957279291,38.37100989465936,90.27351306692714,146.65625265442415,43.595967192221764,121.41925829651665,141.95329132031742,62.83203974147336,117.71875597912164,155.25227735608655,65.45897889725713
115.57698044465172,114.72259404690043,32.90379409135751,94.75763937195806,143.19933358246087,43.02595605405561,124.54888426213404,136.1708083585595,52.33207779516735,114.01151968804584,157.15839365383002,66.92770437465529
117.9856822286465,112.7968991488786,27.651547322864864,102.69163537156103,145.37249165700567,50.18176212813934,120.44865038489176,144.17516232472792,66.19727316935439,115.8420809153074,155.4810073016995,67.30176790861731
122.5469978616106,122.47551474527455,34.485193130860004,113.13124684381792,153.6063250729439,65.06233538158884,121.06331815043987,141.8340484715818,67.16338367425226,123.9463839987247,154.27708434286572,71.32951934034602
113.84166978228652,111.1681051564384,35.34609307117292,120.84476446881506,154.53478601010545,69.42019052256963,122.68489165999296,145.14140763261028,67.19700771943076,131.82946724113273,151.14385602081538,64.75582336997498
110.22368977000856,104.56007858524038,31.82732522885047,134.05132416543856,156.4197817435287,74.2811451889675,123.72046277036758,151.6446139350551,70.70188705341825,140.90390854660419,156.8499475106892,55.82672489905405
115.29884890075724,106.1078182276657,32.73096145695666,144.47541068957327,161.48607467454144,79.54718788085498,118.39336455022755,143.45956123744153,68.7463144071756,149.813828738863,161.8144792518007,59.14059963163573
116.84894813937711,109.31206730892836,37.62281917586257,150.4794371574182,160.8923112730884,82.93732682578948,114.26240184659486,151.95410194874586,85.6752933761321,140.150586199258,157.64212135078697,59.716207670939376
112.23149743869108,105.22340285852702,40.87489484567023,153.6431297910338,156.46029228370452,82.27833471114816,115.48219925444563,153.62918809446145,88.02595727726838,136.63328325595432,156.08521925310524,60.621308083730035
116.62935064501565,110.66836671787523,39.80274385318669,155.8724483696345,159.52918009764508,84.31727950108221,114.09666584511604,159.92289129529078,99.9364112578323,136.59051953505767,152.35222505463489,68.46185706288232
117.45780659454884,109.9012851283596,41.01767855216522,155.8467523441673,157.69588582873106,86.26082302987734,115.627343485895,169.1319560165484,103.9724613547441,128.0640758354288,149.79089923269177,77.9011963810021
120.36992048801343,116.7570399870005,40.46053995437387,152.03258863131992,156.38447263889287,84.5082555390691,113.12487786302898,168.24173077914097,112.00481848424737,124.97849937803726,147.3305140150158,79.35547237505084
123.08566338098044,121.06473472592099,38.90713321437607,151.1216887921039,158.5752914114211,83.89954746700201,110.87789069545478,162.76510256206308,106.89812084599379,126.03960793092196,150.0848383687461,96.602717327521
128.04702195297378,125.73577921251385,39.45409820431098,156.48738007053146,154.67025039470744,86.42904807624222,108.47486903501722,161.88461121214695,110.79572373174028,126.529340249658,145.38477910630692,84.28717208323921
118.21457359555333,120.70620438604662,39.412452696462516,160.25927866636198,158.549076029696,85.8256883431559,111.27621897543284,158.42663265559938,104.27349468094674,143.04954222776337,153.86495330067504,84.90290568864678
120.67902375815147,124.99863866504113,37.70680789351157,156.74427552997378,164.43383899511358,76.41742689771426,121.7524549560801,159.164081377246,98.96570733925742,155.20669411090003,156.25306957643357,86.67965486619204
119.31412598167661,122.46256151790635,36.679996389401666,156.3523444027771,162.76599102187163,79.03637367658906,117.39699083413406,158.6005996166693,102.13703953475995,153.9823781765587,158.18503132103334,85.29236248375727
117.52526409814791,119.14866389050916,36.82568981660338,146.401962889176,154.03805831448037,82.23969503515738,112.76873436751481,152.30954289712457,103.92337237737526,164.66795013722137,154.46603940702764,83.0858566935866
125.51868062141426,131.18624252339515,38.318591545228195,133.73645046104676,156.10394542039012,94.81683373055071,111.22880026534077,150.50744420440276,112.50251550012285,167.83486373648185,159.91660699409144,85.7439085244756
129.731920124505,137.03960417211533,41.1708379662176,128.95499694731095,153.2394630613173,91.14307545838294,107.14671309577149,146.89758888487623,115.94271519967263,167.23991149622705,167.52434356603774,77.9253288760347
133.71637523652217,139.74756428497287,47.72906784112401,129.11383490099706,170.09927763873918,112.35018152394325,111.0113099666184,147.7990758490384,107.78450368165059,160.48243724693774,175.6251142746818,80.21692367183672
122.6723918106395,123.62938761613182,49.01713808585055,131.92065048137744,157.54146831715593,93.3975677194564,109.31058104396408,147.23104331005118,95.57452704691768,168.03367224456863,171.83049467116192,81.59957226847821
121.58135999244173,114.59661816969901,48.687584871371115,137.13371077772422,161.17225279680028,89.54845993626734,110.34370968290614,152.72389633385308,96.59531339732668,169.54911207647237,169.71645371828694,80.74890271986246
118.87508964182732,109.32166263557754,32.475761865100274,145.27854314581487,159.5972843649766,85.68447353665549,109.2875713717639,160.31255380998942,108.58135329399643,168.01304515406972,168.99391886490352,77.1416815639502
112.53143832500974,103.49034097743896,33.00090929648489,150.77951772645545,157.9920529607929,74.57771455588237,105.99212756449177,156.0919139089861,105.29833523850218,163.33984571080947,168.07470305522418,72.27149498497205
110.79160293247784,99.42130620970049,41.03945110642274,155.56076773894785,159.11691537936306,72.52268452042514,106.6823825411924,159.13922480826676,107.2308102950934,164.2533423037183,165.5591118136527,68.83227518511748
109.88730586231024,97.56622620521442,41.00468412106997,154.337373891289,157.19834418895667,64.82587236740908,103.89884887825328,157.6098656656978,110.59645243036057,162.10755555118257,162.1556809496292,65.64029667086032
109.84655358596405,95.74437406221801,37.72227418620044,155.472880125869,154.03635437022555,68.04837060485747,106.5654920150829,157.95845342656372,123.67873631572824,157.61260512837197,158.54335055924147,64.18580979349701
108.46172030202855,90.7386400373735,36.24055582905976,147.59593088183897,153.10881557817066,61.670144759645986,108.6805459250533,158.11770966829192,130.3746521881419,148.82683209001652,157.00606913228577,63.320670645635076
104.75007443420951,89.41013591977418,40.70613065310661,136.82636837482914,155.186659322525,63.01427848877886,108.09644032586057,146.22986914004593,115.89615410444708,139.94690839624275,154.76413565137963,61.83613090901679
107.84911671637263,87.41686588818942,41.472993612561325,129.65984978995684,153.01864927241925,64.58340362509179,106.47806705102781,145.23241747198276,119.36784358725747,129.31162718079827,150.82590622711038,60.66420313162814
108.24879221260092,88.01019410074798,49.55562780091289,123.5423936221248,155.2913813265732,65.48784197830736,106.96179886253557,143.56273711683164,89.64940372196551,118.55154238496021,152.33662668417927,54.05060906089087
108.04621882106755,87.05264280492818,43.69547802065108,118.83975560375315,153.878390732241,64.76635076768572,107.22571125550633,149.86101171557758,94.93944314062564,105.97747447066664,152.38691332168358,49.02146811293576
109.86942304721946,99.84714102672794,47.99925192738587,114.65323785172103,158.34126325258237,70.25570620774198,110.32822562472347,145.33001064672274,94.05020845798775,97.28685480869906,154.53532074030787,49.60144152564907
109.41476003457508,99.86538934088261,50.255477923986625,107.87000108406308,160.88341879810446,71.90459179465637,111.95109301268512,144.49427341900923,99.95018121750252,90.37825131306333,150.97580082992667,41.75115494440278
130.3240781151156,127.55431797257795,49.02691241380502,103.40819285523047,162.25785899054293,71.81880419631247,123.87278044898352,142.15796387043508,54.824494049712285,87.76463653424209,156.72444662817747,45.35635932582359
128.49876583133036,129.5713193106137,41.43611783941108,101.74433435964237,160.21961149012336,69.34018106577602,131.2246210958607,146.67113799779764,48.17158923210577,84.35916457757155,155.06101239395034,40.17147534389722
119.43561788405277,123.62512697247016,48.85281866331412,96.93598992879939,160.48630555916745,69.33044997124655,111.70901234759353,135.0334148466096,66.00312348385961,80.92748452967815,155.11709896835285,37.39052680973787
116.43453879737736,121.5949173709074,46.02411584064522,96.30740706427143,158.39807229686238,67.70047270285006,113.52329542153605,140.43317108560956,77.03242056950063,83.81964226318115,155.17378591723198,42.85407072443978
113.73269199302645,118.58608562862459,44.48838444144307,96.25656352318349,157.84882865781793,66.23152079826501,121.8041364107705,144.3788536246431,67.96217154274724,85.9406922365449,154.2420537210644,41.676735952331214
113.9945073052894,118.84758379467861,46.97276739912641,96.90957586422955,159.85514194089797,68.21861949984887,119.01161419241292,145.4890961263874,72.91907598180349,91.06095630679113,152.70900151433452,42.31796949679353
109.17995410663767,112.38466172281396,46.73424575186948,98.24098519120405,160.11227802548763,69.43690911699163,122.36874131278972,158.96310601749116,79.42626127882434,93.56955379676656,155.38243558439626,45.702252842692275
107.52880271204575,106.06495115865204,51.747877206608926,99.09805174773807,159.65679877540248,70.87070471898419,120.75830880242417,164.04238840142818,94.07057635221082,97.85625746029663,154.3392943077482,52.63651893233574
105.83257982024085,104.813333466383,56.57513553676604,105.8904057466439,159.98124120092746,71.69919067630798,120.81200979320103,150.86063638056538,93.2317171897362,107.05117116313524,149.12106300765788,51.001149858454596
107.36523677663911,102.00969057108395,55.61631575042943,111.08001978724366,159.48298358472337,71.75778866053024,119.72963984403704,148.0328193346086,78.09801365928813,114.8164462306737,141.52285891210093,45.963524092188415
103.39283992873365,94.06925718261756,44.67828789285306,116.55918428931173,158.59573687941233,71.58856567579319,107.9743062717887,139.50750387471405,81.75887078232556,119.97852262887726,140.10626588515282,46.160855663545874
116.00013600337904,111.19182561676855,48.0029322344175,122.93481158526438,157.2077654624054,71.55450200630958,109.27833861742887,143.24414128995159,101.60744784259433,126.09311606724013,155.84272257485281,62.42349850520262
116.28642101189331,111.82773698700069,41.25832870672595,129.26562377578725,153.96984850704834,71.50388663817401,110.89801721080956,140.5271214470438,99.07598694936358,131.56979161746833,160.97392903873032,70.37297745779402
113.97466838018337,108.11104655056478,42.26308789549199,136.69631538617932,151.7897969073349,72.55769657304887,108.28522562725078,159.28988760399383,117.98704771458706,135.04784939654297,159.10923800872118,72.73156399609911
113.34813555363183,103.21299262091208,38.44487063455106,144.80320326281267,151.86766029874485,73.16230297732288,110.25467351889966,155.35342869841534,113.83183266680605,141.56640223088965,156.82373107151423,73.85724939465705
111.91089478791767,99.44269469195233,36.25514863940105,152.34545788480403,150.54358458212508,74.94293240103086,113.21482054086412,155.84928741465302,106.71570108639354,149.51770246251405,158.6585560236874,77.77002586652151
114.7960149420793,102.22198221799715,33.1890844481983,162.391109101945,149.05225351381392,71.87132257490511,113.62014775511248,155.47711504433315,102.3092022973035,157.43511389593277,158.8841538589554,79.61891443822051
116.90759090849195,107.86260008814666,35.17432292067225,168.26083561835372,155.67781387859404,66.62807521544279,113.36603426384947,150.99798346931306,95.05031319534844,163.88419944391066,163.6136444511064,77.35775342804035
118.5225219565867,118.84035367152795,38.34543333952411,170.7944166504094,157.3716960061988,60.55164660492287,110.61178730819483,154.2551421491672,94.37036166355904,167.41407766339205,165.23672272905435,75.86522272173092
116.58735653109656,106.61916690926815,40.54882997536337,172.75005174619378,158.45166710325626,63.05570650725789,106.49874129072379,153.63577494339626,91.85496511862002,168.75902066803002,164.1036090385206,75.22241351391166
117.10558749483968,105.30236369672218,40.87811574078748,169.9834491188592,157.4505231476664,65.20119528382644,101.73443071319835,151.44194567726913,93.13461043093402,171.95707675733385,164.26713710969662,73.67895550369511
117.3782375137566,103.40169760517276,36.18892016121502,165.57164031505567,156.37103704868665,67.56528062374203,96.6685178260792,150.0146445137874,90.24004565706144,172.65553750405417,161.65853225262077,74.78901170391845
119.02965071821511,106.56684992037265,36.533475814080504,159.26116995829491,155.6765262415529,72.72795486774581,95.47351890745354,154.3770387234784,102.81185030600689,173.26965701998122,162.06999946950657,73.88111039168908
121.54633761596698,116.00635045812218,37.4877150061266,155.15952715086746,154.48443476139042,74.66412354597998,92.18207113704963,154.6929822294566,113.87521489576503,174.1447647433286,165.11323206317,76.91922550521396
123.08426487006943,118.27189327841033,39.06565681021202,151.27329136814004,160.2843588954605,83.36453465711654,95.23887541526972,149.9786007249789,99.41659334379735,173.46551414100279,165.61545519367385,78.52560835749671
120.75074224366693,117.63211117535297,36.20878667488521,149.84652313014385,158.901043201453,88.60527246669632,93.73538184893717,159.680392583232,110.57873593362788,172.413201348616,164.9929407237801,80.16952701597246
121.94313502758264,120.24097399664785,48.35504543960211,150.8855632877374,161.03671409091194,95.20248861102685,96.99361309318341,155.3231171902557,111.05542457965286,169.8896672184345,164.3767945968239,80.80596201017889
125.21979142483396,125.02131614288848,62.397676909664575,151.91114795032604,157.93948715538562,94.60368715666485,98.5711932665254,153.9846055682655,98.00378905398581,167.78057873379797,162.32729960523966,82.06772338522566
121.58416081678357,120.1430224428959,90.34523156678672,156.6216000416536,153.71726063768182,89.30981894553997,101.43423778327433,153.035408154845,101.0414566622029,167.95588355718695,163.49432735578003,83.95408401647458
113.14569871142163,111.69805514489418,69.08577982875255,160.68863763662372,146.83526020493267,83.22048487608461,98.01848934636823,157.53483960418438,113.83768659371718,166.1000017424263,161.0284715208174,79.93843232573293
114.70457366035423,110.83887948707947,55.659861670847924,163.42326065312733,148.42809364051286,83.89387437724896,101.63108588496516,155.76926274724923,112.70488114800939,166.94049497412584,164.2128721486383,79.38295178587411
116.99469926233559,109.27180606104763,41.29069240433419,165.40317916555253,150.6398523616159,89.26674701392409,105.11942701110992,157.23824125723863,100.96716695220192,167.62660571243165,163.67955199039417,79.69429761836821
