left_shoulder,left_elbow,left_wrist,left_hip,left_knee,left_ankle,right_shoulder,right_elbow,right_wrist,right_hip,right_knee,right_ankle
75.5968247422923,147.73190651143707,115.01499387830604,125.8434838030317,163.96869242892183,110.71650476708592,78.31418279878022,149.62133405387542,126.7090255123574,128.01977943910222,165.18576401717087,108.04842440261356
71.89365142734887,142.7361085109243,113.81310267335185,127.41531005222404,165.78028839334962,109.39399028620271,76.41592153044404,145.48615386800475,116.5785391202227,127.42624252538859,165.21994384486104,108.5002430228375
68.93454009038244,136.28957811646157,113.63545516306876,127.27362244102072,167.45612255489942,107.70738766272589,72.72776400427901,138.45595590740004,114.70672919533064,126.79632052141342,164.61409303332675,107.1670922072159
60.5943066111903,126.61300047820751,116.13204472972997,129.57776839137833,165.99713537533418,104.20184673417246,59.55562305306732,120.24467833345548,116.24660489900421,127.85540939039291,162.4773054011901,103.21961630427916
47.46871188913384,110.57421998741535,121.3260925738083,131.1494636860893,163.34126109160886,99.21684521391252,45.5832587465411,105.93385379556894,114.54496536190567,130.30097048886708,162.38771494397648,100.44111684279636
31.602863790958235,94.08724135454385,125.3588096510233,135.22220969478605,164.84888992884032,96.08836028015432,35.77390292169216,96.01398770327408,104.51328148161905,131.70124945636127,161.64436248736268,94.07079792375379
18.356550005076418,78.86721837413234,127.44279294487687,135.28593160629921,161.66253915315704,92.49195413483143,20.577839928093503,78.97542862702223,104.84405833146475,135.78030526691583,160.2171386594271,88.25704420182882
5.635906061744583,67.28099062985744,127.50333490739689,137.33794641448904,156.469009671781,87.20311234025239,11.922309311060749,72.78676551133707,101.70438695534874,139.0829451941453,155.35825459429552,85.07909983742606
9.884134560453454,54.90575374462648,126.0130699790251,143.69627329592305,157.57320574614974,81.79912620424595,9.93103366073791,72.43196164559707,101.06993216488611,140.15739535003038,154.9051305647923,81.5081700408426
16.74306300209053,51.910757053965135,127.3050235122561,148.64207159142185,155.93862802024745,77.74941990579892,5.18561828753999,69.77658720306046,112.83337360813533,142.80620926651528,153.36914112118365,78.21918794288332
20.335322167265765,52.778654336047694,125.98836672051355,154.64896772512617,154.90494052834774,75.57482971212444,3.4612698000854167,69.78545577892602,109.9732094120808,142.01440099870754,149.072739612721,76.5683232761783
19.34254606401484,54.28476014155531,127.04426405633569,153.55819707985606,155.27091796804814,76.42708949943028,1.0582954992169413,69.32201582077244,108.58522411964377,141.5905328468012,147.87523778364107,76.70417999272897
14.99422006738122,62.19254554497892,127.17917611458314,154.8163361855628,155.0552658751529,79.30701526575585,1.788212064112048,73.31913161241047,108.19346372990437,146.50364951348803,150.82432123125014,79.4708948931857
13.106141664953292,64.67789702808209,127.96553163081319,154.4211028408023,156.73864684874084,82.07867514283375,5.163267260171643,78.10245936682757,105.98352660569252,149.59687421556868,154.32211036090908,83.10890687532253
6.641498771620267,77.07741523028463,131.63191970695095,158.46939187465756,156.3849283879755,83.24673314902122,6.101313828341512,82.34953998218207,106.12251516661404,155.08365474913504,159.4628358615062,87.70028429315347
4.4992519743825365,95.71287806730297,131.07620424055554,168.2397308118028,163.32374880615333,87.8151914104171,12.972635214980256,91.41899823213058,104.67893835081478,156.44984096726571,161.47996208007277,89.56067204742772
17.840836252793306,110.71207005239228,131.7325284397496,170.60818580874644,167.06310230955972,92.3368759911868,17.121060997197546,98.50275957211734,111.23672128178774,165.56241951480297,170.39340378085808,93.16683980086803
24.368851389189956,120.61509518286601,129.85111816416608,171.8914264998625,169.20358311320584,94.20293024198554,23.70824175038894,118.28085277460542,104.40101924887642,177.16441690192084,172.85904216550978,94.2350928885184
30.31924170347811,134.32443493194907,125.81214910313051,177.2514023893466,170.41723543359237,95.5832508145679,27.19478497871705,133.00661706417307,98.75196367942402,174.56636983487843,174.50954708470815,97.19075854993388
33.61863195197731,145.07876601829187,121.92241693553689,179.79898143301114,167.61024191688807,95.29919431578516,32.129478912208405,143.68003827760455,99.4042817627672,177.29118318287112,170.33672368895355,98.0957024693067
36.669375287331256,155.94402929798048,120.38867765300111,175.90348225169967,166.82685272197233,95.41162624081318,33.926701990058326,152.9889716156023,115.18503188091024,173.88944438698854,166.6539696901827,96.31399484506562
41.31704270137666,168.29838028519762,108.69279912698215,172.67992444359987,167.64717804275028,96.20624496876104,37.758729305042024,164.88119834429259,119.03319862921813,169.7055787011132,168.9573475842962,99.06676305311294
44.96878150460314,174.1264889357083,104.46633162296945,172.80412065558542,169.34935930802936,96.400693515633,41.655973353150834,172.02639398836428,125.72956508434541,170.22850161765018,168.14466408139145,99.53522023241577
46.53407613354658,177.93713949456065,96.12447294258966,173.9441098284596,167.59014960376635,97.12164494591147,44.583558614048854,175.04673131963764,126.63762891129545,170.31389503711534,171.4623553301942,102.26859244435639
48.455196110217436,176.77564763919793,92.14450821023563,176.3251522213861,169.02237108631454,97.2342275647579,44.9810789945727,174.20930254941268,126.07528812078567,173.08664528844562,169.06028379071722,101.96482483228824
49.18020110993704,175.2298997745472,92.41228915059351,176.1450752444125,171.8090196181018,98.24863869076746,45.33875350586608,173.11580505991228,123.44093849074747,173.3932513624998,171.68524586170432,102.8292558782718
48.517265894227044,171.07711089386166,93.36674342014778,177.49631990004693,171.46793856400376,97.81293402071914,44.09739982311557,168.62030504521908,122.23835295558634,175.11334207384394,170.1803391143188,100.81309729708309
45.258353405203486,162.8831124422635,97.4850742921814,178.48202467684152,171.13434877337397,97.41329779362913,42.16583246706614,161.96505371236407,122.79102565997611,176.36827102056935,167.46078949975882,98.68036755309144
41.91007634257056,157.24172251307854,101.20225792308733,178.94859063123644,170.22320009008288,97.58039568270141,37.84332725508017,157.351243022733,123.65018485649273,173.62752867014902,166.4739759156028,97.84002471436156
38.460877362630114,148.94442263340926,109.37780741040757,178.83750869846256,172.15921386944373,96.27898685618452,36.43023020453891,148.77816267839214,128.21537359103198,178.42445482153724,163.47570258669214,94.05351671583412
30.38454791821103,135.8332157077229,116.23096431806012,178.4804084133244,172.40096087954078,92.64569909592794,27.684139959569283,131.58902666345423,128.9526159210749,177.90875595002169,162.47002731994777,89.76428412764781
20.195556360226707,120.74100214851747,117.8336023874883,179.61986995761475,169.9132590501984,88.9018315297621,20.923951490108546,118.08327223388633,124.92838832999634,172.69481108412054,163.26779541768482,89.85507661616536
5.992134894113347,101.76616331697868,113.70983053385325,179.17966245865344,170.03921471205098,85.44624590548983,10.70413684827,100.26827879533339,103.65651991919705,168.247467056645,166.0779531672335,91.58580202482491
10.723130270867465,79.87848535834746,117.11663009324842,175.94500977439287,167.70437884108796,80.69441249960367,0.13214349195487113,83.35937629765972,104.29621946534792,163.83417928858066,166.2693148700975,89.1549132933851
21.37332457504563,63.77141551744098,118.65830654630415,170.74385283064467,161.9242989162743,75.84410633431868,7.823872547365696,73.06879208565321,104.93756687115143,158.7408229322711,158.5930346799679,84.24756702501551
28.352003289416633,53.097216905683204,121.20584182851091,165.55616861568328,157.68222191387576,75.02539456840866,15.452710879210716,62.901219208452936,105.00302845034473,155.6025215493238,154.59312277519408,81.87893074434497
33.30993154033901,48.10996577666315,120.8187555476409,166.08346930698698,156.6020257184363,73.43801833138346,19.466824475382467,58.63121918472781,119.13264796135617,155.0028252193478,151.24928046781608,78.5118180732234
34.35299165155256,48.6369513557289,121.124669019566,169.32312008613857,158.08062166279797,74.25630871675004,19.755246206258413,57.92015296231058,111.7264263338554,154.01717883100662,149.58869523969523,77.0417649642701
27.843436952241948,54.925190656303855,122.13869260661193,167.61764296854403,156.95318197903083,77.20142028657625,13.823396681436707,65.8784225782186,116.96010101704945,156.02388681053716,151.6825466755887,80.43576452789063
19.996786109519785,64.94020255937905,123.39403682224635,170.05603713859676,157.30126220192037,81.15123757604056,7.110165287394003,73.8305757837402,128.0237282248354,160.15548290906187,154.62689509426454,82.23610455164244
8.804732601413942,79.92716539590006,125.16023036983859,172.57460788287224,157.07467251273687,83.3561679955673,3.9009228096665822,78.05342403867797,118.98100700842457,167.89500872817382,160.7783968420812,84.70349777831326
5.287145250071449,97.83307996348542,125.27461278576179,174.61611930773608,157.76924356706567,84.93585311378311,1.815238512232458,85.8687662099587,107.9026650306473,170.13773390328356,163.17619096411593,85.89423668740254
15.416623005122442,107.363120524214,125.85663773296983,172.02441004797925,159.97244648003078,88.39605614229772,6.093160335050167,95.16653066413265,97.33372588481437,173.39333794568043,167.1873138325723,86.69914844141687
18.64486530290116,111.05638135564003,126.24068544345769,170.65813076530458,162.80134461254212,89.71649282766766,5.541794393201742,94.14582364875601,96.20435788684615,174.52257725360445,172.26342707710688,87.30113341217191
23.909277917267104,113.74236401915509,125.82076972781925,164.62722436267816,162.06759257133587,88.81233970504128,19.51434537785186,104.95461594811799,96.70596173959157,168.05537798990764,171.38640124135884,89.68837892040446
26.54847956441128,118.75355420686572,126.3373296779761,164.44905815675602,163.0547374790306,89.93102119109268,28.4536825215178,115.22838411199423,93.5301597910216,166.6756330450107,170.1288373184611,91.02693771049177
32.155333174379514,124.23078746633922,124.72011621361443,160.09718040227412,162.9137023141823,91.31880133226964,30.882472703908057,118.33388832856654,93.01403470664296,163.83233438514435,168.27912658577796,91.812139963778
35.70701516889712,130.17517355554315,122.41720614526596,160.92690797304985,165.7907160232715,94.37167887315796,29.02467539094064,120.34411895912338,92.67872523480183,168.36864717540595,170.6550416678699,93.02582630504514
40.051009818574066,137.4708197101126,117.56122408549473,162.6433908550014,167.3686792012211,96.81895418669033,31.367101341673646,127.5985853358271,92.64793488252276,171.2321793845579,171.55104502574355,95.38930147634078
42.66939331558964,147.61755863235678,114.88916354353425,168.63768529163295,169.09686900718046,96.28991370458637,36.10998567008207,138.05357946008667,94.75582692111492,177.52978649053819,174.10557678223057,95.0363094497205
44.79175301868117,153.39174248979575,114.17167048324023,169.67347375089585,166.82407033308573,94.69682924382273,39.01358173502797,146.37142965791207,94.83551437099797,176.04328584803108,168.26199750737226,94.98885521973266
43.823326145343145,155.7047255735309,113.85862178509856,171.16854284648883,164.95797430709277,95.71320482052815,41.23540359415805,148.22298711969336,96.13312119520626,173.09887733508475,165.45188367149387,97.9952072483452
44.60370269591624,158.76819018392575,114.54124567847494,172.95333473170328,164.89165160707097,94.20552393537291,45.73324486244443,157.65465601725035,102.06489496618735,173.14325642738189,161.38664181446063,97.64051823183414
47.23155544464017,163.80136082356964,112.86695215808176,173.75574302729143,162.2259760788981,91.79345770657532,47.50906038295144,162.23490696009978,104.856568034751,174.3048579457597,157.55312387361448,94.58604138190637
49.66233009263595,167.13082945332664,107.15315762010432,171.59093580936724,161.28361999140546,91.47585597447403,48.972488281343566,165.59914694627858,104.83851968141563,170.7289821080524,157.0693025297851,95.17739992773681
51.443752321508036,171.35312180017613,102.78131270985584,172.3966167826247,160.59961753382,92.04769005273519,52.23332995861518,171.17780099510577,98.04519419628545,170.1386155162901,156.588207083482,97.86788666074324
54.551069460003454,172.26182822336244,103.02669355770556,169.42341701545843,162.22767493900363,93.82435757285577,55.44868884917171,173.5391131780074,111.39301073021132,167.2894221499295,158.8178874221797,100.91066682337127
58.36048145087966,172.87530661248573,103.38161016886721,164.884966944638,164.19552266084213,94.9031024535188,59.93225740936772,175.72629468464103,118.73017181700705,163.42650524902032,161.25728699093477,101.76604194150602
60.543181013617385,175.05962500090598,106.62489603626607,162.83696365900556,166.5540534509404,99.56356933153292,63.70373933849302,177.43627534927762,117.50503156779033,160.7588716589988,165.00522833746447,105.64975451446534
63.73518154700465,175.71605417838026,110.70098518551467,158.96233068507482,167.4273153258367,102.87002939881235,66.40266833119088,178.0001466057329,116.67011331130949,157.9975208092613,166.6167886039615,109.03298173639605
65.8068432984405,175.45729792591217,106.88827096607173,155.49510248435897,166.10234010681313,103.40411878851037,66.31122785276905,177.4055243877528,113.81259984957417,156.55286708974648,165.8110852580054,110.2878293007886
66.34261042531668,174.36335713759144,105.19952597553844,153.6815065639185,166.80830117326755,104.92753097552107,67.80963393097421,175.51069512071635,116.36485362136334,153.3270352150437,166.2375402309427,110.1193178873359
66.97466295884163,174.08386246592855,106.25791645573145,153.0124245120443,168.6165428381978,106.13008620112706,64.92341132221391,172.8052424916258,124.05195091208857,155.86232420822802,168.32842310246602,110.2400137167013
64.39072662094691,171.7314398890908,108.68422926015188,155.18772421486008,169.2771736968846,108.08078785524675,63.06449221599705,170.22028891026972,129.1778591926682,156.21027910084746,168.11892408077534,110.3708226000426
62.42966616120178,169.58220576566413,106.46501836027495,156.07010314808815,168.76164013486647,108.49770495900802,61.15289345594563,167.50819238125172,125.54330778775348,156.22585192786545,167.80672348894254,111.10115714083678
61.04578377591227,164.3597709234847,109.17183739134823,154.82857430132472,168.5069099132913,107.87128218464937,61.57427562902099,163.40107420360417,119.9955652326663,154.24870211699783,168.6894284671315,110.25158238261585
60.215851668404866,160.0892301941956,109.91052758888704,153.2565225304926,167.9233490278059,107.67610676655089,58.971259353457576,158.51555862332674,117.29544424941679,156.38322052634174,170.2559730921661,109.30538893294788
58.107950734829444,153.39510984445383,111.31303646534226,151.04837298614947,166.35444126640368,105.835084644626,56.45757969326948,150.62385731264706,115.47390499444545,153.4675144984211,165.32509899607317,104.93527349902065
50.37953658630835,144.65257696985006,114.6622991618196,156.4121977692171,166.75953992542136,102.03835631760246,52.002527104912275,143.87064288695962,116.5050821911935,154.6605126022237,164.4637569978783,101.9759483284949
41.379626707675605,130.95022843868549,115.80923136927203,156.5107468376921,164.6455136402268,97.28907317108077,47.228322592234555,134.00038060413527,114.31793593617346,150.39739735792256,157.6515196570013,96.25238489246199
28.964741639249436,115.28044708254015,115.87845593294057,156.27590731526394,162.923293449411,92.14633184159979,34.47506500855317,117.76519161303143,114.8955667473522,150.19026009073585,156.13134264325842,89.7890041860362
12.846362637015604,96.24352422137356,114.35437449030614,156.84843436278226,161.64269623328582,87.1484761154834,21.698021748034186,102.09049710789151,105.34006177002911,149.83306147435945,153.8885043535587,86.06939335653824
2.0478373614673977,79.74831187677913,115.9773483400601,158.063131646236,159.95246229249344,84.21824742245103,8.617437505686894,85.60610829758555,98.22723390867787,150.75032955621356,154.1180039198799,85.23007416169379
16.633141511062774,63.42092475778571,117.66838255197356,159.83567825056625,161.39032116178984,79.83264430731582,3.52829154887982,72.78465445688215,98.41685980706855,154.48818929871484,159.94448739173777,84.35114386546424
26.530813029695683,54.34239706026337,120.55539830131832,159.19893195719706,155.643156133293,78.05402655726623,11.613488780699583,65.08708644100477,104.40246664284601,152.32621524029818,155.89891767623527,85.2841396564242
33.26086328773709,49.25150502070222,117.86702345962003,160.17898790189307,155.661898987926,76.20683348538518,16.09447737159923,63.125003850615165,108.2776654847955,155.02129297329023,154.32472215288487,80.77274014971835
36.40388289180234,47.106567456640406,116.59811584961093,160.46255490911383,155.65258490055507,76.1061406665608,18.545101702650495,64.5527722536003,114.31703542098433,153.28453984629192,150.64484399788972,77.6288346127749
37.02636699913884,49.35900298143487,118.10033014481704,163.2233027911961,155.2174578529361,77.02130037030761,21.32007144267047,65.97832483211049,118.10896698562291,154.39797341684917,149.32530113836063,81.30458043854105
34.67610402019521,53.26185046537729,122.78217390977949,164.1882238412925,155.66160173396796,78.21986557400609,21.362438201084576,66.84149072761518,111.51124182051751,156.36969263495348,151.2109470933383,80.3347703685996
29.412841899485294,59.581271604143254,126.96319871378684,163.76677047794618,155.45795954759024,83.50791779756887,16.7831271803272,72.74044060090304,110.42879843945528,157.42943312789185,152.6422205128596,84.91768384229648
22.939908558018114,68.73428187620814,129.152885416611,165.5926256071062,155.24195098509915,84.07680096553328,7.904219441981678,83.56936604677368,104.65249071083207,159.57225172521007,154.9200656443562,84.50931450132782
7.236904974399934,91.53995426278819,128.45983187851397,172.85966072820247,156.08162343896976,83.52460517109209,0.6579555757218217,90.67755503809853,86.12457610529063,159.6212993832321,154.13624392460505,83.26901299516481
9.684104919975379,108.39639696198164,129.16639227105415,169.34349088561873,155.6614324080191,83.74373791306546,10.451470869886968,102.5544216779432,89.92444164974277,166.07315759031906,158.81455975977386,82.49011097699803
24.651274607512207,125.33885081449209,128.08091117337176,167.37843484560875,154.28612267444262,84.93901795471305,24.068927412595244,121.68001018033101,99.33216278240833,169.4926128860011,157.4248844748983,87.19045168196945
29.08859844585772,136.1527780285629,123.82830925355893,172.63873670942976,156.41561651997267,85.7844436845951,32.17574891357973,136.19497636337954,105.4770468849762,172.13504314704235,156.81485350440437,90.9770916397932
32.71323486548845,145.86463240146236,119.79906695749307,177.16707067714185,159.25349040478943,88.18274719395757,31.67577891321357,141.22613323856024,96.25464845917557,177.03377693447206,160.6986924053292,93.62350726777008
37.726465229157306,155.04481395027477,113.54731352118975,178.7211792824725,161.4810527102483,92.007085995252,36.93313599792706,150.65723180314353,98.47720095964559,178.01213230322384,162.22885252244174,94.99238969678376
41.80983650280959,162.5199932944868,110.38112644852833,179.8880598628639,164.198295684797,95.26822060179025,41.65500948846208,161.0644408582888,110.55416739842137,177.78274937640876,167.25726613456726,98.33989239022874
43.5936704858164,169.29183402731843,108.12389985002197,179.19143963422638,163.728704125991,96.38139495242484,43.2105747629005,168.4218459709732,124.27833154411178,176.49475336134347,165.80128143051738,99.63099137865103
47.49129806903941,174.31692180121487,100.5897558925852,179.50105720818777,165.8564410283104,98.0658761497478,46.11508866317019,172.24859817051558,123.7361361917087,179.9903323091189,163.42999969003924,100.94123293376438
49.333854174257745,175.2155838126362,97.46372979383669,177.68644631146753,165.80453755824334,98.38796157942829,47.83898751624584,174.53974320950482,123.82476433508623,178.132791823761,163.10002545245862,102.70584768779834
49.619515816330654,175.1840763860632,97.38036816634688,178.1382060996262,167.97208218848783,98.83399086993504,49.76098418863763,175.2507121063633,123.2658091140689,176.66666881596151,163.79945075075668,101.56935563774836
47.79718361161972,173.89825679720923,99.60188653549785,179.6222896453041,168.76467671636996,98.74616800244647,50.47488367849012,174.48122256691835,123.59950847594216,176.80818034719647,163.9850606139569,100.96081057562478
46.70110315616486,170.13443219035554,105.79499717645079,177.38240952422564,165.8948280246505,98.66837286347956,48.11099602923396,170.0181572543251,122.8383779639907,177.3625509209133,163.4159096827688,99.1342324247473
43.82379243133802,162.8159259827405,110.22926357483584,176.51190802769057,164.9205575410588,96.9302612593346,45.437095550762585,162.68458461528886,125.77511376314253,176.22585412817486,162.95502344396144,97.74789887649212
41.486716422999834,158.269600663905,112.16969860019809,176.16142697033644,163.68622354761138,96.00425916652657,42.610714875061994,157.55910599674334,126.8569386900008,177.36590353182277,161.37664129084303,94.50414050879215
42.51734663005982,153.22714853717753,114.3189152303743,172.72035954490138,164.56226406742607,94.89370741953307,42.48436986585619,150.25544588336072,116.64719176394607,174.76026003320226,163.59004995610695,93.933623024147
34.70948788545838,138.90158758479578,114.51885957375241,172.7668434647111,167.33122347862405,92.98752560542516,39.55113415891244,140.55788907238076,117.6239305430328,169.2280125346147,164.0341328966819,95.60916436798585
29.444556563383724,129.52493137463517,115.58493807152298,168.25080244772244,160.48338414460127,85.76128974447077,33.588319689765896,127.0178032981947,114.49353235890723,162.70069113167705,160.21894647309304,90.27973733017548
18.194178668294423,114.00529799545147,115.66163915692714,169.14000474234956,161.58438326485808,84.36985184997567,23.142037725597692,109.81929534628506,112.96516457661953,161.09848436881168,157.94160634741564,87.52114859483972
1.1279980135014578,87.81717335105844,118.66119311216464,164.88345323360244,159.01384368710356,79.62699199871268,11.117907406307975,94.28553517794688,102.00916267268883,156.0492547839354,152.53935322703632,82.774392788672
19.779155750266696,65.94084366747168,119.55613094561568,164.19366046709013,155.07256313528552,74.91387563560085,6.006344075058824,72.82852528719619,104.82784190306295,151.1683837932498,147.6146258614748,78.39559554441279
32.459734289957304,52.93058841053733,119.80307733854333,167.9642500874257,159.14436184180354,75.27687305003866,17.124007891504945,67.99584209541979,109.24716446922436,158.0469716072231,154.51890187015786,79.85115978421116
37.56034759083856,47.35361285968854,118.67485490975757,165.22811341539395,154.05202256051473,70.96384161261744,22.535108124849593,65.549459717278,133.8230656285164,158.83824699974156,151.75241693604713,76.14285083139329
40.20023603199819,45.979280449072185,119.39896540003672,165.92139283250253,153.3186548453167,71.2046257125779,29.205907800187422,59.39985132829825,129.2016438240322,156.76713388512832,149.0228498775396,76.52838038709145
40.61874411917554,48.5037711205201,121.8225578049746,168.78829367797707,153.86924370360535,74.57815781278032,30.858919786582465,60.12622415506406,126.33151800191482,161.07082221512547,151.29080285029113,80.15839104510476
36.06854346634687,55.4703986752194,126.79076462369581,171.63419631007002,156.24238123967694,76.32006568586024,26.855462355548042,65.90412895829576,127.07711641436218,163.7135052392165,153.72317216439674,81.71960042515195
30.430366873770428,62.27082194799056,127.97539565140787,171.88348311548742,156.25201643550753,77.95947083076501,15.71270494773153,76.60627382251646,131.27434725970954,165.2174712832432,156.10373594399272,85.08052723410407
21.65095960316776,76.83115600206507,127.58267551004222,178.90946501702123,158.2562243138351,76.81472443405764,10.070746170072802,83.05674410106322,119.32684561341068,167.84115790018382,159.7123934197562,84.05650938018653
3.2943424591260007,105.6604577109554,128.20047913720057,176.57681330779522,156.80323503605604,82.04982224163219,1.2771714473549813,93.42148895205081,101.50816649341627,166.89958452850027,160.96198345266816,85.60133550986073
13.698811642540315,117.60570464326688,128.83775621762913,177.0864806961083,159.06827275581438,86.30898655033707,11.253253269742824,108.65123634352283,98.60275864148149,173.66004680389952,163.04882566705672,87.28854015979348
21.869196623103385,127.65856244627109,125.9077968546588,178.1359424197403,159.82429306720442,87.73801074943374,27.24522679244679,127.66659229138813,102.63706923879013,175.60186715585718,162.54922593356318,87.38240208453045
28.495781036363926,139.33997511941294,122.21316488842642,179.37571890410103,159.4358951826371,89.96111603976105,29.748553892756018,136.60615255791615,102.56145214242035,179.17080452428377,163.850131613934,95.79219117269369
34.488468439417886,148.7384391521499,122.58860617580538,178.59709230633038,159.15124074144853,92.0094314854063,33.23646269537991,146.21620568644695,102.72766620775701,179.12502513470736,159.41713662691487,94.99071522635806
38.698563357721156,157.10816343086117,119.50010630724228,178.8066365446498,160.73448011072045,95.60759889509501,37.63379693305135,155.31313189234126,101.1294694891353,178.8091224065403,160.46081810395745,99.72539044127302
43.37848280612303,164.22536064366412,107.7106939991425,179.79119953498397,163.29248025909342,96.68918464844617,41.85526898700598,163.18318414955945,107.26228630190562,178.83763616135352,163.61667531823048,101.67361504069827
45.16982199585812,169.50116688859708,99.02949861627066,178.80974572372088,164.88031130871897,96.70398176337945,43.323938136312634,167.5642670357199,110.1210944772435,177.04811191719998,166.35557933590326,102.56147417516685
48.554626098316355,170.43141805858392,98.63187466574898,177.81831346256456,165.49232945496942,96.95283037351544,48.730910940976536,171.74827041271473,117.16914032837418,176.96691096781782,163.82543500709966,99.91603661240869
47.57263834992202,172.15776477703443,98.4963487846199,179.11829196199986,166.5208633532815,99.15203521886684,50.229952643516945,172.87537891490328,118.47956319179465,174.91238264238783,163.5310772329566,99.64900080580419
47.81420470053352,171.70493677003728,102.85823304540494,179.94433818191135,169.708143576809,102.07256472072625,50.15343244764906,172.14623050420923,123.65557091770194,174.80290502432965,163.43103119090878,100.8392296222113
47.28549201195171,171.14940749786354,104.09920105705034,179.76747381062276,168.09496714419413,100.20821866131165,49.011323256674515,171.11979000252407,125.64700309658963,175.17708263665764,161.8236098153643,98.76729058394501
46.03849923737105,167.04320861713418,106.61796361879131,178.36440471397415,166.66900086824018,98.56486410688493,46.2698597108798,165.35272124798234,122.80414951271617,175.81316339059154,162.25857275260148,95.65738345540939
43.0327364342659,160.3199176044281,109.52406433403638,177.9964027619108,165.63131322836102,97.34530621710319,42.40074631376597,158.19274590429546,120.50659188289904,175.3354046744875,161.03742349100168,94.99665168083118
40.80448310443703,149.91109267643645,111.76810145537775,173.52306871690956,165.37560962506933,95.80444020389785,42.42156021617079,149.2657195672865,117.34762473976814,170.27039435718706,160.14205617837248,92.888284287301
32.89822450956282,136.7445240952823,116.3521357534021,176.10737816338315,170.1648995240476,95.91590270515358,37.937262340525564,139.69610295154033,119.6687161789556,168.91929017670816,162.19555027846,96.59424030682828
28.67467752438205,127.31816300115598,115.07386920758118,171.83732900622155,166.20779288187245,89.31705844000574,34.065899334309655,127.97683338168127,119.81861483228775,165.73702063714322,164.84901801566082,94.54892631808623
17.583966612695583,112.70478408453968,116.46558332445757,170.22116198420377,161.471526551265,86.1343231880419,20.407070873668907,107.46295905696884,112.48781911374036,162.3031045656681,159.22577719525614,90.27228819052642
1.9729557933538944,88.03217340903626,117.83784394209609,168.06024554819837,158.12161560760603,80.77834881417374,8.013971572854524,91.56174465998315,107.771063300637,159.4810767506683,152.18525822598133,82.41102375828723
19.992907874295533,66.11942085218983,120.86193203487063,165.38958437388249,153.4254604753254,75.80684124341765,7.755969077897207,74.60552847260952,104.42051457832319,155.59774198845977,146.74590357020912,78.6597344175109
30.739689608617674,53.7542326580847,120.18132818193469,166.3553153904977,154.60820344699144,75.61445884974648,16.848740291255584,66.91760639995118,106.67789847547719,156.66664131366625,147.98057925687215,78.3224423275303
39.84905149836812,48.938437448444034,119.90165192061045,168.47833478373846,151.27912477859658,76.80228554650932,25.786415742607257,63.452830955330214,118.86776098393612,160.56540448537882,148.41572489101222,79.14765593934199
43.25937345132142,47.63671186963519,119.3910497758915,172.840618944292,154.42430082681395,75.6946592973805,30.72340753895231,60.06470972659494,117.72376667403049,163.27299566964794,151.45414333632056,77.80540230407611
45.93047422958788,48.113439983756656,123.6131662288047,179.73705022242947,158.332840808512,75.58766807696604,34.38840995282353,61.020031817090974,121.15210940211311,170.10682689209196,155.09596569341963,77.47389294125621
41.72510854520988,51.38375904672095,126.69011793105281,178.1584529419062,159.09798152454456,77.98005546975568,31.72280056352635,64.54456179809071,116.9914697861841,170.53067641061676,156.54428521125757,80.05416100072182
37.134718704078196,57.64220621790858,128.49972531308586,177.25557718077846,157.54073417727298,78.7114231233798,24.889964066671634,70.75776438821663,115.66102281736444,168.6115316050992,155.00087954517664,80.8963661561088
32.10899322648841,64.00843380103687,126.77612691541562,179.58303590967805,158.29080076540203,82.3681153909323,9.295831019012509,83.43339415801425,102.55375094235892,167.4744133453722,154.38388694717113,83.78246309022785
8.345684234149783,92.58799687416052,127.29942891515492,178.1793575422012,154.67835443368864,84.80788024559533,0.3058771864673373,92.63232053377958,87.78202676711017,168.48958389803582,155.15437247924547,83.81653046066239
6.8162530899927525,110.8872336592084,127.7516637854667,177.37989999530444,153.49024921146648,86.5669231392982,7.449536615240179,103.68583116152145,101.20711490327862,171.8781768492135,155.8773929002634,83.79522157404944
19.05437477766586,123.25652581481029,123.76361837650157,174.540959316202,154.60368504220523,90.36211384741199,17.191879132228213,116.5003389609253,100.19277578416003,172.94228951112675,155.032213330032,85.32383996350768
26.0972998123599,133.8360474201266,120.34765529779901,177.48685919190697,158.45136074943645,93.13358533251596,27.828946801039514,131.54997293197923,103.0146114993098,177.60528488470968,160.9398521751657,91.1582532461877
29.49020580702804,141.91399489138132,117.97604838558875,178.68123794157606,158.40461832352628,94.13690460132992,29.094207154797015,138.12488237264296,99.06396891369573,179.47554354749204,158.18157986231498,94.6430915859161
35.575286892544774,151.18639473357018,118.06741339744386,179.04010557214391,160.19955273160463,95.22558327493493,33.260507892255006,147.8325750854295,99.3082246468072,177.72163570033567,158.37702733670426,95.67070836379924
39.46219000979239,158.3472378322239,112.04737558610655,177.59504397041067,163.40614473917944,96.75539685597968,37.70367584657664,158.07408736630234,101.77831538847978,175.73183502231663,160.5345191845786,98.75102086835125
42.33258819677415,166.19896724978202,104.86456098817727,175.1368733405282,165.89510239488231,95.37128912501765,39.44218700377875,164.64373560385442,118.19572584273725,174.4040434972222,162.35341326448716,100.21842166979219
44.57420259651396,172.44661221259648,95.0592314340393,174.9227756451776,165.40788957314146,96.77009168536206,41.809120504179006,169.9442469218296,119.61770591392661,175.27390792305565,161.35726828823272,102.38231363265653
46.91400027218128,175.11171059202482,95.39331641485835,176.57687907969765,166.5680754701445,99.51212434709755,46.11110769876889,175.29231669450093,120.62411093153217,177.68899598569254,162.50751228720503,104.05529341680511
46.23536570391929,175.51705357399086,96.68495792517471,175.41191706514707,167.5129428535173,100.40589132678332,48.57074170186545,177.28364165184001,122.98860019502823,179.27743871771492,163.25435441393296,103.5536725336737
45.24236068732719,174.00684630140984,100.19736975281121,175.9057582046495,167.58029715474714,100.28513677224375,46.5397463301329,176.02345233148063,125.96492365014831,177.4869625319272,162.7661313918555,103.9917990045268
44.802441341669734,171.92589641993013,105.70120246626307,176.00149434190945,167.86281644976577,98.77018297218693,43.78947822419735,171.8082498352398,126.01764873123666,177.18277837727808,162.51264996404714,102.34674543450714
42.686432561,166.33643784265803,108.98279787661987,176.70395091310888,167.24373408609267,98.17324032339702,40.064112025249074,164.12272552177154,123.6940602968597,177.36951748254106,159.578434306847,100.7494713370192
39.417870192585085,159.97502013610884,111.30970968725633,176.85232731882738,166.62333946731246,97.83947286751891,37.65374746162402,157.2654229669859,124.01534359097866,179.6215910766582,157.83106251083677,99.50630250146098
35.86623885248264,150.64549370079192,112.39682739488734,177.63990977756106,167.97356619398764,97.15734189500951,35.90006711365327,151.6078677088485,124.11410425667064,178.80047017969363,156.85423438626916,97.12232613708471
28.528931232407214,137.6171235157644,113.36171971976414,178.5194087696731,168.44305772601206,93.73666917432463,31.826592792817223,141.43874504793183,124.57804578361292,174.57111442726412,153.17739326190016,92.94744949426719
21.67849239524239,127.04669421558789,116.20646444127495,177.04230875900487,169.834873814596,91.28610497589624,25.27454326066488,126.88352992149649,125.51723343859666,175.160891083317,161.91626495910498,94.43070298567977
12.411786730945412,114.45008343042937,115.9075384828825,177.05224786683593,167.4330548402737,86.1435989578127,16.181527420956513,111.77011219550887,114.41296694472926,173.43146450943624,164.0950101751351,92.92144014283525
5.982107348299819,90.10416294827017,115.39158894665105,177.37297905730034,161.51220834344164,80.53266596193386,3.1389299222844267,92.79456266122476,93.68448868090891,167.4005946832792,158.62216872800468,85.60528535753657
21.976300699576598,69.75389041824428,120.4819658726213,174.21254311722694,157.8793016549348,74.71401860988995,11.800552704399124,75.42982771865024,93.92610053236827,167.2936571245116,156.38077327912944,81.0945284994757
34.35363019889955,56.116308853093756,119.41678419981284,173.45119546008846,156.1627843453418,74.1354726658448,22.979107518733223,65.49923084687589,102.25464821559311,167.45251653055857,152.94605979560197,78.96906519378621
40.987520048931046,48.52588814656091,123.12029413629197,179.07989084249533,159.76162694425483,72.4562459125427,28.99229130284791,63.123490392648804,115.24402647273803,172.008896401735,152.97655454421184,77.36116165757251
44.12885915268887,47.64486584867496,122.24245628594588,176.9234188668542,161.8582523291329,71.44689887934138,36.05675508413837,57.26334896320753,121.05611335869848,177.64073777029557,160.00039405924647,77.36893986348123
42.80127147411221,49.6950997139915,123.60548823091828,176.43032115771655,162.59458193355084,73.98244464615836,34.932183337441636,58.85375622742384,118.14546958802876,177.3751273743505,160.7079668700604,81.02127634413513
39.52445456074804,54.05805717671254,125.69929125939967,177.00732612531468,161.81773568417782,78.56059822546638,30.710560177370258,65.48195648449125,115.82751270234697,174.67013432009537,156.01533366642713,81.32833920232272
32.54467334850427,60.94912448917053,125.8747618712114,178.27239772826636,160.52923891777385,79.48737733910629,24.103091831168463,70.60977218187998,114.0210902773182,174.18856903661924,154.7877822695654,79.49726498625684
22.06442598893236,76.73785760866906,128.09972931157694,173.54210240036645,160.1499483802961,81.04889319744873,11.503914472809647,80.70634450006723,107.4726646620394,174.13872722600914,155.12864171988036,80.79176273439748
6.087946481025904,97.76883306048116,127.52961859118122,174.2674419615364,154.54401636079143,79.98779193780055,7.3163745379326794,86.8016487153994,96.29455528317109,174.51384801635814,153.99380294055314,79.90406180869569
8.831334758406252,113.05243544822955,124.75238157904165,179.9934888120045,152.9690977453157,82.5317496743122,6.198048446217455,104.22519575107262,85.58134014568394,176.56683778003884,156.40595201515868,82.49726168332657
16.49778841140229,124.99411210931687,124.7301057419782,175.1605284319834,158.39438844315433,85.94015035367747,17.118292324162013,120.55877769908354,96.18712137090357,177.78340225797928,161.171444906,86.83991797624243
21.673892930258965,133.3917203523377,122.96516361312432,174.26465221354064,161.17439798841906,88.4586166639208,24.876885712697995,131.18258741852023,101.21959767249099,175.27209055505767,162.91415841205261,89.80854620569987
27.269460245710626,142.95648782121032,123.34369231556583,174.46673908529405,162.51865728868933,87.01458030810208,26.93594054098953,140.36136874039758,102.91197157311183,172.6773596740117,163.59655068363986,92.43049343491899
34.88997048532065,152.0760513676327,119.27686965605983,177.68455666741872,163.27471034201483,89.91330647529414,31.392358652735428,148.88670737066636,109.24814372042007,173.34667022438745,163.4025359965218,94.60968319169291
39.42573237547794,159.1024129267533,104.96246462104465,176.19133396122797,165.71954635329683,91.5052036097157,35.96336070680265,156.4344245612096,110.56753025954954,175.06581446011066,163.3620501727931,98.99754573424205
42.440078202428865,167.55812469313966,97.35510942572948,175.38537292974465,165.04499951131422,92.20217900512787,39.76196035740154,164.36833826768918,112.8319681436724,175.33005323010443,164.8445733035035,101.52286464672784
45.48889888009316,172.45542824768705,95.00347036112797,175.48788649544116,166.59243597445783,94.65370147974006,42.99450549368903,170.27412128969522,114.63702723720691,176.06852821671433,164.50200627787086,101.09144973686797
46.77047750271071,174.43117632227995,95.41296857463455,176.5004712526414,167.33621501306328,95.52898353169344,45.34605213562484,171.4573661202971,115.16340298303783,178.6530836682205,165.02091109307446,98.59062314284606
47.51313982775416,174.52306068762184,94.78063220690211,176.9124657201597,168.0356406731078,96.69829884399795,46.35179704195916,172.81975179687365,114.67815554884008,178.57333946213856,165.87157097391113,98.79713709685053
46.55922481876644,174.42127229226722,97.10789921753214,175.88778935025016,167.99071062884857,96.1438734047699,46.61972864849153,172.21926950673256,117.640861581442,179.3807613694193,163.29611300728712,97.21613683662389
45.34545060662024,171.3651950019171,100.33832927568298,175.98157808841918,167.17403380301778,94.71981287172153,43.548236597286504,168.11529765027277,118.82458952866115,177.58343417894923,162.665719359963,95.90285909513248
40.15856600511674,160.4817716614009,106.0313123765229,176.27196665786497,166.94260827218906,94.38126483385291,41.4320302570406,160.96339049104867,124.88362744189455,179.6266212760611,161.6827724996978,97.81258608928613
36.71661976316709,153.9539206029549,107.97497247249106,176.01856016035995,167.73077092063133,93.93255695830292,36.60264338875346,153.5698208646405,124.61150894296267,178.89644861564219,158.8468921653117,94.79101970238592
31.72839164909592,143.689559221921,113.20092380132398,177.20261079523743,168.10612139594446,91.91663976489083,33.4338422456078,143.95900420122695,122.7590361091802,178.03596896273697,157.22816671418036,90.20895091545698
21.60136537152687,128.01878548226244,114.35377536679552,175.02374723320918,169.0060756536222,89.09509643573998,26.608537269165964,128.2804829938885,124.51803627770096,175.53115357902175,161.49904398136465,90.56664066131768
14.075118968239252,116.90629673604988,114.80084860926108,177.83616569150024,164.73266801081664,84.04792333050919,19.569405679343802,115.03128302381262,120.92480122581273,172.67671943696223,162.95047133959199,89.44848621096975
3.4345503218889073,94.27891601390878,113.39658603032191,179.90480484942952,163.86507178962512,77.79003214930528,5.588772261666864,94.98326668126978,94.79450570467019,168.9923431492284,161.88506915432077,84.85576242527364
19.82769831800433,72.34068085334253,116.87888032935817,174.61359635886592,158.57243363636366,72.71168748452878,8.865637698865681,76.96497439280132,95.53584068035498,164.13728544760164,155.3792544761011,78.65560450664232
33.04128106282553,57.914606978814426,117.30564922169657,177.89602693662147,158.42779673754018,70.47315462075888,20.058474582487445,66.82866685579,99.86501770586396,168.29547369602088,155.60241110511578,76.57277788090191
41.06550263172408,49.03696474738343,121.34387609399572,178.33315158189103,158.21884750532038,72.07287554668368,28.184157529907978,62.115100604877384,110.76598386407883,172.17978742387058,154.75163437240965,76.91672311527726
43.92839810730094,48.222366302459925,120.83113949131766,177.81324869518073,161.86916876574196,75.20964711404568,32.57979457246893,61.91911963516707,110.85831427966077,175.11135364430112,158.8042767586599,79.43836049906552
45.04855545465613,49.83754295369609,121.03397730568759,174.52395866559692,162.4469986745392,80.81438421298378,33.67811441834881,62.0983991832537,113.36042367943995,177.21821100426283,159.77853251549118,83.71283599657524
40.35708585600803,52.81814977285509,124.53620617716457,177.86261260182943,160.50865853803003,83.30033570627167,29.232814980058947,64.7138919357292,103.65670544534417,172.46976494017596,155.9518662019145,84.1494629509876
32.162571652494975,62.55708524458573,124.6625148686087,177.77778911557849,159.15424510569235,84.33513551497296,14.608831542544452,74.64280976799546,132.72993791616906,172.02166022596444,154.97462443852496,84.98385951831622
25.025054890909505,74.2324944272009,125.40235548156204,172.38034201688868,160.947843370223,83.73604122969567,6.684094643207388,84.455841950663,131.89867480079926,172.38313240956495,155.7612210635456,83.64176035634306
7.051996762792077,95.50195627776606,126.02658542848872,176.10091262378123,154.67354741377042,82.89388377864422,2.6706026441496586,90.12747770979543,112.86241686532188,171.78640021725087,154.19379615418885,81.91892746075429
7.131141827042351,111.5808376041569,124.31261418096813,178.4580572066854,155.50724151025284,84.45008236078945,8.674928281478245,106.48855786530982,104.96333778046167,175.46555506767677,157.32994219935506,82.21088090387866
14.130364621826097,119.73389700494327,124.29020083685523,179.03550897783776,159.23315616828353,88.19147428059885,19.5998817488017,120.26436113856671,105.48264621756681,176.69502091849367,158.66351698860458,86.7826386183052
25.425516004197412,133.36937622531514,120.12408315856958,178.919119900335,162.94544258389402,88.90246811212741,27.57730799747746,130.62085178295877,102.8236488254297,179.4708060590549,163.35672279653798,86.98069135183566
31.233276321737385,142.39044025087057,115.74925163232433,179.88696099779366,160.93138115590813,88.07196801345364,32.52876350642832,140.68199128541718,103.80570641296443,179.6727803580339,162.69244670845066,92.49088031567831
36.337333039686605,150.43534278621726,113.95194633552754,178.23097608642132,162.29750714994978,89.03608194142456,33.85618802367205,146.5994963007336,103.50712090227542,179.756677419248,162.64622187264126,95.25813039406029
40.62747131824492,159.85355931227798,109.54036506386657,178.75666350770533,164.46356737823746,88.10087877862564,38.2956733563728,157.09759933037734,106.92617357007008,176.55428962098887,164.45750402205462,96.02764107395018
42.97240302415798,167.0007006669535,102.54820442471602,177.02898688511138,165.13043671967543,91.46699815582681,40.471260826422345,162.25178836784443,108.00933636780888,177.09703751987226,163.8067981750476,96.17280845918798
44.45563124482386,170.82395511911787,92.40228219354142,175.44836794174185,166.01938202848342,91.52367827723573,41.75374316230637,166.37525929564748,109.2135108162062,176.53453793726865,164.46577240768352,97.41306860227216
46.338247422618544,171.37025794774567,94.3852730844078,176.66870595551705,169.80452222301375,95.33013024707014,45.52753763241963,170.48681250484768,118.8644256413344,179.8614075780491,165.8432400865761,101.32866644486135
47.88889941946297,173.19672779645097,94.01433490941722,178.4033808483649,168.61980260155661,95.65533010257744,49.184510804848124,174.92541306039448,120.61319836185613,178.50228149752408,164.1898375847514,100.36997844937615
48.85889156502815,172.81779602763353,96.85037972713404,179.93183469117272,168.59678875327484,96.09398887154211,49.595207655983685,173.612516568667,124.32725890137372,176.86741305304972,162.17369612991862,99.36610708129598
45.44233864070847,170.4663903812393,99.99329169814088,178.10681202223128,166.8645573141542,95.87976589885231,45.58849328780502,169.42367519155593,125.88596082308014,178.65710568864478,159.57214378473648,97.12990579717517
43.88600897354841,165.78515339756171,101.65504259166963,178.92467936146025,166.00678927589237,94.58631263354029,43.94271510869127,163.81859981187984,123.8660532927317,177.22572245001743,158.88439554971055,96.65365777805485
40.27283333709218,158.65631684082956,104.17926588605447,179.89625478299615,165.02461518375196,93.75616756394258,40.155658059576616,157.5951667955817,123.1400377812419,178.49904887182095,158.9453690606355,95.52811953270177
34.54413085004091,147.74562225315847,105.2434944301605,179.88003915669623,165.741269608667,91.79255084738763,35.48653878884599,147.114656478978,119.21069198860795,175.81231300094268,155.64910397782967,90.14474733162801
29.488992462416157,139.06013208467635,107.03818492450547,176.74617360742812,167.3827364490383,89.14075838134437,32.316859107475935,137.85800494371304,119.43871170424353,176.55913491531211,163.3005806157238,92.31498007963845
19.427785561450133,124.10107555148934,109.48341479448402,176.81119935131355,167.2637315456481,85.04525655251707,24.444240933231185,122.21071530246554,119.29282950626143,174.41259569970762,165.94781703189392,90.75518496921474
4.413747438619275,103.60708874464791,108.68942527301907,179.30964635456425,163.43055442328412,80.11357290238489,15.217459303657893,110.31368844039456,106.19413178016556,173.14827092893444,164.0535181127455,87.41426506169489
14.389863027083095,79.26780048664168,114.18777500964151,175.07482055326355,158.73680149620014,74.59733890437597,5.835499225236889,82.2888427607276,106.09447398235046,167.4713190239358,159.94332908403072,81.77616028406914
29.4009332013557,62.266760052036034,116.26673319120917,176.81435692804513,157.54620611615758,71.78959166088298,16.14110670048541,73.07783934397781,114.91385918461722,168.0009940709817,153.368310707401,77.47153588568993
39.009875445640084,50.846175906362,119.94673998567944,176.81814542054983,156.4266804097366,71.37405438254252,25.866095866968152,63.683356448567565,119.36743785141599,168.57865728131222,151.63489401181866,77.01638727648817
43.18281038334872,48.865195098809785,117.48100937747344,179.82878990602038,159.451071896323,71.39384504659188,33.89696793426557,61.07096689813014,119.81309729738709,174.85135197174992,157.06196473822538,77.35992818655698
45.230752567827984,48.74766320524107,118.1515156689394,175.52023427853862,162.00528308961887,75.85597094778548,36.34090338275467,60.85751909275557,120.47375501047654,177.27050183020518,158.16850292862497,81.81399174841525
43.06999352604836,50.77156842682856,120.42022059414893,176.96139143107155,160.50019539958922,78.86640600325143,32.81178716921402,62.99221846287849,115.1992904378951,172.74642434030105,154.67140577561787,83.05069177021238
36.733814354128,57.52368042639374,122.00336285055732,177.3420951362453,159.77184956890264,79.88281123822604,25.143081909582648,67.73131142535257,119.36190445885394,173.21343271350494,154.4509492425204,80.7686954231802
34.908915123426915,57.64420966112298,124.39854233992575,179.65188566078268,159.52483596767917,81.01104337141243,13.48563075818601,79.0897353521525,109.76142931238454,171.69937894555736,154.18798292490177,81.33042375985634
17.245320926730578,85.04765959429722,124.82147882718081,173.13578534574881,157.49307186914936,81.38629981410857,4.482744129942388,89.22135856373939,88.91384062848373,172.14205712279283,154.81192379022661,81.17317256158441
0.7833941366605162,104.91330043464264,125.1438219033219,176.49301001741156,155.56877654812354,84.31153097156428,2.5815050015842202,100.33050733375127,87.39675828951816,174.82613913923979,156.21923530257897,82.345058448046
10.748264879256173,116.74849159414741,125.35992202225454,178.33153542171198,156.208697721316,87.2318015970415,14.193186299209167,116.55336330831197,97.88392852367637,176.9540567924228,155.18077837403217,83.42591986754894
17.98024016815731,129.53981739057957,123.32753853952525,173.14114964762456,161.11543545294623,90.01445757375858,21.809857624357782,128.90511047803514,100.98841726712749,176.29449448102181,162.0203824512855,86.87695171570478
25.11871233788107,139.90837250382629,119.06149771757462,174.06103634361557,162.39706749090647,86.00880162549122,27.213179154709557,139.21320070773046,101.28652245213742,172.79882855761366,167.20595159357183,93.76881698471834
30.61117571174388,147.5936105361476,120.35661638751016,175.56402960834032,163.49747712073665,88.41304375248725,27.552726759301205,143.8792182104674,110.58207859912136,171.3492228296242,168.14604120453905,97.14453924810194
37.026530355367306,156.1583267700384,117.5543842102445,175.0464285900973,166.90045275582392,92.65501099959512,32.70113772603437,153.1433343701078,113.0382236527124,170.58845940770217,169.2333403976496,101.9160547314523
40.8812015173874,162.9844658428715,108.57674375901662,175.20316516810314,165.64992110922137,92.50564406955019,38.23330866754417,161.85346478762517,114.70451159678886,174.08681933456936,167.51692715015736,102.73081840520341
42.418182924319524,167.10532855495126,103.02764949661396,173.57830988826876,168.32393284293104,94.15614727444694,40.93466278496378,166.38355951509794,115.30522894230577,174.3932467899304,170.10273510966655,107.2778946456767
45.06985467194356,171.48208808712704,100.30326439034813,174.92036731132595,168.32310881216048,95.38987710418908,43.257030059965736,169.3459018345028,116.27702452596078,177.87994420620086,164.93636897426532,100.31224992213032
46.63828940030855,172.09101462372226,100.00833496143053,176.5062711984182,169.57570452654,96.01714429719652,46.72637294714773,171.66709656942936,118.7638696480156,179.09044454629853,165.46077868112374,99.25524394548512
46.31529073253125,171.93025986751033,102.42781415150002,176.2073398494825,169.13380292895198,95.56019530137094,46.361823503778325,171.69774594971562,124.31649970938763,179.41162995436395,163.5322059680212,97.60003873823966
45.78409229961669,170.8926734627709,103.52317708863582,176.73363066113632,168.71686670124205,95.45973053112769,45.469295189979924,169.85373539224466,124.65717814612105,179.51534286348738,162.0107883234467,96.20475247189627
42.85620551524356,165.25174958366793,105.37368357986962,176.17316444345536,168.3539421360647,94.67955850712711,41.52960280916015,163.39227239474326,126.15821056009541,178.74763940860552,160.56057089149414,99.55360010401021
40.417088019138504,159.56097825427426,107.14754887550686,177.24977538784532,167.70708330810533,94.97983711789925,38.76707507820636,157.28234125148063,125.27799722733606,179.2029343852624,157.44719368847802,98.38673349954708
34.80341721833969,147.98460999562081,110.05910263245362,178.1431445513975,167.52042802141025,92.85869263335502,36.15444208969746,147.6084829899514,126.68642923934047,175.85716160199775,154.64510415617963,94.4568600777323
27.61672228567285,135.7187565099639,111.0144161663902,177.66422223155783,166.38891035774998,88.04103291714084,32.37858862906873,137.5944733885976,125.84002549077515,174.89455823800725,156.39619246455095,89.27801652934089
19.019454603239044,121.26019216664314,113.62549040756362,179.55702143716064,165.88243597384945,86.36396298583666,26.797648661148735,122.64471263266297,124.34571748503897,171.42724657681202,157.5770807563217,86.13585741932128
3.239848426777508,101.31875358211435,109.67199725510677,179.97866002534838,164.63858563285845,82.11402940648871,12.028034308327625,101.46694120354368,104.06962847459226,167.946716466742,158.74695787455562,84.57709154959673
14.760080262711702,77.78638532057056,113.0531583685197,175.3148281513016,159.05557643711933,75.91302572285363,2.0770137976387018,85.49885423021159,103.7677631111041,168.19630934893107,157.3362239425789,80.21020611303732
30.706280558711185,60.25948557725699,117.61026026499854,177.403689570118,157.9958604998436,71.05296470140962,16.51724858983844,71.31913236271821,107.27942845004344,168.63658325847445,154.60759915130285,75.99063655232048
39.60412606963451,50.12439010730718,122.15493199559955,176.76549880990234,156.67379802824507,69.69762077794223,25.07012163343158,65.63461370973465,114.86501925522188,169.04315191825435,151.97384350921408,75.38584356407942
42.558674051834224,49.02380500969145,122.7500341447032,179.57318300128063,160.44291259500923,72.19401327293394,31.26246289263864,62.8796340221834,115.16655366139888,171.85778062959716,155.79605063474864,77.41743884221025
44.014943176964785,49.23778119166422,124.89342676173469,177.19739455308138,161.31375797377302,76.93453240245168,34.6948687746102,62.89729541468232,120.58786462380021,175.9423747675563,158.16504798818514,80.81814156161961
40.34315913617249,53.43305628135378,127.15396251750894,178.11933929312056,160.3501518369383,78.33151968887286,31.09733666600953,65.48981364496959,118.8304264600988,173.02287312706096,156.60012459365475,81.87796916328902
34.144811744168756,60.47448481796803,125.77971798375457,177.16428687996353,159.6985690016806,78.52189181453157,23.562658998595538,70.71059736939175,119.41395920074356,172.95387372846253,154.4479624353847,80.87494987655184
30.051820276993944,67.0717391379334,126.4548169876956,174.59931754083667,160.5879793266458,79.54930655679941,11.209037084752666,83.95381421642367,106.125314480324,173.84385283542935,155.69269246691726,82.37281184930295
8.471191149385017,95.01988241318678,127.521794245035,175.9685447379812,155.8940801110178,84.99006078983263,2.948908579541625,93.70363423473297,84.498781704768,174.26027896056684,155.9059726780031,83.58358346048033
3.253450690949873,108.20478756057781,126.78780692891975,177.11809884927203,155.96487318246082,86.13409536126427,9.79414796235205,107.94685701036765,98.78360777094164,173.798918986847,153.3483154441824,82.81735493275427
14.18047220355371,121.3818116555143,127.13042515093325,178.42053014884524,155.96975473109896,88.93425464030796,17.81783096612256,119.01804054586981,100.44136490936408,176.2976536466475,156.33917470509948,86.32801952014087
21.452171989433793,134.3528212865116,124.20447050872887,174.37493352066087,161.96609122215557,90.55822816336796,27.301225902754542,136.70759566928328,101.83995448232392,175.57028087817912,162.74872750774378,91.60503815694292
28.307465444392918,143.703131865863,119.53737354343099,174.46864656297538,163.94144339851607,90.69547399864835,30.208365553404875,142.51078812886823,101.75514236026991,174.2585009794646,165.31813858447617,93.44598885247032
34.288260388430515,152.21293430890876,118.74110150084479,176.30757782252192,163.7827626462275,88.72959502447392,30.518398019558056,149.52417515123514,100.5649951496176,170.2765228751237,165.00585785075927,92.28588953556661
38.062463125056595,158.7118386656049,109.58400552663423,176.01404386129582,164.89226633880176,90.2673300264306,34.528562398176334,156.75149943498874,103.342270966311,171.766620681136,165.42792265073237,94.98532735568597
40.81193455756004,164.96247408715126,99.66239207286198,173.95966889192604,166.887226239692,92.42359050840412,38.54582149360268,162.48292245214137,110.79285550981358,174.01922975959047,165.0269369849344,99.22128673869447
43.33360166629809,170.02269182151176,97.47673371948962,174.30075571483235,167.79953106224448,95.08464583807525,40.863511742006956,167.26126265392662,119.27410336333907,175.99150695202837,164.73802470261157,101.82836359923921
45.25850060618088,172.978479611737,95.94222109631458,174.52924310326347,168.12835280660008,95.56867016770728,42.49510430760463,170.0736415213494,118.37588836514489,176.09589903914693,165.42924417524975,100.75974023066652
46.781370788067846,173.32654289592242,96.59138712596811,175.78665815706992,170.31944605262453,94.3034411073853,45.453481202319786,171.41297036562537,120.07133392710163,179.46386654963828,165.5714485647106,99.67477548286801
46.1399351395539,173.34590105282453,98.96358128556051,175.37853424624336,169.10441705837556,92.78863538662381,45.65725201590794,170.92639351680273,122.28756704842831,179.46874126690113,164.0748768893068,95.88318189027954
43.945689694123274,171.32600858288313,100.21377241880768,174.07907248525666,168.43908137392256,91.78247269882291,43.659099069416264,168.66477812020094,123.10602925829649,177.83680379803494,162.11298651290758,94.2787958662442
40.88547483461892,163.13161014866716,102.96255542964626,174.96007004148936,168.23797286242234,90.74920605235025,41.393370167349616,162.85445592390897,120.59155503705331,178.08167178139192,159.91571567399725,93.24115733997483
37.668159175493315,155.29939752158953,105.1168126811104,175.22401156326762,168.64086434354752,90.08008639384185,37.962543964293715,155.07401388549613,119.67730987372654,179.61823780906403,156.01625908978417,91.83715246261755
31.787321110197155,144.05871379830705,108.53643580718467,175.38175154643542,168.81976559481745,88.19960856259098,33.79720218169753,144.2028553378781,121.09686357849706,177.3025174383716,155.14711365459132,89.29388111453754
25.221727591401283,131.77779422413985,110.0861031922284,174.9054516786084,170.53748781465774,86.02326396406379,28.6148542405875,131.2837860566481,122.41879574095069,175.49754813197387,158.86486695687933,87.57493954620806
14.158291770149988,114.85484545079215,112.02502292358841,175.64472728858902,169.2388081108118,83.03722251038255,19.859391950130693,114.36537494172477,118.93913505221607,172.00283072411966,162.09726650538764,88.795312787078
1.6016094097775593,95.18256675391065,112.2639264335787,178.84577482020916,166.1103435559675,79.007779749625,4.340415893561728,94.78611202382929,100.40419365951452,171.55212710109967,164.567343122071,87.15676501813118
18.280410311958025,73.82921418219678,117.62008362361144,176.79751676740742,160.89530389663307,73.59837659214286,9.057647856680116,78.07745943144967,100.17281177309926,167.9613819976644,160.50078423016572,81.72401593514266
30.971623905879657,60.04665258779642,117.91276905728601,178.7186883497917,159.99600500704477,72.07063102203688,18.416479448986053,69.58541304567866,102.22994162569749,169.7446861978905,156.62866285350273,78.2132633346487
39.08947050136181,51.3146143919025,121.79105890568479,179.48814835240694,159.86686494118723,72.37452373826294,25.30181348369807,66.43158887542039,113.13126125759864,171.57272423990452,156.62033804087756,79.27076668814465
40.57943974962121,52.981405126770305,120.90229281514853,178.6420885316661,160.42980521895512,73.91461603114182,29.380152579425786,65.65533108942938,112.06073876997188,171.75942927274463,157.55244034122134,80.47102398535388
40.69323027705234,52.37665714283797,123.25433316574865,177.8041445535329,162.55116950047966,77.45158188321717,29.47453032031091,66.52836995611294,113.37915205195765,173.7375888318288,159.6034561164709,81.1243237407365
34.49817487172789,59.04183722613362,128.7252783872331,179.21663949570979,160.4266129069078,79.30673547564857,24.391699123841597,68.62871399088151,108.53798371855761,169.85397125248713,158.06185382765105,82.75830214456363
29.217033533447893,65.01864940000465,130.8224348584859,178.54021504378642,160.55838863310424,83.33928819461593,17.03822308073332,76.09300521016598,106.77250804651443,169.60473468879664,156.13461987143606,83.93666174426603
18.914155368599932,82.39127940793627,130.7119260025619,172.0618356060566,161.03663105196043,83.3072563282731,7.4630660147158645,87.26660042907744,91.18291017280406,170.5903886442886,156.4717188951094,83.7243259144062
2.1873015122878963,102.80414372424404,129.8784551597625,172.75615177886652,160.5755549903756,86.6155276663687,0.04710653425578526,95.31807364239695,83.36256213622548,172.01987039404935,160.07447012286497,85.4056453139736
12.381436938570452,116.54982128782059,128.99978395719972,179.82355263802688,157.80134874695315,88.90233724946864,13.163491218327506,112.80567716373899,95.00645963296925,174.4779265207458,157.45064293006277,84.95597794348524
20.704448552390847,129.5060369632736,123.0207892225899,177.4319032215218,158.94675886540296,89.93996325426198,24.167972184381835,128.84143226723685,101.28051485911291,179.7902165622997,160.02281549099504,90.38065553912398
24.72987323857832,136.62762167296944,119.8492849716933,174.58810308862843,163.60610461496023,92.57672680825365,26.530562377693283,134.8547728115186,103.74635591951177,175.3160529243972,163.9867722919416,92.28244387554199
29.97502974861019,147.25511396305083,119.64887669348452,173.73439933005992,163.38525132325339,91.79065880661634,27.989847977215653,143.5262877037238,104.39992159651017,169.72804149049938,166.72644050451436,95.03045765269816
35.5801128673481,155.03536249343705,116.54198692856805,174.11662454747116,164.26578887941133,87.06177575548148,31.693428875920752,151.14343092246753,112.04099149344803,170.01668348981565,166.855769757148,94.17303630950165
39.71021481167726,162.87053437252885,101.86710270049736,172.74687603653945,165.6203819638245,89.24150611051269,36.4287563913758,161.8163414966529,115.19851903189652,171.44061833976266,164.53618916020585,97.50226386472242
39.78647137623408,167.02983289919942,98.08148069070256,170.30285186775578,167.12252817174934,90.93518803678646,38.835344612127784,165.93479149779972,119.06680519685693,170.93975297006799,167.5971241946147,98.97505689038941
42.926739400987486,171.13422456066,86.93775007144673,171.45873284578005,167.25454170354024,91.80876806180785,41.11284876432657,168.8656786720805,116.01255021071515,173.08781247858815,166.77314728872827,96.81715630758053
43.858991205596936,173.75281371270296,87.65995602324212,171.34060302499879,169.05964282636208,94.59856508966038,43.18391725815507,171.6089570891857,114.5675200163121,173.73292798435241,167.8608273118182,98.5630924059703
43.6905239810513,172.73243556247925,88.20426440272463,172.07484205007148,169.18507880786663,94.49325780490216,43.968540495932565,171.70987916351893,118.9314585997608,175.8692521746715,166.64634415455276,102.7154214400554
43.0372823502419,170.95726798635107,88.80572498182751,172.19471292725044,169.29461423339006,92.48730275239865,41.973551803038895,168.6196645379363,118.78252616227353,175.38362864396078,166.30108368935464,99.63608666167019
41.888999268043186,165.95353471064854,92.82301784247197,173.2366949298476,169.03620536789765,92.59606069765107,40.060277655172754,162.12521951657524,119.61481163952394,176.57610112944246,165.28126560645347,98.61478087291611
39.265666766032766,160.67544168228386,96.43004878318912,173.6527153737939,167.7254523237096,92.03347685400975,38.1976448296357,158.11326960963297,119.44393555384835,178.04457237546396,159.83271560224637,95.15461910628058
34.62033083640768,148.89055961290865,103.2782536182191,173.78162419653793,167.64831931653256,89.841012085393,35.38747880706381,149.6085523495972,121.71815225645378,178.97806957015473,153.13453282393158,88.30595945187306
25.359820374847104,132.3762356972977,107.55431125530733,173.31066423664078,169.86198973978165,87.67874603340628,28.72472973885577,133.35963542969537,124.13584359660213,176.75176425197947,155.80727569065766,86.77046506166143
15.117739566528648,117.93879692898264,108.2928952684653,173.4382805776783,169.69537364611736,86.31265955860383,21.313169060914248,118.55888082312468,122.26322190006098,173.91834865308005,160.31134794729658,86.88283643827033
2.463513477492359,96.6690036634437,106.49494590702133,174.2760651493799,165.82580214372194,81.36915974380761,7.023093643226007,98.90345017172672,101.18434603658902,173.204602293353,161.89156847963827,84.92316160312365
17.932844422257006,76.5127496403523,113.62417217125632,177.6379868698085,163.98392654137314,78.80714635248184,8.823451735627883,79.99605242206408,100.70857870417476,171.6725225156652,162.4993401954797,82.92582532191898
31.82673789433158,61.09555184329114,115.8105610602847,176.31324601402383,163.22234921010025,75.3805073718652,21.331336986574076,68.84225026348147,102.7928274268334,175.87382983586724,164.76199178962892,80.82323894307767
40.0837381122949,51.306983955622655,121.46955491072958,176.01550182478445,163.0357883492141,75.06303616708307,30.771801334564472,61.8082045337832,103.08953286231721,177.84199863944158,164.21136589678676,79.98610040076707
44.87315846338353,48.962462560513146,122.77350580656815,175.86585587238324,161.90924934941856,77.68258225040655,35.98227171441222,61.48786656515668,112.02347965248396,177.77884518222262,161.69567631303045,81.44479256857929
46.96752465324236,49.291670812670326,123.97598816053609,172.13169727809722,162.25825937294607,78.67727423120944,36.66477559951717,62.80534860854157,118.87543776833478,179.1454389062607,160.72022871189975,83.39536256257561
41.09494765689356,54.45614908286779,126.66852918918974,173.43554211673154,162.14113273833212,81.15709160211829,30.232850995285602,67.55405624217131,109.04177663355831,179.90211168367875,158.64367499097463,83.20539946581553
32.84972640888387,63.77092313947226,128.96162288041936,173.5395432233168,161.3899930870042,83.43146679838438,20.582092152000975,77.81550479568301,115.6169446383255,178.90205394778553,157.6392712932888,84.13021219663158
25.082168588004983,75.18062219499288,129.82342245384075,170.75111500816368,160.86285884990556,82.94826609385521,10.893089688783544,87.44239122698615,102.11638815462744,178.76878000926314,158.6708146555266,82.96567763168048
4.532947121254814,100.32919467552222,128.8707061622671,174.4475497823014,153.15969653131629,83.1798200734276,1.98285792996377,96.23569659566833,99.12448685365484,177.441138547832,157.09085754035132,84.04182856036397
8.489962378453967,115.45022311920172,127.06576886520638,176.68463565058116,153.55560960863195,83.45510794711423,8.996561312246126,110.37512173735443,103.01422664843342,179.60849521572834,158.81537869559386,86.36867211510396
16.053397315688986,126.15217480033125,123.84521255226328,173.1554864500529,161.77213163746865,85.65060035481297,18.66924373096769,125.19267976982401,104.79511645121022,173.00427551745258,167.75209028106346,89.81466609518327
21.57090788509539,135.9062727025797,125.97520936849162,172.50281195083545,163.6044526088919,85.97494753191194,22.35125748597178,134.34777045438358,105.72324803539044,170.8582057351468,166.87129893524215,92.52919775618786
27.081810932398557,143.94132819878732,124.98992397645668,173.2267341887883,164.17494637290272,88.97822871258452,25.518250921503697,141.61975660140016,106.71294323752103,170.8304670339459,165.15833392374105,93.44374541099951
33.97390562560671,153.28539537580673,122.67361177460097,175.04914877432975,163.8422601537422,90.39897199118755,29.308048005998483,149.59058847415412,106.13211415463839,170.09393453796375,166.15238439658975,97.11248614584892
39.10083584212128,162.82746279309046,105.18491360777777,173.59300843726982,163.68282578991014,91.30942975947217,33.77426257691461,159.5954218592025,112.88829619110551,168.6625135220742,165.3940654247625,97.89864186864725
39.88402468582103,167.28375491185332,96.4628699663,170.89949182997287,166.491602981117,91.53259342928438,37.17179761863038,164.9855625496491,114.99015427710192,170.1051464739753,165.4634902306271,93.67008498761335
43.983717225077314,171.36584243698502,94.56301625581366,173.16456484518085,167.02641758224314,93.26223665941441,41.41241824317138,167.77994956017235,116.53621213118815,174.4181746124577,164.18712181505802,95.9116314714689
46.15803228741043,173.637830283511,94.33316477891748,173.7985960035267,169.2493184461298,95.0233384364354,43.67893501567077,171.1609867005642,118.06085180638358,176.43264038737328,165.4791247564356,99.75267544670776
45.23018103289643,173.80230518218968,93.65811396161084,172.08295890137765,170.33715620783556,94.60384639370515,44.70609634627283,172.50769967317066,123.52034184515793,174.8646068778724,166.5523832413499,102.58979355001834
44.56261948994545,171.95735179848796,97.2993338931081,172.38475432697385,170.52105266336739,94.6796241954686,44.851418949888604,171.66168497360476,127.60951647401994,175.53597715137604,166.46877615631544,100.78809483368998
44.313094985949895,168.91076181066683,99.14150075502566,173.46523659568143,169.7618798725501,93.64649416651186,42.915263557819586,167.37180415830576,128.18778149526247,175.5176552239042,165.46999051916112,97.06914015889359
40.81064787959188,162.04986194288662,105.06602864032544,173.14666185139043,169.73602607494436,93.40649250897316,38.84840887928113,158.55540266250344,128.15141441052901,175.28096353311358,166.25114899954067,96.23249361637365
35.79560578907724,150.683718881679,109.43477326263279,174.66624809354704,169.44885473830996,91.60573368836977,35.65896825003549,151.17343051238137,123.7756666988557,178.97637021043397,157.80183678515397,91.21237112898255
27.091502837104496,137.32249389769683,109.6647220517594,173.66067364406683,171.00441360873955,89.42143800420922,29.95793475624345,136.6266129533488,123.57130118736258,176.55540349036536,156.5826397796241,88.55122522255462
19.851082204580983,125.43111159881066,110.62270138144687,173.26028816258628,169.54008178123829,86.94761099624046,23.931635431255128,123.75311520604721,123.83208088391484,176.2588812654209,158.85076059899237,86.4549732723253
4.313389600824458,105.39526053557432,114.6045682568476,176.5765361579838,164.76718199874531,84.27475270452675,11.604827389342361,104.7007207597816,113.74619537866865,171.43976127880845,160.31676412165695,88.53908315992372
15.676624409321725,79.51754587874132,118.69851233571636,179.72636350818956,163.14423808689693,78.99736683641078,6.232815014450157,82.7050524238752,112.9166015754819,173.22275178150687,164.1942358248796,85.88380646088554
29.18046725203376,64.41076907807697,122.7349195151068,177.49250711947914,161.73794289740835,76.03032551040553,15.986484348328485,73.15534332569638,107.79307813753888,172.91041114280182,160.8535324773613,81.90095820547606
14.474334376124231,79.38409091609164,127.20343814189191,169.6755850391859,165.40109657335685,87.18576550871086,12.24214204476942,97.0591991773422,150.38409014696367,173.57370645362266,167.92543927124407,96.24708436617937
12.53100845722595,83.11632615883538,125.1925660636561,167.12046166484973,167.078908311419,84.79661371418956,4.75930265906633,98.99331563574152,104.42933532492086,175.12644057339008,163.07375635612917,95.3977338526943
10.137590322294672,86.11679096170216,122.60335640288866,168.7946007808292,166.32838518978645,88.8193809130353,3.23859203553666,96.6560408423053,107.40800777672804,175.6347652538722,161.15778904127177,90.86549790465969
0.6173420497959312,99.2952822901828,121.41699463507281,166.46326507716387,165.9152031899165,89.59245854422123,5.2645723658148,110.7587231345348,143.07944373224433,170.76312274848632,163.142416723249,94.49322634417918
9.974282874705322,111.94625285605214,117.61791093495353,167.3263346295792,163.98392644818858,91.90818791502585,10.98461842157879,116.45725456030227,120.17704670535316,172.3381054642907,158.30732239297046,91.8580476458504
13.239796550325243,110.88952093390836,112.18999731247494,174.599606471308,164.39933015392145,93.13294616779243,17.578384720607648,122.14203479590505,110.35498257025664,174.52846013397587,162.42215280332957,94.59783721286337
28.85112072082627,131.79130048676433,115.35783328536009,173.63185765245422,162.77388269141116,94.16892475522393,33.0612333383973,143.64938922092978,105.68990297590479,173.6899405227184,163.62316345007625,96.02162082017391
38.17649196134777,143.95908075053714,114.54509648510015,175.14610243619455,162.65755593798235,96.07676221607225,40.216126965585964,152.73532624203193,108.32030545487113,172.50254950638688,164.2420801800951,98.90117134282247
37.530377651842784,148.189080461719,116.13605936853631,171.13857674718966,166.83942317732468,100.14056479691163,36.03498825235051,152.86821182830855,109.95573186725804,169.1032282263625,164.96111619144457,104.96091795289159
43.369729418828705,157.5491064597554,116.3023179939116,170.1972166604222,167.81786551690408,102.27679547718786,37.815809512816216,158.1609451423362,115.71726723551551,165.26595036549156,166.38342909423258,102.41737162773936
46.33557865079042,164.81356781349746,112.28731568184973,167.4500799742662,170.32221189205234,107.27023195371521,41.865528408921925,164.866256691943,114.33719604049222,167.17280386977325,165.0405908194282,105.34391792285926
49.24768329013859,171.1948116832391,102.21733122732026,167.77449394028372,169.34155421703,109.04106097418683,43.095130166913094,169.72958105354007,105.58167377272783,163.1043406928099,165.88052444015318,99.32802889807508
50.50090052980559,171.15513595593893,103.86283708457248,170.43301917214058,166.98608526605202,109.71419683076432,45.11205374733835,168.79170053086293,113.43991634537154,167.66409005580988,163.03549382897103,100.65934861782385
50.545290918071665,170.3046843557536,104.65107496439232,172.49188676278672,165.20067139198605,109.30098113901208,47.8440822341046,167.74739453360814,116.74370582680008,172.34649860352548,162.9282757625444,102.52775421636899
51.1599906226969,168.792976321514,104.2584527407143,171.93923930117418,166.73923620726504,108.31244109366665,48.153569381164814,167.1662196293624,117.06415000955639,171.04415232747496,163.75243436652244,101.91525447651934
51.101422165399896,166.2706492015945,103.9525073072954,173.64909773807886,166.89784319074,107.85851511060217,45.24265442753174,162.35170351985664,119.10744955895883,171.53304545992063,163.35954751845023,103.8666484975619
41.90638962392491,150.5606099175348,107.98444677190338,166.90420882866502,174.92946698399913,106.16215909804777,40.41343245956476,152.56180428014682,129.92514325848813,169.69241840323758,166.77780410299582,107.22085201987012
29.989590059557834,135.77227693377046,114.11562477393213,168.01757170904096,170.80906305799442,100.97269364538943,24.27410300660039,128.07782343362592,132.83362842519355,174.69414665782392,159.57430664250478,95.30189090289436
15.141618488775464,115.72808081838768,120.18624425896331,170.22074096471945,168.96620684738429,95.8270038935997,17.622029560050308,118.7538784290723,148.8229825756833,173.96888546444728,160.08961176569557,89.16684047949865
0.04876172212380037,94.52855025784407,116.30694534298078,174.39586320709614,165.7908059263371,91.4375038305055,11.677100771339061,108.93927413454338,128.76042680850708,177.7305951658919,156.27799825828848,87.13300245723441
7.756435001109143,85.46467645099902,120.06421514201203,172.91376153319464,167.44777192152083,90.83815387894221,2.9281571463342138,94.13981485599494,135.15382055826876,176.51611359557944,159.59753714347656,88.58674440201564
8.910275263508655,87.29066044257507,124.02639958834675,167.29746600182892,168.77181099602555,90.61845048957022,2.1212076324570077,87.69399790438293,117.10124643163759,174.61683979795515,161.97416367813318,91.4984101348611
9.431162012343163,86.32750491841111,124.85492891955361,167.38382029880333,167.9200161938595,90.10372635068863,0.5137198126555786,89.67143576361914,119.83679911794763,173.86451839296646,160.93168033316837,89.56919045741766
4.440488288085661,92.75973173146329,129.25578018298788,166.95839701274417,167.3585551269989,91.70142222446647,4.147386657442797,96.07906260766761,121.02737238580632,173.3227798728262,161.39956427839894,94.24571399254933
2.296245344144988,100.66015532877739,129.21620814090386,167.47839927111204,166.42286384390468,89.91358905913293,10.582111832219777,105.79330242624737,121.82206050768224,172.72053992242869,159.8676094000077,93.15473506036555
10.909776381452597,111.32954991888228,128.59995182021527,168.4721212512079,166.82857825213466,91.06081843724296,13.11916797370773,108.26277094477527,123.96537018862112,170.41354629207177,167.25608942538852,96.88518819014799
23.11122785605857,125.6841512375441,128.75831177943218,170.85493805024623,165.70661682647835,93.42648440239012,18.170744484680096,115.92469919949843,127.25736564723994,169.07176007138935,168.26561184352164,99.91824475220464
34.39669791198333,137.97581881111432,120.9162623248335,175.59930250091733,160.82121332906544,93.03891719736592,36.08226807462812,139.0094841963421,119.37627483522814,173.68497917638666,161.63032401833146,95.8733687851382
37.53458603316409,146.28529136939588,119.66275538945038,174.25806563560818,161.30255279539966,96.42852570827807,37.332739498165694,146.76781489530688,123.63247136497249,170.06065584126176,163.40483617276024,94.19888020472445
42.0064714154253,153.20267065939686,115.79471552642082,171.6557112782409,165.87090755713805,100.05087008091198,39.50577527915214,155.3054656510764,117.00300257825748,166.74697537577083,164.79284272211396,97.32921979756718
44.45439554992872,158.12066059611385,114.76937680322722,170.56912232457572,167.20960163239084,103.71054891487218,40.6334766802248,159.46822424016506,116.7843914186477,163.92955210732427,166.31596947995527,99.12711018583151
44.70240785683848,161.22539987487121,112.67294194289637,168.76231257491852,167.5505786799473,104.76846129934053,40.58297796815164,162.97112425632483,110.48082186673622,164.3639473070494,166.14456916003536,100.27841603454712
45.26276548043662,162.05502921833252,107.96835981054666,168.97067279975317,168.00249020411528,104.96382346304746,39.46435818644479,160.04173956029874,109.17608713231847,164.2576900216735,167.21226450626457,99.52695325481834
46.367992882641076,160.02590284009295,109.39236288516683,171.54029683812473,167.58261812233067,104.61572138982332,38.333645926635526,155.03497709247586,112.4246119766367,165.8343264377339,166.9358285252203,99.52868771528343
44.48462786795978,155.3780823761103,110.76548316951836,171.88017572092912,168.6073377159538,104.47589278048484,35.746853269649954,150.65602884629783,114.78461303016984,165.46113220197768,167.90431372549077,100.34680045542818
43.15350738606571,147.8009857838975,119.73331900387105,174.72282234842194,170.23358914261198,103.44113802433766,33.461635130144046,142.85226501769634,123.34322473820097,169.15153723397137,166.27895382153693,98.08853805055938
28.509073516242573,130.82474339562134,127.38066703752764,170.7714437718483,172.15882902889558,101.18568293340988,20.01190193503901,125.89568286021151,132.25191278946266,173.0831363905982,159.59083914966823,92.17471419014025
10.483475096824689,108.21734658864489,130.41500724742085,172.381210401191,170.26646569348208,98.44108944944757,1.6938736307912008,111.33785523314856,113.66863431560236,178.55697867663937,155.16568868356853,91.40729911752189
3.2438878079353066,90.35963163377076,130.45834189437875,172.17759157930521,170.5769009757283,93.26883481110801,0.6421595264457977,103.41827152738426,102.53896212668774,177.01882517466123,159.58226627036643,95.63332625603847
7.249009349678602,84.1483705781343,131.57826446703064,173.59509636555805,169.59033756825096,91.7081288919517,0.9435526090819569,87.40596657777517,113.77959604620152,179.08656486867878,161.79303168931148,92.82156782810856
16.634256711962927,76.23643176403651,129.90282415996214,171.97984658803227,169.8129396557085,90.18715439852502,6.828554590827515,80.6306690320069,111.31631577171264,178.9670439001606,165.0421227860275,93.7529785116762
22.093352736532882,69.02821327497047,134.2129795160773,175.2978108051067,166.8432928596498,88.22065206979799,6.661510688553033,80.30687181572155,115.46879096862487,178.26282587541473,165.05507233566888,92.77001229928187
18.794414881456678,75.2943766613533,134.47917761581283,172.33326740242427,167.1472594803799,87.92870264488084,5.039905726659048,84.97084982623836,113.42385487100157,175.58888630273296,165.20230357767818,90.59984649520781
8.815570054114685,87.82107707044372,132.79587528162727,172.16333107537622,166.0987135746689,89.32494022471656,2.232875648370743,98.73818110781572,105.48608705243153,174.99310001040536,163.50579946447067,91.67384836640555
2.4936517999246357,95.26078967180226,129.82115988374102,172.16636644821446,165.29464894281875,87.87384825049926,8.609792813081791,107.18260324838853,118.66599936807387,173.4910548368993,162.71777487601193,89.49934562569662
12.159250168108361,117.6334485197522,130.59551046277545,164.57404576331453,165.98303093011143,88.61641566924798,26.74312997967144,122.84317540617404,122.76887605297922,174.0363230719073,162.10086530636352,88.09915332278278
29.67196908301799,133.97610012481363,130.74967262603906,173.10707842586353,159.5333574861245,90.48736528063921,35.35012894014078,137.2828150610826,121.7014671712967,171.38903711975283,160.2517833995445,87.97058844335744
40.287013820163544,146.26685919373566,126.1416427796843,175.14263746162712,160.4017004363353,94.21095367732164,39.81615804197078,147.88221346720815,119.20743068761286,167.93317136432245,160.2452377713799,89.63849049546731
41.746128623593194,152.37989276865108,121.277297366313,169.72707514684421,166.40434970207716,98.89240764923717,37.808602368800116,153.49097049347586,118.13275243808181,164.96710389173612,161.27452676613981,94.37819549754474
44.25323000308745,158.91867601388495,121.24063929188887,166.4445663761324,169.50449043292684,102.2001973738017,39.31682881492916,158.72203756752575,116.52663607956354,164.55453093836897,163.59286509759212,98.1746046381507
44.25902195368163,164.1005827122999,119.76181929577494,164.08711816084866,170.02840517812962,105.45466311078434,39.58898772406959,161.56875954521308,121.20797324315772,162.29965156434184,166.30821360662515,101.5047107285767
46.08789982713625,164.8447990543115,114.37435135869852,165.01480531510057,170.41402350780734,107.435645444111,41.652252501094004,162.63978171238452,119.2466115034087,165.4271543537495,165.69221233933692,102.92771146829497
46.337218702547126,163.94336932146604,113.73689151431113,166.50161036578257,169.71630586630394,107.79402998642989,40.69853518955937,159.69840395314804,118.68924059232499,165.77731365933866,166.61725109400172,102.75154904568726
44.02855260291023,156.31962892312765,116.1284086586371,169.68717715832028,168.69235698572012,106.87778154319234,36.44971267163548,150.7185971102877,121.27693268671231,166.54291487745334,164.8807343281483,99.48909390901285
39.09595934133665,149.56075478542607,124.55176058470613,167.22251396106947,170.9637929497879,106.67007348719339,33.36887309197934,144.62560604505492,121.0630480032321,168.14269661460267,166.80362680525775,101.29592236401156
28.670311638902746,132.13931494511516,130.10522583068723,171.50821988923533,166.3528308821016,100.57532526662776,24.289058977733294,128.3582740663155,125.58669553331819,171.7899213829282,165.64061184090076,98.10456287160885
8.944899839479303,107.73884256564152,129.45829055726838,171.79323411862947,165.53626096480264,96.02407175665911,4.439863592338052,103.81792998898797,120.17044331366284,175.66690696597337,159.06521060573237,92.21453599215847
1.3801823113985288,92.92882376431827,129.2162436854177,174.80282480968165,162.6033543568941,91.1737757368278,1.2063015800742276,96.74319201883655,115.98124372482846,175.80249334970418,159.69058716499356,88.16715915311691
11.334607289909721,80.89426312866256,130.78496697934253,172.725289492495,164.5756661589624,88.02613714762576,4.192440927574483,86.49886896358163,107.71523694405515,176.04273499653863,161.64316930659254,87.08585513866146
20.27998960249429,71.87605787539407,132.2149160617275,169.97974593224635,167.08892071542414,88.02706281296796,14.26055473059098,78.21079173509756,109.47917451028708,173.92451956257264,161.17705061657807,86.37110015210557
25.238725159562495,64.2273798441134,135.47194386954573,172.5807645112018,167.36075187485366,87.9648017513382,13.497346699575413,76.7235987929712,123.42146285258795,175.69543292394127,161.8336807820734,87.03111407285961
25.726091586910318,67.9615100196343,135.9476964669478,166.94239445382667,169.46535016451503,86.52358639585138,11.493307300466185,79.0911330050064,122.11171667026333,173.218383668804,163.1004638775859,86.7659589103078
14.314545635858106,81.85327377804933,134.69775827072914,166.52600025298972,167.60195755817648,87.23870663482167,0.40332905752007964,92.2093900039003,133.59740556375397,172.17547610415565,161.63153660411908,87.32236442870665
11.934370145689211,83.5268852157004,129.95233345902312,169.57894987561932,166.7107010695368,87.40353472363446,3.247549718179402,97.2352212101884,131.0799210192317,172.4499136421238,160.49092865158045,86.09703367650177
10.238023374114212,112.98644958270273,130.35239991560888,167.02338922665646,163.39161832471157,88.55189700946265,8.919964061051209,105.26499296014853,132.2751095015274,169.4079838014842,162.82934723847916,87.53129122070878
24.091419476969236,133.68880530662233,130.33780845118767,165.52744153311644,159.3658631279113,88.33596193848891,27.348822353303976,130.35386588217446,129.3859673511465,168.16832666379574,162.2088369822195,90.06417397872677
32.87170652371066,142.15427832169064,126.9074448591292,170.57562093110556,161.15352905804315,94.41303625782113,31.452234061229596,139.09982408978144,123.44871101963341,166.74113172150248,162.7215240394832,91.49249681556945
35.10273580786092,148.83990540117574,123.26933238995437,166.7739629966121,166.64883352967007,99.34781705234813,32.83700517033282,148.11402984032037,123.22884856633607,160.3447441913752,164.85940818504054,94.29069164100608
39.62823569414866,156.58800339635835,123.75380390813736,164.97432210220992,168.59879435604014,103.64402301459562,34.17804438209339,156.20016846586063,126.43263975280365,157.90102951851443,164.04173789121265,96.84461610386242
40.72893738351395,163.56383210321047,113.94733644241262,159.04555593437053,171.1656522394669,105.01226002170408,36.0806433291827,163.03940689605784,124.66446512000508,155.97331678416762,166.1775491034922,100.71634488200758
42.8125723627035,165.12762830278564,107.85943425921822,160.3914838934195,171.0390819727373,108.37496982069196,37.99846068219476,163.40451396357292,123.48891633961344,160.51802433718333,166.48029189284594,107.587093555033
43.11814764251686,165.7448375080982,105.0075662389945,160.65427983994698,171.4380019422611,108.52881180767776,38.76615499900165,161.81807969848532,116.98412726590237,162.55690291560435,166.24807712242665,105.3095299423835
44.74345240499178,164.48084306441197,105.21739294408601,164.23101837061557,171.1873296807968,108.83770979149831,35.65668677087004,154.39607574897636,111.88369176026092,163.25844284170594,167.3421003405464,103.18270869027864
43.24907460706381,160.86759723572197,107.13821867600325,164.83097695331165,170.41469213872676,107.75772381581876,32.623094464446766,147.98550730238696,110.04185627807361,164.78098459628137,165.71249053998537,100.94373510185318
39.51496428891976,149.33448217238566,118.94628390063919,167.84453901888585,172.4236343717569,107.4355815296707,28.91849922687461,136.4716777149936,119.34314568806055,170.82669300114543,166.29861702623512,100.17991250384384
29.939334779538203,133.49891848637637,124.399608282824,170.62800135428864,171.37966682000675,104.03179432898328,12.647880379879766,115.24881598955321,128.98540588412428,168.52171214513024,170.0743282394196,96.78984746089144
12.801261116041614,112.34662133278002,125.95318009693842,169.96522380088894,171.97854649515486,100.27610529411072,13.140199401506253,116.95954208730294,149.06225376761518,170.4769028719541,167.90180887832204,94.40975804495815
2.217074825688739,92.59811160515645,128.63699870253254,172.43151421011493,168.9783102391551,94.92509565892567,2.3583059666970816,100.19558540941726,147.83904204887241,174.44400929679838,162.45693697084687,89.61742579767777
16.14819594492685,77.97006814019424,129.27992152002204,169.85026449727076,168.7442190807953,90.55683928358535,2.657854874940361,92.171731331424,115.70902645822986,172.74581369384046,164.70475383237837,88.98939300355724
15.121386947875612,77.05962189951613,131.96606791480198,174.12327454498245,166.06544295786267,90.12565462493218,2.3194962360907323,92.81080074596045,98.70915177367327,175.732283276348,160.75193441591404,88.45048770196499
14.587338456824588,78.35948836269434,133.10521299445597,170.78418513009728,169.08552654174892,90.5439291358503,0.9262514251237337,93.6709099932264,103.04798909029344,174.67926460893918,162.5336586740013,89.6337567965353
4.479856336917612,93.70442613269955,132.774336815723,165.99859344598948,168.71893840645566,90.48869654684084,3.9152805851204513,99.5167330526127,103.52000463624557,173.04649795814112,162.0680548160366,89.89600701643525
4.8957741130651184,92.65809411687896,132.4182106649959,168.83110129979133,166.71545873520947,90.58311140035697,7.874855733327207,105.10950030168462,108.11153640913797,171.85923442235054,161.89283983502045,90.20271264945109
13.302658176485098,118.10681325966728,134.3745621329059,164.73308159715168,163.2579678913976,88.94579019248486,11.28907301247618,111.3714515171764,116.16327105931552,169.62209398208782,160.66038628422962,85.0865719353531
27.247767859617692,136.45681797828516,132.92877782159525,164.58841192612738,162.28128654646113,91.92673925326945,24.88031053997407,128.4995666897823,120.34030381354184,165.84470672423123,162.42465205027315,91.22895616249448
34.179536782329436,144.19327005690363,126.86459836698798,169.07805971729218,160.21417325941044,93.94115260603523,30.466500859673744,138.7665109913702,116.72656140972519,165.61043953095393,160.47385224706017,90.55546915772211
38.57546334703522,150.9127081113624,121.55756869165434,168.24193530201723,164.81547452935465,98.5503517207768,33.82620042686113,148.933911147055,116.4312689203959,160.28880272309434,163.96477776043443,93.70933855744016
42.69808432615145,157.44198757434006,121.70536569761605,167.7553012179909,166.6502569127664,101.37137154836294,36.98867483376053,156.3369308160857,121.08408988550475,160.4339248658094,164.414745167972,97.53809912829752
42.991536256864734,162.8085132243672,120.24194829968539,163.29713035318807,169.03765446459118,103.67905133339872,36.73581277304096,160.3102316872354,119.77584155570078,159.51407521120956,164.24952277320045,100.07819386173779
44.44318194525449,164.70832239352714,117.10795265230946,162.0217751684662,171.30363605557878,104.73863189118926,37.24172280096627,161.73060042262324,117.81216024661056,158.5900898789801,166.27433063436868,100.2887776776527
43.839210083442424,163.72431164164436,112.1909723741097,161.41137951980656,172.13551897075564,105.04935337394127,35.48913354310351,156.10173639625668,114.04598121155358,159.74574973055832,167.55564681325433,100.61158563214994
43.71955854136352,161.84721053557038,109.34595827351957,162.90908520903682,171.45323563483572,104.7788940830298,36.666766382070115,154.4064835631958,112.87645983623196,163.097908453658,166.76885773578886,100.30940888243012
43.48906481878824,159.82137629340306,111.4013985827311,164.31051844851723,171.51233147602554,104.25015085894466,34.847438853026446,150.4259644947931,113.76523988649014,163.3899249387386,168.53505571919916,98.8020946538148
39.603377401000934,151.21309227304016,119.00363312041533,165.09727278234539,172.54940809592316,102.57141791520566,28.385983369605636,139.03961775919825,117.18388463808219,163.72770775405837,170.63194145561593,97.07950860095514
30.548567850528855,133.77730634965673,128.48737777314525,170.00629779440197,169.77330117379233,99.11286745603748,19.594187628101732,124.44252676215609,121.97351385085364,169.08001452806664,168.85858593912454,96.16410133157963
14.287291448039678,112.38471537715638,133.00780641861218,170.75114150925262,170.77465569431897,97.3801516045646,6.399616322522806,104.9967279148343,139.534017825309,170.63371036797523,167.98322573811197,91.6554685337078
4.29436572427283,92.20165747864822,131.60490394073105,167.34948469996775,170.73074138373818,91.7049983013,6.946192089311842,106.17117035670879,147.86124738838421,169.56996778046206,166.39549308218724,89.53007333675431
16.877654912956146,76.60653495872786,131.4812431636433,168.7185578570558,168.34542197210172,87.57768400940351,3.9821881313788845,89.49028952215616,143.1507632502882,172.63239262673642,164.44435315337086,85.89857566671218
20.355658698989732,74.09264299906577,131.49392885135492,168.2001710041846,167.3374388688545,87.2128387767053,7.123008211660363,89.01053075745823,124.63797706436016,173.3845954230939,162.7265401343475,86.89345994248372
22.206759841410204,72.4200526604759,134.1443750513619,166.98750243789465,167.59989197562385,86.5123404841233,8.393737073757073,85.13279515790018,124.6860969090301,172.47403944154723,163.2678398073096,86.52229950726687
13.418068658013816,85.06487712673199,133.7444872491032,163.80810592498892,167.1508261370261,85.62879290462374,1.7976914768485022,93.56381503760178,114.25512679689356,171.23333530695527,161.69462624942616,85.73494711557751
3.992193004478478,94.95866323196759,134.0064241382373,165.05229460995383,165.87046840944572,84.99772676743366,10.43392076989157,107.21866109354548,121.6896179583544,169.0968179444123,160.82509000908962,82.41974695203096
14.77808218252874,119.75790083472985,133.27370940515735,164.53322862262303,160.1217741633339,83.54113363190672,16.057682827180614,109.2564443927247,125.32513998048641,169.2887714875779,160.69989817980226,81.38055472838914
23.47822012450131,132.37540858445638,129.3336074522052,163.10248337525582,159.4756862502573,85.73952912218057,26.18390926309236,128.32168747082662,125.09612448644502,163.1650172238323,163.6690559251955,84.36069724985734
31.215326796523634,139.457950878322,121.07432785186809,167.47776585676544,160.49486222994787,88.69169826015894,31.860200684258643,138.56801077536963,116.18643645687126,166.3901551207448,161.97165401552627,87.65597536275625
38.64632124223018,148.2273860814822,119.16831026673276,171.52250988708028,160.0601368561151,93.442339698585,33.431954815787556,146.78406826414786,114.44787022581706,162.13925430720698,161.54593493019445,89.04330030992861
41.791052884074894,156.28843151730436,116.94664330503583,165.2753348763672,168.35958104664235,99.0945454669303,35.4003594145438,154.51024796313916,117.8153607200517,158.30084828775128,165.96133355632668,94.47794230993563
41.71655742414445,161.19784194775605,115.75118718900099,161.6133262240136,169.31440559930874,101.30981947230994,35.767015952667464,158.02180092580025,120.01992877506406,155.88498858932783,168.4384478627504,97.22558298542963
41.87959101396947,163.07393720604463,101.4856995251766,159.39905054368526,170.7560248591246,103.98411043601169,37.41532640432099,162.55613877003785,114.47469299393431,157.66416964098352,166.11236601339579,99.8846312458019
43.43461886011627,163.8190137313354,97.33212980616969,160.1944768761886,171.63446400146884,104.40382116518899,35.656864907691514,156.26182226769058,114.40703854773594,160.24753854483524,167.6933508174041,100.22363941551822
41.615231825724564,160.4725787791587,100.49132318798785,160.2206707873124,172.12097623973526,104.27837027890095,30.691024052539202,149.2260652291897,110.37607369615296,160.06805257898478,168.25121848400195,99.34696177117962
37.42923641381604,153.54917680823758,108.01465659585534,160.21016347335996,171.6862539192707,104.67008365770458,28.838052263964588,145.05159434601447,153.52368129305785,160.88882887475154,169.19085289997616,100.52843363139715
31.514167318758517,139.32671789536568,122.40908634743836,164.5728619747981,170.34591209948337,101.55765356553434,24.82936166215648,138.07365822694172,152.51849661191352,164.61521219286857,168.09099101236828,98.0917079846499
13.605615505282627,116.52086693542113,126.58418599920952,160.37283015947096,173.10137204402045,97.31830549329852,7.703195419621687,114.67838722176272,119.54032391459593,165.89435320406858,167.76849444747353,92.79839113923794
4.509293650977099,96.20694149681346,126.53569055679823,157.29179712226616,171.69474428591948,90.28695759827778,2.8014046215643797,100.92545666383694,110.83604063351144,164.0259308730175,168.73746023539718,89.16483756757694
15.70267439813982,82.30159932574058,125.91873692285219,157.50967606803115,171.57218331193883,87.42633429845576,8.28432641434896,91.4310658984594,113.82997374859517,166.58436706656067,166.09576438877167,85.14307811760453
23.127192118628166,70.5070238043851,126.79984164507019,161.66884251978394,169.28495012155074,84.92825631375544,16.40032732055788,75.9736870286404,113.9173497183209,168.95955953844322,162.8461929122273,82.41981329148805
26.76684034083237,66.02318798930347,128.34031335004863,163.26072406809394,168.6986874627124,83.47686349862937,16.45078155004853,76.8105345414899,113.02768073456532,168.96719992341932,162.8688514490458,82.629750288701
27.32446101620226,66.21976432635073,129.5202572403377,163.26604096856565,168.00714320185034,83.1666343213183,15.259606934242283,74.63996891986534,115.36633429583681,170.11182087462996,162.84347023315865,83.54267082385493
17.72018227060731,78.61253676129685,131.3699125611852,163.6271050048343,165.78062380868653,83.23710417278053,6.54308798034738,84.0888859374765,140.45598145198286,170.7001762817937,161.09467001319814,83.58483754784035
12.241665525898359,85.01534038129151,130.4693263621295,163.5827688076023,165.75606270792503,83.69580187675344,0.987077577806423,92.63355270792958,132.47468420371172,169.24094774037636,160.025571357949,83.66201061386161
5.310864571378252,107.72746114185712,128.99600995045677,160.43647741867892,165.88701415016854,85.45272925905526,7.388805038310811,102.83179485227815,132.3444519220268,166.5213189426786,163.5584271765347,85.6505696395509
21.634759795774197,127.26015323733228,126.24986119184578,163.42417393016245,163.90401685265118,87.56251621434376,17.938852673810363,118.06912924719727,122.80272752995243,165.7528905998732,164.34375824403216,86.00505825126575
33.315603049674415,140.31494205068515,125.25520984577298,167.67068448285093,163.8732762083346,91.88952294348441,27.53516715842827,133.66117850991077,122.8276742501113,163.49489580182743,163.25110324150265,87.29946005664172
38.54005760575559,148.362687265823,122.08285321219635,168.70371219159483,164.46848292315877,95.2507486254338,32.27294203138246,143.52861460148512,119.11292816389299,160.72340930931023,162.86497717661044,89.11261740611585
39.724577415271966,153.77111528241318,119.39904825319182,164.85960845462395,166.53327313588505,96.97604915873322,33.18120007677849,152.06606037049443,120.53531308744678,155.27018217395383,163.8774766574883,92.48771925454251
39.11184025874921,159.3376415196674,118.83276903255987,157.0016057820593,170.89050838658645,99.28430769015807,34.274877842231454,157.98063554936,124.88258055113312,153.85519046281163,164.6537611571361,95.17723754656919
40.38074003040545,162.6051830756486,108.55608094660576,158.0082707417984,168.74694906939655,102.51693651254003,35.694681087669274,162.4836830928894,119.38825017982803,154.62489443407114,164.8557409095138,102.21673642639598
39.86791247456592,161.82368640025953,107.75984174649868,156.83451042323432,170.9265647411477,103.37027937180109,30.496027756075907,154.05929701816493,110.3578076581238,156.1188808602987,166.06799682914254,102.28687974732439
43.50649256950936,163.29190484368104,98.60231918111157,158.1202655755362,171.6349591183496,103.15289963835538,32.25935920727686,152.626008596406,114.62187437405822,159.3586772100656,166.15386489483367,100.80920976310175
41.71527239310178,159.34484207820933,99.74633860628924,158.75359490915466,171.87534529863558,102.59244984838541,30.30122068339429,148.5670412122576,109.01161451647064,160.80598555682445,166.05854107095792,99.94860337519725
35.72961143832895,146.11949653791925,110.56202139256774,161.01288362885208,172.41166780947106,102.05846372184425,22.96767027432064,133.9210407373088,114.51205711790287,164.79811492237474,165.1186055275287,97.2854999122009
22.57176453727273,127.87273780332923,117.78286946764813,160.80755179763963,172.03050517304416,97.24091679424669,9.416474639451355,115.65857054586445,118.5274977019154,163.89859590957076,169.6003612384548,92.93033317897337
3.8824879782820823,105.05567023433089,123.18895388759921,163.73738250079742,167.27126379211018,90.69675297293546,0.7264278153442464,101.97619933849805,119.00493955765828,168.48506589233708,166.12711771960932,87.1971869278251
6.287538913665567,93.99909714453872,120.82383959203321,162.62477177821816,165.52939930247814,87.98057996216609,0.22205729658231468,97.52947088587518,117.44862372726212,170.47537255642774,160.14409911272259,84.49888222189573
13.654378296639877,83.8371423383509,122.08957065892709,167.22351205516588,161.95956550668205,86.33266890409169,4.437601589763057,90.29945972005235,107.82666090408857,175.1414522379467,156.48220707106725,82.35394886907986
17.513072755766657,78.97100131697006,127.4167854075706,167.60101439232912,162.4803916795934,87.00632782546909,4.083519685728133,92.00971543531242,103.36384291374316,172.14553336449285,157.7714466261345,83.7128230393465
13.760954569953022,83.81165132113944,131.03699935574906,167.25153455162877,163.5829062911287,88.50217763037143,1.5957070562009026,94.39995604174901,112.44923573668879,171.84677374012819,158.62945312865563,85.34592176782617
4.012307317320007,97.50335285569285,130.23438324179202,164.78760182789972,163.24331441436715,88.59106622341002,9.089294858655693,101.96030744374801,119.64426613803079,172.6094585976243,158.06573029028598,84.75282155110776
6.3140780071633715,107.70602681034623,126.27408213031686,165.63985044381337,166.75351574065445,90.57756914361234,12.27563814133533,107.94124890403535,120.41379137660064,165.57041193336923,168.73728783171865,89.30052388439903
29.770216398986406,131.32018690327666,123.21339936705154,173.83558472225786,163.87747600892857,94.92641316013977,30.97461048444312,128.42837567527522,115.42290268654287,173.21083746311433,167.2107809871248,92.05284232428087
35.80930511360173,139.32387072972924,121.40107135697319,175.46780271847135,164.50670804627845,97.7629808116169,36.94798748410224,139.3351876375803,113.98897114776622,172.01377957375047,166.13413770290208,94.33830979614648
42.68283551514317,148.0702739855563,119.44583588130918,176.67573419107893,166.43585937764587,102.17413049005646,39.1729219326934,146.91031950939208,114.68425229451385,168.1236263959818,167.39341508502628,101.07597708586566
45.55354010886066,150.83264578740156,114.28215756322417,177.98187540379396,169.23480423971787,105.76851917820396,39.25006871258596,150.35661287435693,115.03904259842712,166.49928442691655,169.90402627972074,102.76830066281698
44.706207870092136,155.47821502540526,111.24627038818949,171.49074464245496,173.05544822183188,106.46046837299066,41.12801577663141,155.13527871910614,114.11977543502597,166.846397759103,170.32355932539414,103.18349048139001
44.499713590721036,159.51539026474194,109.67396457805451,166.3227466352079,176.81037592896203,108.12932490940179,42.39536597697668,159.42774426025952,112.97604903010196,165.15119509101183,171.83435854054864,104.99185733948448
47.51903240868716,160.96115915373738,110.576639668521,168.79921922580456,176.2339721806632,108.23010933153026,45.33191442164063,161.1815376998758,113.9231858952518,168.58515429207304,171.74556510674168,104.48338085737393
47.08040574206469,160.96345135836168,109.34407476621273,168.98614208103197,174.35837183314607,106.69073270532779,43.80144705494983,158.13927598274168,115.1941020585937,169.42093524908063,171.490968996482,103.54341070903564
46.48346405672098,158.81233847171134,111.14010291896138,169.9977500071737,175.17864568455522,107.05617991338042,42.92109857025335,156.6863141015561,116.02268847887889,168.36016103717836,172.30230639926287,100.7701968098259
45.97990910740375,154.65638823159148,116.13343465493045,172.1526909667726,175.00528551266413,106.84705717541009,41.38362350004002,149.45866831139142,121.31108004251679,172.4641384292751,171.37178226319702,99.85530420473631
39.819983988057096,139.65579256456616,123.31166480948353,177.54409300618016,175.87775195859956,105.93113384247363,22.656542828263895,128.3243753610403,108.7841716364904,173.86205374938544,166.66082000903148,96.41176293637838
14.12480186906697,106.35477095996019,133.04231852679823,179.18570339965655,171.41933768349892,99.27160552154554,5.245191297092773,102.96189902395065,123.17727506551206,177.88510252921844,163.61806662222315,92.57788219868088
3.792799995482197,85.180950408814,132.86685963363792,178.95666452758158,171.2501139877487,95.04584512334351,1.5513795325802466,95.42680461047442,112.28897030734841,179.68311316419187,163.1168167362532,92.2559695900839
15.100866531906377,73.5505736238392,134.60551981688963,175.3494108698209,172.7674869250076,93.26986312114322,7.449028438675009,86.87941158074379,114.23353404932979,173.69869604301812,165.21900133163678,84.15211365389354
19.014138790350906,69.52854785883711,134.30793828899488,175.34158376369828,172.5785600507339,94.34761490404182,15.765511481686278,76.96464999239593,114.964459872485,171.76533313755593,170.3502758237979,94.34204627580455
23.9731381170934,62.782259306523024,139.38806756777964,177.27637339185713,170.85103485476037,93.30142999783784,14.536235423640676,78.86071223992337,112.39969281042622,175.3956363559206,168.30582039765298,93.83727616513838
15.096995839167496,79.40237692948733,136.22088829127395,169.48422982742392,171.753652574351,93.23468803952312,4.346824624407786,88.67569857513956,124.45290268069154,173.14761182179274,167.90217073514694,96.1594479402524
6.4135704811324485,89.39513904263565,133.4591524308646,171.4580736504188,169.8902406175931,93.47255931710822,1.571071670466944,96.20414329000815,122.66694179153815,171.00733066589828,167.92862815678717,100.16871238752155
5.2958375287358805,105.48634399727666,131.63753705733308,168.0481201780559,170.0983781901629,93.55441956759223,7.722742258113734,103.56509160156298,121.21348402493456,171.11328270319967,165.77256910363758,98.86729164267713
21.395931616702455,127.69650914083499,125.57917138320497,165.9220076666192,166.96435354920712,94.42011746962507,30.39417842328235,126.0515788905157,121.2353018769174,167.83776712674708,164.9901872407632,94.90098528431369
28.60152453552871,135.60919991295208,123.78501608393297,172.21705192547788,161.70138680233836,97.43721486117404,42.11623820912271,148.85475357432833,116.92620896462445,170.98214507884967,158.25654945138865,101.68372380026226
35.2649323875545,145.38488990522723,120.32623203096817,173.64247120303023,161.8206370109913,102.77227167558654,37.07422220672372,150.955011509687,114.35656691263638,166.93145893032482,159.63277292983105,100.07180692402929
38.70345776400409,154.20504419241237,118.66756403788841,168.84307596424125,168.67293222497548,109.09025146693648,36.48954455996633,154.67513710130248,116.6585551289593,162.06916512175562,164.36780491257394,102.991133347591
41.68447196632229,160.40256801643022,118.95512429910232,165.15198318181248,174.4150289221116,113.22024625651693,36.641397982879525,159.77274024571773,125.42618254608493,158.08392167025966,169.97735506817216,105.3401810470128
42.166273609770315,165.11878731573768,110.0629395560125,161.54696399320352,175.93172029914194,114.66532732395426,38.56797627426718,166.10623258153154,117.9849080552207,157.26176960485378,170.65014945691232,107.60208597675326
44.62973975173539,167.66297640624887,100.91259017884423,161.48718948458085,176.21941173854665,116.40957719229033,39.84362691215617,165.86144045831026,117.17277274495777,160.41794211352197,169.65399028155937,110.00046669150628
44.170850200621096,167.3614083747416,100.63882532786423,160.93510224848006,177.34108091963782,117.58089532759794,39.82817427306074,164.56622828674222,114.50254244420336,160.87819237346386,172.06301329047386,111.5787220150501
46.007644281479244,166.1682739590033,92.8760795470333,164.0185140380246,176.46507370182903,116.28694126781971,38.8653380117376,157.96435804045646,108.70436539938738,163.01195420796896,170.97528558997857,108.09119164630052
44.67286472062034,165.3456827658028,92.5052794897695,163.26448001309114,176.04567293485388,114.44828704608057,35.77338238978187,151.41987295585372,102.39558320573144,165.42329112878605,167.35306559416946,104.14908636229227
43.31756361140706,157.5705926684524,95.68919775001943,164.56863185589836,177.57842946242357,112.22851127313875,34.389022786860714,146.49444774050824,111.22108029942672,165.45276591837376,170.8007739371236,104.45486003120148
35.097684041973146,142.12302017941113,102.90851934382512,169.23991017554025,172.96633686476002,108.26863633846047,23.500681461102396,129.6218175744257,120.50708021186477,171.40161947259708,165.0160902776428,103.12687015788715
25.384436398346246,130.55388907063747,115.32004260421044,169.56040432455745,169.73775067189,103.54405268669923,17.050033415684066,121.05237037211845,125.0462719425553,171.91450917998736,157.47121250352274,94.7756662421751
10.936582471069583,111.43100735500721,117.79301381451421,171.4190272933377,167.3659068299902,97.89384236668141,12.180626452852966,111.66915366257021,155.3988632432475,172.82445787126616,156.8269027061854,90.88000455176939
1.9308581309832533,101.11383657471413,119.2646517877896,170.91616979633199,165.5617643719736,94.26665595722505,7.301516815942519,103.85398006306119,147.80728844761168,173.20747523338287,155.57070922140156,89.03128485200588
4.542179626052523,95.87663574625758,120.9111004549992,168.54599316887177,164.67585573946783,92.50897449874192,0.7398742444240327,95.15754038219023,138.9113411629704,171.5909984561711,157.64466653531628,89.65084894970701
6.119533873014653,94.44453107593377,129.12241980242067,168.59404882814673,163.73726883097723,92.87904037911078,2.1251667340336766,95.2800874645607,124.88700828567538,168.95703402544203,159.53299253895443,91.9337180430581
4.485741933189095,99.00825170495209,128.12032361559451,165.29466091791065,163.59462640698476,94.32701169965303,0.9745261733581573,101.27363437468563,117.37533379599816,168.00225252399358,159.92706025422632,95.74890696408778
0.18272255697666434,106.97310107163129,127.37483954707952,162.11947882180536,166.4001784054301,98.13183122710639,6.191472149443589,109.21658071961345,113.23039013049454,167.1922630559439,161.03053487309444,96.89055923284754
2.3416765126292125,108.82332839017259,127.4050325072379,162.72932589635343,167.33161996644188,100.21324997094968,7.796518545135437,106.77912079015482,114.94594432543246,168.95429817704405,161.30483854547856,97.88818933481228
9.368192853965526,121.83354145735876,133.3900425691986,155.7357506323568,170.80236062555733,101.83201661992136,12.936879879196363,122.44950892929518,112.95389170401627,164.44139634526073,163.13084380070717,98.08452077311519
18.06553643728659,132.174096157086,128.38289638965827,157.60885236032092,170.0764895664651,104.20175099282868,19.538827788292505,135.09105909216245,113.16363242929368,161.0921250844465,164.80664807754687,102.31003158777769
29.263352139598567,142.06809476148246,125.64638331429614,163.88979819607175,169.95001881554964,108.74504642352916,25.62185131206642,145.02407847547948,112.16839425046237,160.19707416347012,165.58355893774376,102.08722991625194
35.533004945787326,149.91298005966524,123.87807766755674,166.67213341791197,169.10895613396508,111.83717204417961,27.35890909795336,149.9401104852902,113.85392195113079,159.02075711429347,167.6078811757386,104.49951129599495
39.88099250046784,154.58509766416128,123.14436576394785,170.63153455282801,168.74434070464545,113.38104509898288,32.64413747665941,157.31726046191196,119.4134087466687,161.18263520105737,167.6167775140988,107.19258188962132
41.64889978734226,158.44744075551475,118.0840069781427,168.24184966081924,170.55316185986663,112.61298054069283,36.07574024919517,160.70366708587017,120.0771339459501,165.64041173897343,165.5127878664868,105.44925577031411
46.733721483313616,164.24702723700483,114.72205336134286,173.09196222009442,168.7119696711568,115.05784302818383,39.96384191930122,165.8462150317681,115.76624597576337,169.0909685518272,163.59596674182262,106.10416069219153
54.98552628271112,167.03636816168597,103.20162726170756,173.56771321765663,162.44147709882606,114.58985960842011,47.07544338720168,168.43362870768055,107.25077454345337,179.75204084638727,158.58183740031856,107.18775695792529
58.32983745523208,169.14710780612725,102.76407736914778,171.44056396022867,164.91457277737885,116.37628779498817,51.86165011174322,169.86294769174728,115.16385855625444,174.02824255014005,156.22097783525808,104.60925614553932
64.34524679615544,170.49997226104148,100.22310445481895,161.39036715071293,161.39201555590097,118.64505588061385,55.17786430961566,172.08606609254713,116.79911140712788,165.54901699988923,140.51859851061047,98.25853194080965
69.90727041025947,171.4643155806731,104.09219119433307,154.80922880640227,166.53854061266395,127.20487216440537,59.34652632355872,171.5909112317436,120.97425674272536,140.88941891405977,105.87011164125653,83.19892806774568
73.52630591365678,173.26891394390168,105.41607974675595,148.14737034181144,163.9818992731405,128.72115919560238,63.4340139677919,172.12917376064686,124.61927836533775,126.71580870028961,87.49855630370487,85.3083575110463
77.75233945710163,173.6893844508841,106.86809420079987,143.58347728030367,166.7464854662862,132.7817768015336,65.49911146802657,172.09906415817903,130.16941826628087,119.27245311869795,81.5701025765713,82.6539978233655
80.62056291779086,175.29037255107943,108.93587832374978,143.4390051651238,171.75149426793004,135.9907647974628,68.4601240210974,171.2888989750132,131.82378323879976,111.86447506287872,78.44667369822882,81.71406246451707
83.3011879263654,176.12751563467066,112.00558596232086,138.35900998853432,168.15547824687008,135.67720582627604,73.53452008487888,172.51587304817568,124.63744553534127,102.41532710931598,73.92571961385133,78.86259654708562
88.89839625112684,175.8373863527962,114.35818045133986,131.2167204519764,167.5002641535595,136.25391811917152,76.53501006869602,173.0436696770657,123.24602195023225,94.49185293934028,66.40557268903619,76.08604920374628
88.4284895435497,175.07475971296103,113.65605080318147,129.16091666656504,164.52952306110686,135.87758513056332,75.7895704793764,172.62522593465005,123.88695864420437,86.65402886951776,70.78859319825469,82.61356974557786
91.1720703879511,174.34343324695797,113.70038604131481,125.47842518320877,165.23403536775217,135.81874173091322,81.18835589148581,173.47530503038135,123.3517129704912,72.78761785987189,76.79099695090231,94.65707627029045
94.02723235876206,175.8091695807787,112.93821019281681,124.10986782711164,166.7420963283379,137.92248804889246,82.64612983141882,174.44766147630872,126.10376147912194,61.336281148861616,80.93859274709214,107.63334295330901
94.5616387095673,173.51537093097636,120.57737280127144,123.68547161273352,169.45395352213598,140.73208180899013,80.7498268245361,174.41513756268782,126.48949181271234,65.26774281596826,94.67778685930219,108.14236880941397
95.14629129438678,173.43031372039715,119.54326768805673,121.90735601048436,169.19494148405133,139.78320168451208,57.23528854756126,155.33341854763484,134.15370454277496,59.79636666486236,101.4697041603885,117.46476418256415
99.17609287531417,173.0617607304073,121.11101536595693,117.0804536755244,169.0017706817406,139.70535404358117,60.08996109574248,155.147057597857,142.84421246215123,56.820078873381064,104.6653261827555,120.82384512513643
99.55564648665158,173.05520414674353,121.23118015647135,116.6607359051636,168.66660579246047,136.10567778552522,77.86604799881539,156.1013286444676,142.78062584077313,52.07280539330436,104.43987093447146,120.87164776792353
103.61460889795674,174.16369571718084,118.91415434592167,115.26644238530336,169.3308218882168,134.51819434797042,87.12284850020762,164.10868322056547,141.47010416135785,53.35534690037028,108.16727591600915,119.85282200280096
105.12599421469581,173.983232646404,114.86489467156429,114.27669551610911,171.06833786714137,135.69769507379,93.27089583287066,167.87907889013968,140.0092435644407,49.87247481358571,109.65307294807509,122.49064426969422
108.55807009336097,175.37259054272965,122.20498202187319,109.31232335885268,168.58444969300615,136.33109875901036,92.47554101247654,169.97284247572506,142.4712535284527,53.15258896702178,112.27479943453197,124.71057012675581
108.86297847485706,172.75276415539338,123.49721335523314,108.97634668559202,169.9309893172322,137.52153476942902,94.64061371640648,171.56207505463485,136.46571838892302,51.78376865196045,112.31945785487723,128.20085291678234
112.06738689023008,172.72924785166768,122.7404159565569,107.23969307641902,170.76769928230365,138.8697819230321,98.31872457961883,172.7848472442867,134.04163334805548,49.626521556777625,112.64105771556177,130.20174358958832
8.989265521445176,83.52026776287788,123.89523184677977,175.21121029430782,169.10912859023563,89.57254221963362,16.379780100430967,72.225554469008,108.25193967491177,175.21046861247245,166.21826571599738,85.77453756223318
8.010986065351716,83.95597681254654,124.23771000014433,174.6333240293181,168.77087785435543,89.69563375088168,13.266867501999936,77.91242264432753,109.98810421245315,177.89209406468177,166.4659934399185,85.36987858406543
0.8825118831141388,94.5899455824287,121.41427364621431,176.68972819925634,166.8874501542486,89.43087999216982,2.8493497154994754,91.424711924423,109.38385335591363,178.11282490168946,167.64553741592854,86.20911979567867
15.78617960736597,110.60466593131798,115.81676959605927,176.35984051359168,163.6631416770094,88.83884633531031,10.759580249090323,105.66787140072663,108.1050789004068,177.97638412626614,164.12217749920785,86.07496691979671
24.45145972271357,120.57064541827023,111.6895923168229,175.4511848879765,157.92180205421283,86.63994724130461,19.25663858436078,114.18437321478486,107.75185833633151,173.6449950132949,160.20794007304147,86.37435927989989
30.600449320232062,128.9767102571626,105.0597004091126,175.79579056953625,156.66439348692302,86.61753699690168,31.20257825922533,126.53245141306272,111.12755318723259,169.81566024121784,158.35831932209535,88.00717665403444
33.64015177610565,136.77095682296437,100.46319232460925,174.7027772019716,154.4627759326797,87.75449587942846,36.56767262114968,134.75414838105036,107.2898054871481,168.94596394231874,156.25815122615688,88.49825290880067
36.72163184225275,141.25687387965283,102.94884338645058,173.50339678433497,155.25366351674825,91.18623610680584,42.54645195936047,142.6274190089609,107.71321421759781,167.01407428402183,154.08819262737165,89.83394401743651
39.75751839697548,146.90770913287167,103.24287860924228,175.25356303433622,161.9576519280935,95.50183168140526,43.594183739703666,149.57345645366325,105.70212404294908,172.93178396361913,157.7811519517644,91.74025026503499
40.92360290660893,151.526579794314,101.27468213603747,174.52234121956238,159.4484486911342,96.29857796920557,45.013452107577386,155.20295294517584,98.93270334697849,171.70173386713088,155.11822687436796,93.1690416702864
41.92430293131754,156.5092781556077,101.69421335915156,173.87153828653888,159.59907504199901,96.69567411531729,45.86058533246018,159.1821726867284,97.34729898052218,171.9895827160749,157.97286604083595,96.58547712955901
42.68678342320934,160.6260242005548,101.28178097145184,175.53994268082417,162.99099206890733,98.53589581147953,45.28549561487048,162.39113350230326,98.29628380779226,173.41812556384764,158.2561747719491,98.25642616920493
42.53479963689177,161.3575986968635,102.69341791450589,174.9617666626825,160.97049241544826,100.09176126472563,47.19304754894475,164.60261130976787,101.52971508185752,171.08092556232657,158.60302965089235,100.91659818788844
40.838359979200646,162.99184339168508,107.69571597710387,178.412602710178,160.11992826696581,98.83287623027375,46.19845187328265,166.42805756247742,106.00376280652725,176.16420081916215,161.88265895185526,101.46834019680955
40.65188807400603,162.4387171655946,107.48484729583859,179.0666303839243,160.74455684432507,97.72778636710727,45.98498221893681,166.27325561619594,109.0162476118006,178.15938839295305,164.18062626163623,101.95335251588354
40.07482381526323,161.75238811405663,107.1204904007668,179.36524656038958,160.1286240161732,97.4305445478735,46.49305966893627,164.59413759081923,109.43330684937028,178.0178361736691,165.76179810052807,101.99430402110862
40.548944642726795,159.85539414404485,105.95697149010006,177.72835119226224,160.32963705023963,98.75113555564602,45.064524193690474,160.86130205092255,108.63536323935861,177.14702749595082,165.15128245455733,101.69339396404376
41.59126164165653,157.25176355257187,107.79715071093334,174.72647347832333,158.5774710618868,97.69819858260435,46.60850343178523,157.95540344052185,109.39357786978033,173.18143523364637,164.2866383502577,100.88641393307665
41.07893609369428,152.1104018602216,94.89408121502562,169.16191600758222,148.20828200011888,90.59075828099895,46.13050673405498,152.00085815460903,103.64038086109694,170.4521347557715,160.8718204207991,96.53380916314711
34.73312688560466,140.62835571769503,93.33889140839072,175.22163290294407,154.44011558921852,88.28008643193819,37.93880299312691,142.24745381186847,99.95468427672316,179.18186031404798,169.48223435791343,94.48625350418233
31.88963627556928,132.46895474317662,96.17745363473097,172.97158123355027,157.5892917665873,88.63202967790686,34.00194101819689,133.59513916574642,100.91672864977446,178.87337639713664,170.03773483836315,91.70139498385878
20.632359340063868,117.5899761196898,107.44609573487936,175.47017229103952,162.12824940028813,85.80870000222053,22.753392700415624,118.80515721629148,110.97425318411408,177.2980607375404,162.0948271710873,84.41553007403654
11.793196833435877,103.55695425361017,120.22780530244556,170.8128455923323,161.9608737508238,85.84027943104488,7.6903934324587055,100.16236092211278,111.89195223572064,177.46994364629327,164.0787137255999,82.72924901079953
0.01821740381137092,91.6241725299166,127.29370330300712,177.1920819256283,167.013378972241,85.55521854838386,9.50149594038603,81.34318067027449,112.89187009206988,177.97323126766997,166.83038057615826,79.62837876687657
15.82164245549143,74.96930769447656,122.88078211794517,179.23310745602353,167.97130214794709,83.8315850058446,18.632745254154454,70.94862570937416,111.56533800485936,174.33518707749266,171.19260351361766,79.67503443710042
23.296036697791028,65.63522529105681,120.6200853023933,179.89544357554374,171.9055154937052,84.88910602989928,23.5482186710448,65.20454194404158,110.40874189278598,176.084358933635,168.5132217673713,78.36461035868842
25.08166440793941,61.99503070372968,119.94110022438181,179.89964398179703,173.24513805013822,85.61486988802012,26.511682213536467,61.96132992402843,109.72351539461987,176.0370189310801,168.783748983824,79.39193173498819
24.716019763350456,62.40410214064421,117.63449151988436,178.92009854341674,174.57023927716685,85.92380112219007,27.834916345521236,61.29363003494578,110.91796566882003,171.50030334647383,171.55720829635595,79.58418475909664
20.1058311349688,66.9985948793869,120.84528427914277,179.8481525757063,172.6805595108898,85.43400569353295,25.061919614068422,64.50123348386823,112.39346469829435,171.42966156211853,170.95425185885435,79.81508498262947
16.583616507287804,70.50018196087169,121.339523367891,179.07494165761963,171.10994897480109,85.52572523272609,20.503479683735815,68.53029506537851,114.79164658294013,173.19652181058854,169.25416268053002,80.34852916416583
13.010976195082183,74.47146331262185,120.93855360717609,177.92548923332853,169.35285151074126,85.39708418589696,22.02527263525729,69.15185275296798,117.91996925706312,172.1617878178509,169.56343181422272,80.87366398627786
3.843925450640877,83.19028995376162,124.51611919089619,172.68876033958526,163.8991831289873,84.63547076313048,16.230155121245815,78.24388797820211,118.9012240843288,172.9545740121296,165.670404421223,80.5921853786196
9.292831110861636,101.63747873623907,128.93327257613598,174.7233649362118,159.48933486970262,84.70406568960304,9.03110922149725,88.88335484334328,124.90345624154943,173.72954140631268,161.53662548887706,80.85488452139026
15.656425116435074,112.32396397307221,119.9964871256844,176.02120750440216,156.88385915711314,86.01004822475261,12.417862129830924,108.49916492439142,125.31619691166225,172.97128028808237,151.22664606027288,82.96084193711658
23.14952460718474,124.62324230874937,116.31214412982703,173.8336451809976,151.09437059174178,85.23313469056728,22.056772752699672,119.63473414006909,119.67296933264421,169.89663779086263,150.79597154479825,85.55494873505893
25.77693449194544,132.0806283933223,104.25346847694671,178.9946715170905,156.87363316024476,89.19214061524892,29.63002152252604,132.00018475530445,109.01525152675144,172.9724701011518,155.4849810505178,89.24118229815313
31.202027270462924,140.47787645129523,94.67440907906997,176.72078068771341,154.29399109273163,89.16637842804516,36.3544130991875,141.95850397507743,105.51948200940598,171.26359000685363,152.844761123763,90.24598484182289
35.73918555370701,148.52916994797238,94.0176132782824,179.0699934758695,166.7607594883584,94.96803534619252,40.534192184014984,151.75025107584094,101.79574456078703,174.76837934507196,156.9763754906852,93.15055138341963
38.71498155877781,157.04713953689645,101.14362141423204,177.60790060392767,159.18736634803656,94.08253643582194,42.37679179334691,159.39947080520085,100.51387221472038,174.91924859827563,154.24910027909763,94.13266301717562
39.744311896624644,161.31556173626697,104.70041275668166,176.77658535157232,156.73477629950543,92.62152146339629,44.11138301210812,163.19977136147224,100.08810031310031,173.5083601071194,154.1142247470134,96.86544218875697
39.38675043139552,162.67312202098927,106.34285105021354,177.35022284645683,156.5590218159193,97.56357184978792,44.77917464576929,164.28371693988308,100.01877605824441,174.15424718669,155.63820883586286,97.76313660749912
38.23116453390201,163.5190385978253,107.65787066847288,179.87796084717044,156.16791006544912,97.93715068036504,43.95493624158916,163.98210099077207,102.43676543641038,176.87531022000616,157.44704311355864,98.25904821876858
39.10808699572206,164.04101296746018,108.04905015309504,179.53919108233436,155.9509982425039,97.78684426547107,43.818476182098046,163.25153641428196,103.87666949347273,178.50695396419908,160.63861324535867,99.62615829089945
39.121381113792104,161.5882388063075,108.55233679812568,178.97562577991275,156.41845599797426,96.68078732169886,44.29209352618889,161.3943410219262,105.17647058975531,176.8747744232756,160.06089270156767,98.53929795831803
39.972722749438574,160.44393014399716,111.14455326687182,178.08109356296526,154.79878415156372,95.69896686531737,44.00297603869009,160.32095735402098,107.75687163949253,177.0154312099895,160.02236408731835,98.08489188235194
38.1284055139109,153.39394626674124,105.50404338328575,178.92320020691142,159.68218391975884,95.6713947309371,44.01614180077162,158.30709490368156,108.43625739771414,176.9591988287708,160.5549827419278,97.33724390359431
37.9022531334959,149.32159025998524,101.26209856180226,179.5698020083387,158.31850212989397,91.18916806815521,41.44506918587525,151.15335469263042,109.57496606234912,177.98923969641416,160.17725265643932,93.04347612528507
32.6077265161277,141.6338761672042,103.71483377116483,179.51428467101033,152.72992189868233,84.1495128259222,35.236035992238044,141.18148400075947,107.87940462036191,178.10497690233532,161.43825552966288,88.95780070700508
23.946982484513594,129.25615384361137,104.81702570329031,175.2702181187987,159.93370519823483,85.06686095385595,22.57672024164457,127.2998668919053,101.56744537382704,171.27598013193642,167.2053728260427,87.50563812228737
14.728105728376589,114.42685702232627,118.77184879772304,177.07930176584273,162.77104262742876,86.45459561584438,9.82189675057511,109.46016612958552,104.24130356694482,170.76758949820834,169.0777828147547,85.35001171707607
3.076956275716647,98.18923663311011,121.02217769483127,178.69551635643427,166.3037585090963,87.25080237251868,2.794053504686155,94.56722683224667,104.1341625928751,170.96933982563453,168.82027521207075,83.77220686109406
5.554250612660696,90.12057363314356,119.29591953866216,175.36211320393292,169.74640219810047,86.50714973516686,13.399100800498543,83.49207477675496,104.91986410720993,169.15313017143126,168.9887008440314,81.41015318803436
16.341250806397497,76.51730360192536,118.29487498509567,173.17221763618036,173.89508884723074,87.77578183264036,21.411450333353745,72.69703649358023,104.47279633843476,168.5508093924576,170.07616172726975,80.33748131763551
18.99684239301887,73.00576231496811,117.29745155246668,173.22390739834938,171.55221759925706,85.85350406679339,22.262669405231513,70.22207384906444,102.4900662770805,169.2668989547235,167.86932558509105,79.28739271679444
22.46211958794496,68.44363013227283,116.43371549680698,175.17509910506956,170.18274839224375,85.91770629004748,26.73059282234015,66.0597357773237,97.94881749405833,166.83685451525466,170.37859158936823,80.17605474469939
24.529981657739615,68.00511913669332,108.04957986972353,179.95030444822328,162.7793126204889,82.92299227375081,26.6381168892818,66.29605274533321,100.86961632329003,168.91839014609315,167.33760839148061,79.14271114977504
22.716881357426107,68.59349183680365,108.94234596500819,176.8742027925659,162.29818326428733,83.8182926865062,22.8653553196322,70.11220785556968,102.79170724091176,171.7908344974017,166.27806522208033,80.06686485159116
18.46216740137502,74.54503023584039,111.49892649818725,177.74026092802544,162.50712099087184,84.24736627963216,21.798874901487746,72.88777050401453,104.37302430946015,172.2932709505708,165.63280186851028,80.8102917668316
16.50496843829047,74.10007478333581,111.43132798616641,173.80419689583798,160.5950248199643,84.09006781591557,21.97828098037225,73.98896733802079,104.65616556737409,171.12236590098675,165.75385196390792,80.79530370641415
9.091365823658192,80.47961777578688,111.06754946728535,169.91353147492242,157.41805371403905,83.96268633325789,14.301399273427158,83.21227979010489,108.22107373047466,172.29210234103112,163.64871306900756,81.94967180925502
6.522013023043652,101.83415948664623,121.16438513980401,173.45214011293402,155.43598640683777,84.43126192355597,0.5849792288890624,98.99460516522491,112.50174925546192,176.24471536320863,158.52951811543556,82.46531930255794
20.038368576283112,118.07224971858454,114.47121328770258,174.33717369314132,153.38194394708412,84.27793593785805,20.87295128930041,120.23285754512109,111.82918850649067,176.08619497089146,154.76677557178297,85.87872746959687
24.290374690463874,127.12929815686503,111.50834299095051,178.3891417009985,159.42000798279582,90.1986161494727,28.332478717081198,129.73654008917563,111.24981312731869,175.8417353066183,155.70235176390815,88.24041584397878
31.41759245041953,138.94371300843085,110.85226724932649,178.44761069899855,157.90408783875094,92.16838601960916,35.61754961579466,139.92416881712606,105.3323831764342,174.14219670769307,155.48841230561206,89.82262078370495
32.95395115505048,143.75978486771712,112.66463524733363,179.43884889776152,158.45631699624272,91.77477393895941,37.90727582197018,146.45161268403834,104.81982796322364,175.21305645871243,154.68959688584806,91.65038210376439
37.19670589282121,153.15735950346536,110.5261738735222,178.96631493468368,156.66168084925226,92.18651850617324,41.00685911119067,153.96382973903658,102.55903980240224,173.80231662472528,153.59561394777734,94.08577867577016
39.121373811592505,159.38786866349207,111.28695752781255,177.63381728711474,154.53958168781875,101.90747231089505,44.19886145480237,161.02279962776564,101.43198679023965,172.42186229908955,153.09059323689678,97.24919288501523
38.48562004021801,160.81504993664785,110.99709461490711,178.09654268063628,156.51533929167738,100.97107127943649,44.41961530623547,163.805579089315,100.6576319587802,173.2309922412329,154.02953592160893,98.71034517787868
38.88438181075146,162.32585685227295,109.11547377154228,177.38117137880224,155.66494933929664,100.74660493112582,43.920523750888215,165.6241126361343,101.684860647833,175.49456853100594,155.9785950492086,100.18257223836733
37.54579143021302,162.6303094855273,110.09787782975728,179.09398501725036,156.5043308892045,99.89393404162468,43.97404543428772,166.4711700963342,104.47447690177648,177.220222992326,157.1198292567382,100.93133897558403
36.472458626209516,162.1747742449717,106.06548356494497,175.88502668930917,159.59788793953865,100.81688594386745,44.43345184720295,166.10883297532683,106.33055940400035,178.35498437308783,159.55808541457586,101.66474914120857
37.23927764533169,160.5142083883311,108.5003675097124,177.40858027439472,158.66085800614738,98.63305302483886,44.7491041453314,164.2646852996315,108.73809575124939,177.5200834092282,159.57305281189687,100.53459349744342
37.765068581627524,158.85182257040137,109.62940130861406,179.37056335541317,156.2941317519726,97.36236801796687,43.90185076486529,163.48166863801967,108.84631361161215,179.82827356208395,161.44495649515142,100.53741707391409
35.39308602490137,153.43859717757852,104.84205775704935,172.14740501852864,163.62826461347439,96.21296773403273,42.369955348443206,158.13925662846665,110.1472823766343,177.63094098612754,162.03837965230682,96.27092201193248
34.71120598925793,146.42921648821405,96.63025580922229,177.20341105448531,154.16511016936687,89.70224507666298,44.38706173308085,153.62554819274442,97.90070967990813,179.16834874334148,159.21850532352286,92.58301039338744
29.007434939517587,137.71776049795443,98.06198441167554,173.8170577452062,160.85225773581107,89.69190059140273,32.588418157003254,140.99160216755803,97.51942786586099,173.66741917033167,161.94341838455583,89.3375659968735
22.17586040679319,126.28069863877066,117.58777950857488,174.7486065865202,163.99762805666913,89.61552342552444,17.713490709159736,121.93115006786611,97.19541901616849,173.10084323762547,160.96381742423853,85.19109990318489
15.221823047639518,113.78086144729572,130.64647878245796,176.59749985582727,166.00009198162235,90.04398287257565,2.298905040581144,102.28727098110811,98.25304586091154,173.56645679789273,163.86310799320572,84.70040919761593
1.6711277784439285,98.19106841400178,121.61119115068412,171.34234656577001,173.34622326339047,91.54584674092621,11.551242467034939,87.3568218758849,101.53293038518632,169.48227716956515,168.3314439572577,84.60535814464609
10.823643384745724,83.33154355490419,118.75537591583839,172.44421256029577,172.7663402562225,89.99103613950362,14.784148155625902,82.88616699104554,102.72633613600858,169.18248034263954,168.00323149230468,84.12447249793027
14.856455623233966,79.32077261893039,118.14350913035443,173.5698208308422,172.26384270859913,89.73609982575361,20.244712818599805,76.31917022496059,101.40056386312101,170.20297051506807,166.35937586284666,81.90859874237567
18.68015825145298,74.04010653972117,115.72976192271436,177.54687777887625,169.38214823679849,88.28026145722097,23.91130908080101,72.21681533014807,100.37749713167257,169.14328580583955,167.62850590543925,81.49443011391307
20.766770018515917,72.5281073476174,107.53693240212316,178.78269062887202,168.42429851318917,86.87528039351376,23.33497539822037,72.74500425979899,101.22654615449672,169.19426431694274,168.57823727509236,81.88036902291147
20.349137312879847,73.82492148762468,107.67818897036518,179.16916590387018,163.9464057392288,85.00072843076077,21.181146297066157,74.96090530251729,102.38684614547103,170.88015561225296,166.47395039159974,81.44657485729653
19.068365638517527,77.11511123197677,106.19386848732589,178.607875802053,162.96572076441365,85.00131929326942,22.100842315576866,74.27477757451311,103.40431752101954,172.83660597997763,165.38528877060298,81.66681159365051
13.308140287654684,81.7570680874556,107.7425285778395,174.73489126405374,159.6725190797266,84.76913478073735,21.403597553012034,76.36917728702564,105.10925903681108,170.92768111860897,165.47549379421395,81.32817346074853
5.800639203460378,86.46723799570613,118.37800019650115,171.1002122089559,157.76118690467362,84.5974564537865,7.945888912920207,87.30040562053078,108.29059785220205,178.59210344754183,157.9276970533523,80.79411120877913
16.44203091464472,112.99789218094203,119.04822394571157,172.7548818802087,155.27745176632436,85.44491552406625,10.293124347588186,107.05686765629336,107.23264640020943,173.4235636942347,149.93071233688488,81.49196778668818
25.614109180082668,126.69481324008463,105.36921135756877,175.7258639472086,154.33826129148142,85.74734512279039,24.95297402006796,122.87682424499533,106.59522699441668,170.7749045581727,149.80328830562541,85.51606160564909
31.107499634683606,138.25749071341158,107.2584013481377,177.75529404644328,153.48263441166202,88.35016499649635,33.47753502550585,134.9920862143151,105.06377903618905,173.27390620432908,155.12817079499374,90.02468654398393
33.02314680133507,143.6667299286893,102.1371816764779,177.05307423673588,152.6011148982556,90.88520667209427,36.98258480273959,143.80080567217024,98.27323735242649,176.60833621884035,157.56965165011448,92.09747118331332
34.45325236155722,150.46473716506944,105.79183134041466,179.2459981014249,156.82078716096598,94.39528370875688,37.74183686140967,151.6054134770528,97.44725384011622,179.48810206089397,157.0313262868801,92.65030018135485
37.57390144565749,156.44187313026174,105.03110788188641,178.9610724517772,157.2271605333277,95.24841949819395,40.218871508272265,157.98923027071186,98.49333892811156,178.54984645279035,155.95247151503256,95.65156220675607
37.9051454452025,160.99966652630215,106.62981866510978,178.26052443033248,158.12789121533643,98.44137148070487,42.66737180057643,164.33627681321224,99.20894924316778,178.22531924283618,156.512883936065,98.44715630081423
37.4636589855434,162.01725702078141,109.39004585137663,178.0403085257938,158.14553900438972,99.40605008848812,44.00839737416076,165.02604248974978,99.19678852197008,176.08205441990316,155.7814511726442,99.18571340219272
37.05337193738208,163.03310786283504,113.80908953788752,177.2633067030065,156.66360826374634,99.57981546001253,43.18983250760156,164.72238888041417,107.28001366898103,178.2950440859907,156.35829559483435,98.79791710834671
38.115994574577506,162.24185079439616,112.16454240186093,178.95936280772912,156.66172203703695,99.0668800172777,44.38448886029262,163.54982936397516,107.38941164532518,178.33955602213757,159.39629637891528,99.24264236069367
38.359115327296884,159.86576633561774,113.57730137651775,178.7916371779186,158.88371702665108,99.16720799250568,44.310943335521614,161.69375322857587,109.32857573332434,178.24069004200078,160.01520553153537,98.28663804822712
37.80426656661555,158.3829099406522,108.36000999081263,178.8264106524361,153.170426426702,96.29934661515338,44.84532545052278,159.62495221888983,108.82549045593323,176.53862330857586,160.27035528364624,97.80590616600193
33.9349470823255,150.26218337601722,89.00496927837676,175.21877610971492,159.30879193484003,93.301551470973,43.37931495783062,154.2310880539103,108.79355421862886,177.2685289418518,161.39650008158227,95.40706014700444
30.904458763016944,141.07072550384558,99.02556372335623,178.15516522450176,154.4224354035933,89.54599729352391,35.64761504280186,141.07307730200253,110.34396405742415,177.7134945390638,156.7217539025608,89.50413112961687
23.024658500264046,127.46809663473117,102.29242904293694,176.0817735413807,158.75708466573903,87.18622882530866,24.378376585570138,127.92891742765468,108.40911401586987,176.7374718449786,160.3108153781878,87.04772294567056
17.781413375819238,116.29559501782964,111.75140723361707,179.9025125066556,159.94505641558163,87.26282652518492,8.192884071182247,106.30108499852645,111.28265016807978,176.26651227076786,161.29747916965098,84.1285525554539
9.19396887415237,102.96110943142561,131.67956888270734,177.93318859924113,162.5396671685989,86.36324192562253,4.538764146286724,90.9119057521739,110.5905512683474,175.72281732719253,163.53153172243455,82.49471916219122
0.8140600843389791,92.6039031514945,129.3752426444332,179.16399631512988,168.5117650919341,86.78971463638948,12.413411542492915,80.00783761989986,112.39190120617369,171.9659900834768,171.23979809743975,83.32167053186465
12.08765533369818,80.77435757816913,119.69216372131781,175.1560625698689,173.09520650267888,87.15073026193552,18.92184030903151,73.40455923630269,105.27613216324329,169.97627092649358,171.60723693733206,81.10070778356507
17.92529142413924,72.6718330699574,114.73111195698374,177.81055767747503,171.4945869940299,86.14804156413129,22.591079492961022,68.98370972734129,103.56942748136048,170.89212237182014,171.28933891511826,80.39698907805636
20.803036159640556,70.38349613869038,112.55838701549459,177.50691116966212,170.4593072398579,85.12521551529477,26.103363856921476,67.54545225657246,104.13371858521184,168.4852579737126,170.94108776039667,79.29497565800445
21.54406555233018,70.38607220192932,111.20587855788324,178.57983712304687,169.67556421790667,85.385551109152,24.825749487512237,69.9827319476763,104.75060892912099,167.9870961070378,169.85514307104782,78.86759337842494
18.01968274185975,76.21269573897236,111.16461203765614,179.20771320076008,168.2280639909465,84.20624602511342,18.76093910244394,75.9714417223264,104.35723077333323,171.22785349876403,167.61212335312902,79.15874616318555
19.97127210604066,73.59121461418034,104.58174610861442,178.65193948061608,167.54640438119415,84.3142133345972,16.98458566973238,79.28271850852994,104.90138876514648,171.63617054437483,166.456729692162,79.28636059550323
12.86262612517658,80.3259439629944,103.74829013354967,175.2230885770685,164.00964718280835,84.28503337186707,11.489637515912195,84.56236863150203,112.09423893869942,174.37895935676625,162.367806430807,79.79831208480987
10.752534142225329,107.0655124309329,110.73638463931469,174.1975058000793,159.7313814560046,84.03257063677827,6.964391097964515,104.34747015613281,119.22537102936754,175.29729481711118,152.79614301502204,81.80880737766779
24.069375988243117,125.63441653867864,107.55030940897458,177.54390986253082,157.86248814273904,84.38861180209646,20.98627983022996,119.59944477160529,118.87955071047254,172.8884970931799,153.0163604052669,85.67120133708845
30.785396614796475,138.08865719935577,105.52973874442291,177.6819642844586,152.36754756108263,84.70977482567775,35.88568217016074,135.17527492361043,114.05152854616145,168.70498948130233,151.54040637951442,87.02445628838095
36.55182390269955,146.19796584171013,105.90578117604751,176.91209588399687,154.67259923641495,89.83875446134091,40.72014993732318,144.8268872692816,104.35869404412698,172.95967549143364,156.57893014463258,90.21686153697199
37.357963670371035,151.12753508615737,104.90180577683209,175.68200258398676,153.0761725978364,92.48157324845333,42.85317523823947,153.28044688428542,102.64995102363378,174.1432980893031,154.50736494518918,91.63440210412304
37.6481327097713,154.5800398214814,103.22459114447958,177.35465840598866,155.32052600198537,95.24912915948758,42.512330163297875,158.07348385904615,100.87205280709232,176.6126366847912,156.1664424409503,94.57235531979644
38.686702830040204,159.212759582897,102.17767332791728,178.02870974109595,156.56036110673745,97.67944992406495,42.19508246455376,162.0240129028534,99.18012246943613,179.08704589136732,157.39644206866143,96.07178638826326
37.800268243782995,160.10288615642637,102.63417873559843,179.4286571820472,157.36365666654427,97.63234483768706,41.84420619699241,163.89481468368854,98.9736346965631,178.7686820763802,156.59187924814464,96.72782876166015
38.69320567389165,162.47436377923663,105.8165609498231,179.38709412925076,156.5918863315122,98.26613360530224,43.27681406850601,165.19237742401165,100.19209253432564,179.05475732371139,158.7739390025444,98.3009780811677
38.43968440959355,163.3388618223704,108.79214166344352,178.83287891989994,157.43702419076718,98.82559633785081,43.72275293141044,164.12857509039517,102.91979834003939,179.93025992265993,161.36566542520112,99.13674033800642
39.224207005714234,161.46120730715182,109.59308446122942,178.677959021754,156.34815257932132,99.38889564064138,45.45689134727427,162.29942847795897,104.53401233659406,175.8513441752497,159.42940154254458,98.03747104926006
39.547427481601545,159.01540412136268,109.73108250916599,178.35067525343547,156.15849479635503,97.82856152760723,44.91045599708885,160.93637952588014,104.16606064918012,176.71835060241955,159.92994076331118,97.06650330158116
37.718248531308355,152.70342013698448,106.153113606484,179.56527720207401,157.97293436560756,95.04736183733264,45.86190747298509,157.60699838568996,106.11356943042526,175.0678438067446,160.97719320500303,97.12939417849768
35.4766045627395,144.23714749742712,105.90192547683914,178.3701650319735,155.31429237849204,90.1211779238726,41.77661472837833,147.99849063606848,108.84531150210856,175.88948090025752,160.87937993001637,93.24642174170862
29.835704745214674,134.69688926797727,107.97031250425935,175.57731897260564,162.64060308500984,87.5596339371242,34.05917186982928,134.41947787464272,108.73268318876153,178.86638045004713,162.60089918932476,89.60044945912381
21.663744588471832,123.22580156670648,121.867203464318,175.50714350370984,165.08627396350371,87.37937474131185,15.555990697568701,116.62452134487552,109.37575896774878,171.1616947558486,167.60701963057264,85.54325493945004
10.794414551246078,104.85242584047249,135.5862485623246,175.30241306228692,168.82314029272936,87.16668694202495,2.1385189959902813,94.6152543836332,110.31160138207568,172.28883897779014,168.07922133238756,82.50204586346545
1.0867244243198195,91.84477626027157,126.49501419859847,173.52995856712005,172.86906495249235,86.57953263368267,12.493311464852555,82.2791576433838,110.10329947114643,170.38369823201592,171.05829054786074,81.24125333726721
9.593123428575183,83.02777325721178,123.4257244075406,173.3242627133257,172.72660875691838,85.63661758195089,18.713715613990463,74.57520967091335,109.63868125472034,170.44756984391486,171.22882041365338,80.01517872183166
13.168310146735271,75.77706517251747,123.6948538000789,175.89744128603013,171.4439772943978,84.9123191879174,20.718064088962965,69.90485574001137,108.17534645394213,171.24579400407723,170.12518242332604,78.7570427122862
21.35712564902714,69.58768649510714,118.31081840094461,174.88452417757406,170.67988955496637,84.39237435880531,26.454593560032546,66.86788229873375,106.03425817708516,169.07873270270238,169.3214332769452,77.4733958975186
21.329433290341914,68.97754049083649,120.9112825625186,176.28909223571048,170.27018278084816,84.25235149822848,26.593435443774847,66.81875747359916,106.13578147207376,168.77200849183745,169.59032677343035,77.37266282765907
18.902369897266198,72.91459970330172,119.27084352057844,176.99970411859502,167.49623913288636,83.40362329936455,21.087154887694876,72.35732994513288,107.69575775645237,170.85242730124872,166.85528594274356,77.59943581648032
15.245444842098463,79.02416139988748,108.33592326955907,176.71674701083674,166.51263957191767,83.89053929727326,18.05268976119726,76.48746612351677,107.27529928782934,171.9765079974453,166.06274024739656,78.78727154723937
11.692061389062664,83.14755878214969,111.25622289251048,178.68640522632612,163.9310168554812,83.07135765988522,22.00765829570555,72.2194603940899,106.51786989731812,174.34568604209971,165.23710668510637,78.9329663532967
0.3359121897426991,96.73473998797675,120.39111255038208,179.86032623734351,159.968525262736,82.92595079974676,10.680013962241944,87.4266579670058,111.65814738233514,174.57620560219942,160.12193400412298,79.00305232431656
12.795606680142695,113.75024713889594,115.97331055680367,178.23500001290236,157.32234267391485,82.20678499245842,5.84409810413321,104.33384100199537,110.14072343670328,178.03867179415542,154.33932979356572,79.53550245626995
24.003663486629456,126.56205955056838,109.1017291540686,173.86217254316125,150.2720009221145,82.01262833747423,21.755468334201694,121.3468041101469,108.55928123717874,171.9068504766196,151.73035163459926,82.73691981063075
29.516630924375356,135.93368137361682,110.6999742042105,174.67493528538424,151.08599212277178,84.48715663101498,30.649069601187477,133.39524839953475,105.984586679862,171.33786810973967,152.56186718626867,85.40342818768777
33.220906906328814,142.5791178164365,110.2815921777183,174.77518181121116,151.99447375262415,87.26551349314911,34.98673949546389,141.61791580716647,103.21357206166141,174.08005366448916,153.98805013922862,87.07047843040714
36.966717637627404,152.0214467587515,110.67114774286642,175.3380105658945,152.75126881415227,90.80898768536325,40.33624258834631,152.18178652270385,101.4356465874451,173.6345193991314,153.58474235345972,90.4761939209493
39.871370352022126,159.83997419032994,112.22465565545775,176.81123752034011,153.67301915120538,93.1244297830212,41.80872195212178,160.23975835127095,103.51301859304485,177.4372838952794,155.97245135972318,94.16156070457733
39.385930889952384,164.04306647775564,114.38769503766903,179.72157125094193,156.49543069891052,99.5167652552793,42.77885741739905,165.62831779656227,107.40917324605331,177.89089100427205,155.40991344524116,96.55817032969797
39.433056220109215,165.63742591214364,117.05505169668152,178.62779905634955,157.21284394068903,101.82999521558051,44.477202428674445,168.1826257425882,108.5621136630826,177.7496518006807,156.54359750659253,98.32563359121818
40.361075783388266,167.19571378290237,120.92932149524594,178.25468578310515,156.8064640222411,101.23237563002098,44.507658799560694,168.7962166855661,112.01825328944669,179.19413405446969,160.94500467954185,100.22204526650812
39.571124172701595,165.39874581765795,118.40437838561643,178.8765293564492,156.08071479552598,99.5761311185614,45.17975553856392,167.34423768748226,112.13899238765227,178.81907293923987,160.10433056663555,99.40637936365655
39.47748608589279,164.25692929982063,111.81003510336528,178.94340496322974,156.3884381563863,98.32825005250483,45.34587146869291,165.22776643352347,112.11463888066693,177.9996815907921,160.36143138398373,98.7261661225178
39.06321497385792,162.91464821887396,105.13390069225734,179.52870831792316,152.7707414115071,93.68923796123616,45.13027324539696,163.9489048603019,109.92480573272303,178.1781362043144,160.73592397231448,99.09182420839738
38.53866318977043,157.97107437057974,99.84022440790554,178.7013837278866,150.25341605012292,89.47958350161474,42.93145585014828,158.68132641800554,108.65202360031088,177.62909281205484,156.4138745608594,93.63621937461959
36.166489527089986,150.03524399778985,96.44089241567745,178.18434476869754,150.78958402964835,88.2846570452343,41.41720317821941,152.277748033594,109.30232470966091,177.02551331860823,154.70730766602372,88.88863653357073
30.746242537116256,139.8544295183649,100.59159362427852,176.54882930403028,156.64949364025426,86.86765188647206,38.2113613722654,144.4906513138266,107.64498834028561,179.15557604714755,156.39361759185974,87.13258780565498
24.363039037459043,129.3475238168699,99.40715122290631,175.5698115639392,161.39191679562623,87.46959208310135,23.05413874880667,126.88282137850057,101.31726801641081,173.48973682290773,160.9003432143699,84.46481095679238
15.58363515921491,112.10851049375954,110.24206166115809,178.81209599733353,162.95792808081674,89.01737879809089,5.348635720963632,103.59259567684995,107.53634994067673,174.04299924085,163.3501640155853,84.8623065717589
1.0775012305209168,94.3083972675264,127.34544359368105,178.44664116467376,167.53470588804143,87.31335779883018,11.751741574260839,84.24559422030819,107.21573974833129,170.35482684935837,168.29817727247652,83.36888829083541
11.170963723374694,80.31820844841873,124.60937369494708,177.00007026261122,170.38044810885583,86.40032368026914,18.65340858347225,75.67335660380297,107.64237969872447,170.45351174969417,167.62307232697805,81.02136255434014
14.030276099793106,78.65935928701879,122.64595418241477,174.09429825692519,171.14217573281226,85.37394697596754,20.448942076256074,73.57613550722844,102.78103483112552,169.11261638275246,167.64959205712864,79.27580275434447
21.3725524256742,71.01362767999458,117.2155950991645,174.57253956161566,169.97687127045398,83.5856896672031,26.531666475482268,67.52596139062892,100.9856630176699,166.85013552073858,170.22511319255526,79.34547983744464
21.581859722914388,69.95837032451423,116.80440894212963,177.9568770271092,167.54048757463534,83.57548925730495,27.939995747486414,66.4299565823924,100.48601767939023,168.6030603166464,167.82624911960508,78.73705447154468
17.888595644978743,73.87314130476354,114.8198870917476,179.9728305365021,164.81565085005653,82.80666918728195,24.18954529294971,69.5275598482305,101.9195550958723,171.61892227702768,165.47023010995426,78.6271386291291
17.354811980449046,76.97222118150114,114.70625776262484,177.93805893332214,165.13022769680984,82.67846204413426,22.924190697340478,73.12081132947888,104.53182717659176,169.24154257810292,166.6474726631575,79.36357904689687
14.059077570534912,82.28379474813711,114.85458994374676,175.71093910377667,165.34091646034483,83.20347481728207,21.90366653042172,75.13619915024667,105.2483077448623,170.0920176348569,165.54744016081509,79.56257913257633
6.792322978951752,86.71963038909509,123.28787313202042,179.67083963554825,161.64671926518398,83.33486785298598,16.950819220518234,80.26490868231264,109.37529574387986,172.18655135502803,162.36533280428347,79.53009199024068
2.3226846592606334,97.84392678269175,122.4949653348332,179.68492949743998,160.19605273871395,82.78564206150153,2.665841448082609,97.08706523154825,111.98658288624631,175.35084015130641,155.9728909612121,78.69586507810678
14.65244892753346,112.91528671141587,114.8779311651721,179.2214785127981,156.35120535883001,82.6801069975158,11.463598313494696,113.14219752432301,110.17897281725062,179.83248655617928,151.08110559328787,79.73236537477432
22.883945133317,127.10624375782609,110.59594589805766,179.5559305026258,153.37532250377342,81.78612379891099,21.440508575219432,123.68097863922186,108.24564950973252,175.97009742440898,149.09737156305735,82.01185831780668
27.250089380845118,135.60384299046103,108.31722375521899,179.58052522304467,152.11778401889813,83.93402360132984,28.675443060661962,134.13524541737624,103.97609543103388,177.56166622131545,153.04674400235692,86.16376451492052
31.26669235780026,142.63194305068382,108.14511111258945,179.48456543515556,154.93526393693696,88.26250252301884,32.97371966935088,142.86013764328956,96.45544785705005,179.25675928776045,155.9116564311776,87.87578663873057
32.03372608734911,148.348448247876,107.14029002286674,178.45573651419866,153.3107619614268,89.45325804532725,36.819677243656955,151.44687248688194,94.67425440374302,177.9596188732198,155.7497004304247,89.78991570877149
33.02814936288525,154.63764025900892,110.85626626236349,176.621021763891,154.13502191730396,92.57279137057829,36.5930109388521,156.49972912789528,94.65176549154468,176.1362428551772,156.49290076561513,92.61164183271916
33.75149007248504,158.3368063675203,110.16396570386628,175.0089729891085,154.89096597909113,96.73296363351028,38.23000487141019,160.52768154655456,94.64403954321106,175.6885436915713,157.91499687646,96.5841915743095
33.52248117981826,159.09969063533546,114.21284328786953,172.9965870925293,156.70248054473223,97.54771456471762,39.21017980438614,164.6586797271338,97.6352810451009,173.3997631093086,160.6267841789691,99.42003666048777
33.57354904338639,160.93741276698842,110.55226644465426,173.4463899575756,155.58262531618104,99.25208440932617,40.429134040269986,165.76894788846667,98.70033777940432,174.4258538051317,160.9497744881066,100.38899393048723
34.37905316966454,162.295995317323,108.24569601617881,173.44870755018667,154.88014103307935,105.20169308523035,40.15816225470529,165.46706653253193,101.39507655275024,172.43174407448518,164.2165916106344,101.97326152267743
36.25387309037846,162.21694781989643,97.04997038649074,177.19111732994534,154.31309853151112,100.3886683780636,40.981897041002824,163.81769259526914,97.07766441225712,174.45184386647836,164.03895169148936,101.52759950610587
36.851905570056985,160.6416719853504,99.64772376942622,176.06448952162495,156.61507718190435,95.45581095232667,40.416016489828046,161.2348435137564,99.32513644566599,174.79405961306128,164.06346402965707,100.44721366959438
36.79222760526218,158.12518708157845,93.25897151751671,179.91771928166446,151.10876208972206,92.31799220638277,40.273178203409316,158.30706180152745,99.84912566125425,175.99423662378612,162.6552757846591,98.04509023462283
34.70705704963542,150.46510367883394,90.33434075048515,179.08248896626725,153.82056350227214,89.95924577306569,38.61110284092032,153.15194550820084,100.6492855382356,176.41042651340183,161.99665538337484,94.14540787666988
32.88806866197104,142.69582682647845,96.30267935057272,179.79641623416163,152.35145330565797,84.40602913682494,36.78463989532935,145.47552521918675,100.7512917083656,178.10227250562534,159.50780591469862,88.3641699607338
25.959096268256705,132.59498182274137,99.60526371321103,178.28601901163086,155.7038556840827,82.61841865051386,26.731010155447983,131.1141627702906,97.1795780020829,175.36551426165678,159.95419054678734,84.01892789020545
20.07274730326046,120.69492348371978,109.6622544791035,178.46626331459723,159.8769391111356,85.47326842516638,10.781840011542961,110.89027319913234,104.69597900314902,173.78615369429104,160.63164045212304,82.94458867556637
8.075888609947535,102.72772863478959,124.25794689093901,178.76569801925558,161.81895682446066,85.60213549363479,2.1707946488616328,95.30302633199865,111.00081437425526,174.21128356802984,162.13212755871103,82.3080856964179
2.776534127573232,89.62244700736188,124.9836247943274,178.87259146250946,166.30896147590812,85.4522946360001,11.491169225965297,83.79970668423393,110.90067516185695,170.4800732604951,168.21630379936093,82.43190043354011
11.464146337642465,80.94592397829435,119.01009250342612,174.91449461203422,171.74363923828767,86.69546200687108,17.04762117310924,76.01093268342056,112.96314760301622,169.741679404957,170.95607527432693,82.66684699298446
18.55018802828929,73.24459829568951,118.68632242806773,176.78730191359867,167.93282847477872,84.145112997417,22.08796443387355,71.47767697768899,111.0109583827482,171.61941531345505,168.15118700969978,81.17740381941647
19.561248168014792,69.61343400166108,117.8151921427157,179.6604243667395,168.3958973738075,84.53172193051799,23.951093172097806,69.04142572786367,108.16302113333839,170.47200036543552,170.51143799309136,81.4408701430944
19.317036633092883,69.646492214795,123.07575696924367,178.5052653452829,169.19235883750994,84.80162849304759,22.80727672933697,71.1672027546364,109.81854946007964,167.25644988384929,172.2773463615379,80.55296300173201
13.734901271163226,75.83026543478259,120.95937149475023,178.84984697164646,167.6590986792521,84.71742556741661,19.179365289257554,74.4864421592225,108.41251939919808,170.13035270161774,168.38211183998752,79.69885965603521
9.877727111271659,80.77943372616684,121.62701930470855,179.07799270720585,166.7453896224594,84.15869368409598,17.945091108325727,77.18154627677157,110.64676684929786,170.63575253121604,167.3612676836439,79.75519206021698
4.400717392724706,88.08420386513039,120.85890442492229,179.594807825202,164.57133136477788,83.99124119280788,16.74091673058275,81.85777836374506,110.13673608811666,167.64925853360452,167.7609676198988,79.87233507857364
10.699439568613796,105.59551431494054,122.34998007835937,179.40154481486258,160.9537333300854,84.37538290229111,2.770452318556845,99.94646902643603,111.57652059447554,179.87257183336695,155.7415247210154,80.29508921079947
16.192842788537316,116.41974314512002,118.82876554960151,177.0861620289339,159.57475597846675,84.10330178486137,16.869209509305183,116.85445603141586,114.20659826832666,176.34913184519456,149.6985142031333,80.93219980265836
24.555697646943035,132.12924389273618,110.81421301264008,175.13196516484143,155.27641672758148,83.73635747428608,26.145593511916164,129.56692900333314,112.56804145542287,175.64517840823717,147.3647407577821,81.65262406018346
28.608076214690296,141.29108030898723,108.14630240049078,176.719494053984,157.60547943900963,87.54960873236801,30.864595208427293,138.7501137762936,109.51653659797199,179.70100077961877,153.84081680713282,85.07262257973187
32.856782266443425,148.21662535031373,108.08111169682746,178.96021275448444,155.6082894373746,90.07328872865835,35.419172748854095,147.28347907791473,103.91561757784791,179.84877250079185,154.65340497939238,87.80454213973222
32.067640355926294,152.7705746236207,106.65588460803795,173.75781633288747,158.80177457619914,93.40654416658651,33.81292352664489,151.90855274638645,102.48940519618542,177.15426248268517,155.04944697257162,91.3649644365104
33.105281385462085,156.8015415840905,106.97488611704796,174.78221620015333,157.03561483057092,97.64981337453388,36.89669645539271,159.763241738173,101.72552598009877,175.12870234922363,156.70858036185328,94.08559684688645
34.23095482392042,158.7267718787829,109.13971104157676,177.58964189812372,154.61696170246518,99.62167053465801,39.57937592267032,163.77250924572047,99.84017614445517,177.96093947505503,154.34617702658338,95.5045319786962
34.46019653489662,160.4850693501629,108.63800921482259,175.85917518445422,155.36287716900532,100.48461298118383,40.89292325277208,166.52004838252327,100.04459461880334,178.66079354405665,154.83230289942298,97.58694804119189
34.79427909190453,161.95762395627838,108.46611191578874,174.39665271515216,156.0520991502558,100.1600573131651,41.23757759642393,166.807612172656,103.56851839488905,177.43228928014491,157.30646957258296,99.16511146640639
34.33728222177412,160.34883316484428,105.44913605930137,174.77213594225088,155.47162388823133,98.14991503901399,42.61601410094999,164.51999266291466,105.35425994847306,179.97695174532706,157.58126469193718,98.80383178575534
33.705617376902126,157.67614310553355,107.67440707520657,176.03546037105264,152.40143653399102,94.70163318999978,42.19431825930281,163.2535762357453,106.49849077219318,178.40389184165474,159.64675698656092,98.414179506141
31.24430739813462,154.53733282309815,106.71429609261668,171.97657851419362,155.27598379540302,92.00030109836584,41.060938123605375,161.35253670117186,106.49064915443687,175.86478823523822,161.3443145305208,95.6617854191182
32.759185904328916,149.43496816512447,101.13055914453298,177.3446820568763,151.77523538466392,87.90782713849481,38.55778465937308,154.7177312159828,106.27997577440534,177.33684534251162,155.31566238219432,87.69285355205552
30.051813195848947,142.86418222167634,102.59427920045741,177.56186009963238,150.41313172037917,83.07281394884016,33.42661288132495,146.12954516951606,105.37185032020298,175.00956465738187,153.22823859568774,82.02815897912159
24.39009209477502,133.4817802872033,103.54598655943815,176.26862762394498,153.9440048750354,82.12754719392898,22.661375998432447,131.12746388156938,103.39626238922894,173.25020500877775,152.84255919110305,77.79266607476362
18.627273631274814,124.35937505550014,121.31724825506338,176.58892534437348,156.25523071267096,81.42007070548703,10.55501733875008,115.51903662871624,104.34464234119353,170.67391667722487,160.2477806665388,79.52822871891821
7.624384120949745,105.5836774929353,125.87364290226948,179.26848362630932,160.53697916889973,82.81775947314877,0.48637045503390136,97.46555142632322,108.98499392845235,170.77375750362256,164.40257473995362,79.72595692486954
3.9535700715526594,89.62869602609179,130.0849155415596,177.3050296522527,165.95758477788263,84.57011197828444,11.4342860883562,83.10714873582496,111.78986984999565,169.9169349100674,167.3725236371693,79.79472091053242
10.867098430851822,80.27941181836263,109.20564975562847,179.8678961383943,165.61514561163185,84.84470450644096,17.446437129173585,75.67910304597116,106.74401374569575,171.35638680198855,166.470929945408,78.57147984089397
15.9491794438812,75.23821312891539,112.13001230273792,177.64944161590742,166.52551837435342,84.49740583524172,22.13958486422434,69.73244910529527,106.8327868488061,169.65604950339292,168.14389362218785,78.10929552424064
19.363210131288188,72.05086364940776,113.79448021856886,179.87516738245472,166.71695008736472,84.38176362060145,25.168371293958806,68.1848315469267,105.89997299332877,167.1406526512536,170.16591974352178,78.36784008927451
22.763869871615405,70.1625600315955,110.84394320327019,179.88922077012685,165.38583162404598,84.11301461651246,25.70565858457202,69.5205982377633,105.48817422439913,167.45927649389066,169.02235918875633,78.65869873212287
18.751440683693364,76.39989736663603,111.08253324204018,179.3184493823798,164.56588946209203,84.06236073227609,22.33583212844686,73.36558055095969,107.64931980439647,168.31404333103825,168.32910838483556,79.16270094683894
13.496488613099611,82.52156798187386,109.93815643152223,177.7062035925647,165.18382251908412,83.84174248797895,18.06302117163744,77.76447578897955,108.60440688014936,168.78951428347386,166.6194027859743,78.83030810968391
3.684211649597749,91.72571293932671,112.43886842703968,177.38173395296312,160.66262757329193,83.14384393056615,17.08828969031424,78.63335893633496,108.64675060425326,175.06684412958398,161.25211363739132,78.44572305167495
11.801766500346705,104.4124246665712,124.13361023931012,175.0624244284261,158.74534599396165,83.47753998591809,0.45040689532439887,97.71402559739995,109.047085389756,179.98438305141494,155.46389401360224,79.23838290600115
18.309149578114738,116.85159531735792,126.29622471936594,178.80588592108404,158.83218326641992,83.29424120672569,11.776738263351977,112.58554707191328,110.94870487823357,179.4068278428903,154.70714710584775,81.43685258034337
24.165031825594124,129.6191343850392,117.91817662606485,175.51817028861217,156.54609320726343,83.46727151892061,22.30498288106536,126.50845026539967,110.7713533408018,178.94375680409343,150.78558744170252,82.5566525951102
29.823579534186187,140.73328195141173,113.92597914090564,174.44372883659852,154.82978833664794,84.80421768497074,29.970508295488266,136.08219710332895,105.64693801387033,179.76664007537647,154.01182676592143,85.53037739209987
31.152547691156354,143.7540942659757,112.20660780305785,176.05232068161953,156.90470087025642,89.33945492506164,34.29376418105144,143.51130711614755,104.11750015140315,179.99342923054908,154.03182348074452,88.34794866210102
31.0469106057342,148.84671054301666,109.89893606615159,172.90198761891085,157.1729499648676,91.77257298981128,34.935676461189644,149.831845004837,102.31101094762258,177.37072705571651,154.3016563750324,90.32223674814576
34.35879169288,155.4754279691662,111.08073562813091,176.38756602082978,153.1011649630322,93.73936304008751,37.13770874692603,157.65066461596322,103.17573080928456,177.80116075659492,152.7695766949373,92.21690912246704
37.33882868659941,160.72711069829353,111.42722660445473,179.12067792630228,152.67222647101013,96.38377471936349,41.02657450405804,164.37935055988606,102.51089392711673,178.48608012692628,155.80875279423353,96.75159801992496
39.78031415957662,166.3828390071842,110.71247752556471,179.58670663366647,152.31021716400497,101.26000185178991,42.75045810363767,167.5790318814695,99.8804184774161,179.77374178495828,154.95938756013103,98.56051820625146
39.299271358470804,168.69905926033024,112.15755796171216,178.48662754939033,152.54086323557175,100.90549936084412,42.959918640628366,169.67177392619294,101.33438190272864,179.01652529859402,155.96504359714353,99.94281072959582
37.78180033897,168.44482566429068,107.4780693243736,176.24735769450223,152.31710531628516,99.33404176452451,41.93313985159683,168.9881000107063,101.12808105846085,176.6402813932215,157.65647755940364,100.33066732563569
37.26361044269542,165.64487386547427,101.61885472180967,177.04303661527484,152.80116537859564,98.11525801874274,43.31176518087005,168.29189712856424,102.68523876074404,178.66241442850333,157.4028694740383,100.20438211836269
36.563669137889036,162.53429409393812,94.22932949266938,175.9250750378978,155.4048380008277,96.69947719838757,42.93776484747589,166.47221811177897,103.1732836001233,177.48059389213762,158.80344902974704,99.37462996637305
33.96409803485241,160.8470663809722,95.71064791985808,174.0889509468892,150.26597716469362,90.90392869391007,42.47684065719724,165.41903008988092,103.48535688350353,178.61469154847916,156.5238268381229,97.12830739728606
31.878593752076796,153.82892671046977,94.2711749910907,175.42701333098123,149.33603302835516,87.14499699419953,37.80278330560832,157.3498274636146,103.96551333588799,176.1901796084352,156.35982082353394,91.47121291446686
31.05623373500232,145.68335233980693,94.89964642707744,178.9711519059998,146.7166042751738,81.33490378882951,33.932276667057394,147.64033149882843,103.91789870982298,175.1296507978362,154.56986004611213,84.55660647020788
27.55976520159961,139.723624644669,101.52214950768624,173.23014597403503,153.1785455121114,80.89179202671255,27.114144654324605,137.89903886636156,105.2631070931163,172.38800258957167,154.01116858390617,79.92125955718308
21.951482376976813,131.0649184248854,104.36188117758994,172.27567014592697,158.86655622698368,82.47645942377892,17.508276252849516,126.51873236152456,102.05415009102713,168.89941571355672,157.59553256217345,78.734845278244
13.445874584074632,117.26013066839809,114.52568100057528,173.5623539996658,161.05003549474853,82.66944259695975,3.289200224249018,106.98825311515425,103.115222602893,169.5836656617001,158.76464016450473,76.80729903669129
0.4274818090580461,96.9756611072709,139.29168312479723,177.46014311213702,161.57805915205586,81.74860503103717,11.222466106353925,87.10829483657794,104.72736865895921,171.2533225708522,160.77573102196172,76.04231317128934
11.094866582732987,86.02294476775825,130.50348839478238,173.4841185095504,165.66354931508147,84.59754603790022,17.48074030473424,80.63401230139718,103.59472178137247,166.6913880715814,166.91064282540643,79.1688071032392
15.873648882809665,78.70582100075306,124.14694947922777,173.77506819423667,167.6097728833106,84.62957657483285,19.956584107295416,76.07052917570789,99.93594818356237,168.2268046883095,166.08666180972153,78.03670354961962
19.157699873667948,74.74812664346514,113.72634772254084,176.1180696370114,166.01428140415572,86.00274371055758,23.104987909204734,74.09902546437448,101.48728735519065,165.3451978893867,168.23639037553127,79.52558733783833
20.59994073821055,72.21999807509559,115.36356652935376,177.77568762000092,165.57112706074426,85.77235606536023,22.189983071968015,73.54116731400264,102.3047388506705,166.37195265755187,168.39091619324606,80.05929654752808
16.033733617628215,79.81527094756915,112.7694133581532,176.59328501748107,164.61962779538504,85.72321306495836,18.230567032768704,78.27693967622481,101.20080003196429,167.1763557848289,167.36700410828178,80.34846650146403
13.259219182245529,84.221049161195,113.50653510551524,175.50982770870337,164.15819567396096,84.80462161758994,19.53568812814897,79.05156383077262,101.95126055339217,167.75865787298605,165.61760624180513,79.89064338611604
7.730186773007657,89.94364780161844,116.69975108655409,178.4910731952322,161.11642447560632,85.09795859197247,13.734481665532067,85.12442871135886,102.04614771522118,170.94192293834413,162.066291866135,80.23165463103719
0.7941184041239774,102.0509505976401,125.00095937161171,177.02068988048964,159.72759068491808,84.73306066350766,2.0671363559971163,101.68239446230854,102.58137547860855,169.4979935571903,158.58567355567965,80.27981520119431
14.709099925853005,123.11950849798505,125.79026380228512,175.5829096774883,154.5934149966226,83.88354915183663,8.697279455487331,114.01641546661733,102.54205831915043,171.31602142087328,156.49290139749294,79.81698642429414
18.808417198878317,131.17224375519436,112.0899163106846,173.80768915912665,153.35642350970573,84.46626772200455,20.72829193891085,127.95628510257644,101.13451297654984,175.62653723708206,152.44217553998027,82.18850846013349
24.162683704337255,140.08956651064298,108.23010107473355,170.15279730902864,158.2966460930158,86.94849053303751,27.361987156046563,137.83973081756272,101.3097096285666,174.18011936077062,156.00223298890174,86.63916340411659
32.03164747632941,149.3833819744166,110.88697563013295,174.3684802926663,157.0593849640142,88.94577990514242,32.46354817760663,146.63489676808362,94.08892322873683,174.8391026876403,158.89259771162415,90.2812134235143
31.899083940083184,152.6919008952709,112.91004507569873,172.5567242672246,157.11836207367114,89.45287735287917,35.72410530716529,154.82987325872537,92.93394295255739,173.68246310320643,158.3325272810395,91.33604681845448
31.34297541874678,155.17758477996304,112.45146533463249,171.6952549976635,155.37773132861727,89.30826277655824,35.94673111277952,159.30056696630768,93.3484366317699,172.01967295619707,157.85667390775362,92.17029137658551
34.39894577614307,159.67662937812503,103.66948451271087,173.53640795742572,154.4625006209877,91.62551326206113,39.05022919467383,165.0494703661761,93.0086135367811,171.94024706507795,158.42034662694036,94.51623244280559
37.12189828542213,163.12461722765931,108.52968924044441,176.96162577720875,152.4479490628225,94.7098850016757,42.13734822757923,167.69761092019468,93.77129200072858,175.74863801299688,158.6792658901518,97.38182036187928
39.74643327759103,165.1580119272938,110.53467046690051,178.39143769217011,155.28746317089795,106.265895348554,44.76207881270342,169.878027941077,95.3265756786614,178.94587455021127,158.81263104171748,99.59902925129262
40.854839580412566,166.7350729280147,111.07027367301332,179.9990611843492,154.45152498147323,103.00731321427759,45.907500258248035,170.19726740764943,98.86892419081076,179.4284789976271,159.500172544318,101.62460423882851
41.23809909232304,167.172917267559,108.76903315217638,178.18204384366345,153.6003421978652,100.4590348227073,46.78976167459842,170.15091097523123,99.75494522531328,177.27587169445403,158.72430784293454,100.87783748992128
42.94283190492455,166.96073359819465,109.03640294722847,177.12593719531645,158.19264850299513,101.63365598063311,48.524633538249695,169.98123117653,102.66621344097739,174.4347667460135,159.0010231395617,101.99575481948422
45.462168835066024,167.90884530050403,110.86173962837894,171.39036008170106,154.125733122063,101.94366550663031,52.359258518498365,169.30994016860808,103.66116904213288,166.66062558973408,156.68409020777045,104.03036353746
48.86703217819684,167.44709737028427,115.1613975591317,161.87951343525685,148.17559184573278,105.69118194299675,55.12018327190519,169.30732601702474,104.88066056693056,160.42184091875308,152.54621997273196,104.17240986338106
49.00354024541737,167.4272135278592,118.41951223996655,161.45052616297565,148.22472882828615,106.14601752676565,57.41050369783467,168.9540366828635,111.04190901760556,157.8695639640164,155.42371926595874,107.28164712378253
49.08714412090327,166.76099238355042,121.11036070482142,161.7033765798364,149.93749787983938,105.7959484906866,56.815549963519196,168.33571288968952,112.82593245318469,159.64033448077703,157.519046775879,107.30240541961754
50.41002950089239,166.67744730738647,122.25846181482821,157.28334734155482,148.5362560303216,108.84274068383662,59.32847715375647,168.95626109519878,110.8297058246924,160.33803583009805,164.26165723013912,111.86612622112499
58.69977411374574,167.56836792453208,121.57589081996517,132.8689786901828,129.81471831603733,103.27680761375404,65.39839150546486,171.5336587705635,108.94277874651053,153.49903731921577,163.67965036292358,114.161352866231
65.29161975423165,169.52495326577352,121.12809369600564,119.19834956659905,124.52184361211627,96.968416756716,71.70997427748746,174.25365800050218,108.05809719827593,148.82351363368534,166.75710302924952,118.68872744926281
98.2423937475909,167.05800854696304,168.9497121246921,136.78452484150878,60.37237920967204,138.63682346909172,99.45105100238044,162.32722613918773,152.67138473269068,122.02160111250272,54.8297009127808,155.0483332691
136.32524083462977,179.7118179492587,162.8850735068899,152.30511512091783,60.09624068101969,145.6320340958914,38.68895779866034,163.9070954756251,176.4044599469711,158.14709237226415,58.07062113735765,134.80626438979817
78.8522978246195,148.198636786677,173.88982858702417,141.55428880995237,54.452042628103285,144.96950844428972,5.5249455359045845,161.2236416939607,152.9973159595465,137.97027268201873,49.5818017024914,138.71055229396282
38.722218430823396,78.94263333368278,158.9365787182655,145.89850091884205,63.49005694495197,142.20045943263165,19.432171158859965,166.69952518086288,157.571628556284,146.7691308101604,63.199198066471794,94.49777658441965
18.56456192854461,6.588145422412049,41.92976610178034,151.7090810359233,61.756968510080846,136.59843634261134,26.185292559444427,154.6868628914913,129.99283209763593,154.94058679723892,68.81269180883935,101.46968912835885
14.369460874065963,37.16603895999382,92.5884653849216,157.95098370108778,63.576712550260915,107.01712235393379,11.865197970032321,149.55576329430198,171.11178400387072,158.05644957027474,123.22635350808962,116.59815580486492
33.23243153748633,11.513321306289708,149.47523354867567,168.97813011421695,72.3288555238374,106.88155304305877,9.706221139754277,164.75966158593286,179.43540989596534,159.23476655640718,109.10438672703734,95.04444461564972
102.52772673326244,68.0194551269661,114.75679557612456,172.9061455783809,78.05573792559001,127.98152426558207,11.621493445646617,153.47920861913553,177.01362834767545,158.32699604796613,114.51939457967698,123.20437255278135
16.497009474752353,84.81911581034795,159.90149542016323,179.27875271308494,84.03972185514007,129.0714892087292,16.92038157255503,152.12364607652827,153.40447859549707,169.4564409057357,149.05604221302985,116.84593004630992
12.949825460517388,131.26559535638492,177.6869615297012,172.2085113049644,94.86221665050435,128.5349192119867,1.2244511279838346,171.45410540800756,174.32659982013755,172.94751154281892,143.3410909596868,92.07453435586712
8.993163250766687,140.50575137329722,155.92583853841074,157.97970551546683,95.73400603379011,139.8271521077789,3.4356414931430446,161.94266566657646,168.97618796985063,165.29359698598546,139.07304175562558,104.20365397125298
9.767235458574634,141.9466572853329,163.0481174063718,151.98627435258177,92.49807441103809,140.43153569526953,1.608668899283407,152.37599839107418,178.83853010320334,161.88155653059454,128.10236090234446,129.58436230267458
5.789955088946485,135.84983538842454,163.229451437538,147.61980139217022,93.49693486258285,148.07193422879047,14.231240572008048,144.97676316963822,169.6033516971419,162.58322426374525,122.51072034688387,158.4702201612688
7.13761774518316,142.4650341666739,163.7480523229994,147.2175976797664,92.90150607850201,152.5387711464363,10.636745135602691,151.8622434794659,171.68197194277855,160.6490326067063,123.05106634348077,154.31042907477962
3.3145478030155733,139.10197010608746,178.53372430712804,145.71562337989866,94.81453681672359,159.06662094738758,4.289313866654486,161.15122793901617,167.65485959218123,161.27561561326146,128.25923283333725,151.826607966113
4.01544173134043,142.63807375658172,173.58434914493495,151.78508294362072,106.92149254762394,141.2213484975565,4.236772410083891,156.0954034735838,150.94836448958065,166.31085828295866,144.30451108689115,123.2456316993067
175.44002400854885,133.4535005831149,168.74943072757296,153.25554989376715,107.99610580025393,139.68804814543054,162.09922994257028,162.0430799278113,137.75404261908372,160.83115654880552,149.86437291573824,125.89055432336372
124.25809732093222,42.448654059913515,162.18560953851525,153.07626789540103,95.72193931129442,135.25457064917003,65.44451495467358,90.41767821469466,5.786972432918094,160.7516707060004,162.96531438795932,127.9559259825322
9.769121211341595,138.79322551051158,143.54712430698288,154.67459473232125,91.69701594017816,137.1425619805965,18.840234094633434,166.36865102702953,169.70548458915704,160.8264348328146,174.6711552630216,134.19908393358008
3.342072338802197,151.8823564353733,130.7937429933528,147.2669502094672,79.9360112795006,135.04266704995317,17.01999369031033,161.33708741075785,175.218304682422,151.7929222660362,166.71253705544703,131.46235646894195
79.43303706580015,56.724475286011135,119.95324046715514,147.91327253862573,66.87001388290324,132.81686953811726,36.839799836897654,156.94391596410256,171.9800983089444,140.08005244689605,135.8877975091566,125.95961633688518
7.1076547025035115,19.63503749210071,107.1477726953731,149.39319535953908,65.39946882358696,125.11998355253213,16.309509328499203,153.25970395759964,177.52418014088815,146.8918944188859,138.50593126472276,134.1241589829861
115.42065332204534,107.53104926605239,115.76489674583195,155.42389296448874,58.972915061549095,115.28912780580247,3.8520570378209724,154.74105763265806,168.18707892380857,148.19557843693488,117.66603863580745,120.64281626884087
95.17429070523458,5.870328002477808,126.8149478850459,157.2794842656165,56.64676109381506,111.28819187896458,11.266354061459063,148.37305224055976,77.80259998938223,149.16342512400303,84.7263073857743,95.80893690629497
15.053135222225805,88.11245255543994,52.280726444121164,159.01145830102965,58.84902853352895,112.62147708804521,5.213172408873488,151.58244781382814,98.4690060042441,151.79914049978538,75.82620643659827,89.05543629423107
64.21325732975785,170.81126791933747,178.48768509974997,169.40122993246146,67.08990908974366,116.8673311256651,8.067412040502992,165.4978118702863,159.83803190438226,156.97036008997387,122.66549692144787,112.94224522440906
124.40459956417452,169.087670227504,160.0876788958059,170.02044663360155,61.99447095834722,134.73749125661843,10.742209728604095,161.90237030573448,150.36446326607705,158.24911986113918,61.83300348474892,112.78286617355329
145.28939994828687,156.60101290583685,149.74742615134198,160.80614143712995,59.32954956675029,133.28707120552298,116.18690660446266,62.79464340827811,141.33997020089055,168.33707906223674,65.74902849486503,94.30671195755434
35.041823812421036,101.33992439696998,152.3172892550956,162.1589357454937,62.29745743256336,134.461136178403,1.5283524592187716,161.77126092496982,135.08693674074976,164.31184011848617,68.01792260041896,134.68515926087443
113.71135114551674,160.15044731069912,171.58324404737365,177.6837420661437,68.52691910777445,120.4961375970322,19.895226134473045,93.69277766948767,161.714759540361,173.76006105457193,67.06405215702281,134.40118868982236
119.24013233890294,137.50673931835712,148.2313146371655,179.88123843848354,69.28458501191254,118.12605355382952,51.162507319488356,11.363715768667616,176.3436498679601,176.7448477443874,73.0882019846701,138.9601305159995
172.30315490575285,146.67450153178726,151.30388233853864,171.167675952963,70.46495168654154,116.78771757195652,175.16573674412516,163.38739423402285,129.85570141189476,167.31473237260718,64.03689480064104,137.54854126314433
169.97878600056723,142.40065391359246,143.77221587287545,154.8107064789159,83.79308698683438,111.18992177957608,171.21024595982104,170.06672044931648,138.75675191401456,178.65974484136214,65.22074203893594,130.1413441149401
26.608902692238882,169.40300137469674,151.11636803192948,179.57731281653,78.17954978911153,119.19845672972227,6.481407699078406,143.49722185777347,158.7598990880255,163.9948952072889,73.35124872915864,130.77568493664918
14.820712453515704,162.35778505609568,134.10942479792547,173.678425096532,70.42674614426403,124.7487574014075,3.005260064762084,155.0828794420317,171.50132292856057,176.042220772967,63.74892018373294,141.85937465686075
41.70560691049783,154.18601615048735,106.51798972413269,179.9292732047739,157.84523861053088,100.20387154341212,43.14010476376345,156.17656795683743,96.77481727635258,176.6160774984879,157.95202147556645,103.47879185876059
39.7985305893705,149.9262503848914,111.78833991737326,179.11517581173848,159.8746359559744,100.82910150072838,40.018066562461925,152.1486838517245,98.90487072895394,179.14879589547957,160.33334834189296,100.74504736487165
34.54014604821985,140.89750440230407,114.21123623360263,174.30388361179638,164.82945635446717,99.91818729302547,35.83030569200617,140.3053045419875,101.38966026232983,179.23644509542387,162.87731260317068,98.54537840126028
23.734318475693726,127.42687774022312,114.74851580477844,170.28196900834115,166.65718669889114,96.20647982531739,27.60263881084211,125.92070259488304,95.55394443006706,179.3857782740012,165.23234161161108,97.61375873409219
12.747082402496844,111.37517564806107,113.58679048773007,169.8918595885515,168.26556615609775,93.52612150995617,14.741947890285683,103.85218416108593,98.04487442253838,178.6255769041682,168.89726085392175,96.97528197907545
2.276286710726738,92.00827425851512,117.18473278439977,167.95371425880333,172.27828509206873,91.82977030884219,7.3147705544348485,89.84344128652182,118.05642025033296,179.93017630078083,171.28995234296576,96.21847430641562
16.78443446917217,74.04364132994358,119.6559954377082,168.97419606835322,172.69545308488134,89.91269555328736,6.499627671999543,72.51903043931325,115.85401043724335,177.83354118270992,170.88606086839044,93.93355879998705
27.391573936764622,60.16616931559101,119.58808634780475,171.57611003083338,170.07354563026723,87.19696885149276,15.2129226702483,65.90897686481568,113.39102987463164,178.34675480625634,167.02197147473882,92.87831002187039
36.86604795120903,50.444632944878855,122.54110513856865,174.44427146872567,166.25275650895827,84.33272420664183,22.91026282890485,59.587399922321815,110.01274882564663,179.30343848536458,164.25053544295145,89.94908570478164
43.40458470580017,46.58351211119236,119.36502266227684,174.6636032432415,163.58605384120554,84.80584188797683,27.87817615108303,63.04570966102206,104.0224800381435,176.8210435934635,164.37144064514507,90.76312785104194
43.40782100108344,47.819221262955395,119.72950634806602,175.2011831412775,160.86636021054804,88.35162275165709,32.006153790468694,62.7322145950299,110.31569835067721,174.93388762550097,161.99203257026795,92.19718467901647
44.4546510443471,47.46678842301039,120.23761249240856,174.3888437431726,160.9135747162878,90.00753075989594,35.06646823507496,61.29179156340006,115.9010373278626,174.8143210609258,160.43160569208365,92.4780836845348
41.194918482207775,53.112423594540545,120.29501767646101,173.94645334823258,158.9561330639403,88.76791950826525,29.25677730301566,69.7016185321096,111.60206414759375,175.94902861317317,156.7503002546844,91.12708704382752
39.159365041027776,57.09569223159533,121.92902468497208,171.98122388233503,158.58899034431155,88.605589364681,27.005917883551,72.26964200608823,103.45315051567329,177.34866667024116,155.229343622218,89.7843924785061
37.09679100094869,57.10689126551854,122.92655242626665,173.85237236094673,158.6636559998092,89.23769841894523,21.30751502297394,76.52725692842911,101.60882671130481,178.04178841151526,154.9717290508493,90.11365448273722
19.72386672571433,83.07799746635831,120.69924677198235,166.13295805108345,157.2785569190085,88.98126124740723,13.472103503333166,80.89317466922326,103.90477856562205,176.73433100183553,156.17845425991842,89.68431648486037
1.2434947868339388,104.97147730884703,121.67229611035974,165.86660541252905,156.6304004100199,90.07127567364078,2.9739678538242815,92.59241128239297,104.52644779170633,177.2298743975758,155.04626986246592,90.17822349097733
10.638838635135427,117.43179513909392,121.58922172258502,165.35665884018573,160.43024409965747,92.90867520646364,8.695648711465282,104.82536254289697,105.47402465245455,175.948684809222,159.8869171558623,93.3578348174453
19.93974872628302,128.4356076865795,120.08343778189753,163.36347924107935,167.34666186824614,99.07078774091757,19.80696970163137,119.71545145940551,104.86673356459379,174.05362693900517,164.79229349396294,96.8610837799797
25.900514371821348,139.83925296698658,117.87433487596704,165.0186423445832,165.20894874965202,100.14687079153713,25.114112688490543,133.1310638790751,106.33768197163535,171.58705366411172,163.26528843618368,97.3181380217168
32.540116165566666,150.1847780268917,114.8194117281082,166.00993795723974,164.62737635081186,101.82171474885935,29.389070612267727,143.4517219964385,107.18013656833746,168.42041936863455,163.58830265805477,99.6921780812229
36.16011844327457,157.9391385794677,111.05923570034143,169.66968394011795,159.7247096176293,102.99775816681638,35.279801212333965,153.1984769856283,107.21914652780329,170.15692242231063,161.09963700341314,100.54401237875902
41.09498829168412,166.11037543673763,109.76929734392135,171.81025090442623,157.22891956664256,103.87223786751098,40.68946092454509,163.24448166339656,107.2377658935082,171.84250927422335,160.38361012125193,103.82266668409079
44.32648790251339,171.30051525288837,107.47999747047986,173.82477013656225,158.17938597535237,103.9533073401529,44.18419808337709,169.9030510372077,110.64528142274966,171.6090644981522,164.9545910964418,106.2438926362593
48.539358391797116,175.53695381213024,108.00909671772722,173.7496564405049,163.22875982684542,106.65443869750605,47.02321079640255,175.89350743922003,113.55386261766841,170.08113974873038,168.46189373550052,107.41148238038343
51.35777000598635,178.2834485745458,103.53228760475594,173.39014636618253,167.24136405675165,108.35769686864664,49.81031207047553,179.6280332557924,111.38069244451043,173.65349486183948,166.55084582635527,108.36299737032098
54.315677326117374,178.11685318973582,102.43327701718111,174.4558391574784,168.1720588245388,109.76331977420442,52.479584388493585,176.363814821186,112.91317229946966,174.6484397925582,166.12776235043034,106.1949701212797
55.68643023089948,176.51770534355344,103.19735553642874,177.28440694748073,164.0895975359866,109.23207241913963,56.25031173248697,174.17168876114602,117.798053729128,179.84384901346598,160.5837620753873,103.09680278356328
55.67935461176471,178.04914566942836,105.80188400945113,179.82024135942427,161.76859107469537,108.18020734560602,57.19427887630005,175.34335208369,117.57403805656828,176.63363009764552,158.12184481816598,99.94625160534324
55.71430619830901,178.32736425818254,109.05572787972957,178.1445953661323,160.237539280206,107.7423013598727,56.3811190060294,176.54790812173908,118.85902762786017,177.70687580120074,159.73793383293628,103.54518768840815
55.30080727076847,178.70110034288103,113.55585344061018,179.08998183302714,159.96058963747922,107.02402496404157,56.134809449181176,177.66920609961915,118.27507160284046,177.8752653324636,160.11786255508028,106.25012990110447
54.947309845058925,179.20712563489005,114.59138748270853,179.78584922554322,160.56467317077272,106.17368316373165,52.878851145885434,178.13227932301342,119.95908341274676,179.07283575998878,159.36447536513074,109.58823069778367
50.969429411201475,173.84612660202336,116.62149854248582,178.6340980881193,161.49818054325613,106.02197997987697,50.02804422661794,172.8700239377291,122.12595127698637,179.7972049750542,159.54083632910226,108.82423137281523
47.20813982456013,166.55178829575863,117.5165383999306,179.49194201155612,160.6691931194922,105.86275360049355,47.84674260392312,166.9173627932152,121.44215009188675,177.54780147243918,158.8388216197652,108.1225216873774
42.92834152676709,156.3335244392255,120.48077681977739,179.7841387899337,160.6203684897597,106.74181259738401,44.4773277452482,156.6180939477721,124.39160817763322,175.90281981935675,159.34783149167734,107.688975746598
35.19295033134237,145.23324943281722,120.65868868636795,174.96662325298257,162.83946139700984,103.56167357288209,38.31531221954303,145.039484036047,114.54323819946949,179.75745996651418,164.8577394195172,107.67049178270382
28.11706262889695,131.99089282334236,120.92255785361787,174.08591327696786,165.7652780722522,101.23171081397093,32.48936186997297,132.7504984644271,114.61740146059212,178.97945418388701,167.76121176626006,105.52583145800536
17.27130219526681,116.97951950009569,122.52584500871046,171.222753301528,169.0663534933095,98.90502793600552,20.31312336943856,103.90391455130603,136.79976497256902,176.49593960978004,168.28866584522362,104.2858519945302
2.3979886239865755,97.11729781830049,122.4269148529284,171.18675683305645,167.2189647142357,94.10816503452523,11.43846053762931,91.60254606376351,137.56191436900275,179.7335139932225,169.16577092477817,101.50673994875471
14.838742302328734,76.07418329640039,122.0696065168247,173.12856462174844,166.86688056510377,91.15107852407455,1.3297701084942466,72.67638394993378,137.93501777942166,174.37202884781783,165.24073883763842,97.08152379012513
28.01978796200074,59.39335029796549,120.93380151102195,174.81447374032078,165.75956548143577,88.33107328800132,13.121290710159276,63.74843113378126,133.63916514624057,176.43960814639465,166.20027236626132,95.79639511312809
35.908919415355136,51.49022809200386,121.93722259877833,173.1333515016807,166.73456264343906,86.01481277719404,24.180635448411746,60.839499633191096,120.31908884923807,178.94693825380122,165.23155465604674,92.6443607020644
41.16800769739049,48.47188503553538,119.87503326128562,174.3037120567532,165.05287307154603,87.97485591592473,29.613037764391542,63.40092343658352,108.6015986123208,174.360329723353,165.36567999495574,92.09211485074856
43.36947603322,47.609653480318556,120.6004296061473,172.29026654146548,164.6846876081272,89.18120247991752,33.03247224446558,59.358597744140994,104.36545055099643,173.56617243134917,165.41988129112605,93.06295274885767
43.912504365380464,48.778013713736115,120.65078295562778,171.41795377560413,163.81980257445596,90.46498903630265,32.90075482194649,62.683421083228474,103.80222630123816,174.4775016342353,160.01076659977227,92.60206919073146
41.7115388077292,51.702311652220985,120.508647229469,173.75539471504314,160.9351283206069,90.40896904806412,28.524683348880732,66.87973417109308,93.25484726133605,178.35072115327475,155.30980891098827,91.02675762148074
36.34825812978125,59.56434678041785,121.532125251328,173.64013863399143,159.62827656833824,91.22764937523297,21.82541706803776,72.56670074366875,96.33435669487717,179.63606238509905,152.9525479866503,90.5366349312494
27.16776371562798,73.90850131609461,120.20158410782363,168.4565800678236,161.35474074583237,92.27935804278167,17.43294629401439,78.86101824388615,90.1682708617943,176.75812968864724,156.6163782204567,90.89418586996071
7.613046552841139,98.65439279857972,122.13399949361568,165.4158579375299,159.15117192459846,92.84953246141212,8.650171524881866,87.80330078380527,86.91447528813707,175.48585982005346,160.02838072431018,93.0831723312773
5.134892993210725,114.65860838636293,119.68122947364677,162.05559350680514,162.52594287717088,95.59340535813153,5.088295898587957,103.48606604698493,92.29832364512177,171.23169506903963,165.36816817202438,96.78748723895863
14.531459148802794,125.06251719186736,118.4141975855975,162.6518896487183,168.25338257852601,101.32472550229816,15.604657753333308,118.14805812118324,95.36118154033956,170.8893230338563,165.35629139197994,100.45672162656915
23.26269306692225,138.2033146807589,114.24251358426432,162.84781626543162,166.5605486491217,102.61917772657904,23.310314306136213,132.67898249324892,95.7008621292729,170.68301319225338,164.88730257266758,101.46365505878926
28.801646795629452,147.6866028255496,112.21634870618989,163.25308545044152,164.58226645112495,101.42856871155557,27.340776239453668,142.65316204662676,98.8976452415815,168.62850567548955,164.0068331598509,101.8580394717813
33.7587499343345,156.78585458961962,110.52084466110765,166.7913224359699,160.66396995105222,103.4756074379708,31.969058780385012,150.99598688937658,105.42228477919394,167.51188492125056,164.64329120839517,106.00145190820082
39.794136590477244,165.78953078221036,105.60793479198315,169.90670571621007,157.1648298793452,104.37162106126162,38.48913960158216,162.0162585627866,104.08707585594117,168.3054303663075,162.7412507516826,107.76606483018692
44.44884212346742,171.10900363140067,103.11616242892862,173.33792510184077,158.10838199044608,107.29444534993183,42.973727181892244,169.67009114989304,109.7804771835558,169.47865911920834,165.6501798582917,111.72732847572632
47.183427200854915,175.3023439977662,105.07895050879655,172.7128795473488,161.72811283628022,106.94135740133453,46.91929887803557,176.41289188050717,106.99772085082512,168.9277673081084,168.49538104281385,109.5372156444892
51.235117020381,179.33187251632935,101.86199559856915,173.43677082652374,165.17086293073825,109.92546955717698,48.49826215195959,178.84187706947102,107.58577798748014,172.70890001217415,165.04255619654919,110.66699716371038
54.384603592814265,177.80389504059926,100.20075621871236,174.0209046599178,167.22856392299988,110.9681977123616,53.68845860891058,175.95936286831147,108.97762592808165,176.05092439408847,165.73601088610647,112.48853790937532
54.83976720903695,177.66968662381754,101.77224129755672,175.41871632189378,166.57551648685035,110.07246848557998,55.58080686888645,174.81410506372598,110.5042397857848,179.84503348981053,162.16412333281582,109.55267027245324
55.842436999940674,176.2394142894118,100.83919439319124,176.50178707032023,165.3929241045978,109.00856575012656,56.028685626173925,174.62265405550457,114.63089296276496,179.4551269678367,160.86339269774055,108.13197110848324
55.63436675715573,177.21022350678714,102.49258436828102,177.8304908621951,165.00714075262923,109.38464208468827,56.37912284297596,175.14441798063666,119.26899069235061,178.4729784708466,161.71127781843347,108.96701619894496
55.37825829237144,177.35855392326437,103.70630778820654,178.28467399244178,163.64924343407162,109.01569889168621,55.96333000496363,175.7732876173786,119.61712962751734,178.422167116239,160.62713973939827,108.19520362078272
54.93847946808732,178.0647012836822,108.24021479305632,178.21303840596667,163.30786755693293,107.77730114286516,56.15736701840111,175.9941138965906,119.42407740824882,178.16997707635437,160.71987551530736,108.05072662757264
53.39584994818094,179.5994681146644,108.99902915770487,176.80221683321895,163.8395082221622,107.59778692409486,53.875047070360374,178.4902216534376,118.54549925321123,179.33858754871994,160.7929945231952,107.75741965364395
50.005083399032756,175.34596931241217,109.2621373252965,176.17463676296728,164.4408905925491,107.40985791649754,51.54659466627593,177.04652045180674,120.33305728711376,179.5654614220702,160.8856029811055,107.23987913473213
46.53923162630577,168.90033659787213,111.80056242523851,177.0646241594418,162.26621476609196,105.65335935270193,47.916188656689634,169.29456990646042,120.14166301019398,179.13129423869188,160.21097850296707,105.66504023590174
41.87452072531894,158.7513931094181,116.29320554404029,178.0980412293319,160.31595746965525,104.29102239056368,43.52445960206392,160.5579695456276,118.90484563371255,178.738791602917,161.34024130552362,105.45042972942008
36.71632297095885,149.0843123117881,120.25479141483396,174.19651358043743,163.10741196990404,101.53149703217473,38.78024662013867,150.96965188407557,113.29419067219045,177.06901589054542,162.18234526553294,103.21309739027424
28.4633314484913,136.3976667191258,122.50945442630734,169.5296768280701,166.00944151658416,98.27115392854493,31.22179395898884,137.2854807969355,113.55634623751537,176.25166185039555,164.71468426441157,101.4249090211026
18.762102133657365,120.37953560188609,123.78771424503186,168.59005120737137,167.76631097070336,95.038860656759,22.66610713309283,118.26858313830473,107.43843588825263,179.84312455114747,165.46206303296427,97.88192680080897
8.05309317640479,105.81432771431547,121.35976540080716,168.17965375862295,168.7774773575387,94.27757286992806,12.491265795062418,102.23742791865337,106.06335535685365,177.4975050207182,171.84132253222612,98.90179886266381
6.144821337758734,86.80140831796824,119.9393156489197,170.7338979731414,166.54724681492672,91.94305024492486,5.010011686259972,87.49547643029005,116.37720623882652,178.112497811927,170.34952653803185,98.28390337146477
21.00580101326805,69.62015120944837,120.18844591825142,171.1841638252655,165.90835121688693,91.3598894629261,10.459992596154436,69.87321370998272,113.06905028914532,179.96302867771806,168.41294648278765,96.5051574112906
33.70291624274859,54.92280833523719,122.45381226521211,173.13681643169795,164.10815435029122,88.65318871647281,20.635342134382938,65.66759823014733,103.52445677976289,178.91388963061152,163.87870662123314,91.47833700600022
41.39593683369042,48.66005365738104,121.0666073905431,174.2429562906143,163.2120227885375,87.99449014799855,25.735586657067937,68.94957733032528,102.98678162418486,175.76895222266143,162.21493379336005,91.94880016302082
44.15955616242693,45.45233329599973,121.30113315067854,174.16292026323111,162.71708046187533,88.3735669060573,31.594365025914012,64.84111454212413,112.76908483581003,173.92794215546257,162.26374218029224,91.6996557693633
44.523262030881504,49.274186599378794,120.10768200355301,169.9221748118802,162.87926185030798,91.14375081659783,33.880030508768236,65.7094530695302,108.94752118814422,174.1591086494673,159.49587721338926,93.0362614304208
43.08312996203068,51.37894376099735,121.63573889508565,171.25029166739594,161.07078866611712,90.58424223446225,31.71685652227847,69.10951337076644,105.04463759622344,174.23028044714644,156.8224974463495,90.8069928702034
37.76003033469759,57.714244314837025,122.92814714980338,170.62622275850453,158.63332352608055,90.14651093080083,28.16009117684011,70.7204279148568,118.45083824043016,177.33331711413584,156.44135501030595,91.54196759445784
33.41752916636938,61.92011129065679,124.3167217530616,171.36074882032457,158.8475386516023,91.05282774958143,21.47995627299262,74.73209565074733,116.81283580850861,178.25937604571484,156.7021865805686,92.48268973288612
17.22662583304242,86.8765365409968,121.16843405915971,163.11071900119106,158.9828157996251,89.93044733055831,15.042924589430402,79.80315742740687,113.87289269444821,176.873413257807,156.57018981509813,92.4962823911427
2.6234623104513903,102.98823006412867,122.05249834524096,162.92034156471266,159.70076357917938,92.77019897521681,3.7264798336263434,92.0562710879696,112.94634408823396,176.10389106074388,156.37768651219088,93.55657233493066
11.111107188805693,117.93086302511684,122.50119547074604,162.93057556725833,163.19030642399966,95.2241133320215,9.689229806414872,107.90033588489297,115.26740399635223,172.6586825679019,161.05128398049317,94.18848013967316
20.765891368489093,129.75459337714997,119.79650289646777,163.12462748964765,165.50283488416508,96.89992314200634,21.39464103637647,124.03078989567693,112.47224544029635,169.37983231566665,166.60084239602196,97.81012186271373
27.221222395277664,141.95991334078406,115.134424190372,162.49468899199434,166.1007935909217,98.9866214866866,27.329932186564548,138.04101894875805,110.05884102057388,165.94959678000183,167.02648410359774,98.83915256665313
31.353464638724777,151.66057397630763,111.68125829087982,164.1550436381457,163.35629097265465,101.15034181915802,30.273831944266117,146.4559894639849,111.05807692384532,166.9886735695493,163.90374182694146,100.62251090483176
36.638862407260056,162.1762562375998,111.71941750369879,165.94495296004,162.1331185608103,101.95329041189252,34.15895011324374,156.50150334516215,117.1897483670948,166.29806724031144,164.26239714042228,103.21478753349935
40.92622372994392,168.97931302087687,108.68442182135347,170.80981792321455,157.2505925563665,102.76656477128331,38.775288629523075,165.7469566386477,113.54460382714235,170.1280949411647,159.64549107261436,103.45249517853661
45.14015697493049,175.25670004250475,106.64270581085111,172.24576232342883,157.99663423454615,104.3667739458266,43.265144529392224,172.4754013433162,112.76119568213565,170.57831166151058,161.30605709408016,104.5976498443446
48.76449124998917,178.6331643763544,97.96686529420772,173.16793328077048,160.7169892320807,103.84526178213922,45.59732113776045,176.36625820870066,109.87906669014154,171.1250747848164,163.9918591398123,105.9226659035573
51.79752497102232,178.79796593882872,93.53349170780291,174.39926645719117,163.23558577519518,106.35568430340471,48.73062009213747,179.27721819225292,109.88661717431525,175.34401342006504,160.762243175719,104.72507897134103
54.14656153590396,175.73457893791613,92.68481911141515,174.3200904821963,164.9445069430738,107.0301868838479,51.4336163397975,177.90027864792367,110.22618241687455,176.0858652871362,162.04395427032898,105.83318796269339
53.12371721103925,177.37556406633934,93.56340616505146,174.5436792088324,163.8537945934753,106.16502281581981,52.844338706557195,177.37977134110844,108.31325057361451,178.4109136483738,159.6051533182233,104.0700174543601
54.235881060562704,176.55559067753268,93.98210847854892,175.7089049705037,163.1160774988175,105.94818075972583,53.46760697639164,176.4642156272515,110.85972359842202,178.60154424368133,159.05113884590907,103.54312865748523
54.9554470101297,176.19593723111433,97.2596311988634,177.05760400593437,161.36028369847577,104.30638608204886,53.204524380127545,177.3347118073777,116.04592562139166,178.66988518174753,158.7743184946176,102.84685459111758
53.71347528851661,177.30230729424176,98.56200486854863,176.27623648992625,161.27116804537394,104.11292163632031,51.96045853738255,178.56860965773814,117.79791957101385,178.44755460580873,158.42948909696673,102.85818650458975
51.21363577832766,179.70871093792508,102.28930703379338,175.77064353942515,160.7579597946057,104.14691780858391,51.014998354817415,178.8103712781701,118.86329223116284,178.80911583102602,158.493748274342,103.66486059437185
47.88466862603542,173.54883958704042,106.77793739148476,176.43296124702596,159.38710985284453,103.20888481652038,46.72621933184494,171.3095103105652,119.2086823261872,178.0556435077739,159.2838830334624,103.06189264325495
42.717579605917926,163.51507292478234,109.50376382031996,177.5848888451061,155.966265540836,100.32644895787979,44.35679461580714,165.38340064643927,118.86319909834613,179.95285169581857,156.36661633512395,101.20346394275437
36.66874568563257,153.780326956013,112.57016926618506,172.0737101712152,159.78016673768502,99.58273106357325,38.77367879129721,155.79761859817836,115.40568658044923,176.98765333769478,156.97592459966629,98.73835145689702
30.542774012446177,141.18757133811374,116.3862609384594,169.202784782925,163.99111334288364,97.94635765448969,32.288834246681915,142.36738233284314,118.65758886402219,177.07932596706942,158.87520052020565,97.90759323743822
21.673352679653814,126.87607802777785,117.02874190496804,165.68204453595715,168.67044804870963,95.98949911415033,24.744949326463892,127.82301182288569,113.46146369333437,176.09960493245217,163.65862849542938,97.55873942406653
13.720794649715405,113.83888847183701,118.80111972269728,167.6160124563794,168.62161780391324,93.63728261934776,16.953648616549625,109.9815156654395,112.49928317637944,178.64339902010357,164.43013987682903,94.12541749825341
1.1185624860454777,96.62123493481414,119.51046686657114,167.52570804883052,166.69883079593853,90.46982398878585,6.147538135327679,94.85396369369602,118.86926152038443,178.66414621888947,166.03167452708084,94.4070307122716
14.029257044548757,80.84918536408425,119.7700065428998,168.99761350287636,165.2050759222199,89.10209224656938,2.9186553237705857,83.67997890914847,119.60293785093143,178.10326718525423,164.9196434976906,96.13474953060138
24.90840242011254,65.89424408003251,120.47640256217643,173.01386955486075,163.10030864578434,88.41013688382611,14.004696809734787,72.48977031630903,105.68928069015126,179.46760137922433,163.00263310228394,93.01298910677484
36.023395155543135,53.562078465051904,122.34420031527753,173.50550150507735,163.11866422978207,88.32326307394531,21.6752588330243,70.48982845985714,99.35247749665861,176.51218148566602,161.9620697667671,91.58041050105955
42.518832831950185,48.18452004719619,121.5127116195528,174.00661204736105,160.50201770763326,87.53214105438198,27.31499149594378,68.76822221433852,97.6633566482701,176.35348305207881,159.91278264739083,92.89202310410234
42.41055714120598,51.81875275226829,122.67806181502705,169.71969944645292,161.4950882650932,88.54698360699723,31.796888652014808,65.60817168293879,104.94249414004803,174.18555756994684,159.40492450615338,92.00218143773336
40.98090509555195,53.77584466314923,123.71905392531606,171.09153658563739,160.21711328072507,89.34405433434733,30.61945375824887,67.6804997896728,100.73128684339483,176.32628297285657,155.90413855072137,91.25112297730576
35.52295204764077,60.41150302207053,124.3548216171255,171.14732934191795,158.53806885427593,91.31843638109797,24.820344230411788,73.03702589179525,101.56190923450325,177.6306297991871,155.69138285296847,93.18663379886877
32.02804001084702,62.29245200970834,126.37789165459918,173.08613068719094,158.71392403098525,92.01908702020515,17.89443502238921,76.94866173994933,99.45933360545538,177.90671192219185,155.68407571926753,93.60575911110563
17.017699930467355,86.08179913230586,124.95445386089919,164.7409733244725,159.08583224195868,93.68745821968038,9.447191107350172,85.38576872657515,96.76338587893606,178.7673990041398,157.45574601037143,96.35521774101635
0.6158406407771698,105.2436776701279,125.51634923943263,164.81405818201983,157.9340598617652,96.28645741334236,0.7175979258704179,95.1572890293095,99.48274942674584,177.35777391814278,157.28765450454515,97.58275257725862
10.70336511653091,120.65464420642071,120.98439610139332,162.10412417552476,160.91052289567753,97.66361361121523,11.84447824592251,115.26313476176972,102.5661896801324,169.92095140734978,164.67179289857347,102.05992974537466
19.792055953901066,133.10475452109924,117.72389180270795,161.747995276293,165.91879156164387,103.24932314770074,19.0831043281815,126.20565856857806,104.5735355899711,167.38626373455617,167.84793511777463,102.82279807884194
28.094873498290607,145.78883222066543,113.99531589132673,161.57527830322573,166.06465606316488,105.14644688730495,27.138546672558142,143.93850751624493,106.13327113677522,164.06243918836984,167.43246851270024,104.44477275812469
30.294241928046787,154.94171418794554,110.36256870102704,161.63861748324157,163.67529518732445,106.64122008523078,30.159214588600896,151.46155969567712,105.77133441622698,163.46338526871705,165.92740196852142,106.83031297530891
36.59524966341217,164.50958403992286,102.21456554701084,164.98698288313693,160.2079763520033,106.40258387150314,33.46108472381588,160.85196571106647,105.047346556909,162.73967805363625,165.18157089997507,108.2173528311937
41.27412108887276,170.8509226230895,99.72591563631399,169.7519658669633,158.14923052199586,107.96980463294211,39.371441345563056,169.0715762564106,110.93338934476989,167.4074185228056,163.05787588412485,110.61278640359434
44.920418053441566,175.11088792974402,98.00276603479713,172.28791915735636,158.84414603041913,109.57675917067023,42.78094521736975,173.97507828524067,109.49311510302883,170.8375660364047,160.86996852096505,110.32250573857938
50.58920332148006,178.93337135979885,98.07758708744585,174.76366371409887,163.44146236509212,112.7852795855988,47.25318015262394,177.93552020418537,114.34270817900465,172.6595396529989,166.809632425073,113.62616565620542
53.33119141567825,176.48550686318615,93.86062620095589,173.92859732792203,164.53750830319356,111.34778851436053,48.8057586751387,179.25729831886474,113.25667160875078,174.35197695931538,162.4838601759316,111.36665168525829
52.976108389911765,177.64256485894035,94.93539097814471,173.93374982738342,164.01333147428429,110.80870443871697,50.318372097200076,177.44101489495728,114.66829395717156,175.03201319297983,162.67848444440088,111.71401713692045
52.73022108808265,177.55918086626787,94.88135736282257,174.1334140690518,162.30901016969852,108.60901052229083,50.90688726647573,177.56470969779883,114.68292657218123,176.1192615754845,161.00199279021336,108.85694944007955
54.06422913012254,176.44023525394158,96.31791952435017,176.3614197563403,160.9142515606909,108.60097253858731,52.28285506442416,177.23987194516064,116.58368182023918,179.09199300698583,159.2215306381429,108.18305124081162
53.69485654852323,176.81634349428765,96.64910533067177,177.02537451052322,159.2654301854981,105.63124821183102,52.3773397583868,177.60729321974802,115.12510995020342,179.99137638976458,156.3576571095103,105.67947748077516
52.587756942197245,177.40663246092666,98.05963783905803,175.88915393398656,159.59177341639472,103.75175681833262,51.54085474172778,178.74938547185204,113.95272342763475,178.83833686914483,157.3019943915849,104.16286695646865
51.00042060368407,179.02289553384162,98.29020669319964,175.19667499977882,159.75931900742356,103.40772958626442,50.4842108509116,179.35681690416297,113.84247861942943,178.93782622189647,156.86270070380178,103.37399894629816
47.019393153970015,173.50365147319374,103.43360134360253,175.85231200212354,158.2776843629122,102.05232936248676,47.349261601857826,173.13232498004436,110.13225383662407,178.93755947266888,157.0354705252746,102.92957854750905
42.21323893122342,165.08365361635293,105.45022353926483,175.4615605122814,156.63918473731627,99.99194157682771,43.27609573324257,165.636337533246,107.3935777382312,178.73941113963812,156.47672468419935,101.38367262943386
34.33902333283584,153.9754643340175,109.28620037392011,168.68355827834577,161.33649177095785,98.91680878178393,34.73892998233609,152.3184070023828,111.75024429762739,173.60522231735948,160.30057280840933,100.44516483002303
27.17135018935164,142.20242265903096,112.92659353351516,165.0673648170102,165.15803451882664,97.24437451877583,28.763433890303357,141.9551097406356,114.37558347851942,172.86617874195161,160.8683473153016,98.29475885008897
19.2980123017399,129.4253602370041,114.63189648187728,162.54129495845606,167.76834557459972,95.15983575763079,22.686701322341857,129.74023140983604,107.86183717956581,172.9629839852716,162.7459772945189,96.4984608327175
12.581839723767638,117.47752899081638,117.08892635996462,163.56124440205917,166.92299581551327,91.67322865667109,14.955836193187654,111.08742455600829,108.14150709539388,175.90243841332614,163.53900955455657,91.65476213052501
1.9950048596870653,98.39277878946965,118.56394178281276,163.5598496047449,165.55221332582585,89.0158701320247,6.07575655455651,99.92750156711148,110.22163229990218,173.82476368193508,162.57079647553002,89.01368238645516
17.11669229410203,78.93226830087465,118.20887135497046,165.46313447339406,165.78042575827118,87.17600899097599,9.971955235098243,78.84166919382588,106.44806558618353,177.0573550566187,160.93354632504597,87.167204277224
30.393436719455003,64.29864995038605,120.69184890748461,165.98034112979937,163.0506234561651,86.00673474594743,19.437209233392398,72.49489225348105,105.77934652689159,175.23838767283058,159.37367100840368,88.70019823513155
41.160856449699196,52.45832843205419,121.26600016323553,167.50757530456173,161.57724796106166,84.03867034037154,28.17181812729603,67.61573263214662,102.52609070367468,174.39251482931522,155.4175845709128,86.83717027773258
45.584276851875735,46.54211545033851,122.18460958837792,170.05763022166087,159.64759750976344,84.46720243916792,33.26235972741021,64.7607940664741,101.34342784027336,175.17900522376272,154.5509267884048,88.92362107277093
45.92791386805077,48.058880237196966,120.7934099240042,169.6765574991278,158.29528617846023,85.56094399086473,36.843142760744946,64.41640334903705,103.84386760064554,173.26755272659094,154.9257689534096,89.14287795788645
43.16320993836367,52.139854466735834,121.01626952475534,169.84636395312648,156.80785540062462,86.83589109825506,34.75709402305699,66.30963912210818,102.16862910898567,174.27380918115176,154.12979332169425,88.732643375503
37.66495955407935,59.826524595956,121.76925397184355,168.8612112683285,156.05601756570735,87.56496640867982,27.96890043500687,73.07660338718858,98.99801409761172,174.84256070589927,154.08825088863344,89.93411051864203
31.359174275590153,65.90440600010254,124.09590523170183,168.8588821106424,155.80861692640303,87.3325239061923,20.86643447020066,75.24340544129429,105.41721883383727,174.99055171121077,154.84947777649035,90.14227278053731
13.214507451910519,89.10906351059138,123.81430308622693,165.99977872664175,155.74775237086214,88.93040014394367,13.83041551054558,81.0576905535622,105.46854304865009,175.13297342404394,155.353264587258,90.0421840173959
2.0635964862834304,107.72397868548714,124.1062271367021,165.35276998029394,155.77616084295985,88.82508557830238,1.4620051231760967,95.04049005921067,103.80783340563477,175.80559354471833,155.219193721492,89.62027289088647
14.247805576095308,122.39190761406003,121.09122396049749,164.58627379039132,159.86597431285378,95.15915434447373,11.522408112632004,113.01299983201604,105.23342321930295,173.14212559319526,160.43481782110933,97.30199115513373
22.564016022074707,134.86927367690978,118.86047937789587,162.8402988744571,163.15680417422047,100.1458728622404,17.81607819867452,124.73888850432361,105.55799355899927,167.29640042351718,166.59819698664558,100.97249309033081
27.929409726077655,145.2370608886427,113.50492460559066,161.17445930101192,165.23540017000386,103.37224326162949,26.0531930721377,143.6458717819366,101.6227084721981,162.75068810329,166.65466173767945,102.15263546629726
30.974862442249115,154.96063804230076,108.47302349517867,163.37747582632747,160.65793072067135,103.76575541181693,29.34338050553403,150.88053556018585,102.76379789536942,164.40093434524633,163.0487598920091,102.95163181432726
35.067355465039704,163.5802453314948,103.79674733978439,162.99274498557645,161.49020551526692,105.82658371704386,34.03477257687573,160.4166830655304,102.86218765059168,163.95205619687553,164.83965653643642,105.74723797863594
40.27989416573414,171.01925708293686,102.35663497629118,168.29148588993465,157.54503035785905,106.16365583873889,38.986107521008115,169.335114943893,111.56577173693773,167.46489932583702,161.7779764810695,106.7608698958729
45.10929107435242,175.9747701270874,100.27671334080036,170.8121251010493,158.60594519996002,106.8492457925793,43.28451666896047,175.59989574234154,112.7114031864737,168.5736331270927,163.2951794250414,105.45611345488635
49.22034101858348,178.50652712835185,96.86596919145994,174.08050931013906,159.61437595272227,107.44085983441944,47.035301465710816,178.40340258835738,115.8988670208915,170.07825197837866,165.54546907642217,107.08829453336494
52.91352684711181,178.23022546876848,96.96864987498701,174.85448681903043,164.19716621659958,110.61419518478235,49.7711904556091,179.29322729337895,115.72657624672846,172.26107245749816,167.26299106689507,107.74032808927743
54.15666418449759,177.1830463063725,100.33884318039993,176.16098671431163,163.0628710663965,109.52841094663191,52.01352012027132,177.57913485469655,120.05084647415691,176.5551195638892,163.44555702253948,107.35105456692062
54.61781142746329,177.28643405925243,100.991719995644,176.55401283896794,162.6710215575368,108.84812220069279,51.82654901847604,177.1949163522813,120.70487475914528,175.96896428092816,162.92795745231425,105.04503773103274
54.9381366936342,178.42108548044672,102.4674471587813,179.73012113513346,159.51644538125413,107.0743847676091,52.83812103262043,176.98290314204655,125.16414294016435,178.92416141981926,159.9109829304969,104.10310555033544
53.76097910491241,178.36018180882004,102.0135528597545,178.69714416459482,158.9598333053874,106.66769079121087,51.623341699395844,178.51566966509134,123.8497138163263,178.91039425340546,158.310947218786,102.93684304569653
50.278023165839336,175.65474065559582,102.37594750941561,178.3599570920574,159.23284472819518,108.59277791866359,48.319486357249396,174.34080869284796,122.09425108650315,179.07483482089637,158.907517509443,107.4577562198245
45.82690824000342,167.8501593386799,105.5596592453268,178.47521532512124,157.45298769398286,107.78013542908896,44.976872736912284,167.92021040197974,117.73550450535033,178.75122740688596,158.14372618325646,106.11717331534999
40.651271750721655,159.99746149186961,108.62695726317662,176.46101260755253,158.28725711210677,106.59153623327767,40.16472536362441,158.88609250263772,112.27142531823871,179.7560832209641,155.9783870329537,104.67597599385351
34.263967073566675,150.02367180063433,111.75392147606492,171.41787027986956,162.6970960257594,106.41513291235394,33.80040696438046,149.16767945374437,113.19847144853787,173.84674763436695,162.36545224871932,104.4591235227301
26.80966562494656,137.52729424267497,115.33887537961793,165.40025881413064,166.2461451852145,102.42889865217694,28.246242620059355,139.208248713002,105.67959674684303,172.41063346701839,163.3150870332804,101.40939318291207
18.374545124483074,126.30081871698283,116.74266502972347,163.4949970467811,167.37376408069093,98.74867714231856,22.10925370761281,125.03759068811148,108.39008343272432,175.55200588615517,162.40277287370807,97.49338760849932
10.858754137897371,115.10198663406244,117.01157677902549,164.94232761788163,165.0679259907846,94.30841560917831,14.620904911914392,111.19292768255788,111.49835666073479,176.54023486239157,161.65772212896275,92.88113656939085
2.102501564717732,99.28077539379433,117.98873548076193,163.14129309868463,165.3868849433323,91.43466747355149,5.187304205166859,100.47796227987723,113.18077790945497,173.58968453516377,162.21648806064977,91.70082504993952
16.23155402635357,81.28382918388492,116.81719521194175,165.93020980641924,164.45387986463905,88.7180440714907,6.775007411256293,81.97491475840233,111.6777897505201,179.02049098871962,159.76556961405993,89.82566595188833
26.224974661734027,67.6219163458343,119.23222392443819,168.66460460129647,160.80685596844106,87.23821921222037,16.46702795096424,73.41295350528667,99.6900703340296,178.9211674435902,157.96106781068727,88.4956322947987
35.944026666586694,57.802748012165885,120.78406870318997,167.98864827678105,162.0150437977256,88.69822916042173,23.991685142627322,69.45994478806689,100.41080788928686,173.72883941323946,157.79633048551676,89.2545992088483
43.31098842200432,48.97593609277723,122.79542903260716,172.56410519740447,159.14336550137122,89.72522462082269,32.374868576674686,66.25284688821628,99.82331034164625,173.61425086775228,156.07869570431166,91.25221703268355
44.858333331907396,47.28192619240859,122.96465470097004,174.12152654675126,158.1170804830703,91.64291678689759,34.837514125142235,64.59430589126667,110.86539862424276,175.09764000652154,154.7121601322845,92.43693243995598
44.26404857086749,51.137567489933275,120.70675795807503,170.3037442027335,159.10594095970865,91.38872399414807,34.442081455389165,65.90000091080385,109.75735163016475,175.60694029627706,154.13522150532125,91.58111037809402
38.48084264374544,58.52402670858037,120.14400554789265,170.19242235947982,157.16504801791567,91.26384079192063,29.30300574629312,70.176021721487,100.82965491667316,177.73543392472516,152.60575274931364,91.97616122697785
34.43424488872384,63.8326582176776,120.11217850876176,170.89672614360973,156.11261067340328,92.25536339637428,23.26357701076723,75.66074218253392,96.6674738935604,178.35018699215834,151.81982730917971,93.20949587205244
21.070375834558835,81.76682778097681,120.74955544772621,167.9983961788323,154.43346115745229,92.5173169366668,17.410354031813203,78.55399726851735,98.17044129189523,178.49949068141908,150.9171919521115,92.64820082751774
3.944878545845898,102.63617783235193,119.91014688997166,164.10778722341348,159.85871920579805,95.8903496143088,6.00205311704528,91.62720762412391,97.40853582222846,177.27299042144483,155.34800311962738,96.65264096675163
7.5243490037081004,114.87841111956558,118.10503049663221,164.15217182395241,162.6014828295036,96.20122412360271,7.466527283906776,105.67218769380258,98.79645762784871,173.88402301520028,163.02887184131697,100.5168639866931
20.477173692430135,129.94891862437092,114.40575483969592,165.52281926580326,166.24706998426615,103.53979598321762,19.18893670651309,122.15428658660429,100.6488298417026,171.6392062269607,165.1540065820278,104.26155466195911
28.510042169361746,142.91060992593273,108.64579265539756,165.28341443887612,165.26990232009325,105.94877671520199,26.597050103453743,136.88031944687657,99.1029788563258,167.31253531443517,168.95102392879056,107.15314819527083
30.815544865137017,152.85029357707168,106.59879448098806,164.10307410072065,163.28672667447864,107.75546348785203,29.03338623578705,146.49502887698728,99.38041908309664,164.6998593928131,165.86021023407676,107.50440725610196
35.28062651814714,162.6508334033252,106.28300383538279,165.308013798326,160.44222881743937,108.21782948121401,33.1672895621676,156.7799409995045,102.85675574068782,164.82772727009706,164.11377733570208,108.49556184255825
42.07700458803819,171.28432825081646,102.5926786494993,169.5652128986121,157.79170649046762,107.24837494976897,39.00910692407004,166.13639361663107,108.08652021628721,167.1173911208793,163.6083695678263,109.72913788049817
46.38908744862853,175.7517754241393,103.75723043619628,173.82851364525865,155.81952170860217,107.64998220103226,43.575866027729745,171.60385747445312,112.76621037163186,171.785864900014,160.5093472008059,110.25864431971398
49.64756924984045,178.78347190603824,103.47035562871213,177.60183448381304,155.38280978289032,109.21402245062237,45.90926162929906,174.2192274867566,113.2262911831511,173.0559285949552,162.6118844934544,106.45484827166817
51.73528527271465,178.45832500040373,99.83931779428214,178.87233878773708,157.66862033288427,107.9994307761078,48.415485884171716,176.07851535982763,112.59114477510201,176.00031178336974,162.2901379212979,106.26555833895048
53.51593354936869,178.62597248202863,99.68774109235703,178.79700275192215,158.14523614544004,108.17962266696583,49.96464506438675,179.9075710255331,114.34168852818497,177.1376342972419,160.29060608304877,105.24567919375932
53.602432641532246,177.93924030789404,100.516299534105,179.88226185592166,156.125071919993,107.7704370854837,51.61414007263846,178.4777964732508,119.97336939082982,178.93330772565955,157.72279984287422,104.51852062695711
53.578469023698226,177.7550230937719,101.605889621135,179.7311921825691,156.06441535906384,106.81057840366051,51.71028007495866,178.01487214665264,120.93814031387282,178.5781545625253,156.09442357797357,102.59213702183395
53.021075403129196,178.3269968745802,101.3229472822055,179.51093607025163,155.8279411450139,105.36798362408294,51.580613039823724,178.80576083099254,121.32453080214793,179.97917330536035,153.7174732364965,101.7838562435456
53.12078057429219,178.16351799688263,101.7853979156294,179.32155498950428,155.68745087767164,104.94710004999547,51.15011320034477,179.40999501919669,120.30526409851389,178.72313625569365,154.76462567393745,102.86482209332455
52.600947547014094,178.63113904307332,102.31464903232141,179.40233207016863,155.21483225239072,105.01601036663237,50.31801232901387,178.70868724310031,122.01286060671269,178.97038784845873,154.7631470591412,103.33868572469486
49.79791273656874,175.77308800010928,103.62286219971531,179.5737767923816,154.67915359893166,105.3066733863992,48.04705952157888,172.46871501148695,120.1251842996574,179.62910389305827,154.52051451293926,104.08332880330296
47.04349163431914,169.85659913915217,104.41161412752899,179.55833148445666,152.89771888036302,104.01709592408072,45.17276576955601,167.24133677611644,118.17433841125822,179.6430683220167,153.70197759220312,103.31692460017976
40.788579016301185,159.89899473799284,108.54425919146719,175.7561872156435,156.8365027050953,103.35889329793932,39.97915225626973,158.407062528949,119.08620956418574,177.09900792275675,157.62015680250175,103.53059494963817
33.04593331600761,147.45199874427723,112.07062623147395,168.68778061485273,163.57489128167535,101.60264412375842,33.306693345236205,146.40438055265662,121.79331936260155,173.72866865605232,162.4930736064711,102.40944628233714
23.50111591821788,132.04401922812198,116.79088047348338,165.21469386912702,166.89032380668797,99.56739812055417,26.159372391660504,132.09330687975452,99.93796116283686,174.95258875945285,165.11102398726834,100.78598160782845
16.253996262089487,121.33981207392826,116.46936653497033,164.90869256607303,167.62100260802183,96.89070513961211,19.52964780364175,120.75689992133346,95.221025566831,176.67235000403664,165.75698475558923,95.43645228110464
5.211885657823027,104.82970317256411,118.17655162350945,167.79822489961262,165.97570124279554,94.5862677279671,8.793354019241633,101.28232614639488,103.00579145318927,178.29355608526603,166.6937310353468,91.91477314793322
10.6052556506617,85.7203396474697,117.50865074906164,170.10199418916943,162.66869241392106,90.33991057108024,0.6128471128466331,89.40019532007285,107.52961476031501,179.10895405934497,163.49743831838458,93.58539876892074
21.99214979607834,72.99929098777335,117.9051023713965,170.66590670158806,160.28976114317143,88.91196293292803,11.732924941437492,76.65207624924288,105.286491090438,178.38292791950926,163.08040290513935,92.7876102791451
34.70466215326896,57.14709217611337,118.85187370180088,173.41657032637988,158.2210837823951,87.81639105865354,20.835166702566884,71.69570271875475,102.24404347238499,179.3007802588536,157.09770608139195,92.56076645552949
42.927403717596434,48.63255165397961,121.24308846444825,173.04782721865817,158.8227240897266,87.04264696958764,28.531380605149266,65.95366636741038,104.35640781973238,176.7467995017414,157.66275975761985,91.3732255257457
43.17904995960256,49.45917479837677,122.3190252839727,172.01366208437432,158.34148546978463,88.34016162396325,33.91514843012517,64.07008125347733,102.00023121539722,174.06051393403166,160.2287944940789,92.72054426113428
44.40033059628687,51.293312955644254,120.72534060659953,171.22168363409406,157.65212034179623,88.94362487492985,33.831925523811066,67.33236968836111,101.86079498637703,174.29367092062782,156.15560941239005,91.74648336927977
39.42783046313038,59.880452769907706,123.04975118181632,169.91528673236422,156.09795179700848,89.79415462241782,25.34647124080638,76.00600189125034,96.94702188183696,175.36052756648212,153.49808659951185,90.89024149857237
33.50210935707452,67.79819960980234,122.92045731857735,169.91274086635678,154.7906620002258,91.02255078631777,15.050444524938781,85.14175782814311,92.68558972241375,177.47265094334873,151.41339044455313,91.53921168236322
22.673464137898296,84.70845626461696,123.13091778168193,163.4535805775554,155.77999999303378,90.88206589272339,11.628156703141203,87.87812730623548,92.4019268640178,178.46475909457632,151.69437883978227,90.86538642051248
3.1255911982610747,108.18442763043896,121.036899621124,164.52343738027915,151.81431756381903,91.02986588487431,1.9835062405529484,98.65480568640011,92.90705576797856,178.8470358938123,149.37812120832953,90.27369456818352
10.10711167169493,123.62558944514242,120.39601567260843,166.04135888030305,151.53171710808223,94.21284107215594,10.953242705221502,114.59281873992566,99.56697361522355,176.5534617085351,148.9665604734946,93.62686102278067
19.3856677963193,135.1786381912628,117.62677191655517,165.34575267948586,155.752443028706,98.63712836702196,19.570054568639044,127.61577694263353,106.65057790181419,172.25531080812075,154.18255425156823,96.33050071236778
25.618137307536543,144.85104841833402,114.98824582225349,163.19382472502002,159.30616864546585,102.83776337829153,25.28380279173539,142.0383153060062,102.9508058855289,167.45900928799895,159.4851786497456,101.08281486346914
29.18727638342924,154.0299594222591,111.52357763656788,162.74485965471692,158.20199461384468,105.0131617897814,27.692640214575995,150.50893445165036,103.18483139664525,164.84370230470864,160.53857379369722,104.07236002317836
33.967244800431075,162.82465959283266,108.46408491079079,165.00869364442073,157.2432821204499,107.05824190447782,33.94054332500718,160.07884694787626,116.29378230905547,166.56370776158315,159.17842605307325,107.32068584245945
39.156890338277044,171.31223394159952,103.61604530763455,165.6033111374924,156.49251660449576,108.51921524128475,37.750138234739,169.49082951821103,115.01846700873377,165.60503419303672,159.38244626241652,110.37698608263234
44.039787456210945,175.89670535940328,103.35768122990163,170.66765746193272,155.0917362096854,107.51741771280882,42.599257902838225,173.95040953223634,117.38980597032824,170.07028202020715,159.18566091240908,109.43536550299476
48.85962381611448,178.7308170944067,104.22837571428038,176.2802351294804,153.73785769875354,109.08763829990292,45.56240282595431,176.71712291834172,116.75897602642897,173.19858705441698,158.8673001469963,110.25288081242354
50.346682815462714,179.8335396966228,100.59480666316327,176.2556766717103,156.8061687353538,108.79146045441676,47.67059175780086,179.81055733648535,117.13788498670996,174.92140496116068,159.48160191228766,110.07548168563436
52.5533430553416,177.56658817289838,101.1571557693662,177.51812627317426,156.48077221387337,106.3664747632062,50.88108699341265,177.87558051256457,120.71026232270238,178.55983967686842,156.36394256236684,107.42240767108449
53.190365462187216,175.70300562726706,99.56711716291399,176.16233767687248,157.13891194729865,107.6283449588662,50.80251081126854,177.21987820124795,120.57412461644707,178.3187784347736,155.929454562243,107.57431704090288
53.19991851359802,176.71525086493546,100.05129808773397,177.42830520114376,156.7501761574497,107.90996755464383,52.00299044633977,176.73764536977873,119.30204358408166,179.2364536030196,154.26644879661285,107.58407809277632
53.174409666418036,177.4326265856656,100.09300497582828,178.5036395211882,155.521906264301,104.53039303464863,52.71531560303666,176.8625910154603,115.06750988884342,178.4976752530385,152.62152364520753,102.15640184727161
53.44827117771418,177.53601305754654,100.64240937511309,178.83058632105462,155.5036862282074,103.70041839075012,52.87989102098682,177.10521383785132,114.09981307852787,178.57309707813562,151.58638235230995,101.0052765217696
52.61608592575949,178.26576412260508,101.0881702013829,178.49605591054998,155.42398088398744,101.55851254311516,52.40438937931636,178.46173170917066,114.58227322394464,178.43642367946913,151.86232018352274,100.04690820673468
51.430370191732464,179.92623906146255,103.33349152211139,177.94950827503078,156.11565437305632,102.02071725845222,48.7474345845292,175.10801260487435,119.93838230396827,179.17303048511462,152.0303993788655,99.14532029237657
48.016072912885775,172.59214413954203,106.3500801585735,178.98921761841905,155.6176205055944,101.78073212632815,47.06096453002846,170.08899115509067,121.9689193654196,177.74818755506323,152.09539204797096,99.30243399512827
42.2805555931616,163.3500919432015,108.40703499995173,176.01123764019704,157.43830996216658,100.56446240864524,43.93650754732721,163.93820282835696,119.63879856692117,179.7168994062387,154.34943443942376,97.50693923923946
35.40113930415324,153.53320025285612,110.61586096055075,169.0910207843257,162.16226549504094,98.54232529350243,39.640287102385706,155.40267953191477,109.54471327731014,177.91092144253054,157.19858717862908,95.9938455470858
26.49458239360048,138.3965409373024,118.00336557278972,165.06640424543778,166.1865463318087,96.48999360503618,30.233386725230417,138.36990042860424,111.13360683332876,176.48766314961495,161.26640456680337,96.65181396242009
18.34594629579409,125.71035687599336,119.2079639432085,165.2136843312375,165.7449363417436,93.24728189751409,23.86362955268414,125.40025107736054,111.26504251015047,178.1975316072934,161.58095767087528,94.1399075943252
8.88094310535765,111.89495893745995,118.31551837648847,167.67968746937052,163.52311134379832,90.50312947573285,14.579093215352168,109.53781775978564,113.10798181565264,179.05958156120383,161.4478472932218,91.73257088394124
5.906478980650588,93.82433933475298,118.4486859632934,168.10999285504917,161.91776113970502,88.88176445538201,2.866681875898548,94.35802537411361,108.78271552820219,178.58529256714397,161.72123112083963,92.53564879736099
20.144149023586806,76.46025468435317,119.1005673116345,169.5383103452643,161.45504663373117,86.71391323893356,11.114196602938776,76.42426857870456,114.36976593624009,179.66306343076818,161.47412083123766,90.0290835900527
30.878654616600762,61.8543560333533,121.520706858625,174.13032811861345,157.2783542815465,86.34760252914182,18.00356228827682,69.5902808390117,109.81014503262855,178.5445628137539,156.965966492991,88.7807556149659
37.44516249765777,54.21119976516076,123.75532484229515,173.38702044923312,158.42654127965224,86.82253987699588,23.441100873768068,66.45767405209419,108.77898241334931,179.11314353510812,157.1512348335466,89.45650176616172
41.87277738996229,50.14413101072857,123.59689782454238,174.8665264410015,156.333741015944,87.44085548411279,29.21839809745407,67.41432545068807,107.6142371759591,177.2350521454793,156.7755298136234,90.72531915012743
40.83081714572954,52.06430570352537,122.44598130021537,174.6632554872857,156.38327384589948,88.81865189797767,32.491632654516,68.2012794763712,102.61386973165412,176.9663914320445,153.96624738975126,90.72343329424784
37.27307366785676,58.27273954503498,121.69186182857031,174.78340367892366,153.16255629523675,88.74569738792748,26.438557048230507,73.4553429426484,100.40547066005547,179.249660062151,149.75835887905822,91.00924481832448
30.7801950136409,68.45007237748203,123.70469074726569,171.31666781402313,155.21730935660662,90.7316100203793,20.390456196861226,80.06874247548268,97.52379418057626,178.96502494785472,150.4952719515454,91.89173628164343
22.175223098206367,80.41892322906489,123.5848210917332,168.86023273679592,155.13598983581034,92.02933126699584,10.490494659433748,89.87833651319619,85.891771560073,179.7317705064193,149.32977724622447,93.05797730831377
4.892809497621456,104.43862340920344,123.2864770541614,162.60737925797622,154.3713111941739,89.225956496844,7.162111576894332,89.27376220567388,90.86545250200834,178.62680395636247,149.12715570275557,88.03648089535795
6.561868599144005,116.35750980431662,122.20548874825994,165.21281264458125,152.56254647946687,89.07378464219957,7.854713230379872,105.25256187517566,96.47182169409713,178.95960887843972,147.89074080418732,88.55316945431669
18.421553673088788,131.3099838167606,118.4645254057078,162.17467845304017,159.04496877978568,94.06533708660164,19.98834236028401,123.64836564930684,97.96740470302261,173.88305807272232,156.4618599825744,95.05957294841355
26.098172365327194,143.14448088532302,114.48929812616069,161.8442234137455,161.0432725165625,97.99005836190366,27.333378398443013,139.5192201004419,102.57226642494041,168.93684896465842,161.34811139588518,98.81202199973723
30.89600842291082,150.83396899870934,112.25845784847287,164.66409083757603,159.41034404176943,99.90742568165334,31.728569797690113,150.43966618876638,112.03100923387339,167.7986821814749,160.94383224041414,100.21815226601043
34.6956722866686,158.38308036538297,109.02368936063993,164.6114367592944,161.73964887099137,102.95342706332188,36.42064732369958,159.5469434907333,116.63544879015846,167.74314632035382,161.4969226716132,100.581219706364
39.37859022504348,166.89513883928038,104.84012140206731,166.61600116341592,159.95949950862337,102.68660027833921,39.92627475708714,167.06432845570157,113.94548630876876,169.12939023120015,161.41274514803715,103.37665420982582
44.89865068141756,172.09211078338114,114.78337007487357,172.55698482345323,158.6091544907771,104.94638200663657,44.75820090695736,173.07088178299747,114.93794491782441,172.7975199061801,160.98377176941625,105.0601348517712
48.69474462826433,177.79112014404774,111.78953717975088,173.85882662527607,158.0394025923183,102.40579259725551,47.32218499183648,178.32630462673177,115.90899984694899,172.21541016524918,161.3635225091504,104.039103088301
51.534463234121056,178.72958063687125,108.22570082484387,174.55563715200879,159.49068299891664,102.94715633195383,51.57034656865754,175.80937000118846,109.72667272225098,173.8982787958428,160.55785186156348,102.78250526294157
52.191792069730475,177.3182895297765,101.92357275741712,173.1154107383974,162.16305137948922,103.28539515693784,53.21773577158399,174.26216074504998,112.01115490312756,175.96873904681158,159.56858003044198,103.66662470576998
54.59713988157276,176.40962161003654,103.15993413069141,176.03181391803818,160.9716513992234,103.39199746193842,54.88641243738294,174.48651833509726,112.97440657798087,179.3224196453611,157.6726991751918,103.06881664475556
55.120884437926655,176.1003389674776,107.54927034203801,177.8443594255797,159.53564018775444,102.98137728906678,55.348828431217015,174.71003922992392,117.87768573525959,179.2032479707649,156.98030870501324,103.03785277913437
55.45169459274487,176.80976376541847,110.88940602811104,178.48980554497285,159.6330607604755,102.18133008834805,55.45788961607075,175.04397807021465,122.24578836194443,178.17037819138443,156.27596000784723,103.07049554129743
54.95875232430142,177.3792256481569,109.5461053143449,178.84414562521698,158.57467750299736,101.91538581591273,55.752268417830564,176.23142192831088,121.87905119390751,176.7778771660557,154.97083885170537,102.84419631612703
54.98520375189841,177.2745478607168,109.43107884659902,178.3761958161871,158.54843320010352,101.42920599727346,55.18432694198478,176.80776071285763,118.24378956223967,177.4110032314039,154.6794458342044,102.20034496378254
53.36011536057402,179.43780407294818,114.3200698010075,177.19778207451256,159.5100173393813,101.64822080539805,52.9113858162551,179.5803658446325,118.55642735965377,178.23849818879944,154.13817397535863,101.70186471239698
49.38702584635732,173.89832179355557,115.47287776796199,176.61293781731538,159.96810780400233,101.53996091172746,49.98206369558079,174.0745681730502,115.41810150301373,177.39993666816767,153.20992610808767,101.25100012552493
45.446468190806215,166.30112300615565,116.43553589300781,177.4110605213958,158.14779689312772,99.79156368195054,46.28609434977003,165.5686929091022,116.34565596611846,176.48379728208866,152.44143991235208,101.70865699854535
41.34902373057318,157.79163748055066,115.60447087729051,176.65597193770012,158.1194364239471,98.48770338050618,43.55476981125592,158.11918200632698,112.62921456378028,176.76510891317403,153.28209341259802,99.1347028289446
33.21445929174151,144.95098533889058,118.60491695187221,171.81876265333443,160.25797719564093,95.49740545412057,38.52837265838174,149.68133008505498,109.29358191506648,179.96986007130377,156.47819436554602,99.30896773407379
26.74578360762116,135.251384434336,115.80476098934842,167.90785042241058,162.44956883676076,92.27897717775083,32.37688035640531,137.79342401794182,113.85106679584334,177.36821896128046,161.1070928061581,96.89140405723032
18.247624893065275,122.95927953375738,115.55686124645682,168.89816981731076,160.97403312678503,89.71666748320037,21.567109267816942,118.82534455523198,116.78669629215067,177.88651185573977,164.31260025675746,96.29924575242467
4.973721351529384,105.98505788809418,112.63139485314002,169.28620973584975,160.83379695301545,90.16404083842944,9.701573210961609,101.46645269535931,111.56342081767296,177.6576864777465,164.66541963525606,96.29655359466291
9.0031030994527,88.95685801114114,112.48459654589693,170.64769488730832,159.1519783617832,90.21952287343447,0.21181271718477857,87.90903687059021,116.01193936588581,178.96929364619473,161.72725713739896,93.67603835881292
23.471234187379686,71.35503912298446,113.25122381964732,173.07254569341356,156.45459907269765,88.71450330769082,14.644540731001067,73.94141187264,102.07638631000923,179.6072742777063,159.0601215936454,92.01568201018421
34.466897487499054,58.31822471845093,114.53445813080077,172.72640513536396,157.32168482053947,86.9736463598587,24.841356904102028,64.2844175338715,105.28528635872566,178.01561161395048,158.22318212005246,90.2589047177414
42.920497416121414,51.024774249850275,119.99816809413421,173.1764155674166,155.79928043463389,88.21889984147383,31.25007530760545,62.25369879250053,108.65993887809496,176.7830820959182,155.7743943079696,92.42398424255562
46.16021237996911,49.12269841557457,120.79458254132345,172.62178672304702,156.50835202372795,90.01521419543643,35.270205838495215,61.195776164418135,117.26024267214594,175.3687180964283,154.11250854339085,92.23629766728722
45.750246544717825,52.057887789660505,120.01390590808539,171.42108108113212,156.63263063558253,90.7813121954798,36.200922916176246,64.92857815465914,115.04022083245655,174.11318785731322,153.80503422023565,91.6520194053948
44.80635066912289,55.83978264667051,120.53916999024054,169.9185654060032,156.3154420289074,91.98758017118318,32.05178695555245,70.86658332975958,105.37369332786015,173.2709611478879,153.77603256510807,93.51810708883986
40.32560701808373,62.60504620894005,120.33050322605884,168.75141305508166,154.96545958646993,91.57964313070653,5.859875645555505,101.15170542653149,110.89769666437478,174.9598971272105,151.51896547625827,91.75060264642373
34.07332055229851,70.40765374967731,120.17352635894646,168.0334867867323,154.95393030368166,91.2537630343695,2.5037849913944124,100.61861933496792,107.78435895559997,174.06868694076783,152.63244370318637,91.57396789339683
15.063760997212094,94.94870091353918,120.4585060547702,166.01254403776736,151.55329075057628,90.52369129699352,1.132391524006446,94.17593660272807,106.58586320689915,175.43578448082695,152.89427261285581,91.43449039407757
2.688923720050428,116.57597739520988,119.89079083307874,164.20698488372892,150.510621251963,91.62738313850416,10.720020231409894,111.5640761037972,106.85152377958751,177.5711904041847,146.2197860931911,90.59985877274121
12.951217155565391,127.09626137954868,119.5836799518529,164.03919368685303,154.7279953319848,92.54120387060705,18.347376695023446,120.20584303677057,112.00471893339557,176.38416468494248,152.34238683919153,93.98087106828078
21.030704099717244,137.8981760341177,119.06839910959872,163.15226616166967,157.68357579850178,96.70707783513747,23.407504354223107,131.7707059157022,113.89282710262773,172.17278010028872,158.77054913316402,97.90682908800258
27.486004699785756,147.4079592986066,118.52430011837649,163.77457382739217,156.93380095736458,99.44518588353289,28.6022489326472,143.29429531289625,116.73660165937969,168.17236702690508,162.07294169048728,101.37021852526875
31.136162265249972,155.05196411636953,114.19446591673714,162.12106141710365,158.90839548687575,100.704438852602,32.98021147808949,152.11219896049124,121.58748218115822,164.7121047623645,163.2470830321679,101.53038527342673
35.004924304703906,161.27849045038116,109.81069928393609,163.6959334380376,158.15312913948702,103.00682846796329,35.12095449751799,158.18669481927967,124.22271718146831,165.16498215994588,160.77878343612974,103.02104485312978
38.16091027753611,166.2251048672648,105.99348572773074,166.03080577113272,158.21458378629393,105.9873620713506,38.83900467843505,167.02834108244988,115.80923235376503,167.25609873579654,159.49043504224213,106.11454656684826
44.04242352781322,171.65275600800126,101.534865951436,171.63981278136424,156.9606901970024,104.2333189657575,44.227514046862986,174.1525956149201,112.07762836021989,173.93740577029462,155.95787619801754,103.64507312796121
47.24575470750712,174.82990217341498,98.35856403134875,173.56396920292363,157.8374840886974,104.87180968448011,46.86011017721783,179.10029826201475,107.73748904169129,173.872936489082,158.1626921860601,103.82616805983936
50.36333506972494,179.35847550322015,96.24084645885257,175.10724228605824,157.4966754559954,104.07034253919008,49.26665516585697,178.3247847195395,113.18051942884871,175.79709440495733,155.47263130813528,102.35919853691613
51.93937505842546,177.49779452313715,96.35583512403961,174.2250019756619,159.95473442755042,105.35876476266779,51.26486735227023,175.88074664290102,114.49969431639585,176.49442682817855,156.00989872047563,102.47400637691851
53.37188137171708,176.04556847859686,96.84084616605286,176.0226504069572,158.72744970668688,104.40286789815649,53.45823521471886,175.326771744642,115.43209093797994,178.35838671954366,157.67040370761993,104.29919941904191
53.64125762515429,176.4049640399361,98.05370140185113,175.6762425226071,160.02285388286924,103.59151290701463,53.994848179263364,175.3284565614799,117.30289806918931,179.57833528503414,155.87299790592286,103.88119939049231
54.341978638739185,175.72963629682494,99.41564003949226,176.63936918010054,159.555162753333,102.42343827445923,54.870466087105406,174.61614771583652,120.58007750594173,177.88936733475757,154.39705457215467,102.4517284156158
54.40218688220895,175.3971907081409,102.46072168410795,177.2818819833516,158.62200782230303,101.75044763688523,54.86851280131031,174.86787034117077,125.52487176094616,178.2290363017653,154.35887220641393,101.83526922936476
54.72819310018981,175.65644623428034,102.85788103291094,178.29094090671012,158.0958933551492,100.9002024133791,56.146332690878396,174.67270722186885,123.79192808351661,176.42680568272482,153.781448143641,101.98217938641444
54.979817069035285,175.49810411558965,102.83936733242437,177.37826472535303,159.60122389674262,101.296724378695,55.70794448608882,175.59920151350488,121.83579014762013,177.20570431380688,155.66446211780496,102.99923689438299
54.89749060631637,175.68579017282312,102.79986486582283,177.60518497292801,158.8486207917857,101.21899484592292,55.576884822704486,176.46403615156322,121.67645322468839,176.39220502454765,155.48786119483245,103.93497594812014
107.94680705346148,169.370539932437,167.08161398046417,8.635622952573376,179.7928763755035,172.78307726390463,124.6845128745643,166.73580940065503,167.8574687126574,54.4679504863343,150.6822282659344,172.3336302292471
64.92701745576964,179.67894999357875,178.64741849293142,23.814501599671846,112.36497557998835,160.10209202122263,134.69852319630732,172.56884711962797,173.99478409612752,55.74623144798805,153.2332405577002,175.407503204603
41.45520269304389,82.75436676673587,130.20640274239997,8.451568240265605,126.7534366145107,176.05026741272425,123.4784257680632,158.14842510208464,178.8514504231131,126.82900717561752,90.7450018045109,52.43601312386115
61.23334034862241,90.92571173190703,104.91460595463188,39.89595531607903,148.25385356191532,169.43362134121358,132.2300275150612,172.76267045174555,176.51195150979578,111.2425399383599,169.70592514904365,149.28907158258426
139.4553960607591,156.16344093629138,135.0625529073141,162.91212809033254,79.71641308068156,148.18660231832374,148.8859722979802,178.76975575556293,157.80494510434306,141.76683201410486,117.38206190647158,84.4962051618599
162.70394494654053,176.9695180567551,167.2880968795277,129.98473725407553,112.81305787058741,178.92347348008167,157.6185615429157,179.45173506494785,162.30942517877332,148.8937690365391,104.14276744981126,129.20060647981865
178.85660743706788,170.5854871678771,178.55102005870273,136.23457847217176,103.25982086006316,168.68879197910164,172.73470474254898,171.95375703594425,162.43440244362557,157.96572065730967,88.38465467495931,129.37054706038182
172.73562786292885,179.71680821979646,165.60801464541652,116.55694096431954,127.12122899205022,163.53743608616134,168.01393386757982,179.64510996153615,157.29877449046492,167.53100085279868,86.61195457021621,135.451402152647
178.43782821819818,178.12847575080573,177.75101743946806,96.24244465237031,144.11243566881285,168.29828368800204,167.20911338987366,177.97025340841793,153.60316602502897,111.57621330103616,146.92273886575134,128.4212805961972
178.2359919214813,176.01902949887992,164.89907378550342,115.36897000941357,123.47586730099087,179.85131523782746,170.99910911128785,176.18121849736204,150.77693858324773,115.02179443775778,142.1775802031615,162.7609824868331
169.7923606622334,172.38492811508067,152.86344087611067,144.63517924620618,89.81453426542018,112.23059286685603,160.31842443623177,168.8488094490708,176.39609166390971,127.35478967122611,123.52955452990155,128.2106935265147
174.034310089689,176.01086766918314,153.372216770583,108.56361044276134,109.89382648346893,149.9051929029483,163.63220733702016,168.9629984272243,167.61956841922517,99.49070455561596,169.47846810205772,173.1850200307375
177.29305571556202,179.16857370897915,154.94029657407566,150.04211412622814,73.17976388069275,150.88649095405447,166.88026326519153,168.79864768841372,179.77063349179946,114.93231686658507,137.9822891750305,134.4197380925536
179.03833305646396,167.61236623555945,156.60798335864985,178.70186945395417,53.345729052839225,177.96366087820383,175.34351706904093,178.87225148211377,175.0031230252284,147.35436374883648,86.85709548793564,115.42214811707214
171.79241142337298,162.92055084723603,166.5217414742148,173.1339293715801,61.779497333967704,162.54993790856827,144.26947914313203,148.8290363154192,167.7182155153434,178.4536768265183,44.734793205537486,110.6657899207691
168.31967468902073,172.363162303313,163.3417166349685,170.62712307619591,58.62428164360749,136.78859180391945,138.35121707029506,147.3990283740726,167.28195099409106,179.4837230794548,50.866365379834356,111.90444909191149
175.51981560650555,157.21917404527102,149.89754759944634,166.33547834988036,67.73345151141429,136.180477022036,143.2601005010957,152.20800479606163,167.53153682631708,177.35980927829874,57.699047819531486,124.86861427900246
166.09083106339384,171.5940111797656,158.27441503877753,167.8584498875891,75.1692477816632,134.08526806641763,158.45430104600405,168.86046211597773,136.56988829234095,168.9249250927677,66.88691668818727,128.72494366823554
177.97239310186555,164.97322661138753,156.7499599314412,178.1549701285904,68.88673229251835,135.98239896791637,159.23565501273688,163.09619975754757,130.29364377797387,171.40200592917986,70.11656068342889,129.57996567114833
175.52069502970087,168.98715213346523,158.4238551264434,152.88319187850504,7.604860948753292,167.01194363867708,163.65135457273965,155.21544497657325,100.83246414457484,167.46935439393798,94.87583170641359,135.69913427941012
23.691836761987744,56.00263165623073,117.14228091231573,177.39450621850852,168.0358945313674,88.1723344107209,0.8477071946798436,71.20620402586971,115.1780609280726,175.81728998500645,166.56366639315175,82.02651668130943
22.04047134720993,72.16443304064595,139.54160752624617,177.29736651011066,167.35027056767169,87.03376125634506,0.9055560749767987,71.99867069176193,114.56787329057894,178.3013193244361,168.0292692650504,81.47179093376603
24.756157164649316,84.9903480723075,151.35799784451942,178.8780488228838,167.8927871584373,85.70922730056301,5.312630464256397,75.65782139585006,102.57052597228329,179.87530063897748,169.26478288289002,80.84531847270088
23.920516368280744,87.8809399053255,140.65170022935587,179.0605330056375,167.40723835202425,85.64774181076544,4.113333063594596,74.98035287932099,102.51989095227641,178.57862151741008,171.41287736705738,81.76110377246113
14.10893709996714,74.79842851793067,142.20702853046757,179.9635991734258,165.5464557090334,83.91621372630881,3.9617224004827145,82.71661420616313,113.8998279321893,175.45061679652838,171.1934944166865,80.8252356951123
12.623618484838222,93.81659062890267,119.94341457420764,175.57504465825818,162.68244263606792,83.96628644396709,21.66277433492457,97.46982457699268,118.83700588455673,179.73520443053002,166.8367279206909,82.24153649751484
25.409741281933858,103.21164335313992,113.04045901328612,175.7484105664906,165.58401523880204,82.57130307624047,32.29382828974415,109.23999165446862,120.40013293358064,178.6380852523459,164.743733120293,83.21737078351869
34.651267865878765,110.63907066491376,120.1897964388649,174.24342662672413,161.4368531656981,86.28039900129725,38.81297786516758,115.57223734334615,111.71851052661435,178.37227430965,163.86814595771864,85.08637236715681
40.02974108712964,122.04902206866704,125.2479374978816,178.00602676452368,162.78426919636124,91.8968962985566,39.94357466201777,118.97332382432845,113.2717068073255,179.83471981241223,162.09363620023822,88.79592785490792
42.927295046699584,129.28935742487883,127.09198351188402,179.64989641390216,157.6041553365882,98.87784212765267,40.89706392926413,123.3301690226605,116.71673736840185,178.52949565021046,157.2220605186625,89.00980687430075
46.40520426502885,135.23657358563142,126.45416971469506,179.54787259510962,162.41804877465347,93.69420517799712,44.54240213498836,129.5580267246328,117.34212861661851,177.33388583714606,158.38213582896074,91.44618984019684
47.441484491354686,140.15039124115626,129.67224206633682,179.81979521386603,161.12927015379663,98.90839328511187,47.157013022790444,135.76336862720913,120.97644768465902,177.36461831735923,156.19942823305556,92.9400126987204
47.78726184342285,144.28857448082024,132.32241025053747,177.82942556914674,164.08449107425324,101.53354085527317,50.081409283679655,142.3924434023334,121.55114834457767,179.69079466126618,160.53126854474925,101.31371644306535
51.449607537147116,152.90693449158368,126.32640688348701,177.8511475901325,165.23261042617744,102.51755347297656,51.2994792211348,151.5575744866335,118.5818238665029,177.3858694367087,160.7149948035149,98.30356349747524
48.68766130767354,158.20050099270833,121.18829433602852,172.53746204848247,165.79612729670865,101.12473399737293,50.63559529707908,157.12382067832286,111.19080519800141,174.48625150893324,160.36900540097915,95.96358071189161
47.38004764530647,163.6232439503502,114.92582079119798,170.53318844248503,166.24118422170062,102.52579207462917,49.58272152714884,162.38052785173622,109.7541216732342,171.88953718170777,162.71842263818243,98.80449145495865
49.34726234446835,168.09664529230008,112.75954423042337,172.760960438905,163.99951164653808,106.78663346494828,53.04019831360412,167.87363475508994,108.62838796232661,173.69403293215638,163.49310963193335,100.15268131677222
49.21756815300668,170.99654428042646,117.99703568690978,172.3569529379033,163.36642133217242,108.2539231367565,54.69012612637668,172.42723022541975,117.23334665430706,173.2268539159329,167.58031451914147,104.38162534040602
48.64625662356545,170.2532309653886,126.16303597483875,173.07067971744365,163.3736621860818,99.07505152509304,54.84165198403251,172.08269121845925,118.91111198724877,174.2175320135389,168.1939800302201,105.10665766045659
49.99054320566343,169.40440271378827,122.96200561225464,175.1332943202775,163.6940382377955,101.36722502212461,56.11247223044683,171.15085277987617,117.45714812669581,175.9305402661222,168.7138099136557,104.32509407498353
50.36086071034318,168.71666870872122,122.64296004408786,174.70168292667466,165.37001781057893,102.88603330588704,55.852004609271354,169.948629907641,116.66044501273149,174.07179318825666,171.62555636989072,105.16980850270008
50.53026118594592,167.25877224012444,123.70493412753811,174.84319601717567,165.45250031977167,102.53208470139572,54.94290502370734,167.29828150372163,113.11962485930344,173.87307705350614,171.37154627355923,103.73527178783884
50.75317203388559,166.06496452461684,125.68922026652021,175.5782334596469,166.4845996203149,105.99636038019992,52.50850489050731,161.76412535823255,115.42331925226759,174.23813677065792,170.9016432538717,103.59732391100738
52.55896327916926,162.6824654724431,123.77880899522887,178.68961060812498,163.66456837411837,107.30827977621685,51.59964010214929,157.42429225449274,116.02298079913251,175.67175128022538,170.44132703794293,103.66886287230926
50.98758252906317,158.35544155302424,124.44374193627768,179.75671567325858,164.98803150943763,106.88673483454278,50.38371834195601,153.06871927252757,117.5812684697685,172.11179870437323,174.3396783292363,103.9357258750359
47.53228738721963,149.08000843960596,128.16398493383164,179.09442193687462,167.73342610837085,107.10632734026993,48.70327966594017,145.90525236416278,119.96597300135484,173.114918446476,173.26002555347938,102.3559914578221
40.722329802825044,137.5438416985296,125.86544591277425,175.05884911459347,170.94062304621445,105.27640787274461,45.03243885249606,138.96713548871074,118.47724755476045,174.27999413805784,169.2050702669481,97.04939356217187
37.37256431941741,131.2142796938678,127.00026266971915,174.66292110527527,169.70576383556667,103.69121641412154,40.18222987792439,128.5377251158928,118.51660205037719,179.3115832744223,163.36840140334198,91.71276557966115
35.86142019906886,121.21725098145862,130.7270132241545,179.36101791170975,164.13124546367266,95.70446473021596,37.26032493425164,116.69389497006627,117.99028400214213,176.48152174701363,163.1707044451344,87.71200820204358
25.967027236194202,106.15331408315404,129.87878274363615,179.1926489172602,163.05894748026992,90.62203783686141,29.65351541491553,106.11792649761679,123.39722857774667,179.93647415995824,163.97122000947485,84.54242531962161
4.351261902316097,84.04565359126447,131.2196951423108,174.04606304738226,169.1737191419254,89.04056327145622,20.083643405967955,93.48998041363157,123.85903984829586,177.81263797289122,164.4193258479571,79.68768806474353
10.068018685629799,83.23299929007807,141.62754960627248,172.68414618595534,169.00850322279973,84.68264231029826,11.882679615354151,85.99616852118235,118.27334988087195,176.52615488911118,165.3363248149186,77.37667268496406
23.39966634291663,94.03296699217194,145.16702429164783,174.12754837705253,171.45120963564648,83.92178718857629,0.8432018625962344,76.08763649791159,113.78052039774036,178.47398115689245,168.0817419366325,77.2418368094053
26.367060619255614,77.91788602152029,162.72057481994986,178.85834085652087,169.48108323133107,83.09134784742493,9.13802973215774,64.29897978764906,104.42125559108617,178.25231060467948,169.5288244423029,77.34484424869214
27.761338169077778,83.19149835202819,150.68888367949353,179.680138263582,166.56782574845218,83.07837994432843,4.4487095263506475,77.81864668023577,94.88265327802286,178.10174392900404,168.46368588283553,77.67798268986876
25.094522492173017,68.26644374480577,144.40665889696066,178.96426716617916,167.250234296974,83.07973227876342,0.2418147095596318,78.2330223242168,94.80596815420733,174.32237478073185,171.38832724207407,78.39693800380675
19.374538998854852,69.33782388564192,130.12222052146947,176.94641747887056,166.05820488206916,83.48397911718818,1.441043137885409,76.43954161577004,102.85019985693434,173.65705238376708,169.59042493670393,77.97653796479685
20.55157655640152,71.44073175319204,144.28063042902716,176.78674586996,164.96027764791086,84.23337835740125,0.5501779241504087,78.01713846718266,101.92273123299549,174.34244647095622,167.6246253183025,78.94573453501671
9.93019545579049,69.62554219122424,127.00025914662231,179.3926678482562,163.80162284067157,84.93301891533436,1.8211361576280412,74.58192297954622,112.56366239754254,176.48911642573051,166.51445758029507,79.57280036965955
12.3797175091319,89.97952831885976,123.62861058301287,179.58345460780686,164.0263980438896,79.36341573106704,19.848432608510375,91.91237705915901,116.71604152522285,179.36213235211824,160.44936927253633,80.7971201861492
26.549622139055213,106.01595087051692,130.84179142974463,179.9751817595643,162.56926418818313,83.91559927824483,31.31748668312576,105.49204749226227,117.37555432181382,177.80956948036572,157.55674724548388,82.29849063104429
35.058303288418244,119.78384753767249,128.22758350453896,179.1766203269784,162.40871238412672,95.40624425912331,38.45287490451547,115.47104237686936,118.18292058786764,178.26156671519678,158.81163330634942,85.61615476884523
41.57857870776461,129.4559525877924,126.5699456211744,174.39028775724938,168.09724865724567,99.61632630702763,42.86834854555072,123.57026264638004,120.89126122119255,178.31652970593777,162.42217948510105,89.58914378695874
46.99535981228038,141.75165975563095,124.05797033477626,170.92557626587285,166.67942396337864,114.27577683277347,48.311925272180176,134.26739912943233,118.58466633062065,172.7831752645502,167.59947302724538,93.66586479654111
48.60222317745841,146.46630661582785,125.7831137747571,170.94004203262867,168.2520715810343,107.98123192712903,50.40316971618947,139.16779614735995,124.86864578262727,175.50635176665415,163.54126129789793,93.84012628933537
48.89188270623337,149.9396393576486,125.20521156983811,171.3174666280251,167.96585844547636,118.3415244595588,50.8984151354811,144.9169726117057,121.3302738637891,175.44730482513032,162.20203953841792,95.21095960563532
48.76193292862678,155.67863081712707,125.31743037925179,170.41543605723163,167.6622769121956,108.30201592163615,49.45051125495828,151.5339476976553,117.62430536279481,172.54459620643095,162.02052673587752,96.13721048990027
48.107651962916826,159.25708652018355,120.80676010106676,169.81677020582828,166.4073356216246,106.24535706897989,48.278402927933854,156.35275864605947,110.99550666235062,169.71229344902326,164.64944355527123,99.44805259923167
48.26748942558636,163.02778223108476,117.40107172016486,169.22255090523882,167.9109987725923,106.69306766444278,49.125233334944596,160.60495751870317,111.5289152230924,169.8074884696529,165.78747048339213,101.6759397136565
48.73697329940239,168.08568832191662,113.68133382067789,167.42557588150567,169.52697557685414,108.20626792536468,49.66880705462757,165.6818818904976,110.57527747758331,166.69350432831465,169.99843384090096,104.14697073124263
48.191267743933516,171.34862616021223,114.38958765266412,167.20355920128458,166.75105247435292,112.51226994774407,51.508771591819006,171.42234457596646,112.62245282398362,167.771783737241,171.0142587767815,106.92471300298565
48.048210005375864,170.5633283655551,117.43785392757013,168.19604422712663,167.02410980396135,115.88899934139606,52.18285896668715,170.8124607816096,115.939814629388,169.112472506089,170.2298743793472,105.75265894746845
48.538951978427725,169.78107473929396,122.60651917803459,169.14811967595847,165.51694731368372,106.50161129679356,53.88088494532294,171.88246835900296,114.84266889908845,169.601102270038,171.0458493640848,104.91159450263771
49.471742013774424,169.30277502312586,132.58557560033864,170.47935056289813,165.19136073907208,102.61414145001767,54.12884596641937,171.29490170423924,117.49065834019004,170.83746981463003,169.4446476261138,103.81942163715871
49.10867646675421,169.63754782770505,129.5284761065367,169.28095627094777,166.38717750279756,103.10538835763717,53.5580839322402,170.86366151154098,117.99536231532237,170.0979643870499,169.5414861507337,102.9997046381501
48.606079867088866,168.2964725292876,126.61465408457802,169.0474449258183,167.98691456902176,105.10214567430263,52.07997121606968,167.17558665600492,119.09916450358106,172.11267000468203,165.71819976901705,101.64095915494094
47.788018523120314,164.280324337737,126.65656383610649,172.0497916398276,164.86859923641657,102.01395460902341,46.90757245440581,158.1139237132446,121.41502684258467,171.69957704501485,164.35457499028803,100.3971681905148
45.8060769569924,157.72637818927373,136.25549981923228,173.5320162736842,164.6434065097659,100.92699117419906,47.278518902991436,155.01086659714431,125.83808123803155,173.24748725495093,163.6057828207316,99.14605560400453
44.81161793422067,150.1337282957094,137.12635012213153,174.05795960243708,166.46311208861215,111.86011444958942,47.67565461304648,150.64229057726618,126.24638374201899,172.1153043534102,166.47848909607703,99.28928789830938
40.274222549755955,140.03128559014652,139.42277361525666,174.08796854323515,167.59666321576364,112.96755684125696,46.064275849949226,141.36618896288172,127.43407758431957,174.76979278509359,167.77431899246184,96.91938512128952
36.39310703325897,132.40890749572463,137.93684924693574,175.143980718778,166.14572199273306,107.85874819072137,40.90346369036167,129.43357604280143,118.53777409445964,177.55524572130162,167.0479994702819,94.7492686291454
35.3899761136276,121.80669317869626,139.36636851302842,177.56179835370943,166.18161859539956,104.58760307864975,35.01424981225888,116.40104558786062,124.00843191232548,177.79450680716857,169.56853370722936,92.66207140567936
20.94703637178655,101.5109061098514,133.25479555941638,178.09057264861772,167.44665418595937,94.87148373474463,26.050910156890257,103.55146239054245,124.13564957838871,179.24869427364686,166.57779010470767,86.68901057975697
4.94973074844133,83.55117047187198,133.68485494955794,174.68052752920332,169.79239310059296,89.43858186971073,18.489149968923787,89.83354663183391,128.46284592758835,176.01549886197344,169.67856758588675,82.84319894029679
5.822665676521381,71.43194822926225,132.99811761557226,173.1470906272912,169.39228819870263,83.95119033779619,11.590550480175542,80.18053080944527,125.94402568510691,176.60340293697865,169.7991755286813,79.24636741051027
16.09876457182556,68.11020922285397,127.11735014310739,173.80781819993402,170.26479422335586,82.52207493978864,3.0711678713873853,80.1346536297561,113.8829012412961,175.3637113316756,172.16933274890783,80.09831116035635
23.684150106450268,66.07527791749717,131.4341511738963,174.06774044068422,171.0577859778313,83.24330962315597,2.265687549645814,80.18170384793873,106.84910147334969,173.21993686878588,174.78642166427522,80.83028553246129
22.51260096113961,62.48267504567616,139.58168837334884,177.26438249618633,170.4801525865824,81.45612487577465,8.729040756704967,73.29615638787457,101.6920214387811,173.8600907713339,174.48067739035187,78.9096026228626
20.021764959484678,65.61734338730362,146.24727561372157,179.14364743075154,168.01020409875485,81.32202851373746,13.919795849088073,64.63164728763434,105.12664994971624,174.40477663986766,173.85228162377186,78.66865009533268
16.988010309129145,71.23942060813411,137.70375435019415,178.61094924945814,165.33744004016071,81.62921387665045,8.287369769488835,69.42905886851268,107.41431100875704,174.0628976805049,171.19365888936684,77.92886143337357
10.790370073608155,77.35275027438213,131.63180374435805,177.66205329468912,165.17833518178924,83.61214855915374,0.6367692175341643,74.51025310416874,111.81270013619013,174.39301245615403,169.3770913114398,78.49541887409798
7.142915538101676,72.06315468611831,138.60348271131156,177.81643810910316,163.82813310130527,83.49360844375884,2.748445850089494,74.89023503706836,113.56627255588366,178.1983443442813,165.98118781041694,78.45668902390503
12.591397720345892,91.26598566850912,133.70747298443726,175.95765842711026,162.62147412005282,87.10530308415768,20.80549259374152,92.78399400082988,115.7935140529472,177.21147897669022,160.20237843972782,79.70167765356808
25.773589259217328,106.34661843500288,127.70765069827607,176.22713707100797,160.98926542885962,87.97395076822066,32.96492660531948,106.46079971796757,118.7864653811263,175.69210809769947,158.60421828634017,81.85253636250236
31.486704693583867,115.96650393442967,128.82769229952822,178.47750915436004,160.40027390872442,85.78583161370022,38.24842741292081,114.45385279013675,122.13881539814845,178.56704502529757,161.07280882881068,84.71873453100886
37.86049804966735,123.63776167757808,125.71665163151062,178.55119921090866,161.99328144155353,89.11649677264775,41.02499851874772,119.06090481005643,122.97083268046445,178.13607710912453,165.50483606372603,88.05362926983209
42.71715501647857,130.81086200375913,125.37548406770286,178.28781377216873,163.0884495960018,92.64935484820091,45.64595412201866,124.76148914632537,124.1421617003609,179.5128825712645,161.74183484359713,89.12187154574075
44.51841944826091,136.7941479566844,127.02596115896857,175.33417368903423,167.17879513261232,94.94319245425244,47.409390522580814,130.85784744565171,122.65178725799359,178.10089080671952,163.62093746851176,90.89178591443088
45.851344923092974,141.04892912674768,124.40520779779682,175.21307618842195,166.08590380232826,95.71570962129275,48.99808478002631,136.91790797259554,121.97882073864135,177.2430709285499,161.63692871850637,91.02603601783629
49.70887657482535,146.85926536219694,116.53193363843937,177.0867068177981,166.97923930247435,97.70300363121608,51.54663551135895,142.6122044086994,122.88750619827036,177.0990557149052,161.31385320943423,93.29699966923941
50.38773858502015,154.66439075390198,115.65537156272218,174.1879204360352,168.44725852626382,99.76700599000512,52.56226741140456,150.3759883566275,118.84599471656612,175.6744598752067,162.94930812205203,95.9201593876057
50.082156195049926,158.07020051390234,113.69986269543007,174.1099473162056,165.78810157481738,98.65699660880476,51.42736080692457,156.0297546956086,111.47235691293129,173.92538395114167,164.13634490858402,98.30710316559207
51.839247425941885,163.1606494730599,110.34107189649856,175.35911660990618,165.73607734918514,101.68243869559083,52.15225236589481,160.8064973674797,109.0705353877657,174.4481624232113,164.92083709139177,100.00046447516267
51.305714442220975,165.30093724526117,109.58596144632759,174.73923429310196,165.13567781045697,102.33175290588287,53.413898023616554,165.56121660085628,110.36023070858595,173.65898018783514,167.862384865131,102.78840254336578
49.73882830953864,166.00811213025906,114.0821487699072,174.07228767279238,164.8364607073557,103.31199249623577,53.512324952449575,166.90741935559322,110.32864363466308,173.3674800578437,169.5214427109314,104.12218113097991
50.32032415072292,165.8219201362017,113.40315093130398,175.69545514493885,164.93560683618063,108.18323182082594,54.777414264628014,167.1383079976266,111.01179336331548,173.83292821212618,171.85883731150935,105.53276528906407
50.036735215267875,165.89725093878292,118.2843068917595,175.00976804454325,164.95223418529142,107.40336284760029,55.161057922629375,166.78227045983834,113.22330289173347,174.7677962977066,171.01371636982353,104.05436335899574
50.60961316285239,165.03367224546864,121.63658581797536,175.16304919477324,165.81023760907044,104.08612937409565,54.65986365422605,164.92044309643296,115.02449696912032,173.9771261729291,171.9930164341136,103.60443812533134
50.67216078460304,163.6297191277385,124.23017709815156,175.17759114881633,166.65827198236994,103.53413409592302,52.9940402947854,160.77798853570977,117.66522992800434,174.1929101320273,171.35822064529222,102.55383167649964
52.05725814508027,160.47472527130657,122.93588633768418,178.53252411257733,167.4001790912105,104.33096719269825,51.29259077805203,156.29137107533103,121.23099654417963,174.92551986237055,170.76326628686087,102.23286638149864
51.48102986712182,152.92259257272457,124.9329667576011,178.3893657622618,167.19268199094,104.20930230030292,53.86268692720436,151.5155010683122,122.21679269054383,178.5127089849509,170.6539377116332,101.97401407930356
47.233274489944115,142.99114568810492,128.12017556898812,179.60213498714842,169.83503278893193,102.02711057647726,51.19067970102106,144.3375473730968,119.37383609469735,178.8089768612857,172.1481152989938,99.66052155900407
43.236961520672864,135.64411155541117,129.4059458034722,179.16998339761415,171.41778126984596,98.10724078006984,45.484928470575774,133.58096667296073,122.22635833251206,177.8739153110669,173.76067065867042,94.9572917546515
38.01356221980849,126.01027583482433,125.06541531450247,179.37178993862815,171.80503708492625,94.07147181442129,41.02588423159278,122.94299675166876,121.31296017550281,179.5212980218619,172.87641802328596,90.62055138032127
28.522952434855277,108.67814468434283,136.7786277218881,173.02591418708926,161.50975180371697,88.62751193778062,35.09740705828439,112.12226128745574,124.41252251685944,172.5937477699875,160.26540019972157,82.04466357320715
13.449524243340077,92.14612269099477,138.8862252811668,177.5639420266473,168.18490791945595,87.32520049400448,26.43373512035108,101.28491750145247,125.06262863052109,177.03535081804858,165.03462495581354,80.96639686741948
0.8494141731863046,74.9910504436713,144.3501720582729,175.73766998934047,164.41901611647273,82.02537504432581,13.439866829931205,83.01680234106324,124.68164867983387,175.82420927476323,164.48230617332382,77.54234633953492
11.863250567082506,67.8926783775689,142.16391973135896,175.41316083214127,164.75504641321837,78.8103726161514,2.160034895894234,71.15574124655703,122.78006369897011,176.68975819003688,161.95798240052272,74.54631053505729
18.10482433169089,108.87895983891634,164.5929507085395,176.56737716562634,165.90127259715965,82.6567022893458,176.5482026998239,93.32839511401914,131.14990491444314,176.52447997472373,166.21017621832897,77.7661188238939
21.57480739580141,90.76239727312428,104.39976205186977,175.96036319205828,169.51655294869255,84.659314288834,21.830393933302002,99.61861353896553,140.20749807626413,175.21563108029775,173.1441419779828,79.85895956460887
21.800278602920507,86.33891469256984,145.71552487680503,176.16535943441588,169.7116627814814,84.62623034802381,2.4952975490054126,71.46672333502076,130.12783518181445,173.0555924052332,175.97576558028777,82.44591199147528
17.348979674834474,89.00949117135761,151.50175058953286,175.93755397331373,169.0206903022423,84.26397938982123,9.812494277663362,66.25055253071028,115.94023205366521,172.9425170962295,175.4077662261304,82.58522965903735
12.198660270263455,67.61146328651488,160.87142053116406,179.11579323108617,165.89510181198602,84.26022510159429,8.36339054397749,66.58985788068014,118.27336465085178,174.37347811643698,172.57921765294054,82.74914970277769
7.101211532602438,76.41759243410446,135.90204997956212,178.2518544575036,166.303446566335,86.18298501589523,2.4830444381633963,73.02025214226315,120.1798890647824,174.9751770631284,171.3533933941987,84.27416295168995
2.9451703858445333,81.82036491479442,130.37825811022614,175.92135687982886,162.09687351712924,86.35685261278371,9.88474619312021,83.93586599202699,118.26238093331663,179.57463981598065,166.85693547991087,84.30455859313605
18.888845066556033,96.05255788979642,130.09531383262657,173.24117218191424,161.27591733079174,89.0013657809841,24.14870354343021,96.25629673475912,121.67913989666827,177.81892181576254,163.3339118216082,85.30112233767747
28.109782593120908,110.94086299911419,127.32266126550539,176.32923553703856,164.3709571444941,90.57497336294297,29.469785819659222,105.78382995307676,118.0413697998354,177.30609869890685,162.2490408535618,86.37826137138212
31.01247595937443,117.98516315992256,123.99841570520235,178.50113189086957,168.64323160302885,92.50904528878688,34.39868370735609,114.31605436311709,116.15535530513286,179.36465177258503,164.80285629377727,87.70558769862421
39.050501083253515,126.40620084194062,126.49983530933979,177.4068192060667,170.60524911023955,98.92104459073683,40.576285135896285,122.33497247451285,115.14711128745635,178.4886795334993,164.4212286361786,89.51635501485526
43.696574506416894,134.03294268925083,125.36587279367404,174.3730165729531,174.8651813118493,105.92811233727632,43.780987312564385,127.91295387994649,114.82423933137751,176.10555586032015,168.43959276706985,95.58462285056159
47.03171749426327,143.69023138594326,124.19862634624762,175.03599255076364,170.22889508146505,102.60259342309845,47.98115966953749,139.04986085886398,119.00703072660761,177.27187675425375,163.4698493977797,94.01650272889411
48.74321938779709,148.59245287333476,121.39447678264328,175.33585737497958,167.27298844084405,100.270730131676,50.686260639026024,144.15935560995192,118.54328235345764,177.32053288009186,161.18403414799394,93.86310329379978
48.93772177987036,151.200122294626,121.45104325972736,175.1525559603031,167.19510788226358,101.05549316109126,52.2396928384313,148.23975495334264,119.05239498058391,174.8144247888207,164.80940494650244,94.51181848751882
48.79524104642235,154.8834706518583,119.70278055706157,173.13500051659503,169.32231021856205,102.38274684783164,51.91460637317409,153.70786329294617,112.96591757519275,172.95753348905149,166.33652634838816,97.20792434507457
49.67034172193414,159.1429863358517,117.86486302303243,172.9108685093215,168.21501562609473,102.04045288552504,51.976736808847946,159.25099743701924,105.96952710226668,171.947438124472,166.04542538946032,98.3395235923752
51.42204434760472,164.67911095318198,112.42300736156835,173.78395766815459,167.79356323508424,106.25634460667236,51.46667195585057,162.05996395529468,106.11562656785974,172.22549021814518,164.90432397532535,99.29624346742654
52.02148021504428,167.0248486342013,110.67894159848711,174.43269153354447,167.55844137410887,106.59603481199797,53.171917221457186,165.27080213800278,106.61928344657947,173.03988376833465,167.98450194793688,102.91452701134548
51.78294640057664,168.3252030889245,109.58460458813684,173.4694452338684,169.89647643144926,107.39488532637561,54.655366771366594,167.00247307460185,107.58080956988496,172.2364037022582,173.30470946573783,106.0974647747523
52.786773627489204,169.60475618460856,109.20313762750921,175.21048415414242,168.74530704587374,105.33012390732165,56.05406306829614,168.67876840949384,106.34974819931485,172.94303856362473,174.97902501333405,107.53229276220485
52.50288371900472,168.76519330994913,115.28784638481613,175.19418819521312,170.20156373525637,106.52303393500131,56.39291519736457,167.5706237490641,107.67509284429191,174.25330405509007,175.17638667364102,107.75375687157512
51.43598506829449,165.37778336962376,124.51155762414433,175.2821753106498,171.54441263015096,107.10515979670647,55.865229239037184,164.2630927183985,111.82250064306703,174.09121145969462,176.44529507849128,107.75738765157915
50.9801888446534,163.17553601087144,124.99012469941445,175.08137162315063,172.5865736082499,107.6652834525491,53.96718543594824,160.93641438172142,115.28668426078357,173.23574279244346,177.5737238017066,107.55162971638163
50.32387125144238,158.73292580011167,123.91444261009607,176.80633984565165,172.65490648419478,108.41310228277798,53.10874254791698,157.4771507913868,118.76286338727952,174.11139574232067,176.7966266579981,106.71724270509462
51.802072619333025,153.59875009670384,124.11589317383671,178.69247758366495,172.67488184272517,107.07537227280574,54.77451090134996,153.0685597942221,120.77726399517267,179.17719335740355,173.35364824667332,103.93201063072925
51.655304590271534,146.8132212722207,124.22672701500967,176.68717023788886,175.41501060833122,107.25037228145119,54.295775875157865,145.4156747270534,115.60395811835632,177.32705667522137,173.13291074453483,101.79293871530658
49.56294399860726,139.4440743814447,127.08728739374808,174.76382381811678,173.66962856179126,100.49048242577989,51.354522639590854,134.60361805573686,117.93880980826596,174.36491980472846,172.22726156544502,97.96863311604962
41.76080835451419,126.9178922362842,125.40927850534442,178.66612022152327,177.08151055088922,98.14873783684553,43.17304110669119,123.39140394951905,117.13566043746813,174.73636145792415,168.55618441933092,91.47375393598645
30.45265694195096,106.96130308606119,131.67515300002444,176.6883311543326,178.73872360551263,97.19956074697807,32.90349181321735,108.08647651874206,119.85071815603615,171.26753921109696,164.79422183771487,86.46199345369534
14.91827812681127,88.0057256289516,137.29720159164282,175.04197886754386,177.4550744790315,93.0400424872044,24.623954036898294,95.53638444770404,124.93837384325742,170.50734789058896,165.25673698726652,84.66179439511775
3.6646618607715764,79.04639878464272,132.72755142527797,174.56178498995928,170.65196935213177,82.64636338270277,15.560946844255668,82.69242797200013,124.61381895300379,169.93174169618024,164.34092659336434,81.36832168286743
4.025477168973989,73.89415298817734,123.59280631850613,178.5226641030459,169.52608977492204,82.2250040731671,0.022172718428526007,64.42236790403932,123.2117159719825,170.293121348832,166.82952289392279,80.69960039972672
15.897171722054237,61.6673068260482,132.71644015786697,178.80368641107893,167.37140552866612,83.61904652288649,2.054183948706225,66.40806088897529,120.25004644572508,172.32710806124246,164.02394140570277,77.56331839069144
20.187794856982677,62.676619534766004,150.18297879158368,176.28577798615805,173.62512283402006,86.02824036143289,2.7710140277064403,73.65344414447635,117.91751285467728,178.95386814441105,170.4812424181336,79.5290273602101
23.01940569660319,62.335910257771594,140.3010747133857,177.60970836926126,174.02614390293925,86.21232824125313,1.9054147844687055,73.42907213905659,112.39642943488813,179.62955815110374,171.9669771457049,79.55019255356065
22.5906361551326,65.40397754938824,132.63069568199032,177.9660736790083,170.31733824348322,86.28319203161979,4.72309394722818,69.99995159206163,110.23635145116927,179.2321586335974,169.37315812861573,80.36466141940237
16.416209183607712,70.32664504360616,120.2485664798803,178.34970332428045,170.13274243291562,86.55037559833637,1.9222308596739819,68.71566964210638,121.62359433795315,178.47652684174597,171.78838148275034,80.63354423335238
9.49603762853972,71.7864163613229,127.17812799033199,178.4070409850806,170.28210683996056,87.71880392670278,4.964527850275018,74.60545427097993,124.298012206116,179.5850492203425,169.6791089337266,80.91528496623283
5.219229488362255,72.90333606063884,123.33771753381512,178.9207835125443,171.24899795733882,88.28210286599396,6.10022813373602,75.17276847564169,117.82165225630885,179.43630617563448,169.82639961688562,81.75806881237752
6.6287575830025665,84.13394964444315,116.19781911883788,173.33382804038993,164.79701141493499,89.64024607101376,21.02102172555543,91.01770984444093,116.68362037184453,177.30949427293857,166.69872884837272,83.4537963986355
16.338814198035408,92.38606843705546,118.00843844480545,174.56246545032917,162.78297879201492,83.41531833226813,30.878459759345816,103.69714263876497,117.65842001482054,177.5521089843775,164.00315387711154,83.97568222877732
25.444668608488303,102.8683946160553,124.21954450523629,176.63883827949275,160.3584418024004,79.83617059863249,35.005567932420824,111.29121145745842,118.71046479417743,179.460668984685,164.05283711456693,84.59636412140314
32.850587330885496,114.02780040701086,130.01191985871478,177.17621146205593,159.83819388863404,83.12965741152354,38.69240546293284,117.687915437973,121.94308532760724,178.1607707479719,163.9823447556222,86.21384483874269
46.651949387451374,133.87337582016136,132.12951672294196,176.99133727262858,160.46969664348293,93.80158795495281,42.86717944086415,124.31918637860068,123.77373041600174,176.03819318158676,167.21069039566268,89.97684963429796
49.38480161473164,140.09114149661175,132.41543509559492,179.305639259222,165.93297666754185,98.6032016883002,47.41623062943883,131.94506222819177,125.67005802478626,176.4814773630063,167.3794459969777,92.55065848906001
50.60698119186134,143.91733568722944,132.11769948205662,177.94972582811099,166.37976458705853,98.4426442335526,49.91202288671318,136.99419177073267,128.95696650108246,176.41180028786323,165.58332488673838,92.6370420726325
52.528132407176486,147.59071753536728,124.88469506921885,178.01451014254684,169.01136127346734,100.47330746717624,52.41407045485543,143.04920263000224,127.29354666330656,177.27685268404514,163.3076300728421,92.83568576747065
52.46818584794304,150.88702834112908,124.3494461285703,177.27579547615557,167.7367621066532,100.59309348329867,53.40094014195115,148.71657380771276,124.60764383041742,175.5162917558202,164.2201388645807,94.61354346497951
51.79241986168862,157.64642820253331,119.79060170674397,173.97508867914178,167.35374283894458,100.77491067724041,53.25790183062452,154.68009481091903,119.99483412667105,175.15052092770924,163.72079657316067,95.98840582711898
53.6156176747664,161.11799020144954,116.37027410917493,176.6547162092458,163.50969838523906,106.76845022589832,53.808499406825725,158.78957487646448,111.29100135099411,173.2427366070204,168.81660985460888,101.1882827334344
52.79175891395468,163.74854538036283,135.62168368789986,175.848269904991,163.3862922309812,111.72135722317518,53.47926335248262,161.93568692348808,108.30129452833243,172.06297690089502,169.99604375283428,102.42370185770096
51.69432856940366,166.22189361234797,131.56402095411468,174.7094986169146,164.46070310684297,112.72296311360422,53.10393760540177,166.29840864582948,107.04621949505007,171.07809145232662,171.43257784308182,104.19109182387004
51.86765465531711,169.38197713096812,131.70975401325416,173.68928963066315,166.57378157525224,105.64059565726673,54.311743988258584,167.4358381563069,110.7557535301912,171.63453723028806,173.93907158655222,106.07310584350206
51.999696233783176,168.67654157676122,127.68609465256066,174.6526309080241,166.85992689488236,103.44456985624925,55.32849002187558,168.38498918231184,110.05082122203422,172.57061056851256,175.23490436672225,106.50437968657621
52.75453834300919,168.03406857245525,128.41309634332475,175.4633025375535,167.86291083684657,105.26555777693443,56.35324715744235,167.72234563061338,111.02173597290195,174.07621066122292,174.4327052067682,105.78058155633009
53.813967467768684,167.9943737090178,128.527835422408,177.11224507266212,167.90240618113754,104.97174914524312,56.991830407762954,167.58609004789366,111.42157568440597,175.56224085559757,173.279820484981,105.08616711185962
53.919113138450676,166.50853833411082,130.18034371317165,178.48908393832093,167.17154839210383,104.2689174484359,55.805551357696004,164.17323505641184,119.430358861072,176.22837472573255,172.79826270609615,103.96765932922484
51.980819094364506,164.05775018097745,131.27841408115327,176.86550686206184,168.2763006189952,102.00257401745358,53.41224960846081,159.85208040195727,126.89872005351212,175.67700188794672,173.16950694036026,102.36442224208469
52.68434097237907,157.1402330490043,130.1504633472072,178.96265135006237,168.57271685646185,102.33727612054413,55.136569062348904,157.53257781207805,127.26921530248632,178.43705635989562,172.72383843888025,102.21317870129006
53.844313452450365,153.0437569761941,128.4987483388235,175.9280641443835,169.15770746895623,107.36559164410953,56.137495576924955,153.31289955444768,124.59428219463145,179.45407208952432,173.3461285908904,101.15349324944359
51.82556344860058,147.3043052848146,126.82980443754037,178.35599655540148,172.56149610868536,104.1512529197129,54.45590307841163,147.15169946898212,121.5714826214365,179.39274589522424,175.24248954941396,99.55813960978188
49.91732128776331,139.18662993984194,125.63784615580556,176.60992163736253,169.88892026243073,99.33936425206598,51.229844446577424,139.36437838021016,121.55616093966316,179.14678493647182,173.91161433740356,96.23074267806025
41.53216654519459,125.26125643827166,122.61760012967952,178.3343306501302,172.09348410339868,97.71889138915608,46.232335126393856,130.04816824169936,114.93404583280557,179.08162336125918,171.19257289467222,91.8787167978591
18.6551952111102,99.65693438451069,138.41013875174116,177.58533205167942,168.26770405203015,93.23112019221033,36.628473979935364,115.53374647831214,129.00476237788948,176.58859944983777,166.36985678789023,86.25960275530726
3.1318909054378503,77.84628409781823,141.98869286015037,176.671089454017,171.13983449057608,91.42281551781241,25.875516570976977,100.723208769457,125.83150911893657,173.40482601846807,164.98915497544894,83.17786300823391
17.54982648653297,63.62393203513054,134.66048592061648,178.92483181864205,167.37608576875502,86.72526904854908,17.00616458284739,89.1088314152614,126.57038731618876,176.53213154176157,162.84978919674694,78.00191835738389
14.776302479879742,90.32048929007024,125.32464364114401,178.65569327223042,166.66512369136115,81.93432377956218,22.49913900235971,85.00557426052201,126.7130933001465,174.39374941078893,162.8845544009359,76.13307671738382
0.4536032817786409,86.9057311986211,119.92306467952105,179.19474874710423,163.2446418559469,78.83262898565992,17.763793277676605,87.84826325851247,157.3419645473551,175.38514001459532,164.5556850252508,76.57090588166231
27.470167208806107,113.49287244860653,114.29157746878683,177.85414854934646,168.5103210464676,82.77664632323523,113.9282376111919,171.54103166957745,116.5358728690419,179.8489679268676,169.52864556033808,79.62221230472144
10.441132284997416,112.12841973858778,130.2438974584377,175.96561986546737,170.54805045409344,84.0427155855664,29.42860530983275,104.07828408010114,108.70331534286444,178.0203148221921,172.4682768253419,81.21331416394526
1.264953842559296,84.93287784089819,139.5738219330884,175.85099969582586,170.85689360310184,85.57271176839627,5.310617822713096,73.9425413010102,111.41442702382786,173.98208338782317,175.01874998277864,82.34721573285262
27.61471334535004,64.21803919352786,137.9841681670535,173.2601460056809,171.35888605161446,86.04196560924237,7.65455683218277,69.29269491494239,107.53221164821151,171.8608092912059,175.2368293052493,82.33718574112218
22.61814131709709,67.56065831010496,146.18891053826118,175.15093935810665,167.81413396163367,86.11322450635232,1.5104951628689978,76.52010333745609,109.35995191922052,173.97279583516595,171.6797643372099,82.78189470948621
8.763987079270144,82.58058410989939,126.05396243883904,174.39690492577435,167.3135195032977,86.3829322996051,2.6949755533724136,81.40202895228121,110.09640529202892,175.32991762791937,170.68326192373206,83.37424301095643
11.489693202642554,100.74621383237587,110.26933884521623,172.71985436300895,166.73223965872478,87.72913632918709,11.784760977483726,87.4514290466184,113.69138308703488,177.01526433406045,166.34060743997495,83.27048613008166
11.684001268069784,100.29207728875596,125.33165742333888,177.6135785738828,161.20874760242586,90.49380894557693,28.359029959579416,100.4604813482694,118.5266224547653,178.070115022432,160.75087489705973,83.53103764336186
16.43664745147956,107.71364612037756,109.66767891897103,178.82089572921484,157.23583957917316,92.04541874849713,39.12359781532562,111.64649205290083,119.37797005495807,175.53304021951166,155.93241334070913,83.76211208100395
26.86726912395613,120.00584157863092,105.9520707645724,176.7188420130859,162.54971301124016,93.52159601521882,41.44054595692437,119.05461051118334,119.61201589549584,179.78490191446994,157.9534087944351,85.28151657272124
37.18727137288192,127.4693567015229,130.80578837828665,174.89160231685773,165.70043832850027,103.11085486346548,43.04537427514809,124.30238397844397,120.64766247537186,176.39911407007855,159.892624523151,87.18976516233484
41.60565736096763,135.95964088558114,133.4309814508137,171.12449408004483,167.68640812468064,103.73322047409422,44.046910590970064,129.34375912913222,120.01216869038113,173.21684502772382,162.5900415442115,89.80473714031278
44.40770119265193,139.98078441743596,135.4990355764158,169.91116557584317,168.23000239069927,117.73720849036566,47.80386982273555,133.78483309656997,119.70028346455229,174.95394531803333,161.3718283231262,90.5420736211033
49.09786125791034,145.9720912610987,129.05619356044568,172.96416712605375,167.61573353271854,108.09593124312805,51.26903516061658,142.90165827018646,121.10314070862036,175.2442309652024,159.73029406769103,92.41667525783278
48.067338000992656,148.12342450495427,131.46369494914055,173.2479832617143,165.16350374275183,99.21648548302107,51.59407854203149,145.5310784599312,120.66706431913286,174.92009011105975,159.7949762149626,91.21945369456239
48.67270679709508,153.5886830228221,130.955419165425,173.85069286112196,165.38509657824932,100.19497039079405,51.05729453680089,149.88231966913628,118.25104597185617,174.09920247559162,162.69608649662027,94.97863013977988
50.9932864368774,158.98353325157117,123.2670708574104,174.9732198914336,164.81146966161967,105.6968824277601,53.906877440831174,156.76795608437115,97.71460920635046,176.36882170670552,161.95178698290923,95.77243389889355
51.05442981443045,160.44780707012282,122.5214114713202,174.09583048850885,165.14430046367318,102.59200253002228,53.08156920183578,158.50081014039688,100.00662126239611,175.74798811421485,162.72712933942864,96.93336232110114
51.80894571951642,164.70459187293423,113.90907709560096,171.49609316589596,168.9030702934028,109.3595477368004,53.232320143924035,162.21405381207492,99.73616388243504,172.14677091954863,168.89393395655122,100.63989303566753
51.52273191428996,166.5336224488422,111.03834935736452,171.9804918605911,168.23839593631917,110.42959941148054,53.3530050334201,165.47893876626603,102.0694317576664,172.97349470637562,168.88688481762287,101.80122742599016
51.58842274023434,167.93974912819078,106.23011080085874,172.94535985831342,167.05302751221825,109.61979175656025,54.421572636425154,167.04237444942424,105.72279451417518,173.5660195672981,169.54850986303288,102.17949679695901
51.4019565894484,168.8736354159728,102.7396573896522,174.83560932679868,165.06718911398343,105.84742076561055,55.08434740810755,169.20648202011836,106.54114832066705,174.47233048412076,168.67998783493746,102.34181069107467
52.20404005540984,169.63099310298924,105.95231320693695,176.39852055551674,163.75064488566812,106.74569542184129,55.73681507995457,168.97763486647153,108.26188207039881,174.11594347017237,170.76401190412187,102.67679296383433
53.18531902919274,167.99808196962704,112.76113816960202,177.16498535142097,165.31584962316333,107.22307821037653,57.0774984600479,168.27311489468588,108.90765562551782,173.7880616530217,174.00002955507404,103.89645510285101
53.16732108266773,165.67180203583098,117.90333386750964,178.20790416662348,165.82355874789835,111.84626691785365,55.743422093236475,164.1566270213834,111.86784850559965,174.3711162182253,172.72347886200677,102.5194759018316
51.94645263780529,162.93354168977194,120.0757989005724,177.91280389630572,166.50730043839334,106.57146124560526,54.39531781744837,160.64572246047544,113.92178816088563,174.60371526784144,172.26542652813012,101.86301119795638
52.700066740012566,159.8190103558108,120.51755883911535,179.8018611841249,167.10442221925211,106.61235454984485,54.38174310070563,157.9623304563253,114.42893283243325,175.62103230560749,171.72863064211086,101.26007397197483
55.04284010023794,156.84813121427223,121.15946563708036,175.88135750762132,166.2630932913198,104.29353826440676,55.97524206396699,153.91442766912297,114.85099053531583,179.34963244903625,170.80715096374914,99.84241639887985
54.0982961912056,151.21032075347756,119.40357010713439,176.0633196822384,168.38280623177846,103.54626410981291,55.59442860987637,145.9539536337666,116.23185149728955,178.57309383676346,173.77278139975212,99.8728782903821
53.28218053193908,144.96572534935007,120.46250945952785,176.2735128043029,170.64518319367477,101.34090446743828,54.08391334589244,139.28328335385035,117.9408177903331,176.59544441645906,173.0207538611783,97.51382143228273
49.36235548968662,135.64887636702042,122.12791781134827,177.2618674534071,172.47490041480717,98.89387007465835,51.923550287832846,133.0989804201021,120.33848894120294,173.70527524281144,166.14007422485045,91.66699885766513
40.267846640798176,121.38743132357764,125.22240931606927,178.6528044194056,171.6125622115274,96.19677068270268,43.68959306248339,122.00990865537236,118.89550052636582,174.61045868699202,165.0154091645075,87.41248953175602
34.357935704185486,111.39724841534158,136.6159286290022,175.53670412411387,163.52822999767542,94.35762127902181,34.75758257470497,108.1720029576396,128.57522088497808,172.15291977828963,162.13645402665063,82.68737141444718
23.11122666711185,98.52301037623006,134.22811752070976,176.7181163187157,161.5575302934878,88.69982083166656,28.20903612431359,98.92039391194594,126.4389666603239,173.66472507387317,160.94228276447987,78.71721254784343
16.42948003530914,91.72201737825156,129.98868447209162,177.64710190259987,162.00651555606294,83.95551497087732,20.31229776249682,90.52957700175406,127.28456640452652,179.21105933445548,165.37540830835724,77.18997984472597
10.58488200339988,84.84121356403172,124.49549687242772,172.30811277536162,166.95031278918944,78.21552292249625,15.848765752267404,81.87554057705427,125.86541667874644,178.2349281246879,165.6342994001455,74.64981527243897
1.692166935735821,79.3127886920953,124.21543277612095,172.06541103491136,171.88285103289508,79.12060831167535,6.175551129688627,82.0831121729039,112.24607820698483,175.284909345116,171.59100014184787,76.48227153061917
11.152817243611734,72.24673677766245,144.43247044557245,172.8954450930002,170.17677993043534,80.83494259015379,2.786614852044903,73.84541235865176,110.45527464661643,172.2274103036529,171.6262023394137,77.21379765900421
16.249702306376356,72.9245279330607,131.5929555248686,174.70552195027406,170.87518991448934,84.58760505254664,7.31477186356699,68.79083376081311,104.6211657805381,172.15128404219266,173.3292826600714,78.28650103682386
14.12671446911099,76.50173704796035,124.55819743298306,172.41281497449475,169.73991717100043,84.80504903345312,6.64426882984534,72.97510257692484,104.52650939618655,168.96819238627504,172.74216891016303,78.45845435005658
19.529138221199023,64.1758031450933,145.99732667346646,172.2150930136347,168.23221968979553,82.74985814892565,9.830889425967971,70.06972618707825,106.05040974853108,168.95306448447874,170.44469780451814,77.36822925276145
14.5032156066382,67.39635529995202,133.60322753233532,173.53056043141228,166.98756906687845,83.40906897289794,3.079507265213515,75.85030231168153,109.16688643559073,171.66562703738262,166.9615612279678,76.86660569084073
13.3289497719375,69.12253985696104,111.66243982588477,173.10679175642997,167.85721379454623,83.7538155565424,1.4250467493098393,80.5330580420562,112.82627947922545,169.74631487454184,167.3510594709869,77.26935617271474
3.1721854773215057,86.1250277879285,118.17664460667349,175.74486065249312,162.37648093270315,83.95371580246133,16.141766224734514,96.30611805223697,115.25825529054815,169.36029626479572,164.24831112388821,77.51296845952159
15.905361894898768,99.46090557532975,126.88892491321131,177.03212188082938,161.7589934349593,86.76397510544714,26.434344304580335,106.49726517176298,115.80415440585855,174.71574290065465,158.6975016079104,77.09301651446305
26.26372487106116,112.11420535707774,134.43567250694224,174.87224441021624,165.34004940938,95.12932776895995,33.59735525089529,116.70238524893902,121.67943303814879,174.11081042790084,158.86610556828447,78.22824911526827
35.762667198658434,124.40580392619268,123.25097656593033,177.87324744375596,163.68161403703863,95.6009078470322,39.115874806686605,123.41422413624299,121.45701327082985,178.4250095471041,154.5207765552066,79.25168823448902
38.19658022761718,128.8361110386756,124.98229121949805,176.4366958505788,162.6593722118591,94.53392703861658,41.736093722459785,127.73968784840471,120.59946901410758,179.1616085616239,152.3924355644216,80.64383635482638
44.712143016974494,136.67043205414785,129.7790801755914,175.51128808095942,160.95008996656344,95.35408382475258,45.40697496220219,133.2877201286907,120.33873663120536,176.85804400673968,153.55743059804837,84.36215848709838
46.74773994898507,143.24202654047426,126.12201145776277,174.52182514393058,160.34139431314054,99.16684616110497,48.27688651617578,142.50740727808756,118.69836053027207,173.44795236957242,157.9799311258149,91.50186169730642
48.32389180907511,149.07158505277997,125.2869308341312,169.4743422883515,167.87411557106972,111.45427657008844,50.77062008028807,147.23537332181468,118.31897664476969,169.87451476495792,164.22671120751173,94.51047758544196
49.50241765150846,152.90820240940963,123.7420318615354,169.48797770510018,168.01172293172098,112.76496499095279,51.677057535555164,151.38347829667654,116.41442891495473,168.70018703913016,164.876481596373,95.88722446926992
50.102044563286526,159.77055660657044,120.35249458352648,168.37185067558033,166.37698917426644,114.37154217175808,52.14612595823321,156.98580832977586,109.96966499527281,167.99131722988776,167.3752712776239,98.09968506653011
49.254568392451894,161.73061135745183,118.21938413122554,168.5197594632664,167.4313947242945,115.80470048873286,50.895688913748344,160.73787663696464,106.14734765334647,168.2237435291008,165.69691548165548,97.66583813279863
48.819650710705915,164.21611539364451,115.72410151400867,168.36759115607427,167.6525040278124,115.32438124381099,49.86696363500298,161.73784089240561,105.65094251895152,169.3393300796418,164.217704535507,97.97142199167239
49.2235515093644,167.56289751093433,113.11883502521043,168.159575759548,168.0171399120758,106.25953236237588,50.26612947349301,164.2279440812089,106.00303930148696,170.342243761874,164.94187240578148,98.82582557672823
49.622945009671184,169.74676731905765,112.71368401259637,169.58983194198174,166.9518692017106,104.81565793125732,52.542593612461665,167.52833323017873,107.60516195214348,171.07546619056077,168.83270023690824,102.1228833184565
48.34523197674171,169.47027721148777,115.0615381236655,170.80835770941073,165.8915902512577,101.5632966418316,53.1757159215775,169.05097241241475,108.05449553027522,172.18664862453122,170.02862653029348,103.11348459076603
50.121773079712966,169.18051623355035,121.2828481299908,174.10591029396838,165.49067568206195,103.0664065075254,55.589454575297715,168.9271385606891,108.12237505566505,176.80657540939683,167.3515086474905,102.37960481242727
52.35757942335288,168.77865685617073,120.36097908092754,176.7918268786043,165.03100798037602,103.30755667226587,56.75105005729726,168.21425036005698,108.06689159946528,176.8917522188075,169.45758795387638,102.31477126922697
52.352459786509016,168.1205691712054,120.66044709903144,175.97864794049133,166.17439743289668,102.83700686876256,56.71819253149309,167.86261537625418,107.67426934095303,175.01539771803257,172.12196495088293,102.6185508128303
51.301153787095004,165.62032995359266,122.40629189155383,175.49774389180664,167.78160041051493,103.5618787960394,54.366935633281635,163.1314562893818,110.4672794587914,174.014614247866,173.02254697002488,102.67458328695096
50.87145313663884,161.00267484242147,123.66253569513324,177.18113596221144,169.112177943159,104.44911084877921,52.70692705017538,158.42237430960495,112.80967784449649,174.55858113581655,172.47054341671694,102.5281553495409
52.476591311532836,155.68624055755063,124.09033543025541,178.05296910641042,168.60562818726078,103.44070135074077,54.12950314614668,155.90126168129925,113.93093241727107,177.3020175473209,172.71435742493924,101.42465388168272
51.3119227456234,149.20963683085256,128.64937487006003,176.14251563162279,169.12803953767514,103.00073014661263,54.77402488385745,149.35799856392558,117.75172421212572,178.90337639086087,174.74599898535058,99.73869235539986
48.10861035551301,142.814897290249,127.26104729184847,178.62968397812548,172.04475355940613,100.72455079559116,50.81118842308505,139.87412338150617,119.19543933802413,177.9496047296275,177.71161628830575,98.52669263637156
48.476896238345965,135.01986050446794,127.08443300385153,177.48805279984856,172.14566914770228,95.15340002789321,50.073878315285924,133.99614678312656,119.74692030413564,177.84441344997126,170.6882855064561,91.61576690877914
39.78940945110588,120.21100690255793,133.8594791895231,178.67675735324073,170.5128320650942,90.72111974408003,40.6895693731303,120.25450510573022,121.31325394145395,177.133146651687,167.41125613736426,86.08597696739177
27.817966359679957,103.00604860045506,136.66253096718034,172.24149365694595,166.27865100859577,85.77940529081073,29.956118494561018,103.15013806319908,126.86992571118584,170.36601535391603,159.08696869811203,79.73670195083072
11.586242471587596,87.23312196828262,137.6485132262189,179.9788023510178,171.9875661524228,85.07790946921973,16.69113397641257,88.15049072427664,123.416040010005,174.22079051892678,162.85981195847623,77.82022384590505
13.858217574310121,88.87715346997015,136.443203848928,178.39435782254145,168.16399886116102,79.5439187900718,15.047817076678726,82.24346205204526,126.51536867502037,178.72860095885665,166.80095342204126,76.69531321195684
4.129109040265446,73.13943280294296,135.7471334073445,175.187943780538,167.89071168928683,76.49762118232344,1.7705049110189863,69.4098971392553,120.95353423936548,178.85748967649155,164.9815978999421,74.34228463392766
18.71207713174247,107.6610562186939,139.4939973803645,174.9916340377192,167.1041706290971,79.6466661574551,6.486960208645622,59.82776571770735,117.89010223037744,179.97801435935466,167.59225217637155,76.32687105487769
23.45438347890084,83.38046388997158,117.90695418772006,175.1221113486401,170.277687338867,81.84047422891445,5.599443286738559,61.41445374456042,109.64810836587166,176.54467939169115,173.44417761814697,78.74578660040142
24.860423616714197,70.954783977327,156.37218547213018,174.07848434250243,169.98678851742739,81.00933211160569,3.3820885208569185,66.26293687252063,98.1842104722022,171.01741528159587,177.44833400839772,79.71305299158315
23.1752548640113,65.9988294723607,174.8477871539358,175.37437353446884,168.1001600209876,79.85253371075095,4.96735666102564,70.18605820593118,93.12874486034045,169.70669150906488,176.11519261181323,79.09475306578993
15.110089968143381,67.73387073689348,128.97406636631686,174.84976901266347,165.98626850222288,81.97420130663522,8.981165367444182,67.27946933078526,94.83820556357455,170.80094015129285,171.54402144842533,79.46704595290262
17.084015753120795,71.58497110817297,139.2298453798353,174.00820305262187,166.8886577797449,83.7057699674444,12.723675609161157,63.83413428479555,97.47121909632055,171.56391144689417,169.91880657519698,79.82866777202314
14.938758973486555,59.65117663850419,146.4136451361423,175.66633284874436,166.5044936854767,83.69694600300927,6.389642503067677,70.07849898172752,108.68177128809423,172.14439793355842,166.65352707603353,78.86597330541746
10.50450543749279,88.40690895075096,131.4519468940156,174.588438531953,162.38294260732093,83.43774146845543,9.347725138713832,88.23934153025992,114.59572809252626,170.03997632301162,164.2792333867461,78.97925767715516
24.220020798728925,108.52182293248616,131.93245972977073,174.8919111068124,158.6924782870346,85.70313655313248,18.19097221281149,100.16277248378475,115.09444757761341,170.11964717704112,161.5423579947342,78.75621320972301
33.837959728877465,119.29452184248585,134.52646401363663,177.89924896445294,159.71639656767593,95.42715876462168,29.15514395653795,112.92061521923692,120.12406406164362,174.90575513377067,156.43876308289128,79.42028857184427
34.94136830011715,125.23340817745583,134.69429209822454,174.0284661488556,163.24851561005244,106.46255062726559,34.720034354422886,119.92869960431688,120.04534528885677,177.84977775093017,152.49412204236887,79.82978617398219
35.293344300571796,126.39739155691076,129.76050021853982,174.7740047482317,160.8599700893753,97.85868215694622,38.75527166783599,124.14394554586183,119.49168578754663,179.8502701770137,150.8976362297836,83.14047803635748
41.122685283939646,132.36238040910507,128.8872639525971,175.10733924180911,161.70255061054513,97.6812435470804,42.78322516410677,131.4243572634795,114.5230787258876,178.39934393964324,151.44566041776082,85.03657347962684
47.93518552620094,144.54136265622557,124.04025391390407,175.1258038216921,159.90386925684874,96.00792234416322,46.919172155336625,140.03254585926214,114.35445750417762,175.3077849007395,155.56193920847628,89.13845606879323
47.7005426639302,147.53624065976217,125.52671963809149,173.3763365858473,161.2470467760306,97.9947768755327,48.625585725288154,145.19209455062415,113.46230819134792,172.42133704904958,160.8956923767809,93.43417648575824
48.328410530334075,151.99611751026802,122.22591742036337,171.82786667679488,164.6290536478664,109.7760603744814,49.69426004807673,151.20187406792883,111.19000128628089,168.77832218279727,165.58466328929143,97.04283980640271
48.71840336443783,155.7552414004749,118.84107025724194,169.8469015556284,167.04466964416156,113.6551991461816,50.65002447778928,156.11346914354945,106.45228309238686,167.79620619856775,165.78645731527828,96.39458364848865
48.777980856371435,158.94697907762773,114.40176495156112,168.15782500062429,168.66947474434207,106.408778100358,51.266272957236616,159.93097316925068,104.41306345083272,166.6150571778059,169.22949118992938,98.45859175190456
48.54911606669315,160.92271565219633,116.48505402053256,169.12263940116142,169.01683894914197,112.01769829533966,49.61804735888294,160.51615000201252,105.21906066740523,167.86801577680504,166.7849976850489,98.04925704817104
49.15088785177983,163.44313277476707,114.70023578491767,170.00728161515354,166.77976845512117,111.12069061890278,49.808743736856776,161.957838380738,110.93934230657402,168.9364026538172,166.05988688709178,98.0881763458601
49.39183074802151,167.06922626081024,112.93742782476114,170.1849357032171,165.52344983661766,109.71967219431777,51.26924450399834,166.71344660260777,111.85660384693047,170.87142570823116,163.09080266858973,96.69281518376448
49.65142714730404,169.2050861349804,111.61419971666874,170.44430383403017,165.52108166264125,104.98426310669701,52.7356535711613,170.31908769696372,112.19965958781597,172.219399280908,163.20318630915645,98.98233897475777
47.76650930088553,168.77514974428274,111.28616500843559,169.00622086840755,164.85034977732258,103.35485734569728,52.96053140435427,170.63248568372032,111.48353339537319,170.86090069522726,166.03809363086188,100.44979368579392
48.15698739360484,168.87130298497715,116.309782326229,169.93205873075453,165.65355546202014,103.81018646876672,53.03812729146704,171.46881503049556,109.98940628970306,171.44909362421296,165.70757274496196,99.8058847239137
49.17753755154097,169.14167382651482,116.42639524604837,171.18540377148534,164.81140249689048,104.24035080242294,53.04967088939362,170.8748681326214,109.96204922650796,171.5106521280527,166.3124409725404,100.13978308279947
49.5888919484788,168.84068018877593,121.37291291438652,171.23898299665427,165.34199720820214,107.21640951708821,53.490065358155626,170.33727902034258,107.40677116182056,171.5183780136361,166.92547789240353,100.27811847009013
49.70762469508257,168.02789243435436,125.02211679289896,171.87781435785737,164.34880735500943,109.62204513503632,50.734278096499125,165.18439932841207,108.45181474907575,172.40810785964774,164.64059815518348,98.78432830072391
50.05852461997812,164.09722588681248,123.84242190519521,174.79650704391884,162.30676283126436,111.3359365344557,50.388052589681024,161.275127440112,111.10633158008224,173.18273983906354,163.78838863150037,97.74554437749596
48.63765562837723,156.28593795205816,126.1754579113704,176.77319731338534,163.62724619140872,103.65428277430351,50.39731287870022,158.1813188876478,113.89545117685589,173.9895049148337,163.09747253866806,97.54536478406912
44.22883599141283,147.65891847172963,131.07965120037673,176.59859280668215,164.07210221431572,107.37904418011544,48.69662338482629,150.66704375417885,121.0216050465568,173.9322408398872,165.36886799083481,99.56103428987777
40.78465607481032,140.19822950388152,132.30853290150006,175.86690746371613,165.6606533415042,102.56070895019964,47.42095425560385,144.19521380488,121.42171241664572,174.64790585043082,166.95461190751766,97.32883260980049
36.687370759172886,131.71460518279255,134.33262875347205,177.55214637343084,165.3410947271939,107.37908884386984,42.89475464191467,133.51397355790024,122.06563046130786,177.3056201636642,167.22284565508872,94.92310353187445
32.52031510192185,121.34282846907433,132.23450147559768,179.3367654573743,163.05911361815998,98.29378944663785,35.621664081196705,121.7038383417623,118.56361551315169,176.44676513096658,167.2484729564616,90.45396429142826
17.785314258160223,101.37845792982623,125.66406546205158,178.17378179556303,163.04910768549118,93.24096761915142,25.171595504213624,105.84747031014749,118.62090597598424,178.7024557553581,164.3412011331573,86.87288595063387
1.078443448433551,83.11341436779148,130.99728261374725,174.32154065927114,167.32354197705916,88.46628795559594,14.91117573255913,91.31861678700908,123.42351860799172,175.75688378557567,170.59374120436743,85.0262558739968
13.397825000034134,69.39898517195088,134.21320349445608,172.23056167470335,169.85207404774286,84.94431245787875,7.581774604006343,80.87629605746268,121.7812553679123,176.2057282309156,169.14357963747133,81.5449654745407
13.724010325441606,69.26729179191844,128.70451074146754,171.69333211067624,171.33047263603746,83.50071402611879,0.8038693539872361,71.23396125831924,120.6858530775127,173.79483957213608,174.4816714967349,82.61425164355359
19.945559188780056,61.10023196473606,127.75275595876126,172.4225449907383,173.37662908534102,83.59360885447816,6.429927650593914,64.42295185806181,119.33895597931611,170.39908483031274,178.25737481083922,82.01111450332579
27.529031472651248,61.786565254766494,138.4373666027113,176.378532183785,171.1303984992801,82.7587019302354,3.1596977726915587,81.36940889967609,107.47925826295402,169.66682244460824,178.29917977601016,81.22733484703969
14.435527771949825,73.24420456813145,152.0960376848252,174.62486922410676,168.40485121738948,83.54763689330031,2.1921795621793523,76.61240672831747,114.09307747271272,168.44001647777463,175.32789508054844,80.00135094029837
13.119550045172966,69.42796174549144,150.3939931619349,172.98645579022138,167.42349613763696,83.53813749954737,8.699459646668913,69.03645895631678,115.77541003016513,169.58846203133595,170.3157207014996,78.13948792729325
8.007673945336526,74.62572854729603,152.43283649150513,173.16877387773422,166.64059732177793,83.6136031839755,2.37531458166848,74.75275383195739,119.16943113296642,171.42900073440896,167.52557387391983,77.90232828667986
7.999135034456532,75.87956471186493,138.03732336840068,171.77644028578018,166.75831535376113,84.48087942566295,1.8661037250052654,77.84613865323794,120.18190172045975,169.3574413360173,167.31586613113316,78.81030915001121
1.835650843666285,89.72710512976568,130.58465751550727,173.0151878037744,163.38528577630515,85.11354460395356,11.357935041262463,92.74619636160506,121.06024643910281,170.20110300024515,163.4881168966459,79.45331890183104
26.35647895645006,111.4544953480281,129.16278011716653,174.76070176077897,160.48935716237162,86.70059277897187,27.278976751001586,110.63401307747861,129.2689501060525,171.5413022857156,160.49107201152532,80.81506628077508
34.04212697560787,122.9236285973508,127.64472920805456,171.52332603653235,166.08852590057091,92.15477662511894,34.05214197485035,118.67789640447523,127.19865666625019,173.20904049407764,157.3182152564684,81.17634149529623
36.379473618464566,129.198616568875,127.72385054634447,171.09202021022335,163.81350110129623,93.1630975024961,37.404193081264516,124.5206596261393,126.35419853248047,173.38627993681928,155.15200848440372,82.0854598757737
41.80575546015322,137.27767304187114,129.0939471642584,172.97142372194727,162.35109637658192,103.71220495599617,42.47836975769254,132.60295654962064,120.86661789442688,172.44624530293663,154.8971936738599,83.17221854610598
44.603335690995316,144.87536809543505,127.07078996843259,170.5687001629493,162.90477402022117,99.92996154527653,44.843647187265915,139.91966896039673,117.25808891378703,169.32623278733104,156.26534293545598,84.69039512311326
45.20282831179254,150.13650019183714,123.28515828082736,168.8774804229728,161.64402021532277,105.46572982249742,45.92906229718363,147.40992347156546,115.18690568989057,167.17910027738904,157.2098544103475,86.8973836588783
45.32202999193101,154.94603561722036,121.64957085214424,167.15209484358184,161.54218933317298,109.53208274683334,46.96414677616768,152.0732119316512,112.85219335217913,166.08861741046886,158.21106778677563,87.88091641675308
47.79481060887233,161.0357364206676,118.88769822560904,166.30961426380134,163.03555898067293,107.77624464031523,47.33559854860781,157.90171001574126,105.48742499705425,161.46160038274488,166.93838942678437,94.06591261469725
47.07098898567764,163.4474475339317,115.81580676767196,165.01727586784202,163.0488814804712,101.7648203859695,46.89173339381947,160.25917421384491,99.1639754632025,161.7205679839688,164.18700032729413,92.77916241032895
46.873418492824804,165.33189295257893,115.75959096044427,164.61158920381365,164.61364559339967,102.08492763446944,46.63564690071722,161.9376561860167,101.45835232933128,162.89329023175674,164.25888542863538,94.77517578717051
45.6257146434878,166.62690645973214,116.28756639496139,163.76646959634178,165.9417509409039,102.84010026130198,45.92051729468511,163.150332071017,105.57542665363236,162.83621084570814,166.55756665894083,97.23499996114668
46.602764557302166,170.20636927013177,117.3780300653864,163.25429052039945,166.71861609012834,103.39187223202264,47.29650790119567,167.35026154104892,105.52226721728744,164.97604492985832,165.58677859948315,98.59930048383453
46.85844113264398,172.9544344696853,117.75124323949774,163.14817602379276,166.84783066931507,104.06941164740654,46.58223051433412,168.6080069124436,122.03709596630529,163.79716806889977,166.3484193599043,99.00460151276366
47.19400715060107,173.74459028405013,115.12758599432628,163.68117427430707,166.17029835276563,104.43682410653358,48.05725162042014,170.63689882482927,120.4991178623827,164.46086490034838,166.66136195724232,99.53750285071646
47.187957554270504,173.3213240233646,119.49752495557722,165.5045454861204,164.8778939661666,103.51905865443112,49.265215151635765,170.21190091466102,119.40650766270485,165.3225348252978,167.19099961372078,99.4090195059523
47.983150736340875,172.8183063639679,121.07844376764498,165.6596736168182,166.35717394824775,103.79001982482903,49.69661886452865,169.52830311562545,118.4929355795554,164.72425959914253,169.2129618146776,99.59866437984095
48.12115823846504,171.73189742084156,120.10306322800916,165.85529419251895,166.44791429966,104.2088525128969,48.40615141613694,167.00536206001033,121.8494446214467,164.15543591997888,170.00193429749424,99.88351183642922
47.27007362019693,169.28839194215502,126.71475536622276,165.75034128469701,166.3052657233285,106.43053043208643,45.59655739040277,162.8332679945262,131.07659293830395,163.89907939064094,169.41172731608654,99.23459885149623
46.87989636602896,161.1625438730948,131.37291433305924,168.53223926646197,167.29493985646903,111.02854968438965,46.668799471995435,159.18293709512105,131.23817856222485,165.42489767576902,170.3018321410111,99.73751996560247
47.585156218890695,154.32675650363942,127.85877728129005,172.4661793714138,166.18365414238318,109.34182281049948,47.54564834958288,153.6289597561232,128.67148419724015,171.19747720974627,162.7670174069989,93.73951497019905
39.65190104129515,140.68294627743373,137.09925582570904,172.40027158853496,163.13049846581404,101.53324071340238,44.77113323221869,142.46360762878376,124.67164247780345,174.35379058384373,161.3651592747982,93.44815408146418
37.82181320047031,137.50233535503085,137.49472979063427,177.74415906982978,156.3531366245873,96.83329517906974,41.024242969340804,135.4398383014729,125.13430525730797,176.8060365611084,161.74417325238096,91.83322793599898
30.610615528683738,123.92651206601903,137.47830593811636,174.7793247316147,160.292123361743,94.18793568684218,33.6665689092758,122.83839157588646,120.61663779880347,173.4858155607198,165.0273666781167,89.86726529858686
21.045109168555612,107.86459738857505,141.30443100671988,172.7042544929822,161.6128551348091,97.18972733011458,28.136435050336427,112.48035106505273,121.68237744331861,171.47770776586862,167.75546611758085,88.24622957095455
3.1372928901720702,87.27267945948914,128.04380777810326,167.8254874714866,166.69229888235836,90.23019125614223,20.997636811845176,101.54078255566785,122.19765679090195,169.9110727019342,167.10935211132087,83.42005720197196
4.552067125067857,83.71976183757316,126.94948924789793,163.90622496238805,168.4393191838003,90.11093073362628,8.687409910260241,88.41778405267645,119.92432234789241,165.08254802265503,174.11519374920533,84.01126805289898
17.93522436415335,65.90961831413676,127.71304723301917,167.86425409209141,167.84449289438325,82.91802060666676,5.7377239214642035,70.20889749218505,112.35494307392399,166.4563907681142,172.71447121749608,79.25051626518169
22.583693822472398,65.10756300024588,119.30310707309717,170.7899593734198,166.84242014015632,80.79346709054262,9.246732457868832,68.3969619077593,100.54207736936932,166.44087380397065,172.41099337829587,77.76042115022936
26.074466377564452,62.02495326096759,117.2969217228502,169.39489995843272,168.51219112978893,79.72597539834683,14.776499344320706,66.41748217218999,99.44341176202815,165.93806048684436,169.93565401097578,75.21856512833281
25.599560140447494,64.01751559494505,118.92550746496178,168.24794168030257,169.43197505147424,79.65455699813728,15.171806274379644,66.9154087549477,95.93326522914627,163.4724145053719,172.50627430859433,76.3694550082034
24.260518636703555,68.53079538184996,129.63437888645916,166.15920238078036,169.9811291244024,79.91917729051112,13.41728114949507,69.11968240570506,97.58598619365068,163.92871367327112,172.81310792442494,75.39493724014021
23.81122199158893,70.20701912427303,144.60400273385594,166.8007416864399,168.70595133526336,80.64453821511655,7.295325236365429,78.46979256718093,95.23648295230642,165.35604747643626,170.88002991053526,76.05492360017563
18.26726131132568,76.08550508244844,132.88918697354427,167.31054520205697,167.63850447953365,81.4690080561522,10.420126898430114,75.10269046139723,96.56687691293945,166.649211914519,169.75392265478774,77.0683597609692
9.84955853602232,85.96330080160196,128.82008667209115,163.73026893542675,167.8216819504118,82.12399782695526,3.773104256542286,93.19181549733996,100.98344988025546,161.69903071244735,167.5705638081176,77.21168209998345
4.758519846001763,97.33113460896669,122.70444855467895,165.57019005595296,166.6732562342789,84.23661823664989,16.83648158536041,105.92046781772393,103.09139792547441,164.49483031870597,165.62945874081367,78.39108166068714
24.467588030992406,113.77001111714453,130.98388263934825,172.40704744977967,160.19341637361416,85.45067562274309,30.65453854162983,119.12079968693541,116.34942380253483,169.5209048841794,159.3884294200608,78.49360016587269
33.34270893168364,124.52556532012989,131.21450373877025,172.86780489867581,159.36291196445762,90.38708917487277,35.97224221685968,124.33309625961921,120.00932329128966,170.6727907911232,158.0559353781478,80.65076146666995
38.15815133202833,131.54825658160556,132.2567497905289,169.52611157319413,164.35233884426552,96.97560592175505,39.165785786923344,130.17198269756494,117.8281316623694,168.35280625516532,159.33258560742024,82.63992774532201
40.71240052022021,135.38849504499552,130.1404790613228,170.11912386401164,162.93784370003763,98.57714384060125,42.21605756160076,135.11542757131417,116.82436787719243,169.84711946340417,157.79123283679417,84.6368683721862
42.580673710282966,143.76255630843863,129.33850838223225,168.55431509051277,162.09379879400075,105.21494719807035,42.56119100372086,143.72884916307672,114.01364150828583,166.2175778191038,159.14684643449422,86.16619427644278
41.764781309313726,149.58925729304377,127.34828079709233,165.1322316911433,160.77263413775674,97.83395686115554,42.536060401426084,149.21459627191174,111.9369369818605,162.5633504358141,159.87925033427393,85.1994637787814
43.359444949574225,157.1859299274081,127.3920434226543,162.45653152996817,163.77086836065908,100.75571800799678,44.57596218318324,155.34992281326518,109.2489399348903,162.12556650603693,160.87966748633661,87.5434333911893
43.92670667387477,160.3532564069185,121.67491373366514,161.60573930405155,163.48299370533945,101.300605550944,44.32591555346291,159.6193069009304,103.27517538998829,159.99357113960073,162.51861107144953,91.74400503543373
45.23277755751488,164.0972757994357,115.39738418453597,161.25973970529375,163.14612644225835,102.48766759063693,44.74883323009132,161.69773160105666,101.41656081249396,159.31850262083367,164.3059278826728,95.88586879653418
43.43293566772528,165.36025856427153,115.61282523299029,157.65736732026082,166.22735313197404,102.9440032710913,44.02644266530721,162.67347887839117,104.06931347003038,157.78286792527066,165.75738788317918,97.30490590907596
43.10753896581018,168.99449508776988,115.4304937969852,156.90992599602214,168.50268830935892,104.33967693509716,43.29627854819035,164.38009786225118,103.8905454114109,158.6979730868156,165.86739394310553,98.97365726102109
43.95338758385517,171.7186790960723,117.22239867706641,157.45914866457687,166.3963589551301,99.4881724034038,43.94623077581278,166.1979055330808,105.33031158534405,159.61796355216774,166.2029669143444,98.90497380327464
45.419024986940485,172.73100360785156,125.29473417570507,159.86715079642173,165.2654141059661,99.96973021184115,46.62486443111504,169.38457493584215,112.09264294839598,163.9590351463023,162.45909414399884,98.58340368561105
45.94264327932113,173.98513827630302,124.48277085086362,160.96965725012595,164.2241477087298,101.889253304053,48.182959169259476,172.53102539080317,108.59080235685607,163.16171381655923,164.46338695588244,99.56867630426645
46.73638057187685,174.34712905224615,122.04794429184511,164.32352766670726,162.28305402814817,101.4862027071903,50.6363263410119,174.6231138164668,105.78137158692957,166.38219679489734,162.37919996917165,98.6587980318376
45.99233655252342,175.5207247099604,109.16879010131261,165.24615563548545,161.23893580090282,99.79939516077198,52.23862188260884,178.00754317830672,101.43392147847965,165.8878848682483,164.22533680663338,96.51050457645017
46.44785275991087,174.65051077985927,112.75241954761627,166.17426362660646,161.89668448623158,99.36270491967673,53.86320380322705,178.464925372457,100.94548755231388,167.51484107384857,164.46428048572145,96.48033718979089
47.26326660609452,174.11530763824123,115.17628329333792,168.10254772523302,162.2515295628816,97.08902066218859,54.407341802112356,177.78714707588034,100.59193387872989,168.94465107796768,163.1956387826955,95.87966252858465
47.299358287958675,173.73982661188833,116.8933716479082,168.12994827729682,164.2320362322707,98.67803817159033,55.03264238937153,177.77689062461718,102.14218078381744,170.14256852974952,162.44343840760106,96.07059113771594
47.209297980928554,173.03248850670863,120.45254244764214,169.6075464272774,164.14478429650686,100.05239932516444,55.54005650523678,177.07466814166125,102.58537266195735,172.39070784418584,161.9615780570322,97.15738139240074
47.34620099951857,172.40357075624908,123.04809866308506,171.03861226073408,163.22601551202922,101.2181744083223,56.12636289128392,176.5366888542928,102.84006283479269,173.93756889015737,161.6346322507231,97.62811245537209
46.92560923203505,169.30013741168386,123.5901760007457,175.4530815397367,160.1426169493089,102.05720676112182,57.77842323557387,175.46074740668536,103.48899675837158,179.30213489181986,158.67894665264498,97.66844370501121
49.71747222869849,169.1570724626811,123.46033972703681,177.41457501749713,155.45156545112923,101.48947045293306,60.539143855813954,174.84279482549832,101.36249455156532,172.74112940011327,153.8259872732849,97.42866582486585
52.83446573118831,168.95677724069094,113.80080385983817,169.2220663189429,149.38739872313613,102.78392534482838,63.82180048539666,174.78083280265102,102.33380252287395,163.7173901238038,146.77785658926567,95.38015335475035
57.04738461618862,168.78917746336518,117.09972226331661,160.38904047747602,142.91422321707364,102.68643326166188,67.99013526450035,174.6627562465889,103.12444167922705,152.34832696071123,136.08959124503073,95.91484494835075
91.55310026149772,173.41743778329996,162.5773997225465,122.75058011618037,47.98791422132654,152.44104783420389,128.53661061960975,174.15955524996775,151.02143989028147,130.39115012582207,61.74059113097862,168.91155156579362
100.29691599145787,168.94859383693944,162.3459589417902,124.5683510124713,41.92327842396014,145.11076064144459,129.52777882497472,172.05619599439032,127.32793101983287,130.6546355388321,58.27414628331732,177.58164574988075
84.99663837372371,175.9588770029537,170.60161473173704,129.56222449806975,26.643424964338372,145.3586631867673,149.25383915189383,161.21110380632823,130.22760661006356,143.47618550543984,65.8657503717518,158.18304916857784
121.19727785569718,150.18136800586845,158.68408365067228,147.67772977818834,51.86530714386732,115.67722966161483,166.10566103706955,165.57418737094014,117.95370510226049,137.69654568931387,65.26320149981518,151.41413258621208
125.11081722112466,178.4557183616085,118.98619146055117,143.55753636901716,49.56102124355233,153.09535075221328,146.6077706972323,156.04436513894834,146.19624614069153,130.44488030493812,52.446041937267445,154.00800478229365
111.98565208125673,153.60567275231853,165.37416651163028,137.86109837373246,44.71177959004345,140.61089889347596,43.82776205584931,160.80402797106908,164.97090908089993,132.662733135556,48.75565973394587,149.7296971270816
85.5196077986812,171.41400340935343,175.2991062569111,143.76466835127152,52.30452831331566,132.28850088952078,21.03962406391417,109.65661919344994,123.46642416618712,144.60792341811424,50.70644115269356,145.15671586863792
51.02261815378096,157.80848983018413,175.38596575871216,155.58418763254036,55.81563379830248,137.83181278636982,26.07391382155697,175.57297739818566,174.56046978086013,146.14116094242226,47.89306614130535,143.13825603883424
151.58190887374982,172.8403730841963,114.76508550774678,160.41001710866882,49.36710503975977,127.94929804939498,146.36825309394337,165.73856276026936,136.30441584846105,154.45854027692752,47.79343955947728,131.56443690983087
120.12093025639253,59.66009540229791,7.3697566714497045,162.24273854647637,52.93326865778127,127.61995242818496,75.66855236351094,65.11838242098712,1.1985998821423332,153.404511946734,46.791786716080615,132.09483876126095
98.57451258225358,87.17419514435716,166.94115082028844,162.81667583725752,51.89013288920545,127.35681651519403,21.215398001403997,164.84100803347775,171.84592822203246,163.11174921607184,49.70859205320121,129.84195510732636
44.51442959468886,161.60742398275318,178.5139033968886,170.01462176498148,57.00810439722292,130.44243429029237,31.20456347005419,170.42249447605818,179.62461650115165,164.1726055996704,51.10561109659679,130.58634481971268
62.54767533002499,6.345153844327933,102.51704581951306,173.73745124873804,58.681078886372745,144.88763057893576,25.832377754715196,11.266612757511888,123.68707340584376,166.64255479931856,53.625674742877436,136.70282209892946
115.4547359251496,54.58982428720233,25.395359405663022,172.09718585452006,56.4910755193042,143.54043454955172,84.17692644455325,69.00391832205536,120.84184327248471,160.00795541092643,47.57888123194947,137.6366390578472
177.34216228917057,175.4252251981884,159.5192636819359,167.5399922478409,47.25842289363179,145.43807572211657,167.41862699841587,170.93191134747897,131.93751258715434,166.1280854906268,42.5010193752847,132.16961013298703
121.3481550104397,68.37760041255608,152.7204968131014,172.9524021254866,56.93493126903217,127.69538051978105,50.80441533786561,24.791742837618074,156.3301659653627,171.79014799845976,62.83946863998295,133.62519982687792
133.80163993750094,98.70646062627351,172.801916017241,171.70529787976741,53.019716989033896,113.90444164225464,115.94796767423479,80.90712635528403,155.65338949767477,169.5429109813216,58.58795561976759,129.72043755652248
48.125071870511874,2.6965576296878893,177.44070291973762,173.6506921172461,50.48766707832421,105.76360349654159,21.131948259817634,130.49198872561936,179.12359278461088,167.27841173850433,56.86119305589891,133.46497636226653
13.355752310449558,173.59112941882867,162.40805436514282,158.5648684341487,45.91370552563991,98.99675877669414,9.712594687052531,167.43200564439428,163.78251198038618,147.7155691717249,50.11669047816275,131.37784636475232
10.892555523049266,172.68821225735388,134.21764021995307,161.7607202351905,50.38126278307408,115.00885923093671,7.204223658456331,175.6858816916936,35.55928388837303,165.4431965528621,67.67191977146436,121.1488639858275
9.35887054457312,154.59258670244378,150.99353300515574,174.55063098552688,95.17234952283798,143.80092248514134,3.678446251574698,163.6996791824712,175.5330721483739,159.19127627643692,75.80106322350512,149.982814521173
8.07529575303076,157.66785341537863,156.04310742041528,179.17394378895762,128.90147324922356,167.93257614492373,0.628648989069024,153.05994895764022,169.4850212946701,160.2078786554854,88.31972640786428,171.00287093525534
8.306211804534637,152.22493245007215,156.26117176211363,164.84484632239923,94.37630647250747,143.63902465863305,0.30646739788399885,75.96310781284879,73.92320921628317,168.8647582201626,92.38985054599098,157.65946109583535
7.873296660256998,155.1928796022609,165.8051153925799,158.37231047470888,79.84041813203339,139.34190641418041,1.4866751450725795,128.83426097984332,101.24069948534277,166.22557268557736,83.94981463024479,158.6382100692088
10.622275817222494,160.44771240208996,162.89965797484393,160.92291839691262,79.10601289199398,142.1714066973258,4.435973065509944,169.22291328333628,174.72610900061275,159.92638714660197,64.06948058047386,147.69669894922936
8.47670314538012,162.55100996581407,156.64184404977144,160.59221102744152,72.2324048238763,136.76152559830973,3.7525801184782313,176.66162723628145,165.2583264016899,157.23634763713824,60.27330475721459,139.50250130329323
17.072726398609248,174.01587239068704,173.43547071548986,162.41820211364558,61.425197753019766,125.36774430354598,9.375317745169191,6.777141386867358,137.33105833765342,151.35099560852933,54.751520695310916,128.14260810651487
162.8091348255813,99.74333964432535,140.54671955325796,158.85547987025834,44.77810926799465,104.29160854548807,176.62750700827903,163.94408918063382,131.14231060956953,144.52790957672374,42.04779874076416,139.29214534253012
157.37272719199152,131.6726093657754,134.53022236093685,151.69795164403948,37.10539007747019,138.23360377123646,159.96895258467302,139.74181777743365,144.2235340935728,149.74012999903837,39.650804784023194,137.50590171978217
157.96402165925838,96.4298830594516,121.7781084234047,149.9481750933817,31.809375109942255,144.08381889307591,151.023179179083,115.5805245232846,140.99611113788683,150.1828944507519,33.90032838517351,141.86426713900016
157.77240293234055,113.25785997127761,102.24721658371212,152.06477397913835,32.69132976008253,147.41112828068304,135.52204801377042,101.99845651886808,141.91777444028665,153.53115706424327,32.96245806551203,130.72622666001735
158.55259254509983,116.67833427226797,66.17947584314189,151.81703478263645,31.447010830568896,137.29452664244346,134.12755168813771,111.99681516973163,136.97889848494074,154.19372780500913,32.01131625546707,137.6010849487941
162.18601473897195,155.81854653051928,103.27088543500729,151.32846260013454,29.68369791913398,138.56202077210799,9.516441218909733,152.54125804025674,133.46517464171353,148.18750144036284,25.821586253439666,134.0416763689719
154.8277114092649,113.20203186226588,126.83204023480414,153.38902130313937,29.02925297349346,145.93944065661347,3.17089056935927,176.62930505158752,154.790874671312,149.0249651111397,28.961011641267977,121.81614491998072
157.66938713834406,124.90589350168547,164.9229861852042,155.68055952135103,31.096395444310257,142.5523443351066,2.097206834778603,164.35600819825433,142.17258798338034,151.62903043607056,26.385334063363192,121.42777604478492
153.25859387115162,133.48309908467803,156.86535135723605,156.81716458009953,32.047402481496945,141.2446324609712,8.5708265151136,160.1127855104198,160.79487931380942,157.32381077727297,28.748881716101373,123.67936072376159
149.0935339176531,130.66574838763364,152.89905613891816,157.84302925067524,31.993010557561796,146.43052154677838,12.300805921396272,141.81304480812136,77.62780223260647,164.16092403322614,35.951441331677,121.70562562789644
149.38500412228902,136.44011864559815,161.1142427659977,156.535637051639,33.31997423522377,139.0071669924802,13.106948498146219,128.67364752946727,49.254211058866794,163.77855394578432,37.53845619974723,121.51228324550333
153.03547823662845,141.2623200250304,149.88443197749243,145.62708613375605,32.21385655001636,143.6272967089393,125.54465540917255,134.33344196338342,126.14996573041032,156.29007926044085,35.84374565223429,123.02837247784079
155.72538533631322,146.50112112125353,158.63111504158707,162.85639378780687,55.761762346079486,132.6625738899703,171.36378735985534,159.6668621682247,151.6051263031015,160.10899834017474,49.6768464406435,125.08524193465598
59.564864002187335,35.790464684253934,143.64269797847672,174.41005973839222,69.97497103960282,128.29962993562427,33.44786569397894,56.74374991906227,144.67799600562768,170.72478897947957,71.38433180923455,122.526149206517
9.120739242658798,157.2237875042216,128.40750209085442,156.52637286645665,57.27932272603568,124.14021209210122,20.935530858551793,164.52807561687615,147.2493165423815,158.49992620910217,76.88750688065062,124.20258435807409
5.341199951148955,151.90053663546195,157.34759132540273,152.56767969778906,69.54366489362491,127.40531924012389,2.120540755116252,168.19175645750133,162.12440159363257,157.17350781106344,71.5538373892813,118.96595633653443
11.452600952084051,165.99748045860525,179.86275316660496,152.0804080277928,65.47819724533854,120.59396383021739,5.8021470521710725,167.16996436649558,174.67660425169302,161.0693932672716,74.48235663736592,103.38950039124349
4.893151026738082,160.02898151433547,167.96305637782316,150.8286425684724,70.7699699780605,126.25661493583698,2.487587039072754,165.5659144765997,168.2724656343433,156.2297365434746,67.61961790001054,131.0698997258774
6.759643681405097,161.53968184824416,154.34322311376272,155.54421662631538,74.69753736806976,146.1721100459509,4.064343176211154,174.62231531452022,160.70681808722028,148.22505340729373,60.40246579954315,143.6591778486672
5.0829481239139485,164.41276270602114,153.84347631989237,145.94707173080718,67.99552682245306,138.45717656316248,3.5826882050280684,19.058784950944865,175.28230397744136,147.7254590779943,65.14253563316545,139.69930964956967
6.8188014676394575,167.90146450570404,141.21693961109483,149.7712157215592,71.8150145351298,114.72556013083872,50.790086330236704,37.568303166544894,156.17846705984206,152.66029310248769,70.28700404831896,141.72761472936565
137.49134883369692,143.6373849843782,104.14819311117095,146.63000144298616,54.32617014447905,98.05324660965485,129.99083255569613,130.63391905319588,148.67482057529904,148.6509045656943,54.025668643669654,145.82365340519493
148.68148873489602,149.38044884853346,146.307134096171,159.48120543037422,45.19669515470653,119.95456429653986,162.92188597766673,159.13163684129995,142.1959618835797,153.59367013477433,48.01539959627622,141.48785143312628
130.66278544613658,113.7062720131992,111.49419506950882,154.95280798018194,44.46496898663919,148.8638844006787,161.4053952383725,157.97343484228722,132.323223860374,149.9498811304031,40.07990354493837,143.14307477468464
159.64534783933317,142.206470940848,125.4231570955071,151.44670146647303,40.554779196893115,136.12882066781063,156.7338150454326,146.58969159643215,149.6832010933087,150.91810358087113,40.06367851916224,137.6746333430951
157.73540544711565,153.70571454070998,146.75182018334448,151.0119962038035,35.728658809716755,130.0926060597896,3.14995914668284,168.53120059549084,171.18280122636688,148.56022554740983,33.55477994360789,138.7254613297192
157.5034932305978,161.82232367819876,147.3618762629219,156.07389864375136,32.591069762546184,135.3255719752576,11.474093916267561,107.81885280020576,24.151258470531822,156.10023129926373,35.02069035679361,140.01304173837002
155.92775296470722,162.91977021971678,174.55654195325013,159.84997786492235,35.2157032114471,146.24168396755843,8.831094931816446,169.77988411318935,167.50625283102286,156.92855660311085,34.80366115950929,138.37100177366258
158.81391005818182,163.80229730267334,141.33818618795573,159.62155730684913,35.923481454049345,139.62777401949185,12.031365918450009,159.692805075458,167.2438056852939,156.01455630631153,30.849252137686502,135.33294495279736
164.63723656566512,154.31606976611363,131.3177758841543,156.0789325173096,35.085518778898226,132.9096210537875,8.039500585648453,167.77400238993013,146.21368046176042,151.69413627168274,36.96372337758046,130.2262975190122
177.3142984801332,172.06264941226937,140.41594169999664,153.10017423598293,39.490908497075864,143.72486599756857,7.927711361889832,171.9449506242914,145.60655364128488,160.57735104260698,49.645451657916205,126.3853954995701
162.09712096662398,160.85193742106165,141.56847528238103,162.50384399927606,44.12696982320684,143.65922173084493,11.85951209158008,156.54960078755792,163.22530097692342,171.13337819685927,48.558975550953306,123.5594292455773
146.42411701973342,146.77820108143968,144.47186508816972,170.13919578058625,44.142255343015265,138.507226667297,11.108828309133093,10.435320699393849,104.28012246031352,176.66032939182423,51.784332303124096,124.32884701317634
157.40282141804903,158.47472916738863,135.55734136083302,164.0332894174958,42.37143300770079,137.04421789661248,0.871721338258513,174.71423026516206,133.87743735490105,166.34872819666404,42.204043100692566,131.05717351866906
143.18577099211066,148.35948131821317,133.26683118539327,158.5348414314799,39.31478841991914,149.83458653800216,9.298533917603065,174.09337298213853,116.62695619249568,164.69003889147567,41.55629782547318,129.32393720110926
145.4247992607444,150.13406377876146,131.82491214621433,157.81632533741669,41.262537367447585,148.6948031963524,62.048576787311355,91.0644213990926,137.0908839662261,162.5261486796809,53.53082232217876,141.8474644688978
56.853673970294956,43.1742396301694,136.06305997712684,175.1716129185532,61.06638975070738,145.95814938212828,16.154983861992758,98.27861375148632,145.8174053421298,171.33326737004475,62.249190613682806,142.00221988410672
18.2691941799058,7.463952448966072,144.74485504366947,172.66976688262116,69.72309037270114,144.58645041251447,19.77973669087896,107.12448085329757,159.81760881689826,176.6421321864671,68.35117831779881,134.38326484400778
3.9286585356258787,137.32812135226584,142.13649610484504,163.5720150853853,80.00673951104366,131.34588508162366,4.181667891587966,106.36405754302288,146.9972970795913,173.31032739694402,117.84895484231028,141.58885075792415
12.84523102292048,91.91266348805043,110.85628380890273,174.25646824884387,148.14225492429634,73.383930629111,0.6856956624746853,100.61516489686232,92.18553121600543,179.28376699562307,146.88303318035017,72.88179770922929
18.66033934583832,85.23602155611341,107.9802620645467,173.60304119705629,150.66679687951498,77.1436187070187,9.573272840730189,91.76507893581999,101.95602517450196,178.84535244574872,149.57332817726697,77.70991570974103
18.63759167923989,85.21872414470187,105.88962998038615,173.42720518668114,152.06775972731643,78.50334611716858,9.833826683985784,91.74915857637443,98.72092082461744,178.89190310467018,149.89723757229652,78.71025478850616
14.446239904950978,89.43397725400273,105.08480073385809,173.14041742830543,153.68261286866934,79.53064387654769,4.383302350978271,98.46557526814674,93.46115294296345,178.6885505914021,151.21106647479343,80.38067290907021
6.896300240675337,98.67732019048695,103.42452488425472,170.03046868412036,159.08068936701912,83.53288294902319,3.3283397143756233,110.86093402989907,94.61456685508278,175.39936223410663,153.36011228537896,82.42251506685196
6.150161931792926,114.5626021806692,102.47506396419269,168.20129253862856,162.41469082612048,87.38077252157795,10.730651387598874,119.78716552811524,93.78165883714287,176.28581234219675,151.80297875969376,83.61972253182341
18.351584351573162,127.5198631634281,100.77321741094724,171.56060802914942,161.5411283481777,90.49855539786395,19.609728783773562,127.895170301568,91.80505502646169,179.41957337176314,152.16787426756824,86.91437944494417
24.74260292164414,134.56925754454016,99.90922100428446,170.60045669060443,165.1529788367958,94.48734412401618,26.446455006028277,135.41346701256194,89.95346471640896,179.0279816692092,155.22451282424413,89.9853877432355
30.049571169883677,142.59826480888228,99.33288244669981,169.61541188803352,166.4273469771113,96.45486738992292,31.21460149294022,143.2270795276389,91.13149506713498,176.60707464716384,157.75136432276176,92.28662392315984
33.08139268389324,150.568305548115,99.34167801503179,170.3557895716003,165.8230241418954,98.92380698391248,32.90364693224661,149.73103933509086,100.18414385561601,172.7149107631468,162.66614747664272,97.38389431813798
38.36276785056868,159.30766740821306,98.73866458752012,173.63512263786478,161.05907162908375,97.66987719217634,36.77339987290314,158.70697462889157,104.52943237320903,174.18830936796164,158.40557260372992,96.28175144119182
40.810706039878674,165.9485646309224,99.27985691871785,172.8763233102414,161.67041044612606,99.84036797724376,40.00314336034841,166.3645665466209,112.85284546005113,174.849973808959,157.6511704526791,98.19087109135012
41.79441095110091,171.3311634640146,99.01882610758175,169.25715270993632,165.33026862566663,103.02584883673188,42.65501521336513,172.28856748423303,117.26405721249708,173.82651231509612,158.71297318119446,99.41794028340593
42.58631551565805,173.5237321610221,96.95232297392161,168.4271185323152,166.1175729862291,103.54575527194561,43.73889097362832,174.87461505507076,119.38130709465327,174.5564025913061,158.79768346012457,100.68656711738771
43.2090025326603,173.36345113316938,97.44631489401696,169.33465893025897,167.03240046847057,103.92960072397922,44.05115796166973,175.3699166449348,122.42460244142592,174.57996845137464,160.41374238305497,101.42981719624782
41.63152621900463,171.14701992729084,98.0986711197509,167.69136006332548,167.5241601966715,102.73523285935634,41.476949816840346,171.87716677641805,122.6273598548489,171.6538779986111,160.0323816565506,99.68152170428804
38.76636223790857,163.30765792814805,100.09194735323042,168.8809775839404,167.52305901625294,101.92014526018302,40.24747687597585,167.84903696548176,120.20421373139602,172.01518720246997,159.71489310566534,97.29395558888527
37.927817349012585,159.91448931599777,97.68350225133048,169.5162936792648,166.61843069115946,100.63977306894459,37.018122576924284,161.95230569690978,117.62103338782961,173.1359353350183,155.30555811759936,95.27344656493534
34.609786896630325,153.27377013320537,96.21601995311262,168.84225987082064,164.98465038753352,95.89564583891277,34.49176342469478,154.73997388621115,114.97823784547883,174.85451266709495,153.2204480364961,90.6490163202765
31.309545976912315,145.56899364663147,93.28006628344386,166.37644675360767,166.72259864330115,93.68679899924173,30.6295179401968,145.59198417050055,115.59691548517944,175.71389893702712,154.64488892444015,90.3351233861635
24.982747931452426,136.44891475981103,93.27637851189161,168.0867228923012,163.8217973248445,90.33948936507792,23.31756056138048,134.02748097356303,117.35424234016882,176.32852912633174,155.96454059015616,88.31344140692485
14.462360767245823,122.89074380939184,97.97063326690335,167.93508888813963,162.47733388362062,87.09947604613019,12.56998103126083,118.91453226283377,105.83840839882234,177.10194400431362,156.98174041521924,86.66636157951747
0.19323912143061525,105.50227886949217,101.19517177694999,168.2711469642115,160.7821356339042,83.87654454399485,5.7823107948995585,111.68650814379866,103.35451173062125,178.93708117566476,154.48572874288428,83.39171211604759
10.67974037603474,91.94724529394392,104.58399407533423,169.75815867238015,159.7876487016614,81.72045650905483,1.2708467807723562,103.44534595481363,101.63504797690517,178.58989569599055,154.11287752051675,81.15431680999704
19.841778270844166,83.34629163124453,103.42173442385094,167.11507379101425,160.8774106159671,80.3097108519081,8.978294531107803,94.80038942506744,102.31329088240054,175.402689914061,154.8927243795976,80.63717048433561
22.538539188618202,81.04653239550981,103.17055968801061,169.8157804638441,158.00932103686063,81.19658224448615,9.816160351096926,94.71782595106906,102.5935320490172,176.73277623458713,151.1372196340995,79.97964781065106
19.1428201754329,85.4268289123457,104.19252624091686,169.59335477524778,156.36511348762718,81.97264958745419,6.579128732911659,94.82839814935282,106.03039462308836,177.30644664975162,150.35663769672865,80.08562504726176
12.866361067654521,93.12330301626075,104.83441492360305,169.40642044964832,156.29070811106791,82.94687330348884,0.36066893472626504,103.76864317208565,104.51606263484591,177.13746468240518,150.65720202443336,81.12479386907638
7.343984596009378,99.60851352997929,105.18286416328583,169.31915201368062,156.6329873697166,83.63670199163997,1.300705914913226,105.3040620136285,96.71907593152397,177.16656183092317,150.41855621056087,80.38188133833718
3.8305166153676975,103.12592269688105,104.5660825069899,168.49622562759347,159.96443464216742,85.04325320534832,6.9226441258419005,114.11330850770746,95.5604556364958,173.11074578269302,151.67525076621163,80.96774733443128
14.669377145903988,123.10182270432377,102.716810396264,172.10989930056627,159.908162226651,88.77608861895368,18.69985017027969,126.72263362146991,96.83063370462118,177.3902764631667,151.34023803938487,84.8217789634915
23.717533349486338,134.88217842123953,99.15379977460594,171.02199082964992,162.47051654647277,92.8250756340507,23.312259885079815,133.6024633506035,96.72004410212008,175.30130013063078,155.08784450919129,89.3614405588174
29.405887598234912,143.074229562899,97.88775193031475,169.18386609071806,164.93509063292768,95.91360866736976,31.061684286496973,145.14307783711644,96.23632898925801,173.29928411692242,157.6037155057338,92.19565221251383
33.85872496243987,151.04647412544023,97.0537712891107,169.45470044869,164.41120484688466,97.52947858573702,33.9401348641586,152.26073807222258,97.00157730321882,171.62053586203282,160.1240794047524,95.47767014441236
36.829660930761555,158.05609901720482,95.80478754096931,170.20441011510076,163.0922228701844,97.72483061312765,35.50698008936864,158.89507418649782,101.43946553036103,169.13286189414492,160.48143144805354,96.37329437808702
40.72919678346377,166.34065121148063,95.32977988141542,170.28055254712712,163.9034744956855,99.84603106374001,38.695224616022955,165.7862392858819,100.76437445082126,169.82076357584322,160.6285190561097,97.72318106902907
42.255414508633265,171.1695296530335,93.09908012651509,169.7720053637767,164.43862569095117,100.69170008419147,42.294105765970315,172.51327458525017,100.80819471927204,170.63394607312443,161.13566341489974,98.91123644643754
42.78222640765821,173.46365685109458,93.32467544710416,168.6667968972759,165.46531396728548,101.2501453225059,43.9942370641302,175.60906422221765,101.39518156472127,172.71261170026975,158.62291240966064,97.89963905503109
44.33490722787371,173.52234653303535,93.27098997691246,170.90744868385687,166.21049616204644,101.35204118455225,45.243338518932845,176.26615457377665,109.72644315045342,175.1731111324487,156.7109577950863,95.57809615382723
43.04305425038828,171.35111707417795,93.9193274522548,169.3167561309892,168.25886207231773,101.98219934921495,43.131777124320955,174.60282129961135,116.76170577453162,172.17366388867373,159.5100828386793,97.79474235866226
40.65042925021777,164.49835493184895,96.86019867884337,170.15797770227087,167.86673268258093,101.34006953921616,42.731355457873136,171.04081244389846,115.6226148184825,172.82666143329493,159.34416122980093,96.23396334384212
37.58342434980449,160.0715952968809,97.42080059979419,168.57275126430133,168.16706804855122,99.99038911892934,38.30401455916839,165.19885893549218,112.48875264230554,171.296523638107,156.87698757468308,93.83148059265592
33.148998273746265,151.35444324097122,97.13243369858124,167.7920767644907,167.6316290011808,95.83261358833826,35.357507356323055,156.52451518829938,109.88543104674412,173.3033544346051,155.25485108333464,89.81644854380127
28.973569770813477,142.33362886043153,95.45038720299162,167.49276439352195,167.22261282161426,92.82397363414182,31.27226689337024,145.9073151606735,109.2503519901668,176.01866592038033,154.19152923887046,86.33406079000413
21.27420930913395,132.52938651711548,99.98302719509411,167.87270973219773,165.10451061287023,89.36337419811582,22.01301320420999,131.1114851622481,109.3612332026277,176.65145431898011,154.4663578077077,84.22204575088217
9.864899480044778,116.80221404674433,100.54183349131857,170.23870710442165,161.96671786706094,86.53313209594303,13.01484063948818,117.44275944472629,100.11465864212452,178.8423255386864,155.2304973392394,85.26613065714619
1.7635985981965179,101.71666393385887,102.92896975075813,170.6972384383895,160.3362049955414,85.34283309003652,8.032576124338878,109.74708321628681,97.63597551420621,179.93560542572828,154.90483937855674,83.63626402113991
12.713848871857293,86.64091181437063,106.38968073693886,174.00267129367975,157.93419380245044,83.25540059209624,1.7912566893787427,98.67003930876076,97.24569938622535,179.81071600805322,154.0928097318784,83.19482418988176
20.449864579795975,78.9560852106436,105.72253927612721,170.9017588972879,159.99153376172785,82.94605017577001,9.248340838603585,92.65833241975318,93.4685381103955,175.73129460819706,156.98306944661172,83.51189877234813
23.19848721593842,78.04201180312474,106.05472177625147,168.18742748770174,161.31371197777568,84.14144952548436,11.488530896993074,91.174836148332,91.32980581689911,173.0399912191886,156.42493163535391,82.2820385802761
19.698205583772232,83.90822921647377,109.07952742623985,167.38285986254309,158.9986314225152,83.2368993117308,6.630183728700865,97.09148669820112,90.28746256701201,174.78487317046825,152.7665689250415,82.18527878320896
12.832141693597928,91.65784827173805,108.79269464523472,169.1007064428517,157.95134995294538,83.79443386065012,1.213209962046997,106.90860454162133,89.24417523027205,175.04801699781146,152.2065569716164,82.5807770033916
7.625393356100689,97.67647546763047,108.68027591069666,169.32184585537053,157.69128917596225,83.57953397244655,4.246055347779119,110.84014967682863,85.66492519005827,175.21094645219512,152.2057706993026,82.97225320266264
1.2465274376431414,108.54497819912307,107.69858581641219,168.8175164561415,159.6722561954235,85.85086040645702,9.815959728591578,119.14520206499789,85.28538769671589,173.93752071519015,153.28250986595916,84.57587047071958
16.006683478612263,123.98170447653125,103.9653152481538,170.55155093006985,161.94316142222215,90.86905022635197,20.1516466355861,129.45216886440787,86.94076603082219,176.90277704083792,152.79073128227418,87.82804929641092
24.937018350805573,135.1788398686373,100.31497056948021,171.71759836380838,161.81291062254985,92.95162087205071,25.402312769612273,136.48844493926453,90.27025134197633,176.85614828080384,153.07268075432918,89.64051628459765
29.880664472861746,143.48585560514508,96.89684683413253,168.37810547370125,165.62615110636395,96.53031012429634,30.78727771004187,144.95228537629015,91.82676206309814,174.6711594218858,155.33345043926477,91.94730810781107
34.90627305010954,152.4148651162609,94.4621827700287,169.6192899788518,162.25895807039112,96.59932365110768,34.24045075064935,153.72180419478022,95.26525958641997,172.12677613325172,155.46886596546992,93.79481930175787
37.31626985665961,160.00121580917366,93.8983374201981,167.21570047638733,163.42089832570616,98.09712441864042,35.32782954070786,160.0341502978018,105.42596466654612,168.96108728605734,155.9758134713613,94.54764130054254
40.50146430784163,166.6614308712913,96.0234010086027,167.85191199364075,164.69799465759894,100.54313377569655,38.19563454046703,166.50829765928003,110.29656086569025,169.4536249838212,158.12752540888198,95.39295887617928
40.97443626462085,172.02210083951115,95.26409650183892,166.90384687238185,163.7944569341626,100.59184889777873,41.72041426376886,174.06376776651842,108.45216488460956,168.96597144000594,159.63234344683238,96.94861867944142
41.28030158442959,173.44625574961557,96.5882456254303,166.49878529567314,163.9608580250206,101.05997673132327,44.29396513952619,178.3433284495641,116.77937593014022,170.87104249784164,157.99808122891412,96.8554638791861
42.375729785764236,174.2601549632191,95.65162528247586,167.06207919166263,164.55315501806857,99.77990053288612,44.87838129364817,177.5033757845748,120.99893059950224,172.44172740498342,157.69046696499905,96.44048029557396
42.297786905792016,171.99394189236827,96.28749737175887,168.5775078343575,164.50271466217896,99.08104797267595,43.75087237638427,175.4352480208533,123.12685873475303,173.1111250132706,156.2138150302846,94.25046199521167
40.493098556757,167.1025349074554,95.44656301140749,168.73038119012855,164.79339179174963,98.63585157867553,42.56431050989047,171.62707625753893,123.00075480097365,173.43770823575602,155.99312615025778,93.69096668030969
37.45862096183724,161.26030193382397,95.43397642416177,167.9531037117686,167.3603407888451,98.80276913196562,37.759346175664234,165.7213388705138,120.32994095665381,170.34720569771247,156.75357905163028,93.00503800631294
34.06153320821853,152.66035591628977,96.47583523579806,166.8643032329462,168.9406969795982,96.47648441875783,36.229062037898544,156.86308786658938,117.00847068312557,173.6541557284217,157.14442303055958,91.61059942638667
31.653491056560203,145.1573240869154,95.81983906612209,165.70825321738795,169.35011861039223,93.27663151060406,32.793238701174786,147.28294285899923,117.69099073904049,176.27987714982072,155.50459270883994,88.08276745748978
26.16495763329037,137.43279739869936,95.95165747656111,167.12910804853828,165.90250446834582,90.3336571270332,27.113209183020142,138.21759419379282,118.23478786892233,175.59292044756356,156.67806842052983,88.16049683620808
15.913030452911643,123.68849377117999,98.73664684273643,168.06957475196404,164.3606297614119,88.28376998988985,17.821730682250244,124.31028385028361,99.76445788410152,178.47544637606904,155.7270768863188,87.73445381860361
3.656972349246407,107.57821707728576,102.03275721713413,170.21727443051074,162.4015375315032,85.28330941311586,12.084354468865541,116.80766970851637,99.46629972750048,179.84559237448596,156.8326362775225,86.04635481364494
8.991828190584032,93.18118059851285,104.07760492174008,170.13628697828977,159.93441738456443,82.07314129418407,2.5895074541304157,106.86401916299698,92.17759936675174,177.02074059075622,157.4571654787351,84.5331395691396
14.614643458179762,86.02023887909498,104.52363435999199,170.04460951608098,159.0473363133946,81.61945889347338,2.7810543506056797,101.60821636332354,83.87633289642679,173.97349723800974,156.2387313410656,82.11127179295734
15.47710222642671,87.87002529395112,104.00476105015008,167.976296672027,159.71801794736513,81.76513671691075,2.468975615294818,101.87981376062366,85.21915978301277,174.20889224691908,154.58319164502862,81.33400346575863
12.993757011685375,90.9454636428367,104.08164314249952,169.30875801033798,158.18446383432206,81.75579069411748,1.9369046028488444,107.02478681421945,84.18129608666395,176.40518485925722,153.56101531438426,81.54320318341112
7.110449597380125,98.1295744815999,104.35851571385545,170.05101054915696,157.92200277063174,82.81546900051933,8.143686770119382,115.52621268706729,83.99843794594483,176.2298309688457,153.3856363211072,81.42872424528927
2.4105056108557465,103.41046834677803,102.11862512623337,169.56918191048888,158.56238675775683,83.85595067033701,11.245049332647426,119.46157980567456,81.79781357882588,174.78409560719004,154.35347590632531,82.12799019125003
6.872176433218751,113.81400930059823,99.8198448169658,167.35217519180273,162.58147403015488,86.71966781718966,16.626513190830867,125.46493895252752,83.16601811891928,172.57553835930736,156.30922851796666,83.56719288344694
19.157394285031746,128.77240490167281,98.68264886770864,169.09584587056344,161.72675853796346,89.818813032421,24.167986685085246,135.3113179963394,82.68079637594795,175.4970477433495,152.5677754183514,85.00986971797984
27.377409695334347,137.47519179343004,95.48124045412246,168.91373432980268,166.07875701547948,94.82362912768983,29.357764517164483,141.37998510821635,84.88145483221273,173.60268618534798,158.6819192794864,91.06222167500395
31.474156434872118,143.90995889654056,94.98365115543601,167.26905712257667,168.9375412421344,97.65804643512747,32.366899693410446,146.77519083037612,86.19496657062184,172.6547481476626,160.24025461956845,93.47589736228865
36.2236734014241,152.9623265959346,93.40056509863024,168.27646830992674,166.50213482506726,97.61859423617065,34.502532330166794,153.45975618340705,92.37306693596388,170.39905572302183,159.82612015745585,93.68365902894804
38.085677456835185,159.6690988918536,93.03625720148563,166.65007004548465,166.99571890650495,98.61411520912392,35.258999705815526,159.28192725688905,97.40571324185429,167.95800020386824,161.26520578082327,96.4726275613849
41.05695328392182,167.14169139605366,91.37450045498476,166.90800891666737,166.27122358932047,99.84413626032341,38.230431275782976,165.92371693913628,101.65059410889091,167.97713710111466,161.23553983603338,98.08151974178833
41.330009757245556,171.03362726801888,91.31581643705647,166.23833194467102,166.36069694225287,101.18820697161975,40.53453615539029,172.17260941041184,99.18917877012714,168.81952948675024,161.0069813079095,99.75177569263668
42.411682136765585,172.97042764836365,93.58396036278846,167.93508281192305,165.4388141627034,101.13810693592652,43.69034301518853,176.18569002598647,109.83204827041273,170.44139408953112,162.05184794468136,100.19391560923391
43.23697056217529,173.4075972781646,94.42325039557235,168.63518687010654,166.92723157270046,101.86216294401856,45.36005424805443,177.55798244857638,113.10261341221252,172.0292235480671,162.03509087277453,98.5076995358307
43.517958720023266,172.41217037488497,96.22773430882351,169.1141852050332,167.15702126931413,101.30588196754141,43.7923018455736,175.38867650826086,115.63327515120294,172.38983790037116,160.7836520366744,97.99234718523294
41.31119794453413,166.53632683527408,95.43292581917393,169.5119982236331,167.2321185390335,100.66031226327436,42.92187620880037,172.24771219611966,114.20797301876499,172.25761805451128,161.91114636873985,97.76719994827334
38.24868432729196,160.0053087053374,96.65132868024418,170.48722468892032,166.22612242902204,99.71065338841393,39.254913778721495,165.99790255123978,112.30287231134275,172.574398165294,157.68636421847108,95.63352632740286
35.70198584782884,152.49972391436796,96.77709839229772,169.5742824871889,167.52737141306446,97.82775934084518,36.99287922391717,156.72471434926953,111.164969368862,173.45671558124047,157.8058470220419,92.62698347771779
33.06308614072207,144.72982929395934,97.4988103638482,169.92489710352876,166.14457981664236,93.56047595345503,33.985152066632594,147.47391858706231,107.8820952832058,177.8797943266616,155.2002297344627,88.7203435346065
25.21484601042799,134.34835456053733,98.89322945988454,168.89437375452982,166.8267384015538,91.89365280650446,26.523079152201703,134.60392865744348,108.0603647642104,178.0105715352036,158.44708765188815,90.17510153179651
16.55719140240145,122.50450012930153,100.95603839120588,169.37762040973652,165.7790500391549,89.25248013542306,16.128994257069902,119.85105771518491,96.33972128818029,179.65822872958128,157.86393121874872,87.94981683820849
2.797394728752587,106.25604211402727,104.38934255485167,169.94982406017624,162.7146913911322,85.55796126808241,10.81866421241635,116.29336481662949,95.61766601990051,179.57747969586887,155.53894001845703,84.95105495931591
9.00759108455582,91.86383854656903,107.0670163808195,171.64110121867992,159.89350670797631,84.29460800239451,3.5264315740713728,107.61324903500055,98.0152356271586,179.04226724159986,153.57617769480999,83.81230046702746
17.4690789893771,82.09806389249161,107.48841486531776,170.67315619035702,160.62930242078113,84.02846857182742,6.150033848655974,96.73353586676566,93.29394245376402,175.69051634881998,154.2777930355138,82.18290445492741
21.941638297408108,78.00806140722055,106.68303679858512,170.06325740483064,160.58097558993933,83.32103065577874,6.139648638453194,97.35166426177528,93.46019393132333,175.97742963048915,152.6856068022754,82.43847629503986
18.257764462575523,83.78292686464928,107.33132995368578,169.38533568508637,159.19694407406317,83.05759361425382,4.146995938585674,98.93220371610673,94.06729406247501,177.32765096935574,151.6813437034886,82.47610458586364
11.70402820066201,91.5723668179698,108.05385893917442,170.38856741884888,156.36529641145648,82.75151147869215,1.8660985067559257,106.53115095955545,85.59490904166661,178.9801975990646,148.1391269112821,81.22218869831173
6.104379344534888,97.93573766728623,109.05668019606739,170.57880188796042,156.31798652560596,83.36891478335343,7.380237739296164,113.66300222399941,84.38245938689393,177.72484460062134,148.7498691853778,82.24915854412583
0.2837350804118183,105.92926581505202,108.33320858567357,170.2352582329292,154.9920695803192,82.47641941278177,9.221438688182586,116.70536551969646,84.86129721518974,176.80122631232314,148.12431333126844,80.73615501508307
12.834258399805234,119.65884730905898,105.58606721913863,172.87290498846951,157.09519352134427,85.54307394148748,17.59763842800532,126.0884511567009,84.50195561112098,176.5306880210049,152.33168410143992,83.47334168277506
23.236014184487146,133.7040316498926,101.59270717184855,170.31158597545078,160.97614912078583,90.26725940578238,23.577071540178473,135.5276889207428,84.45196444578126,173.85725871181413,154.75007594722607,86.25966693199464
29.084359837806996,140.739105237591,97.80380657015237,167.77902523892968,166.23091427017314,94.31318046924777,31.27806860002234,146.2490553907981,84.40629405166212,172.40177492572138,158.75050457277337,89.76389939371427
33.383808939578536,149.37937455932723,96.39288204372822,166.16177217635868,166.4859474178615,95.85468733600771,35.1444343134898,154.09786877752387,87.04572322324587,171.00958574657608,158.37219320071657,92.23315392571463
35.953744407547234,155.66495440984525,94.7015411958163,166.18488393933413,164.94605297183608,96.36371580213131,35.98691078544203,159.080428059644,101.75101053212958,167.44453441138285,161.33577420019992,93.37805774876064
39.28129409028802,164.2477177501557,93.65032247229888,165.66427932317237,165.63207369015726,97.52169516230308,37.421574675260395,166.52783459283862,106.19520680044072,165.08269623334053,161.59175854877506,93.6505656227218
40.77435346277639,169.5950893030098,93.99985680883165,165.24400679693062,165.96970506777848,99.58012901178952,41.003736387487045,172.2794810224259,103.90375103561696,167.92840976495944,160.74064353103358,96.18466165005219
42.934892464321294,173.96734112783113,93.38074385862072,166.27106584082648,165.60066968085772,102.02643155534044,44.519979983659276,179.22597985184876,107.93639490637875,169.55088824380908,159.3003211955261,97.87733672585047
44.176113298380535,176.1640888380759,97.4622340880875,166.8806082742175,166.4405942476009,103.58991152831135,45.97048196955579,179.1786818406414,114.45237492025501,168.46123279176646,162.8442606649783,100.22794675411498
45.49879111499923,174.6125075546979,98.49643174163185,169.59043956969947,166.9992297635278,102.37234579915727,46.25514447632531,178.50702188568812,116.39363840982755,172.1447598399752,160.01888642163468,97.34979797026175
43.06720509267039,169.9944676397873,97.36554214882182,168.86296492163714,167.23865407984238,101.6237103363403,43.17372168698255,174.270353659608,118.8332828558443,171.25981628764404,159.08382186416728,96.6583340091825
40.47145484049009,164.1228593935138,99.07962251025393,168.6411097677851,167.62140583136164,101.74070340322707,42.29731297117411,170.66594632591207,117.8151670498928,171.52467135018412,160.03703502859508,96.89745542428972
38.28794631608266,158.5896427955921,99.11694837051242,168.71711810303623,168.7191716064124,101.70841113791035,37.24769913035983,159.28350232382792,118.49495875270047,173.08034284911727,156.71298845898224,94.38819856066769
33.00676752997961,149.3894725721837,99.04413983181888,168.65659406941438,166.96919846827635,97.6438956788536,34.322107751463435,151.70438782741337,115.63113834876698,174.2688121460336,155.41188711238476,90.63283209721138
29.12608170144437,142.42160669462035,97.56040734981175,167.82700518882228,166.72378626354924,94.34903789862733,30.12641326710644,142.16612784456606,116.29735991470923,177.57618174534912,154.3712471091578,89.33490230205486
21.838624641186946,132.70690599371372,98.95605792319756,166.31573239318774,166.84434168703788,91.5644702590209,23.564531179927776,132.39859195414434,115.19247481938083,177.4081387588734,154.6696772091208,86.86050613191038
10.180903746932486,117.16077823998779,101.57433716644613,168.7491213199255,163.28308461525094,87.03728786842994,17.778048067496623,123.05342212085897,105.12289878368189,179.05842442401521,151.31038997517612,85.75262574546568
0.4371652482878093,103.52289662472086,106.59773354556039,171.77533597772663,159.0873353841464,85.17712871882982,11.657164350260102,116.69175534912077,100.81502817566283,178.5727615880658,151.54715122729064,84.14819434768894
11.572619483566292,89.37651319663586,108.85216721497287,172.69114694249808,158.9139822158804,85.33913682250193,1.179926151268384,104.95635916444851,99.5363682599717,179.78832323092266,153.79832142723615,85.01192128341253
18.68881684142082,82.60052293378025,108.6876593372182,168.07085057662843,161.3258210532447,84.14792214117894,3.765540363982073,101.04646435961664,99.05761952476628,174.28773810278577,156.58790985615101,83.90938190240358
19.10358794636238,83.85803146837263,107.79996608593257,167.16768458672297,160.53172683637368,84.77180276576946,4.913796148104985,98.60519637308447,99.31514477963431,174.80976507313,154.1543400175846,83.67216058829767
13.223151015555368,90.65033420002636,107.78896673594556,167.21535479579754,160.77689538206883,85.31125824988835,1.5828143249032218,101.35316165962841,99.59121361033702,175.42143625657556,154.77030809684777,84.3830853008317
7.248677059676873,97.300674678984,107.91754322310048,169.30974815349097,158.51381278550744,84.52098899033193,5.807263625474665,112.48827581744101,96.72090744353602,175.09400635541542,153.15953568619182,82.74492440523616
2.756480561064487,102.95251840603001,107.4171928519299,168.74149752667805,158.68970726203256,83.93627045104851,5.993331164494537,112.28016445888322,93.00265636687824,176.32817315850565,151.85450090638903,81.1877619176398
6.030728495416731,113.76726357654702,105.54566328935985,169.191125331659,157.94877548015586,83.79634632484694,13.728379329080937,124.18551648489006,90.81998687721824,172.94433263806056,152.27155221443044,81.49610577190465
16.623635287838006,126.27790522016323,102.53458301118786,170.35209434366917,158.00279333561912,86.89707460337989,21.603101822873562,134.0329633776003,87.93234236240306,173.65846203961613,151.30840248904036,83.2202961844959
26.848744576096646,135.9929946277939,101.08930939939927,171.44929342305338,160.59656784673933,91.04989426365816,27.740640756139456,139.69195317025248,88.01038478104091,175.41992208762724,153.19788328895268,87.2052541940257
31.95065221624424,142.50186608144037,101.0583526243777,167.81626632258664,164.90779817832842,94.55621139030268,31.61287558453597,145.07024220255357,90.03173711952594,173.51585885248906,154.9249178870191,89.7599492616851
35.173527293601246,149.03846263260544,97.81247186829789,166.99515148717657,167.2695641435404,94.8273266806048,35.81979506552491,153.0436597771674,90.63787663200068,171.60573225940428,157.96976705210335,90.16481504393005
37.27181577128986,154.46730958204688,98.05370549669985,168.19999892138836,163.78526368342617,94.26616205454174,36.755533764592556,158.17014466626298,97.93339050735642,170.4853220123161,156.3722272145846,91.6294873155242
38.577348806734996,162.00487631365232,95.57717988400039,165.74676879731206,163.5686676223411,95.30226067547562,37.37982863020452,164.2350894583134,103.13522746994322,167.29165503673147,157.8092926997762,93.32576554474612
41.630361810632365,167.3327951628616,93.40147819089599,167.14821029586292,164.12549361750072,97.63840107028989,40.87914146851845,170.19770518226193,103.09308321413474,169.23905839593095,158.6017431539163,96.19031223313195
42.27273412374874,171.022440165778,90.54508280117471,165.9511000353675,165.78528251612713,99.16660921495071,42.72853611144618,174.9411123000148,103.8559538813604,170.11420410251537,157.860385941058,96.83338427115808
43.07950687742519,173.83218229044908,100.40399901920377,167.57052195607724,165.03813601366812,99.46497670702395,43.62146003245907,175.66485830614533,114.50947365070122,172.3025432715129,155.77356223705462,96.38657280823811
43.03530752253218,173.4941371657477,100.68928261656306,167.14822678509225,165.39469463269367,98.93058097266291,42.65452629666816,174.85409896093324,118.53077600469193,171.83880033980725,156.10752492893224,96.16933131779335
41.611799739301325,169.47301394104855,99.76747217138539,167.64464493841274,165.6021400633364,98.52955586278925,42.07260315450546,173.52235739473736,118.48235424188302,171.13308278585887,156.84202944334976,96.07602665438407
38.589534785118374,162.46640206250441,98.35098468899706,168.0268867371691,166.24006594166113,98.53012249390513,39.89315218960072,166.32439335500726,115.74452254538843,172.50258098307162,157.145534672131,95.70574660281301
35.6466053124647,157.95110571487456,97.28431765215113,166.96511730012523,165.4002065577079,97.38085095615425,35.64017778851752,160.81257987643536,109.12363784281004,169.53465884798726,155.60801481125435,93.05030912285807
30.244488250427754,147.64889292622362,97.41703330764335,166.88549883841995,165.8702284982379,95.42228447086913,32.887701295711565,151.45267568273385,110.56442309304738,172.94968894319032,154.934207837119,89.76291544170502
28.615602483889138,142.33589682662765,95.22837382631802,165.04778034164357,166.5411153638884,93.75536496027404,30.285698777263825,143.37213939712302,108.83022882066865,174.05321515410714,156.2116400397488,89.05411076565251
21.371404238277712,131.89737282499445,99.33902883316138,166.4060782781753,165.09365757197068,90.99420434656005,23.929513063528344,132.7874043829513,111.05378987152419,175.89437785953263,152.66948203815477,85.66893952860808
10.320118673183135,116.81971766845223,97.58229529864789,169.06699350960085,161.79879807474833,86.6412077997707,18.429505781779543,128.08686540914272,97.23745185992536,177.2408555027323,149.67130950838725,82.74714821361715
0.8841408046327682,103.58565968961726,101.89717659634633,169.98057545130976,157.870018449422,85.26088606720974,13.162640896637365,119.92320733263091,95.18260305600963,179.39477031551874,147.62571963612456,83.72739985930123
12.180468448437358,91.05287816005739,104.55028442448454,168.18600594041897,158.2965928594994,83.72750352644827,2.8722802531931464,111.47179569856254,93.20174978121128,174.70279173774242,149.381019793132,80.33295534478225
19.722650563030086,83.22784379159036,103.82450785249762,166.68551103221822,159.7078548752097,82.5272029876888,6.024861274214803,101.02826652619895,93.36321115130656,173.34371026250358,148.24892608236152,80.32589469362533
22.95713798356138,80.54127238031728,104.19901461842582,166.1139470081376,159.497416288137,81.7111523279612,9.919146310884537,93.04752023904116,97.81811151116264,174.3003023527254,148.65245467610865,78.90098430350632
17.9119513382983,85.0418998834693,105.71439383070906,167.7321981138589,158.6198200520616,82.16449092165763,5.132408000313078,97.49270373019762,96.87473706117109,176.2458141305503,147.78212365745122,78.06238777424126
14.00422792766369,89.63994099075339,106.12755534610052,167.9905328923404,157.90946999995094,82.8704322037481,0.36603519526647205,102.9079821352232,89.95651638242326,177.3234213236712,146.68298436160114,78.53476134197034
8.849315768651556,95.86171693455114,106.60976383225047,168.02849901514375,157.27795155235992,83.08400133591276,5.225482762859824,110.87336259892693,85.75974583740793,176.73253387487438,144.70237221149367,78.69646598463103
6.061333196396021,98.72336448163075,106.7093477611145,168.71520339291155,156.9709745170114,82.5498673336533,7.023650530408247,113.52133080699892,84.38094670493575,177.62291300205493,144.03869249444804,78.10757655452669
8.158348258776387,115.33017889480622,105.94225565653885,169.23837101828326,157.29751946059298,85.25785327644878,17.25297013129588,127.10509389984013,84.77273276556427,179.1801920211524,140.3598667600373,78.07666387951139
20.083063334330884,128.23136824724403,99.65470494734006,172.58266609388363,155.75499498210996,86.66193553370661,25.598763306311625,136.21100085331318,86.04788023562682,178.88503774977133,142.15941101008315,80.74595919352825
27.00601995340612,136.9014106528459,96.00895875366274,170.44608539477102,159.44176572724453,89.79909564621937,30.035144807764468,142.09475561151874,85.54257091384957,177.32266344519127,147.65159030930812,84.97030476920844
31.39782767422448,144.44821236485762,95.06221834186178,168.26516454055255,162.05764648098034,92.4055996803157,33.20775848767665,148.73906669922445,87.43201949315628,175.06196301295378,151.6236580670626,87.41413353972646
34.62909999139916,152.14580327836904,93.52620824595088,166.51138524896885,162.14884766631207,92.86019014881062,35.28227654609924,155.19066712952934,89.38656063741338,171.11666005319276,155.00140216278328,88.76233468878948
37.41483353115589,158.8083853433777,93.88126074214019,167.19197356487834,161.59322616690406,94.39421412360456,36.04535376468986,160.1825319386883,100.204403074469,169.10209775778068,156.00492419179474,91.09922880103652
40.219684648343794,165.65882949955227,92.31325656271123,168.06942567773115,161.2051464162305,96.8608795223687,37.86797257648814,165.86612783926233,104.00692869803103,169.5147826564451,154.89636679041695,93.40104729576845
40.93093269621669,170.4532644847377,90.90587708695993,166.7472992743989,161.89888651468692,98.19680114480185,39.54874847126058,171.5087681786101,104.14133259442876,169.65704516577847,155.4401800962078,95.33761582036352
42.21311637329891,173.26880817783461,94.04482120094038,167.43760562012997,161.1657330361671,98.54019443938418,44.07903363681888,177.9568814334749,117.84778780518354,171.71403708739135,155.74948801053424,96.94130563898416
42.53629143457228,174.64745194544818,93.96743318936866,168.2418649283938,160.4926022613523,98.38601634466696,44.85028892794611,178.08713694421402,123.79758516538642,173.87540639081726,154.77092921645612,94.93474989779374
43.35967500577136,173.5670243783743,94.40874383172144,168.34366027533287,164.07423463915575,98.27016966455308,44.05684982727749,177.1094807302729,126.82218381147156,172.48019568810668,157.78975999307445,97.15439179982383
42.20705157828828,169.98054354183705,93.89020634618468,168.38556719706148,164.2423089204665,98.34866841999214,43.06180972145229,174.34740342172623,126.7182870755709,172.34195551092319,157.0715868709155,96.01970964443964
38.996004476996326,164.96864309878237,95.36888968636434,166.9230068733366,165.6677187644376,98.80177104705048,40.59864992581367,167.3926392306666,126.83393207894643,172.31933998771245,159.8632644318709,96.5065529267816
37.49578519497258,158.34409530906746,96.01841772889402,168.0860722061553,166.17745677199431,98.3403626490725,36.81975027795399,159.604935142553,122.57638040740648,171.81230303179538,160.0567735511852,96.29847064323036
32.903458214336865,150.1722944184485,95.58922951106567,166.86192218346176,166.54385902073747,95.30622571319232,33.17223929252999,150.50642486690057,111.81228837068778,173.3617516771189,156.60295868528422,90.49330197648024
30.45655102878196,142.79923240454121,94.22180962317249,165.95947442142548,168.0727106518814,92.99042528627376,31.579977303462453,143.43097293924947,106.79092094587966,175.83460643358887,154.93098946119392,86.67459158460268
22.910073651552,132.51992880512557,95.50061068066385,165.17344349415725,166.8395617627448,89.8705306174935,24.737573529157213,132.8426886523571,102.22550177910004,177.18087998504137,155.6637822815778,86.25282853474756
13.069887509758006,120.29481593635023,98.21143503332404,164.6303576972017,166.4832651672977,86.8141694157807,16.86046056399769,122.44027215217592,97.79250419066845,177.07411752135775,155.91745473626338,83.60367168079976
1.9375621129481486,105.93106911528479,101.89706910235626,167.78880625494318,162.67330055212403,84.74542849830908,12.09410203012361,119.2921773370619,91.4827395688683,177.27156140373634,155.30935772151412,82.42642802835837
9.875423651168813,92.34213818490642,103.17590301677176,167.08423028550536,163.40261482721473,85.02570007795994,1.1749291423876942,107.85032872106649,89.35362302347353,173.02599247990773,158.68890807885532,83.22082112446802
17.974833329578622,82.39500128077225,104.12621040485098,167.0700434418348,163.39250855342758,84.50750231409656,3.438020440086144,100.35768774689295,87.67797107308974,174.20054564842494,157.27217131321834,81.06911827769702
22.888365099831677,79.54903564491313,104.38636959099684,165.32617612279964,163.06085966680897,84.01602986269957,9.129702252284677,94.63209198075978,88.74774810914735,171.9500870415875,159.7956142187994,82.0512653874139
20.897011287332592,82.95764894440896,105.36952297201346,162.86463236242537,164.2536088717102,83.9648746408363,9.370756348969513,93.75708731606734,88.62471584057624,172.0521590576914,159.10363132045185,81.44696214444559
17.327205257979283,88.12902527876464,106.89279034461408,162.11636779084273,164.43503693233697,84.14121419200488,4.264459077749676,101.06388327664662,89.5806252658364,170.90629761748988,158.1648596319641,81.39006031679853
11.576620123441929,95.03358768859412,105.96730785269223,163.2764002314124,163.15373785556594,83.84966795056681,1.4329307626718284,108.75159448221923,86.74215303407425,171.36890064073103,156.59843776917052,81.34395958597271
8.519166512343459,98.0517907717725,105.80115128610333,164.29879420812907,162.7782457765814,84.24289908455091,2.864575610458546,110.22074865033419,85.46698412372687,172.89107812596117,155.98368413846245,81.96085869834657
3.180815531610205,111.1109695332965,105.37644942135778,166.7315845463683,157.87869471167807,82.37063607707606,18.84684172124282,128.92489231254137,83.83781578631744,172.21645049481572,153.20705838494962,81.34133715156189
13.692545478240396,123.80757296437186,104.80725026160559,169.70833356501615,154.97477018095398,83.50057563710352,20.587905671699165,132.93671493691767,86.50149358449194,174.15885391689298,151.30252882731557,83.08808620388517
19.215317359323517,131.56597753200253,102.36561353297783,169.39490078625445,155.4787017722731,83.68807359277483,22.05932232103554,136.71844567783285,85.15518082645791,173.5005370788462,150.37689258159887,83.43543752620579
24.329640272429334,138.21803870344206,99.05901210037007,168.100072849007,157.17880874719728,86.2725483669873,25.324348945811582,140.6536204278161,85.15079362678055,172.46246430125245,153.58320941927272,86.97021846752489
28.880474668523743,145.3102700691197,97.21659693571333,166.26045202343485,160.02768035166497,89.3360468009592,29.891051593566946,148.42090614915364,84.48018202768158,171.04439776328988,153.93044454115739,87.90161868743988
31.472494301026984,151.01778211530086,96.08436735213124,164.06988420418324,162.75789067509308,92.29045866898093,31.622700423090947,152.7318290894326,91.16766972216122,169.0277101024211,155.69022258120418,88.5770754266673
34.111237331232594,156.67453596500323,96.91250859096047,164.09777106583806,162.9573796870126,93.87875810247102,33.74431967834202,157.92036423716385,99.66527907402518,168.4602195426815,154.37840137891698,89.25577198773527
37.068671943869575,161.5546691910348,97.06797100771014,164.06796135779643,162.6415109406438,95.02595569726616,35.84825142305628,163.4414808592293,105.41005628315263,168.87484489919103,153.19231402305596,90.9122089639403
42.119133621423515,166.95131178907536,92.39750737595031,167.96279265654056,160.5574302074618,95.07261524410396,39.66194109974913,167.85611598370053,107.56382859005012,172.5225940143796,151.42056083135793,92.81815443298447
44.770086044133976,172.57241528158204,90.73773096997753,171.0972502899174,158.6587985636967,95.72349201128002,41.32756381697992,170.34993897690322,112.32927275192496,174.0130156091599,152.18364107732253,94.79476677467328
46.6789475247316,175.6891300315606,89.07517970962002,173.53367478369012,158.23547145769354,97.24965209545192,44.283912025562245,172.75852411463245,114.1830264709943,177.96961819421554,151.84768903129165,97.2103170012349
49.28964121664428,178.4864342693202,98.08582579073018,175.54983320394865,159.56217785812015,98.71852830954612,46.34133614697498,176.5662836571406,123.56241349037336,178.29068975439748,153.2897962954832,99.23772261271229
51.24003175257425,179.1850234152077,99.66493622952456,178.69443304845538,161.15661744551673,100.17747578842165,48.7393069034671,177.60602996662487,129.58333679793478,179.9870721814392,154.7847148082269,100.487952777474
52.939685966358894,178.90051304397835,100.97313266323171,179.26984273044442,161.68151945119658,98.93526951611756,51.43826217727315,179.21720172450867,128.51958000250926,176.4024719464981,152.6280195749194,98.80117102553774
53.88393822089821,179.01638073034079,105.52209192525068,177.31699783287985,161.95014194162223,100.19772143382247,53.85991436077184,179.6992521664821,129.17396606930006,175.28014702747637,151.90725699208355,98.21045298036859
56.10664923238061,178.82930651490832,106.8015391491435,173.41237841440923,162.33863230640583,102.0140921411845,56.37066037201192,179.7595676659448,126.8295185204921,171.88149479171545,153.27540312640764,100.61047771847477
57.556945418749706,179.7591607103272,107.15816564451913,170.7870556429354,160.02576946447863,102.30557890535026,57.15369014466527,179.2643263009585,117.55202235431788,172.5486585132373,155.0759584934645,101.32836068673905
59.037938199589775,179.58019926980162,106.3275882073086,168.32714636974657,159.27284427744408,101.97754611292821,59.07998497651081,178.89224009776268,116.21140841876345,168.41500235017062,153.80474850006036,99.981688401731
60.693038433916094,179.99079215013003,105.95501861854044,165.52414801050082,157.5363374466058,101.58937104688042,61.01964517358304,179.1998628421013,115.53664071940328,165.41214578770888,153.39545271302168,101.04490395335021
125.19815497649911,175.45643389257518,129.2360502476026,87.95570102806788,171.04992841179086,150.77749563930118,128.2939882623148,150.83553901051394,156.5078218819925,171.472835125648,169.28984310191274,169.81342236841544
51.38250401450424,158.4192069226625,179.50924496998698,176.73001251981955,173.4239862432932,150.2815131045297,133.03226804506855,176.6305474942217,145.47569256652758,159.7219889969944,143.03626152685402,153.59553299842528
38.05307445419497,140.717506809572,145.78415819241698,175.26125934058786,175.11522764587139,136.85293989918478,100.10702477722492,176.8936671232205,138.92036141433593,164.2540584104467,166.30243839153152,140.97578450060826
25.196838175297657,108.61986454185568,162.92660996482152,96.81705275240729,100.71873320340879,96.51683359515921,61.93577240923135,158.9937566754333,173.33163782095318,78.74597513263411,69.71081993856232,143.85501203983787
34.12343870064443,132.1728368128124,124.74341448776873,73.0655460029731,101.75527867328071,70.39414658431696,53.16981778062125,165.56344498784756,176.8510901469115,64.43563588604404,91.9835950329447,101.25722585487279
49.98907259846055,145.9857152693275,108.911632052122,131.43485030255087,60.642737285849556,173.9136486520908,58.55701857581398,176.45249569322377,130.02274933507695,114.58053596059283,151.91027150511906,98.31150930133951
54.47480165905512,151.9620622592558,91.54209675137604,40.99910452683494,136.31379667277133,66.48153530652496,66.0273298193862,173.4975687497793,149.80862502277392,31.326163372640277,55.07347505552051,61.119588316507034
49.708279843392866,150.08198772651463,47.24220555814305,64.92975369151334,158.62468330079,115.32680754882738,73.06255295504519,174.92436913419874,176.6687997268921,7.301977192912951,102.58040514293498,113.98716504157797
26.866443572354015,161.50890751816652,118.8976257288733,160.04198608930213,165.69284954265802,110.17720942850706,32.70003391077853,157.38622056719385,98.6987641658638,165.97815722281607,153.31177869190276,95.28834090460181
27.37864910779294,158.51103854117477,121.57969434526967,158.25431849872558,168.80570734032202,114.50758008405654,40.51105116071241,163.36257390789635,102.17449005571346,165.67849607020534,166.96360894929975,107.37258900534985
30.897859626023017,161.6239361643024,125.2567784340144,160.49994022767893,170.97202330502435,114.7846651950291,45.03059996987696,170.52712078865164,104.49104639279888,161.61409618419964,178.55651825070396,118.10326360798446
36.08578812743914,165.09380714295122,123.23184876864785,164.5492718797394,173.08811037731613,100.88839760812094,47.91604241332718,175.25670502733095,103.24257476220771,162.50831772014786,179.77723275396485,100.67324228117799
35.955082858965106,165.66898437693962,121.66118007523202,162.79002368844004,178.8445657602573,119.98983054042907,52.59477659780501,176.40262318340615,102.2918794612945,168.49416598957902,178.5631883419739,94.53337360071166
34.44995350173653,162.27062624651737,118.79624037860222,162.4956988337461,178.43636334223834,115.71242659264546,55.11544216764514,176.22014704619625,101.87686203310481,173.4255222854516,178.29261863324695,110.0444072025634
33.54362703425684,158.439127585608,117.57469713400457,163.90840984425708,178.79227114465544,120.99553671689932,54.87076692477657,175.90738218161144,101.92489312338331,172.01770543510892,177.79669448407165,123.45530999869705
34.634780276246374,157.1444097621777,107.87346774706909,167.64080118736086,179.64652059647983,121.97391796076633,52.852626423816176,169.11963060727146,107.59807855314492,173.2161931024996,175.2870381627798,133.12148807029664
33.55384901847589,144.26080846348108,104.57109652956782,177.666206021172,171.93942946328306,122.76178997983644,53.294701262754856,158.50146593337422,108.27565639972673,178.72070943928136,174.9764392454304,131.2018489806322
29.884037787160473,133.24027885512962,104.9505250725162,174.19094365176693,172.59956843936442,130.66131270386938,43.34537087331851,142.6893477960216,107.00568178410987,177.36446463282317,175.40682436991918,122.66246377334856
19.45605713689458,111.72203133238284,106.83436726833773,169.40248103425768,177.48596849593187,125.53474620886593,36.68709449957254,128.37587829774967,106.8273389766542,179.05730077510884,173.6512847661166,125.51312179291854
1.9872323579279774,86.55580676340873,111.25150080065279,168.4141007203997,174.0675804324183,128.48677967096143,13.619370453243468,98.92839454667379,110.55450439278376,178.04937332173213,176.8766735665682,119.49206910404688
38.138758622950384,43.29095843481505,156.1383057558732,167.25188820534365,168.5746393825024,124.8653586706435,11.008608946408827,70.39804810997263,110.56422837349163,175.03286782377717,179.61832905474495,117.11404132030053
37.18560820806278,41.62101611268238,152.57016025124148,165.301918680678,164.87380420428926,116.0662260123497,21.10604877838849,58.671582180167874,106.50183653246081,171.5045626758475,171.15609600739404,106.14029307605787
39.84227784346452,41.44882714787385,151.89160372677705,165.2897683999061,158.97857606882502,109.26335475361616,26.97779864533797,50.538969261018444,109.08417339100666,166.73616465275907,165.70636470488444,106.31193289336028
37.41878375043136,47.04661194048487,146.7559797725079,167.15821569913635,155.32971929300493,97.650737704073,24.74239464781704,51.280022439885556,112.34000297208793,169.04888655771174,168.88088366436267,109.70484566783267
38.765554975760786,46.6601389041351,139.60728895864312,172.39040421588587,162.59183517401877,109.75810194702174,23.62418933879329,56.87875838082284,112.89543316199433,177.6362216869204,173.70210078503223,110.50412469024542
14.614747156508766,70.45031009166419,115.68784123859986,178.38736453144733,168.2326372414016,107.5823004120046,13.224922615689687,70.68415141639501,119.181309740899,179.34547645735077,174.84451623479902,111.78878338168602
9.335923818153754,79.90276868567993,122.52009095526857,179.0647059562348,168.5356787555186,107.61608482055752,6.700875856128679,81.74705209967938,119.26327792815272,172.69769795207822,178.09101024019995,114.99946636827785
6.505946088154304,79.63228377653405,131.58434033764973,178.03100736482597,166.849696994965,102.12635757994389,2.5855161532564632,86.8099856261521,119.0329152187586,167.3051542683199,169.33052216670401,117.34427688828505
1.8519225082555653,88.75075694879702,126.7759967086079,177.7282400470972,174.94326119656955,106.45979178400172,14.213153278560823,103.24825146125698,117.65236109576378,169.30501638657668,168.14824654040723,120.04910905762647
21.660711549830047,111.78479221412567,125.8170383853688,178.33403070264094,173.2655941038343,108.77140947867656,31.411872441172083,122.56668820840451,118.4531268076951,171.93411210783205,173.60277359500347,118.41258182060513
28.62777676240264,126.22852269624417,124.67002035225558,174.45127320867562,170.4232281767729,110.02316397791488,40.79905262122345,135.78073503624915,118.2582289164637,174.96379497841622,178.55921824332293,120.6770798738748
30.332795872749386,132.68565957404005,111.69508956814877,171.77810991915717,168.14413537392952,122.26919475435155,46.66706819602894,143.43115375747902,116.51781373317293,178.9792085910301,173.32075052036237,123.69331892347536
35.08688212341791,141.3706549815996,107.03761279354438,172.74601141691343,154.86752203165085,123.47847561862532,47.02340093843269,152.02329011141433,110.08787000740283,177.6299680166438,166.84645005601936,118.95628652324424
38.315616198236164,149.7181377517645,112.59898556422625,171.74639583891843,147.08609765922427,115.52492504352465,48.588278453117276,160.34158496347933,111.90074300212324,174.79325297541504,164.93154901441855,114.86646280625574
39.58650384186892,155.0868474676766,99.58923073961732,172.11687830382402,150.12315805796487,114.14980147796888,50.37123463903739,168.15358700632783,107.29478279750691,173.3996954502198,160.13380848378554,106.63366806789416
39.87870898373232,160.2729674839932,95.22957613936893,169.83706473773955,154.8333046526774,118.27380664737242,50.02120901603837,173.8158283317462,102.99680839527598,170.58433679129405,163.23745428342738,112.69723025447625
38.599318968583795,162.93075424565595,105.1709245521893,166.610568028317,158.72792012518656,111.39769463727839,51.8187212164085,174.30279327395183,104.85977686942068,172.38550292202956,170.89272386035526,121.9719218774721
38.14983938678878,164.09898509439296,112.54068054278335,167.08235172850573,164.000045197049,116.7371129201998,51.876550414891554,174.42246887723806,105.53205561531016,172.62101016147477,174.01795857784109,127.27765056253533
38.99934987944903,163.03868923037984,117.62557612372854,169.12236548740339,163.916116443531,116.29620340981502,51.98011855440469,173.4149480077101,120.64125996509875,172.33289938461917,174.57710123388134,123.43861432895105
39.513479136829766,162.6231105538181,116.43117462464144,170.07611187515434,166.03606984619645,117.90165009497547,55.19141939752477,170.41834136879987,126.38925617814583,178.13502046838445,177.67937348154396,127.38476384708154
38.287446007321776,160.8971720006455,107.39654011906097,172.04537613791894,167.73601811782135,118.48857557937035,55.15395988933461,169.71000027866913,128.26681589152406,176.83511396844997,178.8952774182076,127.00025467796736
40.75406842585866,159.12926511587082,99.80264917430677,176.8972174156611,170.76760230467883,117.47013293013845,57.76590859741769,166.23515983192573,120.77874217954336,179.2025351112369,175.36374638805052,126.87048147752036
43.93602150474799,150.4228573307136,100.17407742692266,174.53093260205353,171.5624020726042,114.90270305254083,57.30037969927826,160.06308127788884,112.9571377606251,178.20074923808804,172.0643256175412,125.77699349624058
44.90816107480778,137.4858256734773,97.71937054710175,165.2285521265478,173.74257621433796,112.21097230942283,48.527622169581036,145.91411380930805,101.87921118315073,177.91045269051384,168.91809084018973,124.72416809605369
37.38608677100085,116.33246573321328,103.0600629582728,163.47035301732245,178.3308212683902,114.09354009917784,43.25436741476644,129.37975632093205,100.30522672498303,171.60245708575852,175.13241984776542,120.13882488966526
11.725067950746546,93.80376803481936,111.01225826789455,171.83144537703308,175.17768796053184,114.46117924205504,22.434509702101867,101.72358060061306,107.00930294591485,168.03826434570541,174.43562809896787,125.78801236081367
24.75939900046863,54.20817678437525,117.44972082189389,173.57993209807285,170.061335520316,106.5882495972596,0.26945380781935,77.79670163156582,95.77228253924623,166.82426972740262,179.54817777644467,123.75371619266502
47.16328520542594,34.139011142494034,124.8218160679712,170.18055963009803,164.08732058294058,105.13536264620647,24.672990576244306,51.08364007069866,95.73690434443265,162.81115811745252,169.96542192834818,117.00184889346545
51.54993001158056,31.853487699552346,120.07165026303824,171.76516674633802,163.429444353321,109.32174810016497,34.021982994245505,42.37256850466281,96.4542078930332,165.53106683136522,169.3049206293137,112.79975915158295
49.734770110580406,40.21721756917256,153.26372766479412,170.99877556327047,152.70451381929465,101.94459447205728,32.68305509245585,47.246732272186414,97.94537808764,164.40065636136123,163.3682491659861,113.27018334493037
37.60325315648747,51.01209259290211,160.8554464729351,177.13777913440816,164.910539080326,113.52073753029582,29.556707892408493,55.19928532573268,99.77987435255432,172.24610188410838,170.96730589461333,121.6852990142617
18.916489179009567,73.82047287168135,159.1527278646732,170.7156591130334,169.98204008339624,100.74912254739634,21.493142374662725,65.60719051944517,102.94854197189508,176.7285939957049,176.52484384203453,125.18023429602897
8.511734563271109,88.97884568318266,153.40757618708759,173.79230337941803,172.64980590187923,113.11196668688363,11.96273598646061,74.83458901094325,104.76053464518381,178.83025303818778,171.77201900250955,133.12084836529868
13.908926062381267,101.77623176455849,136.3537581515178,173.87684073342413,173.04164724669653,113.29435838779487,19.160679257337605,103.02922132795133,109.15108466236667,178.86970521148172,170.4749930914502,137.85979224399443
50.540012508416545,103.1830781366736,131.80340609391382,177.8396223876238,172.62068402870975,109.4773822637214,48.08371902264223,126.61949137720237,101.70027003792484,172.83735132196506,178.14555938273313,130.71197802325162
57.98578013823463,113.0183842120377,130.30774168083175,175.7592783351348,173.5917518213814,109.07371169822673,47.86312674252208,135.64754865241528,103.60677372384723,176.56962522931096,179.63060662874264,128.69101690252643
52.726936532768384,117.22146662043589,126.2560211987031,178.6542474233869,172.86059671513777,115.08324931383984,49.58221259507901,143.95363488428026,104.19469594900022,178.9845296240841,178.18974530055968,131.8106068393103
39.86053930136488,145.7965048695713,102.26002492855766,171.6443308760171,169.80145839625385,117.15995273379193,47.93001808665194,149.8264004416086,95.49714251336373,177.08981221677297,178.78646901697527,134.91055134592003
37.42319061199579,154.4774951156096,119.017810677317,169.3273643967585,166.33753726080306,122.04692070987117,48.55533801022132,160.2846175637745,106.89971788305608,172.50075444767506,177.87354532461353,136.5804719950494
35.484604105412096,161.72152730606433,122.06088600467555,166.24459552033306,161.28842466966205,114.66255475561472,47.26486374322628,170.28299297087023,116.78286375174966,166.82963901718327,179.00842584135,137.39152957082743
35.49601016009407,159.12290514901716,120.96451341453891,164.51832214624238,167.43363964997337,119.01593387242058,50.47331121010296,176.0764524792433,111.04118931394677,165.53631035161484,174.9643893695799,136.0488246510638
34.135644813033565,157.62520747888055,117.75896561540495,163.857176385924,169.8417652562774,125.68093437976528,51.77715320831721,175.25480151571094,110.91735452343875,168.9633998302989,175.18513614980907,137.54766507983416
32.776638010693226,155.48693756180762,113.70027860597226,164.85178976089554,169.21211872079786,130.34983741857354,52.39782587530947,173.619970900607,105.16828568155512,169.58064626862176,174.8026800676232,142.45844608194335
33.93000041793163,154.01893870784627,107.65583074527687,165.93403333465457,177.21112784035563,121.87540426762392,54.79089136719036,172.58821629273032,99.75021275189467,172.59634740761715,173.51572077858458,136.2319851793611
33.03597804752873,152.0842761857607,101.8355059005917,170.45635597673012,174.19339561823858,121.63213238894204,55.135363985921316,170.6027952787771,100.6214131161128,174.4352054110918,173.79349993646468,133.29417147270786
33.59782419547233,154.1857599660635,95.52117412261897,172.63428210289112,169.62287673475623,114.79998778342512,53.36224338004125,164.1644126318331,105.17599729660286,171.62111248060967,170.14966182012373,130.50954754509232
30.709083426362582,139.35914828112288,107.12719192836079,176.20886377243903,170.1857489640035,118.7421368882161,46.27801473128296,152.41457385453654,103.52535152331063,170.96552692741506,171.25311914674555,126.76864372367612
15.346110238017912,114.75584430031361,107.39250625806108,174.73605294668582,175.8885747443002,125.38376845685151,36.24611760194837,133.9006297081721,103.92399847565629,173.37469671005803,170.30122935492466,128.47779802132803
4.045734768742729,87.89238060854011,107.22687484711014,174.8469813103481,175.733897424173,129.02694665888376,11.90942340770093,102.92001473676454,111.08183424086802,177.0258620726176,169.12900321791335,127.10428381765931
10.601412294810606,92.63634351543807,154.03058885950153,175.15291882512557,175.84159432908916,124.19196839016206,9.384168440226697,74.62151825633983,120.92607913002288,172.83636713005492,179.67356258781393,124.19271873794779
12.712280394273028,79.82896891457004,96.77653649761933,170.1569790568288,164.23624665264896,116.92502904449323,22.16648336961858,57.59905237287269,113.08957665840471,165.86397416595855,169.72336869549775,120.18948129668455
26.108218499553008,74.441443793164,121.18214333532593,171.4293028277812,159.1817320946332,111.1141961581234,34.57021892828414,48.62086889485909,118.17370505001084,164.19817670215838,162.94237121293884,121.67234651017206
32.664383637129866,79.68946195861274,134.91737129994758,176.72867047003467,158.30609515049662,105.17941949255693,33.069349181371685,52.793135532890346,126.29648961034933,167.3406991821686,165.2225246210043,126.91704748487606
27.0633582411667,72.97773537311896,156.00419146921485,176.59758715256348,163.6499377038585,110.86058100721657,31.56267963443163,56.685881114080274,126.07102337909208,171.26100947541107,169.13964143874992,129.1810404772128
27.470126711567886,79.3877666662665,122.19777305579899,173.50536912533067,170.6786939928026,109.60686251136067,23.450925580465398,66.74607721143883,127.79244091415467,172.21897920297587,171.2564537709103,129.84295419049118
14.695605816816576,82.34642222198853,120.89030355040946,175.8896739947528,169.09043441608205,108.85790375624113,21.47169515044659,68.32750469135999,129.40996481900245,175.51310156682564,179.45635326952308,131.31365180729344
4.672481829670214,106.26324265949964,120.30911834840128,173.76989909217548,168.73251934481038,112.59220610778604,0.07986304033320646,93.79193551198554,127.96473791779857,177.327091182362,174.69964588372483,132.67482533030466
21.783042815398673,124.45447015394652,117.34126294813373,177.19991957678388,170.66548211798707,116.46059807662333,24.31671309288516,124.27952744251476,123.413008739173,173.65796639323298,174.36678936722026,133.2947961640476
29.59437736906475,135.23163755153686,106.89118829824302,176.3791599474819,167.12715357223968,117.43538505814789,33.06758907980115,137.77671595787672,111.44850851448074,171.21501251715532,179.16553006681644,132.07172002257622
29.760929592376957,143.28722238872413,102.48002332551891,168.02474781627717,166.99929828654032,115.41121637943375,39.24966239243709,148.47944846581913,108.40022357388504,168.74134090201406,177.50518180515436,134.25265628676695
29.14324419809168,149.48626527000195,105.55965129828489,166.14246576833293,163.56685887518182,118.79988696161048,41.5556972655622,158.52080807348378,102.3208391837704,166.88121491807186,178.69024650170843,135.5115605187879
29.884495526916762,155.1217792030873,112.48564679433446,162.64538099230415,163.03474652141335,123.01736597726917,43.524873488067705,168.2118143598723,102.36189715237182,162.3849121988663,178.397193761413,134.96283384063858
31.846142213533977,159.6483108527153,113.88468378440098,161.6915739547902,161.11904491676125,118.00761798303837,46.65065030835644,175.07191270626805,95.48048681054566,162.36130806083355,177.23683279691937,134.61968103398436
32.02622486313338,161.14195681763005,116.0840354666298,159.13310940095235,162.60768853322872,118.85974417711874,49.13281617790718,178.22324365423538,104.18727743570231,166.8228956376307,175.38926568561067,137.56583765935687
32.32562365478878,161.18084401892798,109.93958110668606,158.5576565269306,163.4171302371901,115.41157025214137,51.74574640828414,178.83846379652852,104.24056484792223,170.53027854365305,178.01295430077343,141.1933452553302
29.48039919744716,157.56050528480185,119.37941508451652,155.08634031909628,175.02518883130116,128.1087791441468,52.29039998089604,177.077968797562,105.76151757314103,169.83505362911103,177.34263624922315,137.71307300699328
31.19437722684877,155.21887207651437,119.53994539052742,159.82527004760755,176.61747048750416,127.77208823729636,53.02867601124141,175.32827197349587,105.36920512839438,170.2201822454702,176.13300637666498,136.69116949672707
32.909852716630745,151.32938052402872,104.51438048242237,166.22702660406975,178.33526121180662,125.21621798251032,53.896029252976156,171.48996699555065,106.6446879687211,172.68911009732466,175.7299497926771,129.75523170584609
31.0907975026322,148.7471708790508,104.77918539105539,169.8499772061178,176.5076688575264,122.79836212389979,50.228332051337354,159.47677472079005,107.23955686261584,172.07890267227623,168.22918791094722,123.28423345464863
28.775234163603745,136.3613501046025,104.11541768906281,179.00179399524842,175.2883995610515,124.4536859469665,42.99269483818254,146.22459683576974,107.4909170992917,171.18641488880468,165.5858741031072,126.39462469392542
19.819432492325397,116.6613797103128,105.86435084408326,172.92965041125572,177.84027660408427,133.67010050922576,30.807159106984685,126.6572544308048,103.19112163740704,172.58926780533105,166.23355780108386,129.64673736888759
11.09068641877356,77.43223900403103,121.46802314151822,171.38033725624794,177.1809457611037,131.47745215115364,3.8340441595634367,82.7368607088201,110.73526117227742,179.30040592416555,168.20746485866962,125.48769275623893
24.986125436693328,58.99780944749102,117.44361007204516,169.56055862453601,179.84353721474952,117.96793990355432,21.219899288912767,60.971942954042206,109.9218188854909,173.70786086054508,173.66607704181502,114.73281293370425
33.434136826359456,54.58179975268822,110.821529514281,167.8365284027023,164.9077306563171,108.90207791591199,28.45672297290944,48.754767410722216,94.68615146017551,166.40808573197273,173.52915649224983,113.08568333303228
42.09110990356722,53.80211301304407,126.06878501287132,171.83966211140697,155.29539697050453,107.78544898454265,34.29796721767675,43.259910506191716,100.4866354817143,166.28091463902405,169.69769769830475,111.34848213321436
33.81660797835661,68.89646437303684,147.1430599583987,172.17118261074836,155.5980771148349,102.67607512775972,35.27760394535552,45.09781843359808,100.73639724979348,168.72743998996037,166.9028867237767,109.99776551454664
33.671470575201496,69.61734109970686,148.22630671633786,172.29227032135276,156.92296467817923,105.58848818958192,29.37853375306469,52.02889914660758,115.80324854169018,169.99951697318133,167.94331663472133,112.03740634484036
18.707650754359,80.72612560414557,135.03643583706918,176.21864281449504,163.93495498802426,100.49677135171699,25.04716082210932,59.97722369939599,119.4828884120421,172.9845204557254,170.97692827442407,112.70289624608252
11.446611951641733,80.89386062070587,124.89276825360066,179.18930662247305,162.87255109779207,100.8300932454566,23.616265742409045,62.208184312785,121.49673621708631,177.15541223869525,178.926240458127,117.41278236651122
2.343360969049316,85.76534743754232,115.74209045084957,178.26356393349008,175.34268872371155,105.63091702198331,9.188935225531235,77.91044161212838,123.63463946082967,178.47852472982373,177.21753313215626,118.58985539573915
14.588096207311613,104.3450024671019,109.70121762219644,179.02050436265645,179.74953440333633,111.1231069461812,16.01521793014438,103.94938895478506,122.00101389457767,175.4288986661207,177.23993394817467,121.25034010592495
26.90661357517523,122.21490956446243,105.97293852295599,179.0243873665279,177.30130382021468,115.25113949568563,34.374058565647935,128.2521305114918,120.57464575561049,178.49351970869125,179.31147750782827,121.83852822353148
33.80429487627054,135.1247653333296,104.69434293082047,179.13042758123214,170.3697691495016,113.26373207323597,39.8289534716602,137.8511456497463,118.67786224692668,179.5961450889658,179.7146781475327,127.28290671981343
33.588471613991345,142.73333076016922,103.42958550895143,176.3556136526769,166.421986134825,123.47309871950746,44.69764555091554,149.34368382296674,115.33736574609237,175.7102118364275,176.27752916131078,133.4933194381609
32.24750006212411,149.91107003944575,103.07895716722095,172.3166596537462,161.65536228390692,117.0156046692817,45.889487499284364,157.71497243035796,110.28847901781329,171.58793840817268,179.90190735528964,128.83923817055887
29.040374686003837,154.04613678681912,104.22651890034706,163.885976321175,160.82150691408458,116.696221554122,46.195428504435505,166.6995586531292,104.72860407054876,167.95082465871303,179.28758253967365,127.17830242123902
30.477524257631142,158.77514176387885,98.36794217880475,156.32959752805075,172.6277217055571,105.8532919222744,48.631677886670296,174.94170750480325,103.39824613221337,164.77419095190314,176.04873853054602,133.45683645509797
30.233168309440583,161.70200277655684,109.76805771551484,152.9212102434953,178.055773797619,138.4228851114766,50.41206860583981,177.3310924278357,109.05123696616103,166.92663392155984,174.4559781254842,143.33837181541242
31.066010635109297,162.86551954500993,120.51177304966397,153.90031844941512,175.97859937478444,126.12816113789742,51.36728148085961,177.3491368678291,109.24621747998476,168.76280261869863,176.12133299192098,136.8943812966535
32.08899630963606,163.473564566511,115.54619767172345,154.18950294866636,179.2276846295316,124.7036777340457,50.99722700593178,176.48312952905297,106.44299760301122,166.71760316159393,174.68959534681727,133.12923834253817
29.992313059925902,157.34683861613289,113.99082387705658,157.58831001428203,177.85207793074207,122.71755418800763,52.43622436650239,174.9684387957886,107.26554056344723,168.48499243997423,174.84252807808463,131.83020106581677
31.69150040382577,154.53707163358825,107.35564405688623,164.02984494213322,177.65197590036226,125.37321135843898,54.2703824238187,172.07708709403212,107.2721766228346,171.94091421870968,174.06259095779342,135.26328577591255
30.734730466055506,149.41865377031692,104.87482081712905,168.58954156047355,178.2116600528464,123.83054197503108,52.50397462639691,163.1519314359677,107.28455843884835,170.33970946105887,165.58947700192726,137.36052580784238
29.037754378973503,136.91362368564188,101.82416462790367,179.4327639036277,176.84049261016744,116.18956410486001,43.26116084300691,148.51944993110897,103.78333034885172,167.11670821004694,163.09931669415457,131.07151065529285
16.760616303080653,114.27093914461132,105.07215999295624,172.51517000661704,174.5455533496894,122.27450075566495,30.29544817816871,126.03250141591191,100.38473675163655,174.50011277090664,169.14088500637237,124.7424994391082
9.056814636653892,76.90554143010557,122.15131689859518,170.53958443514028,178.41711491134535,121.28396670394717,1.6849710688165223,87.1811647907407,101.2297177114814,178.52078589927714,173.61076201787264,123.41172663475896
22.318134841977905,62.049576307511394,139.7484817052621,168.97777778677857,174.10733786738902,114.01642852977449,22.285548145769997,60.8755289319165,103.46944187038807,172.13430501622045,178.19911102765286,121.17732213712421
31.678572702134744,58.81668190897581,138.65966199877528,167.81533976854436,161.9451487876373,112.405038443966,27.417666766498254,50.61633729783685,93.58145966831532,164.32542485603315,170.64097578891727,117.70133241361646
38.670112593028584,58.613044520182946,145.8260312038761,172.2473093553126,158.11086702494717,108.10394593946853,26.259526711340353,47.64103300185492,97.83263488474465,165.43368685526022,168.02334074467012,117.27698496719127
44.763833081419456,59.81077668538215,147.21627780756137,173.9744697301791,157.85243026028124,104.53632771662961,28.787177095664454,45.80573054935426,99.12711937896462,164.92300209668636,170.14986423376493,121.91088287580423
17.60469255893962,75.16069792878388,150.45943653702122,173.4099217238699,163.08784441955422,112.8595821873178,32.454158918866874,50.10381107193095,114.07564808327417,169.9887286166943,173.15003012063323,126.41544767111222
15.672257728861243,75.89846152084463,118.30011624189535,176.49433089196395,170.3053005976483,102.6385235349394,31.139219694717116,55.485085641995894,119.92061639035693,176.1410718640454,178.72353970158844,128.88721350359623
9.716207082119231,83.83071287460288,110.68369354662784,178.7019602246192,172.6823137898568,105.31285371278284,27.889248822044433,55.90142905060024,122.9583223757937,170.93887886500394,178.28183311322027,127.68245277690785
5.4176427515735055,81.88127081767965,113.47321335878513,179.78337754169146,172.0933241368898,109.74332596696779,1.5022082248588153,85.01246521340884,121.25723561930435,169.30410181227805,179.2698212756975,128.5580185675679
7.157950715869869,98.96599558647738,121.84547174372379,174.0547942833191,178.5268448627572,122.87933069785669,21.823163474524357,113.19636938489452,122.82882566273364,171.97590333354424,179.28965952025052,128.31703537017418
27.6819185713149,126.93815065284534,112.43160768123204,177.67160067734108,173.34541597804315,123.04376374829923,33.112932192908616,130.50100033732318,117.79069769799861,177.99000083246167,178.4335338727864,129.7066782157911
31.69538055236776,136.9451618566188,105.65404621436292,175.34776052204822,168.72982160447694,117.7408485260039,38.85597360350743,140.39310888641336,113.59249974210994,179.0320575474917,178.46671014681283,129.4161575422866
31.998397258970364,145.35759425197529,98.07010091512025,174.4981587304999,163.68838961229275,113.82093334759178,40.041969808831595,149.3809518052116,109.25747078733907,175.41296044669915,174.7331706658266,124.91701874237529
28.2161273054988,150.57576377586025,105.81305115612477,167.72728373414768,161.1267837459468,115.90862229742976,44.175323576386965,158.66553241705816,108.26918326321157,173.38618978024047,177.23148862426177,127.16966731227353
28.776534607382832,156.3599556963965,113.3713042510337,162.90611536157658,160.2804550577308,116.10010957740975,46.60933798590127,167.7976252080947,108.75947003213419,171.3157001030755,176.34403075111678,127.05656543252222
31.752273952762916,163.32904242845743,100.78872420471251,158.49125806914842,165.83622329339482,108.65504405839181,48.68104859990106,173.14575730756656,103.05044558764604,168.75840703041146,179.75231813003626,128.55767075098638
32.35060731089791,165.39617811519156,105.21651495908819,155.1486994682692,171.649595455994,114.15128116346823,50.357330745245726,175.7760375195587,104.60968702027596,169.57058314110634,178.59616202275623,133.47294760955342
34.338734452907715,168.55842457285345,111.51194606966443,155.31971100854724,176.663552333942,132.73069072145879,50.77663570061153,175.8961704015379,105.8154874177895,169.95570333689463,176.58359164434663,139.7334322878275
34.309594665663504,165.18572049892808,107.6180986159064,157.52945977190032,179.67673160029875,135.54039048850953,51.260542010113426,174.1470005145189,105.67681870281191,169.83747876794294,173.73104958417886,142.50970238043604
32.56316001190649,157.4366096409813,110.28131962445694,163.60523795144852,176.97094058969742,132.70653761498104,51.0503017773121,171.65729342160952,106.2904015832626,170.5390212364127,174.50573280540405,141.46280381380444
32.07511652312926,152.8337542375738,90.87217927450826,169.28916648795322,174.17984537752307,131.59491216771053,49.83800780061969,165.35239052743532,105.72472439355545,169.4271154932393,172.02665768956518,138.63650368854405
30.84152002462155,145.29522145642275,94.65581528435034,175.48637351961034,174.29448474408622,127.99509709700216,43.25906665020546,151.32854086856094,104.14788349135887,168.23387527600087,167.18336058029993,136.5649122958864
27.585862970833684,130.88744920422607,96.87775987836748,175.72850529534387,173.97944157719516,123.72043981231636,36.1343869219786,137.34659067135692,102.22912755198521,172.4815429952334,172.22144555439866,129.51338448685127
9.363737845844796,102.31198406628911,101.97080046155388,170.57613762404853,176.37104956009668,125.46489685859137,15.26416153127102,107.05793420172719,101.88265302815017,179.0579915254946,170.84509260917642,127.76643795727445
20.522605786243627,70.4066403187214,153.44307890583244,171.8525334334314,177.48816292550396,116.8114360416737,16.531350735545274,69.01163722377146,108.5369599677854,177.1692480670346,173.8980173986454,120.21793224710724
36.83202728996316,55.54050751986231,115.45865532759517,169.26635799987147,167.1052058796589,109.67113777961002,28.75179578312518,51.404101038084036,100.6166314522241,168.02814544630402,174.0080226447195,114.42300866739055
45.17341563656869,46.220313884691414,131.0537346192958,164.78891967688307,156.32939425452346,106.69985374641514,38.3134483776585,39.49633247520195,107.91745662344688,163.90059904547684,167.49256318345894,112.57848349200077
41.878157042142476,58.47229519702086,126.24870382501443,174.09175695099165,158.34260214703266,102.59962055887743,36.7043782906464,43.14300255687269,113.73916102042799,165.11989310394978,167.22655535472973,114.72725609622876
40.36515095649347,62.309681885027494,134.41419150973593,177.16273290058317,160.64353509641825,106.62154230383246,37.18221682388974,49.452917906677015,120.37644855506271,175.7745042676085,174.07433722727282,120.5006445774297
31.787318504040577,68.39587053798363,119.22432263500947,178.63040477441817,162.64272807019043,99.06536345251816,30.433946791200928,58.376443546899125,124.24316093857468,175.9807715453438,172.7354708308906,119.53680332072078
13.395707021565661,91.54308617971863,142.58157489414725,179.775023032568,164.40276734452257,103.5931284337927,25.71832019580369,64.21516768537687,125.03219253110193,179.7352737767181,179.9309951789337,119.94330891709647
3.58689150746005,93.02619999805465,118.83057228971228,178.35690716817854,166.6254980680876,104.2563710790153,5.911293123503703,83.36549061280112,122.57727009278146,179.3542406385797,179.006975962496,121.00080235156882
23.123194804774055,118.17446916135289,114.81423794600995,178.83549641922187,176.18090598825194,108.07476961111088,12.23559712645831,107.35037899653047,119.27906109151336,174.99820043621614,177.4907136094749,118.14005735418814
32.972492562587775,135.28084208217456,109.89299411410289,179.09908826735938,171.16689564448515,109.19979123547971,31.63702284338139,131.99364584185835,118.33408900571047,173.1618809730669,179.57582192903502,117.13555455724473
31.721580492306977,140.1508902373536,104.95167419674205,171.00580402048385,168.25873775368498,109.99970705415716,37.919376408055655,142.6517016929504,114.80235256169432,169.85792225020137,177.36625790358224,122.87564546995051
29.436953138206018,146.43402765141215,95.51591549004235,165.282775155608,166.95022042407638,112.29826168743047,41.99465136087138,150.88238784263638,111.38235038497272,169.08801892699722,178.43587181161072,125.07328345124634
31.068510969055243,151.76241230559933,98.80897558139438,162.68964863936432,173.46217524741482,114.1435709604955,43.242213920576695,156.97233029982516,105.21482307724456,166.08057160745605,174.6276639001101,128.26245607065331
31.52369706769471,155.19377441814666,97.63235217455856,159.86242135554232,176.26687112373557,114.72914281217703,47.0596545075968,167.4954907564862,101.68334689608056,166.64020452769506,176.69715670935736,131.68379207628027
33.26076960633981,160.88923396972586,99.26197529761374,159.02598184487502,173.88400300097896,115.61824889300182,48.41428493763958,173.65580554400046,102.58925062085507,166.8317165486592,177.62106508618666,125.8032812197272
32.321292980139305,163.2319541098826,106.81676550451198,157.33885597148463,173.43772342488813,127.3656712564224,49.066709322072064,175.70016119736212,102.40586890769161,167.39064098314165,177.05681397826777,130.05160674260355
34.288303207065724,166.16422678450428,107.32883524908478,159.1691063257439,175.13756622565637,126.43988213706075,50.141072443627785,176.79053179727498,102.97963047290682,168.20608615526643,176.34970947624933,132.10992373235752
36.39230940112142,167.96581999326833,107.32456809871111,162.7151349839925,174.32665578475886,129.531810494761,50.820562470902125,175.4931522007115,103.99031133663158,169.8384540287132,174.9291774827366,135.61720021673932
35.19683026940789,162.81928741609426,106.33839987516932,163.84349126925383,177.19618733189978,132.18398860534325,52.386467850307675,174.19580705174155,105.95285539820686,170.70535123489324,171.5123023065821,142.554136157171
35.46821882586272,158.85325888622742,100.00839071779849,169.6619960715108,175.6317853483856,130.02646922633895,52.1754467188858,174.1617997645983,100.27151036523688,168.87093988270126,170.91263187596078,143.0614376273531
34.14371688359332,158.40571899196573,91.8712628344015,170.00768679860695,175.92408770233178,129.13721574819232,54.941204295590914,170.8703089212015,99.33670181218051,169.0696006183644,166.07047067413745,141.85341965071444
34.36529766825496,151.0788546890105,97.86883213748625,175.99671445208546,177.91499187078466,125.12183211018854,49.183805098028344,156.5971598503326,100.36051680601238,170.07272371609187,163.94642774799644,135.8366753813839
29.03364078284729,132.9346338988883,99.24268272273699,175.0619951722539,179.50930092271827,125.07855480265837,41.42971484045586,141.4255269126958,100.42539138297904,173.03305421172624,165.76625809054818,132.8163671430456
10.702668921720338,102.32227553165247,107.22561135445574,171.86543313578284,176.20075660444152,122.14341254431065,21.783088943290167,112.33187219694527,101.67744528235254,178.26926917319003,172.634135032744,126.14208764076487
7.138530520095872,77.6332162863,140.04992032939035,171.27806787591936,176.2131404299633,120.46884394905668,7.801395037961301,76.60379694701064,106.4745517026281,174.6219495376332,176.52607238688267,119.70383737714118
32.98182891385491,56.323442762460154,120.98684114828022,164.77100798247525,164.2868600233224,110.49718938505059,26.133531494293944,52.424988628973026,103.9607558429081,166.86343636238055,176.68677149590312,119.30906893879087
40.83293252824984,50.595825188324554,132.49532212524684,168.6205264643557,162.1807926874225,103.40000909728373,33.01858113738807,42.61544333039671,106.59251453663772,164.7955355257467,173.84656442403764,113.45562930813918
38.68324907571024,65.29520978424284,144.09583075524054,173.49712688138092,160.13373444125926,102.16850894377922,29.467053638462602,46.00304349850969,109.89810686650388,164.26512209258388,171.25691407791774,114.76370887884121
40.56858735088648,66.80338056518103,138.283813060762,174.7101245165035,154.98449341100815,99.51937636349138,29.801872967879927,48.57030402676055,118.12956436935927,166.7287692465106,172.20652361406633,116.0551754382966
34.40120876159947,65.9974513206479,137.90880007635428,175.91300824049307,161.63951289067177,105.19723090844035,29.952075583797015,54.57536153764849,126.83276538111066,175.80728071526062,178.29444913753295,121.21628299087057
21.3940102189805,76.94601890138274,111.08147366465533,178.09181404077128,164.8878200474575,106.25258494413055,23.09903615451923,63.33813283915642,129.5662550899911,178.11217539005725,177.17413938317642,126.04593015287467
9.466160243022522,82.97034855972592,113.48294284214766,178.74443875345523,169.882682822611,108.09718109094266,11.168267712225537,75.50354419638862,134.77351070251743,175.72847625338937,177.95788905973032,125.52820115229525
9.509379869594524,102.51351040876376,119.04908557077265,179.79158304229225,175.76610313769982,112.57919526732238,5.4345931213352525,97.20053276260997,132.35764507352556,176.279725435192,171.35004989986055,126.67039985147248
23.964875530156462,120.15642759241886,119.22460166788797,177.640174739026,174.3563818718931,118.71269680540583,26.571328038273272,121.25921111495516,131.15458213435238,179.46926448901903,176.27420383445732,130.9421522965848
33.564255051574776,132.79073136789853,109.06005181982245,178.79237503467652,170.35465648928738,121.39123172147447,34.56687387251288,133.20490856895103,118.87226572094247,177.0294055358737,177.87567591277516,129.22599209943616
34.26823827615611,140.3772013709137,104.12536442389724,176.23879177868952,169.10733847882526,119.61861542797277,39.03944043762417,141.07672873322903,117.87887787515355,175.1586174933535,174.72981243701366,130.2212682491745
33.25153815733225,145.7837408631043,89.20251627328199,169.2015689004024,172.59538788015317,116.94924652200957,42.22762678734331,149.57868475265175,115.97874747048711,170.34500899042428,171.75217724599722,132.876524081006
33.38337427766459,151.98336649515764,90.25192333321792,165.44231321467848,171.50653789280582,120.88114664383832,47.89670273661809,159.70901420550956,116.6737166624949,171.93352321528505,173.370328703306,133.03366655738537
33.95981601034359,155.41501130108455,91.2642814394082,166.035678728677,168.42893708220137,115.5099500003001,48.09599577538964,166.01088684299145,114.17261394280476,168.92810956449637,174.02296084565756,125.90859470507233
32.835845350658666,158.72525042336326,83.36507757869515,162.93977184176387,166.70010808477014,111.93095354244254,48.78795962346381,170.87151899106075,110.36321459939855,167.81155194488747,173.90209105274946,126.94946877004959
32.93216115113517,161.64034833583446,90.40168056676906,161.42529278983858,169.28061950467705,116.03031544270083,49.99047956324872,173.8847289817545,109.07713245561798,169.40296125112982,175.17831493015834,132.50330970763162
33.13154065247186,162.31468726375223,96.52621253305388,160.33637430434,171.49002515768623,115.28844132311549,52.03996688598796,176.3019027444791,104.57282595146094,170.31080657947746,174.30792411885895,136.3457749828741
33.722064492866835,162.7524210706209,108.63668129482586,160.23250570341824,172.53257681686472,123.8974362861914,53.46699849774159,175.9169648046342,105.78988731275004,171.3046688598963,171.78773764560663,137.9195702377468
35.16226597176736,160.65598756872262,105.99006158876954,164.67998953404637,172.60765189204426,129.49923303883793,53.72374465221545,174.17732668619902,106.5561078006937,170.4379493534776,169.8161792299607,132.70543344581608
35.23210459643034,157.73745103848165,99.64093851969207,168.2691562860308,172.5341842097678,124.3208259605258,54.09747103293165,173.44134466200057,103.26125373002856,170.61031697883345,170.18507408699924,132.63920046862782
36.48180608783204,154.984799843418,92.61866825534406,173.60599647212186,170.51109932757325,118.60037861418887,54.7834791981515,168.25634717897984,102.5617293100705,171.77285186572504,170.29804229748905,132.92237296882666
38.21987667939188,146.4272163971417,92.37642865259761,175.86057037119497,171.27770736119476,117.00879271059546,50.81515620916445,154.79008112252927,102.18506097041744,172.84231184944377,166.58911736400506,131.1810173983897
33.311777546119444,130.91402222396093,103.89961163463327,166.84189595149326,172.03287888313315,120.1720023812686,45.610060285685016,142.27935761857452,101.79029363936205,174.8649463249131,166.54508741029161,130.06769524723288
8.854117158676763,98.050542674066,113.42551634725602,165.0245123590799,179.18626219477687,123.10690523197967,20.051091950108972,107.37119963361965,100.99708555582757,175.29360036665904,173.26479550758805,125.34790231562083
9.79120812813227,70.55692870604996,118.15794462719975,166.36483193154842,178.73489308829028,120.66593585017871,4.291681360475058,77.20992706450564,105.48115149963527,171.19093773405203,174.47787694035307,123.93363836629185
31.44387921252379,51.51520195723333,111.45255779823256,162.93026129032793,160.68085112431461,105.35881650996993,16.929605322325415,55.65857281755772,102.22035840781247,161.862925937199,174.95439691704783,114.26441021602498
36.6680610789763,51.87521959684082,118.96376446183532,158.73347092977716,159.66831230226438,108.2923265022292,29.02402632666812,40.47700007680401,107.43637943474357,156.8365956785407,166.798100622253,111.74556628955371
44.946050259624535,54.20455115674292,135.7485995227177,167.7337653808832,156.39660994394083,105.49981890086956,28.2553522311025,43.633454992110494,114.82941426498434,159.10232866945375,167.8951979414607,117.02364836838484
40.77994538006967,64.75656165237633,138.91730973485895,175.76812573466805,162.26098867284395,106.15799521685955,25.734890238710637,51.274227240208496,118.09403982503333,166.3891754772465,171.4558700447219,121.29853042293475
26.16811519374882,82.20528387549098,150.04427511111314,178.2219262445205,163.18571446139956,106.65749834626799,22.397914413124287,57.18484603967899,120.0513363192026,168.98478047161558,173.79413489700534,124.00509161918313
22.20713424579739,85.76770873406083,143.97812294649762,176.58449968445532,163.4055655504996,102.81498047915954,19.504308008756926,63.96481135927098,123.37324193161548,173.66499211186886,178.99576460986623,128.39225842367557
19.869174530823486,84.72935085781864,123.28929090234642,178.4747152733292,166.59613417462057,104.68338685503008,20.370470167420738,65.6333607702595,127.15872223723031,175.7833901086838,179.23808507276345,129.1267085354208
7.68402794244462,93.89361314821673,127.73635224600137,168.87484296554385,175.82514712182217,104.8962777468211,4.986273126244146,85.67072392210315,127.99680036539382,178.99312753500055,175.17353465260288,122.91087654270363
11.51702798020239,105.7589393698144,126.67187131625177,172.03959521669523,174.43915961634787,121.58142733307027,15.603138618251617,110.51872718584794,124.85920972011239,177.12444699564537,174.97704317462436,122.71407227716693
29.68150218066678,127.95133744754412,118.44810778296912,177.3495109467703,178.22901368663213,114.53001060302309,26.932708790970892,128.79303919546936,114.1344513248875,171.12705609408746,175.890547237595,126.05984156740693
31.794434374771654,138.11669540238657,109.21405249407,173.96276743209444,173.05007174959272,113.49655476902187,37.19324277713512,143.65202356749808,109.1453022209737,171.70629492478474,178.79957355023257,126.20825407861884
32.242262690357784,148.69625070543898,104.05045207401388,165.81371649333886,172.10090701992675,114.76338635650775,41.296650191028874,154.83852692196749,107.60693197941413,165.61239693830169,176.39080135365668,128.56508762927504
33.3729384749734,152.0766649721632,104.49758292263891,166.1727863378555,168.02432365189554,111.57625576196358,43.137011745068904,160.51801413214108,97.82418396047531,163.31113979806238,176.64529221658506,125.12833834573459
33.205473418851845,155.90357596096152,102.05348427426922,162.9084850099632,168.5275011315192,115.16029515541013,45.8342501297423,167.7778204688063,88.48842053836226,160.79561247219021,174.25884827231476,128.44264695327487
33.20342799086131,158.67742286215204,104.01154739737942,159.7380451084794,171.8372418421493,124.29331047211723,49.98087827945536,174.5034833310067,91.33947702661632,165.13192072085087,174.99605432088657,136.9864792886083
32.47449671351919,160.5789030076532,95.14848852814768,159.66103842844956,166.9277828142267,122.9263303319433,52.53511112436939,177.31993988967133,98.15619551584975,169.03573239494426,176.65608201562327,131.21556613138046
31.402652748320303,161.4107793338289,101.68635584733462,157.11616325246635,166.2759769599109,126.2306462146609,52.83694472044588,178.4919864577939,102.08860904329839,169.0147796127011,176.67974947361867,135.14171365075742
31.875479890455658,164.01433408525892,107.21424326381815,154.62172493826753,173.7307920313868,125.11969946202102,53.137511393766516,179.70459075968705,104.29185466619894,167.22643483114075,174.4449772567849,134.97103834664816
33.29363780887826,163.52058334893283,110.84537051729876,159.68262870364066,174.32725900731995,129.30536316409336,54.83755630892742,178.6545999173668,103.96519689770001,169.90526067272296,173.03410200251872,140.30617134708285
36.49088703972104,159.41872588135445,113.6096064150952,168.9163343441072,174.42009507292906,130.55885763700104,54.63439033303568,176.75882733473875,103.05706713099657,169.89802497951723,172.306848642995,139.6973257395859
35.81472473933099,155.46846756954898,95.67661090505155,173.6292964683691,173.88985835000344,128.34760345998816,54.59706998594715,171.4389901630253,104.12055081307263,172.54681250198402,171.83133914682213,137.96188151797455
33.57260494761111,148.7085198425206,88.8229791165691,175.4126842151651,174.84109640911527,119.71691741085671,47.09027962925151,155.70825416904862,99.62768860688335,172.01868784688625,168.96781291519176,128.08118604045566
33.93814209984756,136.17146680126766,98.48797707083129,171.12976498414503,174.07233168566637,120.14660236474154,39.54497031026467,142.5029167861627,101.70099317241595,169.2914605596377,165.48214090433527,126.46683860793549
20.56803988729677,111.30540897690625,107.81145471865241,167.85507314349022,175.27526090532191,121.23925291365492,22.868458030057177,117.5297960597481,104.21909971947919,175.21307292297408,166.8013113811587,126.19531638304203
5.95830690735987,74.60776506344466,122.38269365530668,167.3616836876131,179.90962780102552,124.52757715787178,6.389702276944016,80.11030093440299,109.01788923651715,176.91055728806342,170.46166981026434,122.37881798415606
28.38873719641424,54.597311482607964,122.20521554851344,163.73208033666285,174.48359316336476,122.56126957913867,25.245717134094665,52.79169447650671,110.27162677346179,167.99398517054675,176.6326318914155,119.93275463980956
35.1261334963758,53.70677164698141,111.95611747945163,164.0399175828454,163.0321980410388,112.07820506946504,28.689254131109067,44.75044393303817,108.49523395455,161.70571374828157,174.44898188377815,116.08494013780432
42.29661192200441,54.71327218147094,140.38858290689816,166.0632019425435,163.19813489082483,111.70805835890972,30.980615561162562,41.52030874567276,112.77418103656701,158.7635026847639,169.7388122117241,116.52927516009376
42.56147725151698,62.31347694118194,148.04302811611106,170.42818631058475,166.98824075739577,110.93983567880443,33.184651205438094,41.50676586675449,119.16781328748942,166.3874779013724,174.1639944284159,117.56428391670431
46.02125646429294,61.73542524292624,133.40502015526886,178.05186735102237,170.0401316129453,114.94586935492667,31.553691344239436,49.53701768947762,127.45464784203708,173.51074536803756,177.08175414900722,120.31728951537951
27.176414296251668,74.42427942138119,160.16644161899782,178.01671764986702,173.9544102168599,114.37171395945548,30.171769036787246,53.85586951544999,131.99379340760325,174.09063552605704,175.98973000706573,119.61211999491424
12.228736720256073,88.48991389584982,158.89591697565388,177.1791423324458,176.43027443371997,111.59914833953373,28.14938967766599,57.3408685408396,132.05211946799903,178.41614069566802,176.18984702602813,123.07997200721763
14.347634558508148,88.52859090653105,159.56657024501504,177.32852627723432,178.21545496516268,105.07716644632414,19.802274644904497,70.87594420422101,133.98138391411285,176.50031297689696,175.06515682738515,122.9212156597755
9.645139293434292,89.04400461566587,141.3191583208347,172.2905130162958,179.0620300726679,110.49324663869984,0.815671001684178,91.47194226030896,130.07274748766548,177.63778958317093,174.40854659328568,127.7567610112563
6.199741369689563,101.70922616934887,125.53559680293586,174.55828667433286,178.47889754815674,116.77869633544208,18.350332452323862,111.33798318367549,127.95749930899011,179.01616051677124,176.15935982799672,128.4823286106191
19.599871260588603,121.92459161966399,127.26800489412513,171.63011019087077,177.03809637914557,118.34502499445107,32.44059355633416,128.67000396318068,120.73586349967132,178.9615673287622,178.5208352101413,131.56123692372694
29.56938177732095,134.37489475030836,115.68042711827395,173.72117824970255,172.223884151662,114.75289513802934,38.68811699429967,137.78757102711685,113.03650773350226,177.43936843148975,175.0465695844717,133.36369413266246
30.527621694989783,139.6297642066467,113.65208720948856,171.4120757603558,172.70681702106813,119.10955392188363,40.13341006859486,143.6609260324435,110.99040287945542,172.43859546571963,172.92532879522545,134.50726756716918
29.02224103748152,142.7269093206847,94.19044176449513,165.16677461741,170.15466391473376,118.37987748423073,45.100650548655324,151.35140501366126,108.56930358218935,171.27897033443503,173.10100020394466,136.29686346850767
32.21031873863199,149.15355897400119,94.32764136972179,165.52554580331937,172.03397983399134,123.38347703117421,44.74486913642668,158.0533447220771,104.67851912294094,164.79700916508003,172.3774750730906,133.60507546320002
32.3465925788776,152.21636944849348,87.66613799108312,162.31842556731598,178.23284005345872,100.56398141974097,46.10907384121892,163.39198229982676,102.93719048098941,162.88108312480188,171.1493092401376,125.61240062131466
32.178649326877334,154.46103051608284,97.53739352039389,160.73159117708332,176.2878697431926,123.95262658908712,48.932371791493345,168.33821241001147,102.57045880886614,167.27568216805176,174.59444201188134,132.7362851351814
33.82903590757922,158.2289135007843,79.76021473604004,160.0976719614507,174.68908528644275,126.53057270895283,54.413261543566726,173.07226821927728,104.81881823778522,171.95936601338758,174.7915274571817,138.86638152364984
36.37373450307337,164.07891603839525,91.35947571474539,161.39501667159107,171.496451335468,125.96657553484329,53.74812569277922,175.73220921790403,104.81357537390922,169.90136571638075,174.74605537221572,138.05016145511348
39.3315946605802,167.84008740717073,110.44696513138669,163.85456571428725,172.35930935448425,120.08937115466902,55.59328600316061,177.03550481618473,105.54679549299789,171.79426816511943,173.73313769837867,139.82679743965858
42.47001715076633,171.23133349987594,120.70227470216895,167.7074300958996,172.2235646360872,122.2255494264898,57.654448254697705,177.72172511452519,109.24371227152412,175.64060504565595,175.46624395213894,139.60478320325237
46.59671363718927,175.32566855628394,114.54363178685098,172.9854125200068,172.36570265937183,127.03966132152277,58.24822060061234,177.96003298815015,108.3225326599256,176.70224847637593,176.61519136010833,138.8217419191465
49.19343818768212,177.1769313865867,109.92874540751187,176.06645972495312,169.803636490793,123.66086519152364,59.801135704869026,179.6288769340421,106.54498881361867,178.93586388122108,179.95009078237214,135.57275064721307
52.8234042121108,177.00536303060207,109.61650092100301,176.52064836177098,165.19742163065257,126.46933522700623,63.84067227317256,179.89638057931998,105.30937977030199,172.76346604748775,174.17162997313258,135.06318020797653
59.362663995272264,178.2431930507107,106.55363254835711,165.40855744880952,160.1658207737723,122.07186620245565,64.28065903131507,179.79260068340344,101.83290450341363,166.3020387306937,162.95938395089854,126.86950222205336
61.18457313084635,177.24769218100982,108.8007314254906,163.0235281022837,162.48490112823322,117.13259239666381,64.47042504901309,179.80593308436926,103.36672181278236,154.7165280640108,136.90474844966067,105.22381750831572
64.99533750822953,177.49869137762192,102.29156328365397,154.73111767569216,156.75013387658663,110.43940258345341,66.42579658236755,179.76058839100656,96.7584866973013,141.2992491418781,106.8010600719458,80.43220767771935
67.89799953329118,178.26785854330657,93.5614704683705,149.08306852321232,155.15646183450048,105.41069770726703,67.8780207257287,179.24648168294425,97.7996975998582,130.72634467668652,80.95831272609925,69.39925322646327
69.36184943752774,178.75035121988523,88.25354491322051,141.25976511054714,146.43083677157927,116.14003773399037,70.50473288195062,179.03409217576007,98.1338927738115,120.47378530896357,70.264567163178,63.54767923341569
70.48139761545922,177.42772534390704,90.64991062631816,148.1834968402041,165.90589449302294,126.44642807735129,70.86194508619234,178.98298850654146,97.9889245334004,114.58139744442529,63.51044404499357,66.73589175370667
70.24872264688089,176.42585388409984,96.77963441071638,150.57975618498304,169.75421381146307,126.91187994203828,71.30796215985964,178.91103097987462,95.1503704897349,110.97481553389936,58.88005412929832,59.66747436961847
71.07638849217686,177.07538812849253,97.8937869787795,152.6220186658232,173.36954723655757,128.94003193835104,70.19646848469253,179.2307904302037,94.90706588197439,109.01463872329252,59.54564969079876,60.520150379805614
70.6159818943834,177.5193109093154,97.82479139609124,154.51404866483915,173.41718270969432,133.7480446824839,69.95737962209985,179.4756777665364,97.81017309910199,106.50002238774631,59.519540686490565,65.73397015690041
69.33479583062727,177.47799440096804,98.69015810649566,155.97200701769614,172.2222906424714,133.03025563530886,69.03140703984623,179.13672684323555,100.62199729427454,106.55362582546454,58.35396477775514,71.16687592214244
68.81247506473923,177.93437617786986,99.88994964895234,156.28955230272396,170.58119780761677,128.80084677859398,67.85135963465194,178.67407661640667,104.56645460204024,107.01724354315941,55.283652831662046,68.67924952946376
67.88576346386112,178.28204588088403,99.8451034470082,157.11499454204915,170.16842950842351,128.5948032812039,64.98228632538434,178.56748934409194,104.77317160894692,109.39293949685192,56.20120080428316,70.59613661236848
65.9271875160458,178.95207807838133,99.75218656358322,158.82027065978062,168.70402484454968,128.63224499911186,62.656309465737685,178.63271125355377,105.584322082242,112.24401221533469,55.42139595382338,72.02859769851379
62.52321188834778,178.72119915865696,101.71503555138482,162.22212896889457,167.61788576958972,129.80044880252578,59.619081770037525,178.65244824578141,105.41875636205162,115.43996341018024,54.55231209984777,70.62303017299037
60.063005127960764,179.10497908348523,102.02442154709188,160.5367681227152,160.5126858969802,123.43382480938844,58.89347597102677,178.64423836781506,105.35475556168738,116.1603154364149,55.29752610751634,72.12468545623413
59.050957585521694,179.21013281025253,101.1180330379941,159.11418517003602,155.49664068591537,119.56791930286145,58.81264537657721,178.36720325828767,105.56798722589994,116.95527458731667,55.301814138816944,73.82797437939931
58.34389998818485,179.13000175141505,99.6474934539542,146.91610232945766,129.41281907676242,105.64288944285757,58.718577258042544,178.15441807863624,104.84965587346177,117.37972076915918,54.963894185882495,75.90188282176612
59.55274223151529,178.77907808577862,98.56283034037683,137.89832622186609,114.80661786849062,90.74786621241581,59.521183019892725,177.6084380515951,104.9016491514881,116.66673343328742,54.042679513275296,76.0755510061302
59.95953961469104,179.45896734530194,101.42502968967753,137.5849854659478,114.1721378757862,104.15295283782832,59.1843132799425,177.5606972008459,110.16063248947644,117.52332458753749,47.88425759536833,71.20688675579483
60.11013434726568,179.17530012365376,101.04295937620397,134.8541030564118,106.93487753876293,103.45141927009823,59.178441936436975,176.82852598445712,112.18505319715105,117.27313196896878,48.115894845922305,72.35112365713859
58.76730576325649,174.87740187940886,103.87052903517912,133.7116371922748,103.59953872840597,103.5640829160289,59.000519892759144,176.27595402076957,112.61986318079927,117.34530071909352,53.078170459325406,69.87079174907274
59.717723118569076,174.00750615703913,103.49198557591997,128.32377414227423,94.44484959493238,95.18070670441888,59.42381058183211,175.85627849502012,112.39343644881669,116.58896106331262,50.74454630523817,74.33629951866492
59.818391253077756,174.30470829290866,104.71022903471345,124.8731499849631,88.10347003530235,78.9525637494679,60.25040551510184,176.08335582177733,114.9961500314931,115.6262791168343,49.857418631435905,70.04232649819224
59.80410983862947,174.2653173680762,105.08959640151204,113.61197693642968,66.03707570801001,88.31607170754602,61.45295330306576,176.05098766369298,115.61624364659686,112.83801291883044,48.35750959071492,68.21328664068866
59.9518361750948,174.8348281577628,110.19419727323792,110.39706914646841,56.959688860910866,84.34665933851277,62.72568099194489,176.50453398038792,116.8533784995266,110.85379453951091,47.39237740269806,67.44998934844115
58.3725272377509,174.7338842220766,113.39900355884981,109.80301384466385,55.1578266550741,78.70925375441153,63.01367860844576,176.89548251119754,119.49154663272665,110.06071902275434,46.61757645829165,67.03327437655084
57.57081470795633,174.18780221726743,116.41821909351297,110.50466075496728,55.61961674254496,76.05989951769136,63.27585664276273,176.60239059162066,120.08407117743897,109.6681549760767,46.01969430416898,65.89616563055803
57.92399041743522,175.0512614682077,120.4578224596504,112.12245491248616,55.59758086658318,76.30975563462025,63.673312882183964,176.5577272251442,118.5539455747873,109.58851911534373,45.67605012147802,64.64703387696073
58.58473332916767,175.3049104652153,119.50426839654604,113.0249597629126,53.99348380142183,76.15313542977928,64.24971907352233,176.8784074827323,116.64855535028757,109.70954801528957,46.09080914986263,65.45961731543167
57.93921000856378,175.3740217120312,122.31481832945234,108.63854400302904,50.72794572236957,74.7858293618889,64.84843823823628,176.61911368239979,117.71129945488809,108.94602210483245,45.46245286305984,62.79825912487718
57.09269793505654,175.57344287843608,123.38261322926375,107.90458552414083,50.8637079296684,76.26722730849039,65.2841671344344,176.87993574323195,117.01055802694175,108.06777047645059,44.57689465630283,59.731084618696954
56.47084761852741,175.74924453544145,125.0174355520718,109.28939953779783,51.83377790277167,72.45463593148656,65.11696934748605,177.16026784562044,120.66991192911779,108.26239505241897,44.133784157380106,58.82333831768349
56.35014588441925,176.14572330746728,126.74751491764864,110.52710565925803,50.794726996896564,73.71560117992094,64.47276565520558,175.19268460320998,119.07244995173738,108.20635097392434,43.898752124754715,59.25130297789562
52.1955984062764,174.2234765253502,127.9489402692491,113.53598479677392,49.36590871690896,68.34464442041735,62.42465667792965,173.3166554585925,125.66385032041096,109.28544960009674,42.39932014094746,57.03479773652367
51.405748060421836,172.29479482670044,127.13954411559477,112.7669208744374,48.43609085504315,70.79582617085914,60.37340579759631,170.80156914177678,127.47603522167731,110.25448154345912,42.00178880174592,57.885135864142825
46.57212568695508,169.67381317124125,154.20438852031094,114.45474898345743,45.35042888580609,74.55697006102866,57.40961637172307,172.69226070758603,123.89499603246536,110.8016465307712,39.30868758969787,61.70219671420109
46.46824699812681,170.76576603863668,150.5664612527323,114.2345368278765,41.01135547873479,85.24218019830508,49.90015799709937,167.21234841464732,131.10713727143397,111.43913777425901,37.915865676766494,64.13515935652862
50.227991416392555,169.2408135661675,144.34351216320204,112.39830393022721,34.839694555110206,83.4784303055684,36.61375024037748,158.30368883639676,152.63884601091078,117.1622951826431,37.470539087464076,65.63615271630903
51.6355169885612,172.68665989136224,135.66676009177002,117.37862989159699,32.77652631690979,79.77881805072265,28.189582435630857,157.93050736820075,159.20888721985423,121.80288358210596,35.79460560565321,65.23551896615226
50.80677584627678,173.97191364090884,137.43017545884985,123.33454132695876,31.419072514838376,83.45310397594093,19.948769767800073,160.02007438586583,157.33120756418722,127.85688515675095,37.419827693262356,67.94448140057983
52.19363958223857,176.45664948205325,131.26301502372553,120.94976858738157,32.917889895264594,96.20600068788538,10.263740680874214,161.81955202447784,160.9244644066153,131.15915616118002,36.248773214045535,68.1860793889968
49.172309961293166,175.63898269729359,132.07497016827799,121.9226246430739,30.009016042215173,85.21440075762021,2.648208968756518,161.13784598584192,165.69390037374683,135.5534160508743,35.591620548879895,68.96993478982355
48.61159240123344,175.35533175905476,149.77821247977448,121.21105837329522,26.400975316413046,80.40131383095631,12.117764092230146,160.34339200619362,174.71424192445718,137.48352210046212,36.01086023483342,64.86355218684538
46.07235214745524,173.84452013682034,163.84517887574836,123.82318892247075,32.837806848530505,87.82593521101373,14.649352288729796,168.55265653817415,179.29923354470856,138.0307177267645,36.858658648521526,68.5453948455907
44.86108968431998,173.86691939942307,172.401808547123,129.16108148722543,37.85063246162145,97.77728234463423,18.214314700161378,176.64408536730755,178.2827167183516,140.43761642799734,38.438699504849374,73.05143024276093
41.97162773504876,171.94452997694358,176.36478884081427,133.63270379955497,40.3669181427575,91.81298337264383,18.696167352771948,175.11655933429853,170.03580147758134,142.77285513617375,39.269277144742524,72.31050706314024
36.394615291681355,167.8317951014209,165.69532903192655,139.68969821686542,40.00485464693458,89.59393937820158,19.189250385014308,173.0996151669589,172.36902770704884,144.3371676452648,42.65012558418032,76.57555636999564
30.52874667344871,165.04678899346516,171.50756432223292,146.54821724204368,40.130163409713745,76.23749740671843,17.938849592427296,173.0880908243856,165.7162686390846,145.7080854472028,46.430426859122974,82.5523184314487
25.76424566282457,162.6405115609913,178.71353999094518,156.08407993503212,60.5564140898065,73.9002991673406,15.79768427597927,172.79119504358485,165.49657514591496,144.9709142129759,61.79973807514991,95.41703940938679
23.441776493643758,165.23529446975104,175.29669216799928,161.38132743161546,121.31429112918251,119.48394372736783,14.30397266144377,174.84634155267813,172.84227407945235,145.34486992125179,73.30115514531545,105.57924416779463
20.812211198771497,168.70133100906313,169.58618630069492,161.48558657482891,131.29090240541032,118.87975549160188,12.55018184144622,176.72951813092521,175.77557992125352,142.87976042360336,87.44328222118386,120.57854372281987
16.908808564776397,170.71355413430894,176.19465396072223,163.74090743900996,116.96377395036062,110.04195118879392,10.354134825754706,177.39027478157456,176.21297452096508,140.55412862798835,99.37477450187329,122.29263860987822
16.000864229615207,174.95970105660047,174.01245529855453,172.33567539227545,128.7816853472113,126.63276718639317,9.361332621098093,177.7117913123924,177.3544497462589,142.7128907061001,105.94757145125101,122.15325973523562
14.156708414492138,179.90304618765592,178.30151328755764,171.23760554978165,106.85553236228552,134.10626424144994,10.23521819605587,179.0778777036196,176.2166258347365,148.86564752447822,141.20290066341198,163.6599285124394
141.14035082560187,97.7004116633281,165.83140513204705,101.20167525348194,150.59634736545667,157.45956260156493,116.25587547224697,140.59229902615817,129.72797307654105,120.43445304138669,87.249394805484,132.16836231593055
21.910613538146166,122.42907103257821,152.69725160477054,149.6007093652701,162.42562690329987,122.70047308219844,97.37309185456735,144.85721469131698,163.52510720731883,15.325902945322925,59.55993824119905,41.98083582964382
9.518940611023087,123.76522932990919,141.28992996371673,150.75704989055725,154.61784887767053,109.90301416350482,11.926131809494116,141.36525658863445,161.01441571053329,36.88049111272222,108.19081405993792,146.8127154600427
5.250124509719231,137.73275032920955,147.01000768332494,116.75664003640935,161.37914594350266,108.10576577820987,5.023238967563394,143.7200893023086,164.87606234394988,31.159866089874,130.33832495792677,95.44802966320302
9.860343664345212,131.09704058880493,126.9382049218118,114.02286155223346,167.93037460257975,111.43985306984963,5.063641225826951,143.24145602879642,137.03501891352613,117.57975203325293,159.26992852286784,138.07417923240467
2.1923569241425542,141.35307214697545,115.10570177199315,116.96511538637533,167.51654510881855,101.39964998621905,0.4544540481573253,147.30232887889616,111.31827586957237,120.70043784711336,165.49716808997863,105.85430773199197
2.266954809700182,143.49637796059582,111.83868431335135,121.03645196262583,162.7579224935267,95.95318850570119,5.0587136264608095,148.4989480739402,117.08783692073108,126.48779179662789,161.80050101454847,100.99346543951951
9.799629127524243,148.82409153004767,112.83390016452718,127.84715907865292,154.78158108065008,81.42468813356957,8.80775923941463,152.47561986547055,121.99532729256148,130.90537299003836,157.21197446796756,92.3652185069782
15.022016381169356,151.4462310110781,103.97178759720043,135.7420472429749,150.25540328487708,80.7223596981666,12.127100051860136,153.37784165198258,130.48904545204533,136.0860791361149,152.06743908849066,89.89130182812696
20.255390262723687,158.7496197731255,97.65218228432201,137.23336178183595,151.00380762288745,77.8061328206565,15.409632943251387,155.53191440159497,130.76174333344227,140.55821993042832,150.51599252520242,92.63025006216566
22.321207904493015,160.5551532472799,100.08953128198112,139.38731468835064,150.72652052544095,79.30494227077723,20.41919239215784,160.00362465528693,132.91368365196078,146.3077300762032,148.5995877231184,95.84691055007345
26.826916820964552,165.8852343014258,104.69696453469254,144.4051574109025,151.73729603886562,82.59446722051703,22.85860009754273,163.09482057446164,127.08344335673301,150.55484026326465,146.9862121720019,95.85647356919226
29.04810361086291,168.99852785450756,108.70574825103252,151.91663494802899,146.56658851816726,81.88234510255401,25.514090380072933,166.18366861026388,134.28942895258976,141.9166441434581,179.6386672289217,109.4446378314287
30.427619386783835,167.50675036875546,105.7622323077623,156.8465540434467,147.49117518498113,86.54086523002952,27.03169048810231,167.00041426630125,135.20364463633217,152.93967504262534,161.11038062005022,103.40141355997038
33.130025603802814,166.43860616809144,100.10833361313003,160.70956863566013,146.75294301282224,82.69051790678694,29.246040443550406,167.45773844863635,132.58081751933685,158.9842140552766,154.38973557803436,96.77890765608629
34.7528780448546,165.0009759589117,104.009527562704,166.17895610063084,144.6228344672929,84.12909494563942,30.543916380764472,166.6917467711411,131.85678320118393,164.31871980418168,150.7272681894949,95.53544021733568
35.78764678426787,162.60489568505193,105.00186329260404,169.72672401610916,141.56759107377843,80.5744150231342,29.36126035785175,161.28917130863886,132.35759088718953,167.74704811950878,147.3726161445294,92.61614843313157
36.27972813292744,160.279093209319,105.85558308719052,170.98231725949827,140.5611942631012,80.7362859476328,32.69972373567387,159.0909412121273,122.78206793377305,171.94754227299447,147.01023596237383,91.95235763062747
36.99511528677368,156.49926919256416,106.88418220937919,174.46134071534945,142.12583385943418,79.46272330953677,34.97909301098354,155.75954811922014,125.4600768001152,176.97816498119803,147.66983950957356,88.63362279160211
37.40188741398663,150.64180240298916,115.62689096929903,178.57863794645624,145.59706853496712,81.25591551858861,37.114432543979284,150.12041768058532,126.79658333928498,177.50640883003462,149.87129076068436,86.73495744330114
34.95359393675,142.2997116242409,123.20898518849799,177.58155829997818,148.51225851930926,83.1706898250363,39.584297935796336,143.16903796911717,135.42372631248244,168.82901054187622,149.6753132809397,90.0201003567435
28.557804687464238,127.6688164553756,121.26561505807925,172.53550496048064,149.9570978164194,82.63110208137873,37.00373540513254,133.73180417179265,128.0731855961522,163.3504776405681,148.610782705924,87.86193235232741
15.455563593289462,107.2623313920065,125.32297157654587,169.95639265984076,151.63330826366854,82.12186733890296,23.951670688640665,110.5246537674354,100.52868041331841,159.1959306437255,152.30155712715708,88.28255168961373
1.3184673846106176,87.19839843311978,125.56566700553724,168.65686214893438,155.1008634474986,81.18556469345947,15.484024263250031,97.31138530779874,100.9530284192344,160.13084317835637,156.99863105222465,87.6111872423254
10.325570869698437,73.46712769257505,124.29470829233912,171.86130711087105,158.47639265125426,79.7287438193581,4.5374552694678,85.4709640369711,89.9323659226431,166.50652918733104,163.18364862696612,87.99598782077226
14.304768402457912,65.22787037443348,124.2697270816656,167.56496269039943,154.16094695372877,76.04481995229945,1.1318590497095284,77.93666918548968,93.52119369101327,162.48942678669684,159.2964415176818,84.52676455660469
15.536875195063285,61.32745487612675,124.78486688975221,163.504792913857,151.08518007026072,74.14037035663168,2.193240164617646,77.93749424356702,112.69534330709239,158.5362728647805,155.01734832529527,81.7758979503458
20.825498607444878,55.21362105282261,126.60755952223752,163.0142761108719,150.86195664000056,72.80060890812985,4.18480215614579,71.62079507138482,110.79098671007223,157.55149976466527,152.28215980310063,79.34701144799521
18.83324689623293,58.852400429279776,127.32805946564568,163.13492973192294,147.85820795540775,72.2052097707026,5.558257348889543,68.09246788261802,111.65373823346768,156.665524821097,149.50583255863026,78.12426316503375
15.635198057873813,63.96052787746607,126.77557925164139,163.5843663605385,145.74119220151735,72.11310969500155,4.294007450095314,70.76797276449018,133.90698872308312,158.2373928894701,150.00270848051204,78.47182346778122
12.592919043805944,68.37346470514737,128.18883768196895,165.0167985283647,144.67415493869902,72.1831605690015,0.15608685615170934,75.90220289994359,130.59870835798498,158.64079379063713,147.29193773934458,78.4622778124115
10.62440210838608,72.60295680139184,127.59838153273307,167.00663493582317,144.25756167672895,72.23182692493687,3.124501477150019,81.4328871494065,132.33168727439147,160.95300692759346,146.47173955182566,79.36414831576498
11.063079566338809,76.927925951,126.41402118333882,169.8361042737462,144.11950032068552,72.06021884249665,5.253767680741548,86.25362732449113,117.88895481999481,162.32935742433943,145.97722722472656,79.14912448926103
3.7438988367224333,98.08881771882588,129.7964346166869,172.03101177572202,140.77457398794564,72.21624803429322,9.885337071273641,94.15509715480212,116.66503844670498,165.20116109311854,147.00721735475759,80.69704574663528
14.270718108161477,109.43864966995493,129.67837176830926,170.52032144557506,140.97704977982082,73.5797756402369,20.2795803706363,109.95876989719785,117.51688926677556,169.1297335054762,148.59364720792402,80.24535800230296
23.546433290303163,124.39156406376526,129.33530209548707,175.3893813868739,143.69289325688257,76.6096118172375,30.568023550230784,126.88392404900802,115.56661189147319,174.28699550432037,152.21495807921445,84.24464748291108
26.82237755639456,132.27084607947793,128.71685997504915,176.59693412898156,140.9259420465172,76.86288792976502,33.24437183957399,134.65275758862123,112.02843770497226,173.74882983461376,146.96223371050368,84.85189177273001
30.44231548974545,140.74858000842107,128.6784720808328,176.24796686344158,138.4700103501354,77.88689637939723,33.23513539416907,140.89638472959996,112.14832487686094,176.81894101986614,144.07584322744947,84.10307531007928
35.836169947019805,148.14744699851775,137.16686908754443,174.42835890282498,135.97187261347108,79.06952905290294,37.61827236826393,148.7566950288356,125.36926187076065,177.2677081940129,141.90893631449848,84.5452145018818
38.86423374672456,153.84778655480648,132.0998639826165,174.48418715372833,134.83311487313495,79.39156911345128,40.96075879813622,155.0527703027556,125.19309970730637,175.02077999589358,139.03127430992978,85.98292855740694
44.80444725231806,158.48337041369314,129.67837621574193,172.08049893262907,133.9100146879954,80.51223969459684,44.48623473409361,159.9661839809913,123.42162875428954,173.22747713706678,138.19199591215033,89.11158787595575
41.93236804727652,157.8052345208436,123.99385738576926,175.24048110162096,136.64526437787256,82.1728281479649,42.1136424732871,161.33326796795134,127.09431841211074,176.03659048674027,140.24850090661656,89.78164127819286
40.95662231540655,156.2257577883832,118.06153760673769,174.55172555780305,137.16396534714536,82.76610670798961,39.25956109392476,158.19204582843878,113.22771889163873,173.6649928676831,138.82382328412888,89.59270902070867
40.2502925014905,152.55190584186326,115.51353303953766,173.1952094609081,138.8881851290414,83.88686466868384,38.38867029657677,153.5897507320791,107.00302500789272,171.48552732422593,138.15975214062854,88.6032801172638
38.01875219340473,149.39989348862605,119.37638149067001,173.26277025484012,140.38847732754593,83.43349529378662,37.90558328798128,149.78162130442578,110.09474231862797,170.55571698686197,139.9225613255354,85.25553570957226
35.19974914968935,143.4745408433789,118.25202150046574,172.02813244820703,142.24902833024777,84.00644212377586,37.54166536880733,147.4115316597656,117.82658780050674,169.7849729101422,141.52126721924918,87.1829882118958
27.02357088468018,131.306336539653,120.32240416847341,173.2727651851942,148.26517678702595,84.79986081940656,35.5932202189304,133.61305859135996,126.27060478716001,163.52277396266282,147.0369687754501,87.96017161907739
9.796653827260872,108.94005392368835,125.96442847685286,174.0930235720177,151.5721113412858,83.01119728397322,21.342683207276842,113.33108291047432,120.10653991849411,164.255947413151,154.1825754975246,89.4308223077181
5.1510454955244125,87.96239276229589,124.67330015216501,172.81903817299406,151.37316248659113,78.97053350049522,7.949175476237605,94.03454504264168,98.97380663027184,165.44488229672916,160.38497722010013,89.32861334795592
13.703101101753736,76.44674775507761,123.00523314817399,173.2841914833967,151.62324637818412,75.76862891341764,15.925678564218341,93.2963347049324,106.12507707365907,168.97268344903046,161.286614430568,85.6526565727264
21.5699368880424,63.93705542317278,121.02393860196756,172.26003443315182,152.5490495770878,73.3678532178705,1.208662178601502,77.20441453718958,106.33538279127639,165.8994335038642,160.3130242148358,82.80345493125556
26.205669043243994,55.03840388081645,119.62520617596351,170.99591011041727,154.6793343536981,73.00515273487738,5.708535553541396,72.17415597261744,113.92563521347356,166.24953756613107,157.43853338042206,79.39567904558339
27.255099559732113,50.23291262309506,119.8043447206633,165.51177878994696,151.45807608045996,72.20091629865597,7.830092271804048,67.15936478328489,127.45313355461882,161.0601312343657,151.35510363097734,77.14633957945051
29.52511688285383,47.48310858968468,117.71321161023866,164.0313836565041,149.9359857562026,72.39273617150171,10.642874770392877,63.39658453715617,127.54677059957397,158.26563966924854,148.89550921963536,78.17131292786458
27.924584159231166,50.94728681044846,119.50211781622743,164.45636923979956,148.43773857905197,72.07590826362132,9.899930249658539,64.56448602071696,130.77490000370204,157.78591547813176,146.91473627531462,77.08660788229676
26.0014867235771,54.161198992686074,120.1342276700141,164.94552685684727,146.8809512652159,71.58571859050554,7.961227676862867,67.7740124554925,133.9227319941418,159.04486070784756,147.3256743356913,77.97305857091057
23.48691557014854,59.192613164383516,121.00015383317356,167.51070837311,146.91823118121374,70.72659394391526,5.125574976640995,72.22562441109194,129.45992994858284,160.71142136668124,148.14877438253575,76.37071675316162
18.106817115561004,70.20240941887555,124.33276464155927,173.1623959589101,146.74519295778273,69.64203029671623,1.7463625822225048,76.12284781412525,127.68671159298988,162.1216827066832,148.29709185426887,76.05329153135689
4.571075358289593,91.51001549600919,123.941047301435,179.76932836415867,146.45826482008812,69.61781581722384,2.512035123198188,80.88707912437512,141.74602908205424,163.4288005262799,151.3174445352345,77.18452255383175
4.363429566407227,104.28285296895041,124.39115747542552,179.34725148623951,143.90902103503583,70.22513331655946,7.518743632028008,90.83168436877313,130.21778818563183,170.3306913805903,155.34610546074717,81.17091950586833
10.186669203281284,114.35829304988229,125.2385957973781,177.11490465394516,141.75682241500496,71.27716076448918,17.35864214972325,107.74265000159693,129.6551644965978,174.30302987114194,153.31728465882406,82.01855343211302
20.313059760723235,127.89858344015997,125.3823678457499,179.73561351340604,136.6805875019896,71.96837727913669,26.02637327615264,126.40270238986356,121.19481079163272,177.32797100280004,147.99499235375782,82.45530245566648
27.142414815527914,137.81706070668028,126.78035961266544,178.94509845262542,134.6357969935802,74.28081509902438,34.3258792248746,142.95239456374821,116.85836217911834,178.29283221867252,143.45375629129722,85.28309347040616
31.562874110408096,145.43363185101953,129.9602797049928,178.38566843644324,137.5430626372546,78.16220950643354,32.59673516496522,145.08682257699144,117.52568418816355,178.47014450144133,144.45148971368639,88.44848531539472
31.746511124926155,149.39792113372988,130.623631578605,176.8553528192911,138.2543062458661,80.43447433700939,34.42864947258487,148.95311429334438,119.09497886179336,176.53889220546546,147.10232140943745,91.19684235694233
31.264557039455447,153.3083246864142,137.35106032559392,173.7183813681939,140.62695672705922,82.92266507241986,35.208399101819445,157.10923160209657,139.71131870439004,173.1779881796757,148.45239457393893,94.39483189417565
33.51934160240551,157.78322278126785,132.04540139227714,172.8223491277506,141.13955435358275,83.77335168359522,36.27261781314251,161.33242177169728,133.69882025987548,174.54726868259473,146.5357030719468,95.05145851748793
36.29611060396098,160.1935353156075,118.06269136613237,175.73870885401894,140.4564778772072,83.1468968243101,38.59397758440086,164.30424180766497,133.47185550699447,178.41687042089794,142.826266744589,91.60878881276182
37.78624846436664,160.92195406860287,110.26392734883296,177.43511058937767,140.45382836417244,83.67158974154843,39.175584406743326,165.13492341366722,131.55283831857267,179.7106981992778,142.35635796548888,91.82420139907475
38.13837342843493,159.63086962749975,105.86536470885318,178.47806143459258,140.97335326446097,83.86767688413998,39.0728072305297,162.14399632798109,129.37111128318557,178.55197065684567,142.6094282225481,88.97566570961305
39.466112237786355,158.85580400983878,105.82314943508662,179.33281424548258,142.24334973811932,83.66271926593706,40.192220386856214,161.20997262296825,127.41238250888395,177.17955631777184,143.3050464846016,87.57691256002444
38.22266524231911,156.92094101820032,106.17877662525311,179.1576274067155,143.168525476773,83.13079242904988,38.31952929714634,158.84218024275592,126.37951362263651,178.1826003978455,144.64448021432833,86.93317456007959
35.80923729769836,151.4726808043617,108.66654649247467,179.60158891150252,145.62229602139064,83.1233746405522,37.98057085970255,153.32510378431738,125.15894437717216,174.4409232042273,146.30038172419881,87.64642693232875
29.60117069070408,142.12559179704203,113.34580338802475,177.0364416034505,151.18800885780183,83.51943430985143,36.79139253797134,144.13251724164718,123.27499597790072,171.21248909856615,150.2427673323879,88.66041099499377
19.788394778905765,126.8381390192481,121.71107285506157,179.33343258473732,153.15853121339921,82.83044128689014,27.636860346097777,128.57217813938738,118.59213178458155,169.9657954733528,153.48052815610882,88.1520434078151
6.618465929360046,108.87944826640572,124.61058003587206,179.55387203971097,152.88526603387788,81.42461897745068,15.417759968947621,107.85587952151873,115.52488973331681,167.6017508066633,156.2648713191183,87.99936160822466
6.173373601458914,89.89189496281791,124.4274644360487,176.62156059028328,149.3931298443779,76.84356988854854,6.5936620858363,95.40547862885833,101.010970937799,171.05534656029354,159.15231002296605,86.53196557661796
14.363062321782229,76.39792171998246,123.99910833128219,175.3626258652115,151.23905705117517,74.78452562092679,2.6106079635558004,81.7214867640363,99.16666367369137,171.45461195747873,161.92794489851553,84.09064291782383
19.2511443967527,67.03909790994054,122.61722521870666,172.37469849659018,149.85357143652902,72.35243719356022,5.627173317867713,77.24808239425666,97.86981880288175,167.96776966367307,158.85538421540474,80.7531171028719
23.400388434198263,59.89460481831754,124.96766488603436,168.27433245180126,149.30088984511005,71.84293842645236,8.264410188486867,73.82210305805894,130.8247805336134,163.67256027730355,156.44511118938328,78.8996405534319
23.50263677091221,57.39367340084009,124.66741622244074,166.18982647143898,149.9621157834147,73.005012365059,4.686206595043599,75.51588939432968,130.34851161020052,162.41419696796876,155.95119235652882,79.78905617156619
20.876460615057997,63.451849818917786,126.3695926580377,169.28856235183503,149.85689203881438,73.7198431101571,3.3990916351274585,77.82660103092815,125.96931914681866,163.80118896319058,156.36981508854458,80.75668345831374
17.71947626552409,68.68572820177627,127.21182444468357,170.18048653289344,148.58067075877824,73.27064805095962,2.4612029138373663,79.88338502699531,120.07076213387259,164.63397867526226,156.50341777792457,81.17108108781399
14.814099862165076,74.52998818455607,128.61272232472044,173.79713235156686,149.10898039346182,72.99562678422446,0.3961152134540914,85.44845097457183,116.94780691856984,169.32847101366048,159.42302221814987,82.49193691657908
8.820157331154709,87.27695255284819,127.0715650109285,179.7057237427247,150.93423861044545,73.71453727182703,3.4550479849260403,88.41717691439827,115.83381888290535,170.59933057248188,160.38295274280568,83.13587408201357
3.396505640430888,105.76106106859979,129.49821079156376,171.4292212720576,157.14702741987188,77.77354024779393,9.737929761739219,94.13337497386266,115.31098718095775,173.34930580423656,161.62937634051704,84.08497242688507
10.275001067944144,115.5164092780154,128.80261039969398,171.68152962946405,154.01268057450125,77.14461648495084,19.135280626686058,107.63929871152273,111.59085067506236,175.07990980036038,158.94653033770717,83.96282498592967
15.35255505693989,124.29201569023587,128.37025918418811,172.28943068267196,149.51906743441484,76.83355188221937,26.407997869252405,125.3805274150597,110.43761155976776,179.9965108735133,154.54039631562878,85.15901020131997
21.250278682080538,132.70721598162135,128.5030866361291,175.04299329358753,146.10857229580938,77.22417624851828,29.56168142100813,136.41483022271618,114.12669891082314,177.32930551554645,152.2749011741504,86.86247557127419
24.752911220278218,140.35844489684743,129.47345452770116,173.16566243303978,146.76820443347313,79.19140051363767,32.03640538189957,143.56693219523518,117.49606122906722,175.34617886827874,151.90717376887412,88.37895294820935
27.596663739892353,147.39750784918087,130.5800658109681,170.79977500070834,147.02099480363,80.54088355856805,31.771299812640752,146.96183347833548,119.20195099757134,172.3398904449557,154.38842390039775,91.91436975173724
30.96909360804341,150.88455189729785,127.45157095387938,171.0798107524103,148.3763364700539,82.20669666663316,35.96804192558833,152.49942595834275,124.18804276201973,174.30886944759172,153.89381372027773,93.65401717238917
36.25303473675078,155.4694626866151,116.39492372033415,173.36035549099535,148.82283348395168,83.74894299879398,38.41758258803719,158.56868695088698,128.97576688254196,174.88114091879933,152.90340543508506,93.71103748057966
38.56899810851931,157.52510723023823,113.16615351058502,177.1356018773074,146.56137791877788,84.33183645601157,39.85730694105629,159.4522872366342,123.9831525047319,178.4996074272421,150.06107693964134,92.2125520708139
38.24120485764003,156.4396363878393,107.38393351365445,178.1807034315528,146.8490279018996,84.10156897591116,37.90064448081071,158.08740588871507,124.35734056735285,179.88340896647864,148.66118642836426,91.50515130137569
39.029381391901765,154.1957162814128,105.781813560267,178.39334936879882,145.82589748461763,81.47356354280713,39.23069937230407,155.33239663540007,111.03521828179449,174.94961842658807,146.83355247105786,88.64061053302969
37.75788511106261,151.5158547248557,103.81672653240798,178.3455447797782,146.18219732747087,80.28880020258704,37.026743707062,149.7574008956482,103.59542943367221,173.78791138124114,147.07540393992923,87.39522424490998
34.875789863095285,143.2470940632332,111.57755809115832,174.29254018085928,146.50494160255667,80.48419284226185,34.70522109822461,142.67032251366055,114.81851717503396,171.19888424226596,148.04813393472332,87.36458492183823
25.815755081929037,129.81599301071356,112.88762746701306,175.00303435353334,151.1663049544637,80.20955697752818,30.865346309568057,131.60440973306444,119.31457550732392,165.51106062913502,149.75529201139474,87.12027493165147
10.129006161136555,108.088634269087,113.76191544923721,173.70104353796532,154.08835865441765,80.00063247732017,17.596940176661008,110.43084334426025,112.71813995485948,162.48799363491628,154.44249825038926,87.26239130785356
5.785488938294186,87.44817862861987,114.7978138991471,173.26651687552769,154.99250585777193,75.92942605970387,6.963780570413672,94.57158218751138,105.30754725700724,166.79014915476006,161.71117396057912,86.23804188925087
11.727388163445438,79.46679480476334,115.80294900631425,175.56172073066574,154.9414871781443,72.52132465597937,0.4781059417534249,86.31953672098696,103.82363000178303,170.95242552306297,163.94024796425904,83.96535312763972
18.617015142880756,66.14296083855812,116.80509709752762,170.8743315530232,153.20383185742944,69.58863725248435,8.004467194970582,72.6077763632909,101.99208525706254,166.18039680221662,161.57935422509323,80.71646930975041
23.880781039780256,54.2144646746346,118.96978623277315,165.18253388701368,151.9421235653325,69.10254510465252,7.585088004220783,70.05104501040454,109.63535964325337,160.66348143493488,155.02919045056794,76.68661148563505
27.081912656642196,48.32103137115933,119.08590682036919,162.65948402315976,150.99676862225698,68.73766095612494,10.089849466223178,66.05453686748994,119.77607930247407,158.97379178325323,153.52626662564518,76.3900237556425
28.31257905563537,46.30998563809051,119.38841926396374,160.8108552453769,149.27104352762115,68.39947019392346,10.452908318478174,65.02349716824337,121.49048294715483,157.58540346224353,151.81120775615219,75.71161350731788
26.756439724599627,48.7301998588415,120.54827854154757,160.00208530068417,147.10920286485464,67.56936888827002,9.91180540985592,63.70399364210182,122.49032393081248,154.66284651263808,149.96419742415424,74.53388194665169
23.255318588394697,56.08746290892789,121.08620425088638,162.476506178983,146.27097147204444,68.20196825605039,7.5671181124830245,68.0267929487206,139.91349428605912,157.16024569677472,149.53407987579646,74.36387550173566
20.254657189362394,61.46214658101608,120.35732398333487,164.41797740755732,145.77540759544803,68.50893413890391,2.281605677639253,75.2011588136022,137.51157927876787,159.24200686037975,149.41386586006297,75.05231653792396
14.324626013247785,74.79489821871385,119.95302354494234,170.22834033077416,145.89774919027158,68.25768987544402,1.1032201638462173,78.94810112098698,135.35506709678,160.18532815729122,149.82215920147533,75.34416679182812
0.8168443647266712,98.05105470447127,121.04818863127959,176.19162577538657,143.76889459501422,68.91895446449433,2.697266252638338,81.37752182411413,132.8921118465263,161.0162039030755,150.51975811953844,76.45343173573818
4.803893805376866,103.70686022331273,121.3255941564531,179.9233844596826,148.42414700844873,71.47533522429444,12.998668352159353,97.80210506848422,128.2166023334327,171.86262140402022,155.6873170339316,79.23102134992344
11.355162862722805,114.8496099950802,122.88755221849053,177.08786660131258,148.70148297026194,72.9715987128301,21.42196986679476,112.4187619249362,122.8202299463737,176.84856207508696,156.00346590553815,79.74682226913129
20.350366679632888,128.33664838788127,121.81661697137925,177.06002418164624,145.1063421330996,74.18548838749462,31.08186042055939,128.91478612754656,112.55196187338493,176.52812509196488,151.64232085032506,81.6841994692374
26.16773815843147,137.70557952157918,121.61796543216032,176.55573931022127,143.44878469431598,74.2182933949644,34.88241130476055,140.42502864379537,110.64861018515492,178.35064976457448,146.0480842868799,83.43298971179063
29.618252106326967,144.50592231031564,124.62942201257417,176.12048118635428,142.44722315103198,75.95664316963611,36.08712678559767,146.48861507388943,112.72297325152884,179.07628281544595,144.87482358860692,83.4946705965986
32.09379168677411,152.12078765500092,132.28246177938036,174.47911039934382,142.05193601101425,77.67770253565341,36.05425661964535,151.380547292305,114.179967830429,176.01069296761338,146.69065205273668,86.31961996950795
33.03301706625035,153.80202038978095,135.12077816731076,175.47164024934392,143.4900126481766,80.8802891457749,37.69086853318451,155.4882497296616,122.10275055207637,175.7921802528611,148.43807510672988,91.14760816707322
36.84404031519405,160.9212733309916,127.3817117401486,174.75907665326906,144.14876884156976,82.79722704088306,40.584753734234326,163.1711116077128,124.24790641021285,176.82782140081093,143.87926403048013,90.68679462759927
39.299127697927254,164.44126592122802,127.60015925189816,175.78161566245967,144.50432719141827,84.4258769993688,41.6933735179899,166.62230097794946,137.41488574948045,177.90665769333359,144.42290021255974,92.81713369791387
38.350052046911614,163.95320362631787,120.23540907784242,175.43588692692504,145.62467060086547,84.97289737422022,43.05955573069824,171.27820121728737,127.24949068347071,178.78119417432342,147.0694947325634,94.16286878192825
39.866855126095814,163.21232589026212,93.11856000165214,177.60046038911887,146.62146948016886,85.64911725608823,42.84928447784089,170.23412089740788,118.23476688841468,179.16568399217655,145.61880913239477,93.74269048685254
44.39731596656057,164.73139164181643,83.2895474763701,179.19326346879382,147.4327307025477,84.2150566370265,43.32891596191048,166.76945100900184,113.86185477041646,176.5869585219897,145.59849534109307,90.24364459913411
44.38177254954256,162.3736378054418,89.17441987838114,179.12262683655513,147.05500618950862,83.21551251205368,40.728282964529235,159.80983080042446,108.45392718414759,175.43374152596135,146.2423510094909,88.91732919390014
42.06740572177957,157.84823848376493,94.14919133661284,179.07600706609745,147.09653437338332,82.78144072906906,38.2793037365437,153.6311313774615,108.68516360729483,172.74691646206463,144.53357884222746,89.17137959049019
40.07466237474847,148.57837341568484,99.48265748269266,174.93938977286075,148.87827071309903,84.23042243356804,34.58309025179966,140.72426397825572,110.78852510551499,166.36290137487413,146.33269008594212,88.52305697805247
31.848388575861158,135.90868886921226,115.81544981032019,175.32858963304784,153.21251729554348,84.0267802890266,32.623198399561986,132.21557520708942,115.27578700357468,163.88441974578933,150.2249758239275,88.36976702190464
19.388753849636014,117.83386312569606,124.36649953627027,174.5458838234975,156.47391100106162,83.12160738538648,21.44012703344424,114.360502151093,118.62734140711169,162.93672584332407,156.39917563734957,89.09275063310857
3.0678185164503953,97.02321641049541,124.1773954197553,173.99577324823477,155.65971770510467,78.96618397516502,9.459174661478956,95.53096286043129,90.77301890134628,164.22304619731005,162.45224273146633,88.74619470819096
7.682724677214996,81.08093973874689,121.13184799940554,173.52553277613987,157.81865124157412,76.58000537300369,2.98360902534947,85.47563359731114,95.32251145007355,165.07212666060946,162.79390139380013,84.46908317923871
19.684756726682707,63.56679916407589,124.31714922485428,167.88353595530532,154.51666264277256,74.74998152619588,3.314493840733879,79.99620792927085,104.57766076525279,161.71710650928125,158.3548494121697,81.35782543058549
22.69661221155441,58.14068669505019,124.62957825816312,164.84780012132074,151.76572106161365,72.65108621285381,1.8809095114940635,76.38919122914278,131.90180125478935,158.24305767637833,157.58790980902188,81.46268944870813
25.697318553780818,52.98709395992525,125.85626000832539,162.4837449658129,150.21598684900212,71.24498579889078,4.5859686511692,73.27940376222438,131.69372879622497,156.42164456502454,153.62941605274912,79.08657258003406
25.145056209999403,54.31136773426184,127.02557445918929,163.10415408675092,149.4815406984151,71.00120576844036,6.5057650589508995,71.08069124496204,128.35504265164198,156.67554605580926,154.04202107793313,79.01408977053454
19.815340730187042,63.039747606696395,126.96811476091867,165.78376218233996,147.97710249758958,70.4239552068255,1.7812504489642853,75.6250920296295,138.76027194966605,158.03285158307932,153.96023916903744,77.65492464193458
14.807519908859291,70.09034687185707,127.31713216614075,167.39562160698205,147.03631940604026,70.64899300679835,2.4651548803190604,82.03128091249161,138.38804500922313,161.48748644493972,152.395104075106,77.09055658893823
14.62841149512232,70.53858842154668,124.81125385344014,167.01160946855506,146.29131707846668,70.5358418127527,4.370837599413824,86.40673960934441,121.33127232635626,164.39998213017938,152.07898017421678,77.14181941781874
5.267215743305438,88.31265739030142,124.9047512647248,175.58391020503905,147.29683412235386,71.10102577801425,4.955452380859302,86.26644693851804,113.29535791320927,163.9230021387508,152.35676498729143,78.46877079503791
4.572519015939623,103.55598541110952,127.30408181454601,178.77492971025566,145.94851882937598,71.34914032559453,10.011315004001208,92.51813526531801,115.07753903898669,167.170512937858,152.8592330023816,78.69259458972559
12.110381814970953,115.82581921390137,129.1001732335972,177.93471092015008,146.14434992076593,73.19815529019179,24.071660436286532,116.04219311073656,121.83139069741769,175.86236248951528,154.5951111740326,81.53060306425878
19.14429599278223,127.1532320305829,127.10870778889988,176.66013550668052,143.66181766804866,74.78532274270712,30.39996883033262,131.44805080518825,111.43971673162238,179.13820658048596,150.5897511860291,82.91276066289208
25.55062416924404,139.34934131012352,126.0140300315178,175.86604833449687,139.41332901018225,75.1371068478649,34.35015089988828,145.69808707984262,109.33215271662307,176.81684408434978,145.4263651915249,83.25936740412503
27.83167682644815,144.4962585390115,129.6546782354878,174.8868524361613,139.55253144253524,76.78844217191633,33.878768129515905,147.98959566462938,112.83598642558933,175.35326254563955,143.97003395408188,83.66676927468124
32.589122896223905,149.88926688107065,127.9480452892912,176.61971293052076,140.13183984177934,80.3899235123654,36.15150977966014,152.26213302976768,114.3185248786557,176.62666491899898,144.2463627826651,89.38180639302762
34.085390639510464,155.48174169924346,132.96272721400368,175.8740512352925,141.0540071146126,83.27828078292387,37.140081587665705,156.50621952778482,135.67362105128498,176.35372176788118,144.98201825527175,92.63623372335604
37.019848425200834,162.66676226889854,130.79282891984656,175.43324525509826,139.170432495948,84.17111080127212,39.24247198069919,163.3722278377532,135.63580151612274,177.0702960899645,141.56551205887936,92.91994977059501
39.42206492824123,164.8542367613466,118.8411741253697,176.6611000263425,141.0480813695834,85.04185195602615,41.61427354929805,167.394242123603,132.85918404211654,179.81073297046225,140.80706663580688,92.7134253100807
41.59739785228894,165.63460272072228,96.9172456062969,179.59026456215068,140.6403966552681,86.03004864988597,43.41656042778418,169.22407623738718,122.85994976012712,177.70994243306274,142.1124256609668,93.18330852383173
42.92523584055557,164.96583891928304,96.58501120699817,177.26299673287454,139.8382281971363,83.56854802671775,43.16468848690169,166.54763144223202,123.60390393728345,174.75643699337076,140.0069783733348,91.27022471603405
44.11181784410117,164.08894814880168,95.04116751755643,175.87618709939554,140.19998551524674,83.0270593393185,43.094363451077975,165.27693886362252,122.11159381845864,174.2154354100589,140.31529888625775,90.14298501945649
44.32062985438542,160.97571961246908,101.46833759671546,174.06508021029228,140.44635025178462,82.83530991206756,44.11199807103658,163.96871579786708,113.77942319477832,173.54088786797078,143.14584427754914,90.90819372213883
42.73633253343711,158.93047256216886,103.46668269028804,174.9400362113034,141.5391758287199,81.710120123021,42.90896569478613,159.87145363222436,113.21625311642846,173.79703098240222,144.00700539827363,87.07874410249943
40.867591224387006,151.70885863539965,111.5469607973239,172.44738194982443,143.39512170571768,81.30868101719005,44.08286173934654,152.71579978647011,114.60302644292865,166.03224266593273,142.5468676993753,84.8651578672447
34.68344311820662,139.93803056274857,118.16925638009366,171.74905716621166,147.7124140751424,81.0133589009727,41.369515415721445,142.93121096446689,110.62117003467439,162.72985458256528,145.85502368101865,84.52191641830245
24.494887219833686,126.74692655794284,129.27604867233134,173.23052850114829,151.2772620110192,80.62216839198642,33.481434590818424,129.31110545266327,112.74566685276267,162.29771524679182,152.44910766051674,86.31423863510875
8.418950969971474,105.9731892967289,128.94727269641004,173.92659396774152,151.50291967546985,78.36163391109922,21.22119091339102,112.26296102624113,102.76730999739173,165.43482715887592,157.37964926634692,86.11021821239302
1.454140537805958,88.65462473254499,131.5848365011468,172.71156284590654,153.3248492790567,76.27158575540267,12.41495701812188,96.51770299790861,106.51052928206819,165.0917044306631,159.7870885556899,84.71572947100972
9.896474461417137,76.81254548432621,125.86718433611513,173.95605094572593,152.8952190728743,71.94755540968157,3.916678331850252,85.17006838999235,102.12987885163228,167.7350623100025,158.20185644610265,80.5155641902215
15.741489705203557,69.23016684550865,124.98421639419537,174.62787260331694,152.75372883580667,69.72192775223907,2.364443528980304,78.25076645501368,119.98258108694307,167.61897710108175,156.75196123166012,77.45014717518443
16.586270445608147,64.74629213278848,128.8488974307609,167.9514828323045,148.8173383716412,70.00869978739681,1.4210994878624006,78.66259855809659,121.6777914270616,161.74867527021308,152.56659861634589,75.4244913349541
21.60236879594863,57.4630405883205,127.63037060368082,167.2362304774586,149.25345958552077,71.91547489636604,5.455667786870745,75.0000221733128,134.9777585571375,162.48298390095755,151.92369878890128,76.3721401774931
19.77797968480457,62.108383336625515,129.29373443041342,169.23140358266758,149.35501251839298,72.35221163797917,4.501151159988221,76.68467921925107,125.47840630433831,162.47222019889628,151.781705997829,77.37310044109724
15.752966764615273,69.50223836098019,129.03245193151227,172.16544857192486,149.36566985255564,71.0697769365234,2.7347851355008856,78.41731956759031,121.59286957911844,164.89959163197864,153.18486568007506,77.12716581258142
11.342404519063406,75.50190214337184,128.88502205593417,173.17844401111734,147.53359080710973,70.08352204309696,0.8442889401998005,84.24423499585579,114.62098150882461,166.95280820081925,153.39442323551572,77.31060961678256
9.351594261162921,79.822503637199,128.96608539374603,174.91855119737176,146.96537413791282,70.35464908817026,2.6875426643458384,86.92961344557534,108.58842372418627,169.5346526841677,153.84080341486802,77.73770436153556
0.48713109780419495,96.07732810326351,130.98668819262554,179.88144273323547,146.17379115512307,71.40530787901096,6.591925580206252,89.64664960112864,132.75865724109718,169.18340763173958,153.526876840023,77.96927570609148
7.3805508051798485,109.18762155009296,130.33902630265405,176.66077697614062,145.0623291609057,71.53221225111662,12.782757579763953,99.58805518423578,131.2916208464505,174.15117382119598,154.02827124649062,77.05262213531319
13.185842093487116,120.17581233118092,129.85987616320824,173.35849066214104,143.81526006811384,71.35738439639762,23.89926360444835,118.10862545313341,121.57012489547296,178.78210055463865,151.4342376946381,78.22848917658827
16.541715951796505,129.2352403399461,128.11023800048287,171.6204412284168,141.6167159100223,71.33626205392987,25.614417502321157,129.23529001442887,119.1531646562982,178.96771142761256,145.7953556802716,78.2274078437397
21.702742857448307,137.18103525627166,130.23044262136486,174.30686009268004,137.81337544900487,72.39509725281856,32.75907606629078,141.58653758333094,119.82928056703607,179.00888676252748,143.61169120704722,79.40434819725341
27.658992893755574,146.7241189125209,132.29055514782598,173.181251457467,138.27498176724148,74.87972800942164,37.88161257813754,152.41206676068518,120.64198831158618,177.45099064100532,143.42332535143595,82.84020054328137
31.776101403395785,152.4917859202326,127.86713075368544,174.697123163069,137.68941353813761,77.31960353897894,37.64264250426279,155.61987838017603,130.6683861307376,177.64966260969592,141.86538644704987,85.05619074410144
32.145866537838025,156.78571175959766,129.0831612024662,173.68483131566182,137.69753479519287,79.53191953141558,38.13548273868687,159.7998316166252,140.63901410946912,175.611632935929,142.97115330541473,88.55891238664354
35.06626639785697,163.52303313839258,127.41207279799512,170.0845025318538,139.75207139346492,79.49176451845094,39.181709484378445,165.1998435934144,137.46170378169282,173.50130413119848,141.9761553453288,87.70856979748764
34.83513782980809,163.53136566507803,123.90341048643978,170.58181088299733,140.46197876030718,79.89255039050566,38.474334794669886,165.981744535415,130.72964589472875,173.99752630492435,142.2660911510886,88.40735422857837
36.35524616488517,163.28232448669957,97.54622710821647,172.2545097545156,142.9944504137289,81.86198870936755,39.79289609201083,166.63648963438584,125.04459916697235,177.784167315446,141.00682284514178,87.67732053646056
37.956417527661415,160.7569191433654,92.04011514428015,175.56029069389973,145.04895173398262,83.32426565795359,42.13264745340072,168.1660142536627,109.23477862835267,178.8991015365317,142.29282727889827,88.95103981231672
39.58896292196099,159.86930938604846,89.84155315300681,177.82513242823933,145.46459102934682,83.36863381001675,41.37753870020126,164.48312466678357,112.67694124325291,177.1052236324394,142.9908179938059,87.30156610469297
38.33473154105826,158.38119990919387,93.03644702479842,176.47928532289208,147.22346543511173,83.08224633485112,40.70996638285457,162.59638398114674,105.79950154012316,177.2033432769391,145.05340447242716,87.79372103388566
36.65250171661902,149.22249182831123,98.3438033139629,178.621569087531,147.85131893144737,82.9503145714915,38.96436942072055,151.5168877483957,109.83640115357547,170.5212134224073,146.1902297605705,87.44604332400615
30.350661766453097,137.30973961413048,103.04827841565702,176.65785941226355,150.58081827090302,82.69058074584888,32.56823389841375,136.63376826535932,114.11532325314803,166.13719703838237,148.18322344199544,87.48043743789808
20.65339835756239,123.79209677496179,114.01212218481648,177.5318911891238,154.87169721452517,82.54780845979366,24.97410723064025,124.1034407961724,115.81597031199188,164.52798013233428,151.1062033261192,87.25256409701542
10.458729783361814,108.32914314235023,118.84266229842063,175.6585252430403,155.68239584302256,81.28882598437967,19.13111995518038,110.17930673726923,113.19248724594594,162.7927963462035,155.02801473025653,85.969676298564
3.523303902747604,87.36045037655227,120.5463300909705,172.46178959019443,153.4845103638032,77.99114088173263,6.622707954741432,89.60941728428436,104.56455836858733,163.13623954274084,158.48333461695128,85.20636236350296
9.896811498104023,77.90876989497919,121.49691367565485,173.62425696747817,155.62479166044466,76.89645682488569,1.8189657519032094,76.37237859984934,104.22593928315116,165.87846235014092,162.59041378554502,83.9697776717483
16.41879594486604,66.10520567316509,123.20253169249098,169.5301333536212,154.53837842641482,74.84803572672766,3.7166498564072223,73.53153608420737,97.04014859878743,160.89062267796163,157.52005168750856,80.10464528115715
17.907624111474615,61.06691053689369,124.57167272985942,165.05120112122782,152.05783343917122,73.86602449020901,1.8897217465087688,72.05227132900228,120.77000304720836,158.26486601433632,156.75793172654588,80.72586665296492
18.96444644060522,58.200837638383206,128.04925067881896,161.21777172085092,148.59512194729726,74.71926025726553,0.10228383864937199,75.46756156811726,145.07718096673452,156.8237068333904,154.2744525488587,80.68055622256493
19.00988986530178,60.672695480367175,127.32524340668462,162.7911658546942,147.30316361834178,73.23820927984643,0.4141096058196331,75.70933130776265,138.3195782688243,156.06074870159125,151.68205038938981,79.3642867318418
17.482230351391987,63.242245799856015,127.82941969726879,163.50405104680382,147.01535129615317,73.23519266877352,1.0605223465657883,75.68376755544365,131.54891314546663,156.80210081677768,151.93434856349552,78.97245618083089
13.17445266798821,70.52641090364267,128.0822983177745,165.69785438220748,145.99153594810434,72.33172367173563,0.24063467572204833,77.37416285798301,127.93462621154981,158.80477253497128,153.04625362455323,78.98870037479531
11.957044559108994,72.46273713719827,127.52792603395037,166.87819423542317,146.51118250119794,71.57017391605496,3.146557206763309,80.26752052948564,125.75006010768864,160.9142775829843,151.70827958990122,78.75407976129618
1.3336433844351965,87.44181410716438,127.30787793143617,170.32248748124485,144.54955094524743,71.65189773831388,7.044903742744039,86.3372614617153,112.14286901872217,163.3093192430676,151.58872541195313,80.19897398694417
4.442208352801207,97.88690176471918,129.7394272779778,173.24820764861596,143.64965803745127,72.09169946693586,10.386413283828439,95.07297340466536,112.8769581532238,167.21137913227153,151.03409723722575,80.78572310239936
11.314723011155765,110.79167875366088,130.62069154636035,177.41805134090362,142.32622942192003,71.66383671721115,17.850933513813573,108.01670015793225,114.98390609815614,172.89446643755568,152.80876237339297,80.52683241287137
17.810719732675366,122.28761924207055,129.27810669718204,179.05810540090314,142.32655050428642,72.1774472350118,24.277052133020348,121.4444238886776,112.48732254204127,176.01007939880398,151.50812559985906,80.34379447575543
22.36048982682739,132.0455915717536,127.55732314277526,177.0825891728907,140.12622659267356,73.6338720281204,32.04626358784001,137.1595344706048,109.07035807138425,178.70668185928585,148.67308628435813,81.60475019204372
24.022332860020324,138.78189625115252,129.76715246637207,173.85072575455206,140.2114493406704,73.50746509339994,33.38795003281453,144.96708999790238,114.32432450566739,175.91368306277928,147.5281304088499,80.94989620947223
26.78601778712537,144.84546132269242,132.8599973924352,174.15512278351224,138.59094986191926,74.5994923212628,36.86791770532388,151.03546320010165,117.42155158768948,178.56293376450827,144.08631781973992,84.6195220080828
29.646008219602663,150.70763851760978,132.16685624407907,174.54991286177776,137.93889942679417,77.72111478064173,37.917251658991034,156.4058805924003,127.7115044604096,178.57579350471443,142.86929569991884,89.52707974809947
35.07213052267765,158.97071749997642,133.8641595939671,174.44216411462185,138.65439851061637,79.40070933184,39.55293265743189,162.80224761650825,143.00900125089046,176.81884666576752,143.57139329805995,91.80639102766857
37.1507580718094,166.32693479773195,125.42174043694439,172.1962263420368,139.6939995351985,81.04276934501752,39.4709194982252,167.6125447660837,143.15390687413407,175.27065823815641,143.22807216086449,91.75001098203734
41.162200184226954,168.62736158175065,93.88617098599221,175.11897003114393,141.23164038459555,82.29090990830457,40.78174685674979,170.25756983956552,133.62945419334736,177.99408722036532,140.79795139204109,90.46040209158015
42.77863637241299,169.4319368223117,93.40351168742481,178.18893193538122,140.3784027943442,83.68903492704258,41.775020666084515,171.03722932584063,129.6131012039288,179.95329383660675,141.11324516444336,90.67880135878612
43.49605193278635,168.48429553907636,88.85155444480485,179.80046859526362,140.87792232436624,84.33278107294765,41.61473640396138,171.36586242070484,114.58682325873016,179.43623488507734,142.31566836983228,90.96876663146539
44.40801302745724,167.11856835890734,89.82260322946586,178.00434031152687,141.83362697311657,85.48732295467934,43.33417169641239,172.02421099051116,102.11670589569226,176.7878891816912,142.75202479593804,91.20563190452366
44.68551684332011,164.5732430510392,93.30379174026501,176.69865367819406,142.5615482472794,85.23911979659813,42.423666999399984,166.42581236154473,104.32766526455721,175.22656103151672,143.58278007214017,90.50720581650275
43.78814107897011,163.15654414590847,95.9733304561434,177.67546563380836,143.2066941531716,84.57158887306335,41.37528378536067,163.98109597507943,117.45676098461549,176.4258521893504,144.16953461126766,90.7990196976272
43.87078835469014,157.851835852805,100.45616831359021,173.7327374569689,143.3597216001437,84.18039722165433,44.22038885259627,156.43870963588213,122.36973112969193,167.2477066036534,143.73375964776784,91.75536782081946
41.16641060131047,150.4348946772009,111.85293519130911,173.1840962155114,146.1141886071517,83.6756170102861,43.54862005861359,149.49680239483317,128.0015099816771,164.3520124542945,146.57792336759587,89.94903347766798
34.041292246380884,139.095642333588,126.64846985284478,172.98637693509204,149.69208209476668,84.24360775121521,38.45713029318057,137.94105044596031,131.4093123875818,163.08954734843365,151.36860232920932,90.37751877750648
24.504783666314896,125.29791580191251,129.49023640992945,173.3718579210527,151.36811011037003,81.83711215044654,29.575645952329722,125.31284395300656,124.85589675518324,166.05495559837755,156.55351825929532,89.36192689302653
13.333788571202202,109.56508818007043,128.76578238236726,172.31658598796002,152.02947924656613,79.69992010355347,22.391294118713468,110.75327683583903,123.51707744895411,162.66047809417915,158.22783000646712,87.91470776605193
2.630988683404374,87.13608795468456,130.81142890220178,172.83528020450686,152.6935792075914,76.11031109418398,12.946444963620303,98.99042405095958,110.69011676108316,164.31232161758373,154.92189950666867,83.49121951351361
10.15256280802194,77.20012162673227,130.43118501719078,173.30825595486075,152.79386211173514,73.6428820108813,3.6174625257158706,85.23467280457557,107.92559624574204,166.31102015154585,156.31594733132195,81.11161793879081
12.922667107964331,70.91314004213456,130.7574580250509,170.35235053140647,150.92831587423217,70.59667678645411,2.590233007012987,80.71218933785306,99.95925008094954,163.8141682210867,153.56848679022227,77.69867701650446
15.5281183065623,64.32588010133217,129.18672746658254,165.1835092335209,147.88462474491635,69.20978018961596,0.8078273805974236,74.44759299502036,121.29159716726952,158.2018369207129,149.35800932211777,75.37334106369893
17.59610009007689,60.214956268855545,128.39247670229526,161.7236405558756,145.81260957014211,69.035564862951,1.848115683523524,75.7613465161569,131.35013692355574,156.11738831712967,149.8346062395713,76.73534646730413
13.866879515234533,66.5727207287806,130.81675013936882,162.54222898068596,144.01889588708224,69.67772613419,2.2943692191619407,75.77768833899972,142.64789874552534,156.83862343355017,150.80702945495906,77.18041894226677
9.676171175381807,73.69855327447272,130.5272552694174,163.50985172536897,142.1651888197662,69.19821987734537,4.029434210903127,79.36798802198429,145.52251152562613,157.78755269968192,149.6088168259841,76.23786365575347
8.234751056056535,77.56580391399726,129.01525156024013,165.76600946773047,142.63354969090207,69.5713094632088,5.25103357989676,83.57853968605282,138.47996502653857,161.43837664335024,150.48717867268024,76.4505959696727
6.13860210678625,80.42213110552306,129.87308113656553,166.51287417756177,142.81287121244875,71.04177676780711,7.940717252711481,85.5325903078533,129.34375311179218,163.02609444383518,150.25655551465132,77.51282846484942
2.4454592823356127,96.1475000556268,128.61894633959128,172.57843237820774,143.13604809495592,71.65732231328391,9.28303880824121,87.96621535250209,122.08019960314272,162.38867122980898,149.90053011063443,78.41422370330643
5.503413456507623,104.30562311977482,128.72641843035422,177.2485301247692,143.3710309438157,70.77803029632065,12.887880402409122,100.59926911082626,114.4824367336506,171.0221494648248,149.9870740122387,78.35839339082318
14.506281694753485,117.60236084340896,128.39379584471783,178.81199266604665,142.05169780988564,70.88793918460479,23.78311936525134,117.62029419078334,106.82190038886526,171.7760964294935,148.69069428506342,78.94110280367555
20.685392897988006,127.59748579688477,127.83670138310056,179.652860344819,139.90569136876186,71.83869585558642,29.62468142163881,130.065999032935,106.97327191613476,174.78156915868198,146.41714811780147,80.35904100617859
24.699374857859514,134.49551982783163,126.2761831027578,179.64008516734424,138.80997383965212,73.65590536153603,32.651651419649546,138.86336839765326,105.68900478982381,176.00638137006575,144.47918352689325,82.29568697580002
28.294038481808602,141.90614546970184,126.38863471389303,177.80108700973526,140.13599919368062,74.87877148690798,33.245015413124236,144.21550975999605,105.53720606889442,178.62983225838283,143.53444030808413,82.63055652043533
29.849723780166144,148.44939636708216,126.98251805180996,175.12590565977203,139.8626000740541,75.80747310834654,33.462896729451515,149.29513829496952,112.9679403454611,178.25719014607355,143.47451677642593,84.4939922216674
31.493196069540275,153.37695962160973,125.55304812894342,174.74000155861864,138.2941573622034,76.28948321242203,36.90696192567846,156.29137864303516,119.4673026452179,178.02306262860765,142.06512560106407,85.97734924785351
37.09051614141807,162.05113939704364,124.31977497377135,175.66081590243894,138.22292011806377,78.03329473709611,40.86969775707588,164.39333655352007,125.19618521186858,178.75664958544309,138.94588307249788,85.85301988533641
41.05250071356756,168.22542591108342,121.5105102939232,175.73575113231138,140.75586827040104,81.27081531665277,44.563413609321145,169.77128436883947,130.9753373608038,179.91139596986815,140.16652288242588,87.38306521077207
43.83298132548286,171.44131927272747,110.35114957548882,176.6732862979355,141.93582545525436,82.69020955246434,45.85819542973078,173.74234703485948,135.2151472741962,179.27761807786564,141.5410366488497,89.96421394247801
42.851405245635846,169.16178638954122,105.59572530700812,178.37714463976934,142.38429967690323,84.89937955687338,44.05057456926233,172.89753437702595,125.33222694132385,178.97942012326467,142.24628397070225,92.09854964205942
44.62288456524263,167.84006369500088,89.89945502666772,178.90482698287832,143.8958795667161,86.6698303632376,44.391677357947046,171.41325185114792,115.64622713646921,175.5471717766965,141.364891445347,93.21555914344299
47.26353198662467,166.70161842405182,87.0639447154356,175.9017563916741,143.8976430803871,84.50469768876042,43.63169934427007,166.63198214982424,102.67502157797004,173.6036208916075,141.83067431791494,93.25326330332102
45.93625720672187,165.42975772125598,89.87770011736534,177.18525214022984,144.29901246171073,84.48957272829477,44.67152068033029,166.4371140067259,104.37410089617907,172.7166179064707,143.01889091625705,90.42263257299172
45.411886569626375,161.8914804173228,90.97247669257195,175.80048696190588,144.4312868290386,84.07128454126116,41.22063327469963,157.4865733337842,103.79752185862279,172.01602598484524,144.3758176962763,90.17755355001147
42.732968621714726,151.24563336936393,96.05207721989792,171.8558739582252,147.14409532638226,84.82881221253967,42.6878715792323,147.29543839879582,104.02265464155698,162.3215893956774,146.16710593351004,90.06697150410749
36.02537721452719,141.14025520093423,119.46575500831813,171.68964896677252,150.18047263120567,85.26619183930588,39.10745018739777,137.3218156344618,111.5267519050867,162.33477613831886,152.38836933039204,89.78637677176731
27.445125209626912,128.12201866341,125.07991063515912,171.09848036928193,152.8903678821369,83.96423821795219,31.61424221964087,126.29040093169554,111.79746967660537,163.77742778137687,157.38874722960276,89.03791704428075
13.810379197883522,110.46442666644027,126.66054036373414,172.1005455887494,153.20617158704218,81.1875615259557,22.725689549978057,113.39452538357389,108.1954405631276,164.016114719658,160.7247439928159,88.11397824310434
4.423985597666046,96.86629780617395,128.76061021836077,171.96378648239101,155.1694829376295,80.33623549013629,17.51111106011437,105.22063760664194,103.57689502427706,164.6964398177936,161.74036667345533,88.90093114165063
1.3605150337597562,88.95571856972815,126.48762945574815,170.03458923184883,150.71243803396067,77.05494244639,12.027340560993544,96.52761111035242,106.05510828359932,163.14917394229062,158.85448801844288,86.71562778615896
9.641259303177884,79.5899882637028,128.19284017147962,172.51683505517374,151.55649140305124,74.92720634669759,8.71216345706111,91.88420509555648,105.65352759797082,164.95378594630128,157.1560211506231,84.49121693652194
10.731879122954268,79.10754803201068,128.3844431045869,173.47599962749476,150.24057825429952,73.35572579474251,5.491705872970802,86.83988333578873,122.3325377150566,165.37110585725293,154.448542186646,81.3530005862052
6.401239266515953,85.07574384761755,129.25567782930307,172.7584640774261,147.28932745438036,72.75061788173879,5.400404903984364,87.58216079106809,114.3493835916684,168.1371282981098,154.67553635111108,81.4493094506819
3.26537516965708,91.79879227461407,129.34220143956142,177.4917436969708,149.0186048877963,73.33380920360698,6.627943221464916,90.80752718383897,110.86384611985586,172.49702377302802,158.59573759546868,82.05482338192343
2.2343715639951625,94.93477874687281,129.3133662396746,179.51289721221158,149.2830046097158,72.79141564597214,9.71490261441445,97.26989981381554,114.82012888530198,174.40977639849362,158.5673795677773,81.21711143067563
5.8404439148007645,108.1554697359196,129.2310612829773,176.66820257514075,149.45832083904156,73.87934107921747,12.140654235806137,100.92696298361804,113.09594298174952,172.72345053262268,158.29134651155553,82.59406990133587
11.897601471447954,118.48803716657929,128.41284752843785,173.38753263326893,148.795198584088,73.52912030541975,16.872728146284135,113.25353976382303,112.50901358804444,179.78023661571677,158.033041644478,82.83104609379572
18.616476136042046,127.64868685974115,127.15881445314194,174.70791937055313,145.39310842802894,74.64230457526857,27.756545396633037,131.91287337946733,112.86918764929675,179.79252986224284,152.0865127812944,84.01835795026797
25.793897130840147,138.2363246672757,125.04123529090954,176.04678590657156,141.41960003090117,74.7901887168886,32.05485375569788,141.80994072768843,110.5848568529108,177.6457609954493,148.41606293630633,84.01671930049474
31.386036363279565,147.69022172797932,129.52769152976626,177.63951933859556,137.2497763194323,74.4361038351421,37.65659650239552,151.01219065750183,114.37569635840568,178.81764512143073,143.43889307018443,83.69649867132873
35.233167170506555,155.57139287788513,132.54069076154283,176.6464611107494,136.67053869246598,75.37507529150282,38.86124458940468,157.79910309634843,126.31328116970636,176.96805322813674,140.9995888727361,84.76895859642879
37.26964444200603,161.6796102240431,129.3486654710959,174.63998735692698,139.9560659509164,78.74746260496867,38.72135762533894,163.63833355367592,139.11834404623772,174.91553233441877,143.91334296329865,88.35883113691652
39.459973078900106,167.22495356491314,126.30329910962021,173.3101624209788,142.0278832792771,81.27625386299076,40.39242310941559,168.61935860019773,140.704254069802,175.47035399155007,144.84383298375613,88.71042584687955
42.85280990282655,167.77622839428597,96.49708929786748,178.51152035331606,140.25977014682488,81.41547931088375,42.902710036546196,170.8920785060794,125.02844825474497,179.56588046756778,141.29170089347218,86.60159396730582
45.16879726545604,167.59394236215724,86.5070526087447,179.13947367628384,142.0309008421475,81.50611216386324,44.417127464286274,171.17915827428328,121.77760190270118,178.12137493105465,144.3532163447073,88.85957514313235
46.57388673746976,166.84274424564776,91.5457042439942,176.48084583273877,141.58501603163833,81.41960583841022,44.04257270579714,168.73690234110646,119.43398784372992,176.382542862404,143.6785043862584,88.01414788812914
45.91943982900371,163.66140011102627,92.79794952294118,175.90493811667628,142.77797264526941,80.58438705994993,42.13048964339394,162.6385397915985,113.34810856471219,174.31271186232223,143.22328147662859,86.49521519012374
43.515319491328164,161.09255055222204,105.48268097583293,177.3837707478643,143.5242276695089,79.580120975537,41.84424299886667,159.34704687636895,125.17593901381608,174.01150912811357,144.36915490762448,85.85665501260135
42.94120841030043,152.00956320280036,116.69878499297008,171.04105688453748,144.31710631889055,79.64596978799658,46.02821817013214,152.2084751689254,132.2665944540729,164.54812169618086,145.0031890358146,86.67145055445242
36.32133245783783,140.629371473629,124.48417419307872,170.08626986469517,148.05364731016988,80.35599888624566,40.54447980159345,139.07595707454203,135.27208920271468,162.4128744591233,149.56020568280312,86.73094687788691
23.347090988269883,121.89636479763968,129.32222637230336,170.418238739366,151.9619341457876,81.13807342624621,35.002903768631334,127.69369786164995,133.6174234601227,162.60040580827086,155.2525684448776,88.42163162837845
11.68677303285047,106.67507148382052,127.324307025956,170.06922047183366,152.00393116280424,78.02059665598662,23.14787740112511,111.13906519110995,134.3884324078269,162.92803103655484,157.3728189933226,86.17042147183916
0.6869291264971346,91.5417467912373,129.91418916138647,174.20149280953814,154.78000728185745,77.7019447412397,10.36489399628335,91.62625920572964,106.51621608514358,164.3576978479998,159.90166899755138,85.00366584443141
8.25076491682461,80.19677705302648,127.34394826837892,173.90657949460783,155.09149105499463,76.25671659054211,6.6294555526008425,86.4306796111052,105.69894490676694,166.10984517086928,159.5394714663924,83.68866046082306
13.908777988935785,71.28551494409733,126.93789096501061,171.52335997195595,153.05891109758275,74.34764249862052,0.4445248992883523,71.98795434227635,120.92925229721261,164.0438236409807,160.35643463165505,82.09946216914989
22.565101223788922,57.05112806736498,127.7728818258637,167.53334321879888,152.7923263805171,73.72360427191941,3.7729277130024044,68.7421818096584,135.74372367138014,161.63849697916754,156.09968315917084,80.24028475190259
25.901033271925186,49.232473514406685,124.66722901261254,162.26072434348131,152.87778686700034,74.60968788207047,6.199339323710822,66.58486919796074,144.60409458350023,157.80603126394865,155.34433902385481,80.20512484041676
29.0236107134905,43.248464256030644,126.51633847446125,158.2312600354789,150.13962181243866,71.78281632801799,9.91540788798089,62.97092776922712,141.78877568861242,154.00225008989676,151.45545825064409,77.85499801863843
31.382245931846434,41.47006111655304,126.27530496105524,157.5668855435304,148.09761140011705,69.85310046728193,12.967901233504431,60.13732559729485,143.49311376487583,153.05398665232383,148.36199702846957,75.45381992605991
30.581178903059975,42.168478570800865,126.16401028565663,156.0302545383419,146.05005313965256,68.11660216079434,12.714142797393794,60.12050767799765,143.88175099972253,152.48193196017098,146.34719531711212,72.97214796084637
29.4810852737723,44.31569308037912,125.89618386546039,156.49645998948117,146.09584697538307,68.76481985451477,11.767919956206569,62.94367614994449,138.59057854840526,151.14800291264567,145.94203628588414,73.87128239316766
28.93059689293832,46.18336921074966,125.83486919983328,158.04819875613276,146.64240061689262,69.63071745494871,10.663140879892307,64.02474312480527,136.5383057525243,151.99020293049955,147.25460176539272,74.72663444673609
27.174352617556554,50.11087375118878,124.51750792063845,159.4194051169675,145.68051367895112,70.15443537928824,7.903868050745335,66.96718355524172,132.48990974880263,153.01344951903224,146.14875089337926,76.31054777022469
26.447664411637614,51.84491098849523,123.27089271850362,160.44923906409474,145.69944169697,70.36745498738873,5.092735406617986,71.114378831796,120.33592139918798,155.5256112384868,146.7758898522203,76.76766154777837
18.3882879400707,68.33022206797075,123.12231137900612,168.95883713074872,145.6486844524884,70.20799516722404,3.0740564760099858,74.81948323437291,123.2316908222385,159.41004621423585,147.96472761902174,78.71510128577295
9.992417299437506,84.5208471991123,122.91693164771766,176.18618302169,146.8939644624357,71.77816762942614,2.3733126859468237,75.16692879179837,129.98699778362405,161.69814489693297,150.06198988547567,79.7355285363039
2.1607109515092806,94.93142960064807,122.70992427248841,179.6418193376822,149.27187005717025,73.4819916977615,22.108092771362507,91.33735436887982,128.89076457502426,166.24637455468454,150.88754359393232,79.86167273555596
5.998736784756504,108.70437179395067,123.81780294864653,173.90500895692986,149.32910694932957,73.05152291956972,29.931894300533962,113.41945244579087,128.11802231580737,176.69966663209436,152.92685232353227,79.83210033867854
11.406507088548858,119.10586608208183,126.42526677867224,168.48644676068437,149.2204804685577,74.94451345849839,26.63224246811614,121.37388843718357,110.62470491576443,176.13030752709403,151.98992501772574,81.05343657927709
14.063645694371052,126.32854284189648,124.84751718754937,164.61926697262697,149.33698526499336,74.87078286917803,24.38688212268754,130.76393221035323,106.33581217684653,170.52854550976573,151.066084905962,80.61843009059989
20.56760639384801,139.26485911624286,125.33067188218715,161.37466928444505,146.13256822201828,72.83820726420619,28.76101444593348,143.75720107179583,104.455369739193,167.21743707116866,148.08111322415644,78.9766013270594
25.99330362451045,149.26864760233875,123.60445133044895,159.81200766676855,144.81770754842265,74.7620199527222,33.323499051687904,154.78600038074694,107.18989249835579,164.4789528345802,149.50334135349922,82.3890723725973
27.627919611893404,154.71960704424728,125.58092789995011,158.08492152394456,143.4835066497453,74.9725778708301,30.01074120326465,154.72384899840654,115.53982426612689,161.94909373204248,148.56713164151319,82.68938768946077
28.99080964574417,157.61978052687064,122.95189793335217,158.00564583695999,142.2124927012067,74.87934917695402,29.781352831160838,158.67771784260003,122.42614431127983,159.2579053202194,146.89404134828916,83.35771827824621
29.604551883081175,161.5082571001617,122.64080829046466,157.3582188872795,140.2261257923773,75.0904970211256,31.30196514149875,163.5365421643281,123.58110531751278,159.2926908352743,144.2323899888493,83.72714430897325
33.06122113370719,167.65414369485583,121.1668418643837,158.457540714338,137.1435519063426,78.42746555807112,32.12986973868244,167.54375497559414,128.45935853799477,159.25477649301158,142.48898098140802,87.97084872282738
33.20677136179027,169.14287322488298,119.2128577913828,159.0024957421393,137.45199164834986,76.81438627460084,33.189531134264,170.63371360852167,138.60072858959992,160.2806471938396,141.13443294969306,88.83320077098061
32.19030855680984,170.53259683846304,115.36882245297673,159.42699334714663,135.63308712317283,76.25230671164915,33.06473337498339,173.34619211923683,131.97474761754998,160.61520477792715,141.18271821050888,88.69463649820047
35.07946039253183,171.06323091612649,100.74332279822586,164.09709738170937,136.5657624211493,78.87199581912179,36.31813152684482,174.65695312889437,128.69023799106574,166.24575138172503,139.6396755419594,88.96347879818026
38.62983972928323,171.52071940382245,100.56595636336559,169.1343030740585,135.63353013290757,79.26627373372806,38.983632718630155,175.03809627375207,128.44387563181567,171.22907770909583,138.12795283399143,87.62522651705478
42.71477457760533,172.30872622469047,97.29323112635844,175.07951447769295,134.68166287687922,78.46696782558337,42.79358559181515,174.28729501051185,126.80780167252657,177.70932454839684,137.782453635976,85.54081107319062
46.860932017790105,172.29090536963375,99.23731104307494,175.83520033521842,129.93940313188094,75.86140311334472,47.458111650489315,176.44931040188803,126.03962145220979,175.1550708088373,136.22933098324907,85.75681832493594
51.353548955256684,173.27660508225324,101.55286272063181,166.40232063297924,125.58568027579103,79.40168356557407,50.2432640293305,175.76457271155923,130.1618822962243,169.25549146046524,134.56645349543135,86.8259092994874
57.10606544454164,175.03925595382768,100.8988570849671,153.12146570869237,114.66660221380853,82.17407466918105,53.91310603483335,175.34468632049249,126.81496513000053,159.34013510455668,124.73105042170418,90.37109006115375
61.20021447358242,175.49793983313623,101.23690635900418,141.11363912352422,103.76568396135478,83.91689810805549,57.73281259356292,174.4978117344078,114.35936143246788,150.14819717991216,117.01875237963337,95.10053612139544
65.39077176479253,173.77837077850438,101.49430037846037,129.1648078697874,94.72340694100873,81.7103199391201,63.65438475334696,173.81129916089057,115.99915291208643,139.4471767680762,116.53310620476972,96.13861555474664
72.08697822626283,173.88984312361373,103.62358119301723,112.7542636542676,86.61094196017963,85.22996504118042,71.02866392608462,174.15045649718726,118.88664041433033,134.01976302355655,132.17480721998564,100.87759674537767
83.24899304565515,174.20341354880563,103.05345467288271,90.57746570177002,83.66620046092224,90.10087822593334,78.05232435987361,175.07853789865115,124.19553650545608,129.17419440917052,136.89681239084646,105.47163069671313
94.35582176633885,174.99092514431658,112.22897552442541,67.79242521959678,88.22180497077369,100.17132461849661,85.95995824877977,175.00269763869156,134.41258929415002,123.64891951682753,143.6294137872039,112.69268418155357
103.24988868799316,174.53882375030702,111.53224920266595,50.22082490281496,100.63598756193758,110.28960178309494,93.47884115768764,175.75106986226598,133.41796816857706,114.64073331643458,145.2554704377813,117.17189443912422
110.31427741183103,174.1938460080041,111.6753755127647,35.562814029589276,106.76292060634503,115.47426053290641,98.86610598755425,175.10526824046224,132.54442021687888,107.40322474797766,144.0689054931809,117.43335610973378
111.84981233482075,173.60210115510574,114.90964498152692,31.15038327151421,112.49698060451699,125.50461880799388,102.63742311691874,174.42781105086326,137.32830410217062,103.93410874360933,146.28078651072462,119.35709573990643
115.69081619375739,173.92118190293812,115.97330266530868,27.129005370702345,120.9058498990359,133.74961787723413,106.5113284199419,174.25390880158022,139.13928845424107,99.00512266458841,147.09869177229166,121.30968217378235
116.99344310412826,172.95698832700626,115.19881531650203,27.3294959923616,124.93980192591037,133.29251147951567,106.90742913678068,173.79797868620273,132.6040344287178,97.55628809859874,145.85004096236136,120.58748609365938
119.57046419555009,173.27855203175437,116.38627796579038,27.747488215854,128.69993159919306,131.71706224927044,110.30807189295437,174.03338459705517,135.38457114078926,93.53946455677496,144.95007521370596,119.16003271654132
121.76332445314647,172.66989735044731,116.797630245367,25.616072771814625,129.6404449969692,130.04840831581893,111.214889759455,172.2596991194645,135.09098339532244,91.78859977204729,143.41990635990436,117.59708586823476
123.52146757244574,171.86111476558213,113.69512132067335,24.552169134809635,130.437117029533,130.22444534276104,114.272189848923,172.64328291717902,127.53705781089417,88.1198181442362,141.78633005018568,116.06217294148048
124.96160269514331,171.74365129746715,115.79268766677282,23.835585343598858,131.92689730289894,130.93865902958186,115.6185778892993,172.88904686452895,125.53888717178286,86.78394640557775,141.80491737959733,116.12177343250146
124.34739248715886,171.08232095572578,115.39809350633251,24.31848902231798,132.6922401979713,130.83237909668767,117.09326983100227,172.9826468521281,124.02059788040427,84.87076379025619,141.34307945714875,115.81306831453537
125.2133299353241,171.2250203270013,114.00781241091688,23.909245417214805,133.61344119587832,131.6553642151263,118.65264099472515,173.33136444919245,114.70172383460677,83.94510479973678,141.54441168732885,114.8505458514339
125.6402109657634,172.95904116091842,122.75017964153108,26.19903888942979,135.0859467642033,131.3599270161465,118.50703588984062,173.61039671743458,121.81258634929958,84.24777982165158,142.05899600723305,114.49551809035373
124.71580316457096,173.25558546881712,127.46260287860187,27.759480551982723,135.51223764669746,134.48097221380885,117.62342053298723,174.3322577487319,122.34690663221082,85.1899114571432,142.35296257557698,114.8920498083132
123.68044846792665,173.0328702419979,130.48214901957758,30.06868796993452,136.5932953525015,134.54965287175577,117.29938400776479,173.93026526362965,129.03288990478222,84.74908574946484,142.2528339044621,115.00524247837609
121.264181406202,172.58185759052222,137.71492252556172,33.70866048598136,138.88569197409697,133.71903880866546,116.87228260957463,173.63706517174353,135.49980299687977,84.8525397650935,142.68723507885457,115.37294637999516
121.62077238983389,173.3232423138018,145.1553591026766,36.19998474201989,142.42959442907656,156.4693386214915,116.26094242689594,174.04471729185207,141.94963012157095,86.0471592315316,144.51757606107876,117.14055521175433
119.80988033873375,173.43495752719508,150.56008503975445,38.706888183798895,143.94575914468743,147.14372620875295,110.31086781626814,174.16576478961034,147.85353439043365,92.98807406551758,146.74102916953163,118.89469779820357
113.7145641110899,169.60567220510816,44.0522874519951,43.90913763131343,146.0789347938259,144.15793701785944,111.78611656548306,173.5244156382179,158.2001259716122,91.6012720470136,146.31384754187388,117.83831304369936
111.28645016944665,168.75094732532975,150.14723180743022,45.90399123459856,147.9012399432044,143.62193661691597,107.1869773509092,172.23322349004235,163.30163344264446,95.37800681365313,146.09793879153014,118.83469812277548
108.97290564604127,167.12924174792042,171.5710596889187,47.15251411487555,148.36659161294168,140.621391251399,106.30668877239856,171.46157246557428,171.0473630197504,95.88788638690738,146.7530971474614,120.58264526801173
108.43979599041315,168.80643188141067,176.24024525213093,46.88401547707967,147.9556732400696,137.79068138284535,106.98833436421472,173.24351798276612,174.10976113852644,95.85528803337218,146.99625179163252,119.48977449298656
106.03324053586022,169.72322360597386,178.60823542805056,48.180000718491314,147.49078329206128,137.1198050935317,101.19297091140976,174.27055253753755,176.6258759068752,100.77553939210968,147.35499490186754,120.0382430345746
103.3056081807184,166.3526155498304,177.7804977676287,47.403561781349055,146.55829878210832,147.14826377265388,98.62005415125273,173.73604734681413,176.40835293979404,103.25091750353855,147.86537525306085,119.96680287515257
99.93803689199572,168.45896312859793,171.9673358721226,51.243418515127246,146.9364687294876,143.20419127630947,101.45070822964202,174.13855630125573,177.706410177928,100.38734731007001,147.560036822775,119.69215945122218
100.83398958726043,168.06529443234655,169.3476363021808,48.70446524210645,146.4934872086128,134.9161800740477,99.3896420971042,175.17109682311508,174.788514499125,102.63961908864432,148.1846723306434,119.48839698896484
102.93771386017629,170.63416742481715,166.57544838138608,47.1492560770602,145.6211702975714,132.07337050376748,100.90571525841727,175.54287891284827,170.23589671680864,101.025752461981,148.35613392493315,119.22240591161803
102.69335059300272,169.8483760346489,164.57636559275676,45.906036298622595,145.69211616816133,131.91931001830295,100.62957564042841,174.9145657532044,167.71995549282093,100.53724034367879,147.96702612545386,118.71091110010786
103.03407103187098,172.07658992312778,163.67239039504136,46.07865465845253,145.6317371515488,132.14404441494437,100.5289306284141,174.35475587251256,167.62600164099518,100.55842714544087,147.79618306204887,117.90007238772417
103.24583493940406,173.05715174453093,162.3715201735675,45.93636213761396,145.7236579036343,132.43367730816803,101.17206919978017,173.75231755760024,167.57625691533985,99.80366166032593,147.91138448595078,117.1651252398759
102.40200719704413,170.30377975604677,163.38198859801122,45.52531741536088,146.09202317836667,132.95207405265066,102.19499456310425,172.81280744504565,168.21015451187597,98.69590585299159,147.87095578718086,116.80747619787203
103.52569615195395,168.9802560524721,164.43319865031603,44.41145886024156,146.1162734544531,134.18659615508736,101.92830348624308,171.92591430441897,167.11851509332018,97.64126417029847,147.0302047910305,116.91705343075604
