left_shoulder,left_elbow,left_wrist,left_hip,left_knee,left_ankle,right_shoulder,right_elbow,right_wrist,right_hip,right_knee,right_ankle
156.22428603197017,142.61127947078396,145.43423847124006,131.84748470402204,135.38172165135248,45.903768267790795,146.92649510901788,92.64647679406472,133.12918159688144,128.54739927079632,107.6677708452059,42.78739004571177
161.1541320506336,156.66586272312443,155.12346127572602,128.55697072101427,130.6298926485349,46.89250804462012,152.7749178393309,145.32723082026126,150.50836676256012,122.82455139420208,116.12888358313606,45.26392589618187
158.86420061336307,159.2107448624446,160.5267521503086,123.61459893242724,125.78847150530896,52.31668522491396,153.6568607600163,156.17484701507294,151.11232130782912,122.00587333063737,117.92023407965233,49.6407358154209
157.5718875273237,156.78337857701766,160.5462244291011,119.78233654322412,120.41135217969334,52.98379028977331,155.25240289099008,158.01428739288693,151.2736454413122,117.11458955499465,113.03540058503425,48.17039326241294
156.5909130661743,158.45416876960167,150.76033891129097,117.19660058670871,119.36814832912214,53.023308180687806,155.5694894868826,159.99541832414027,148.84710217779386,116.24598279566052,113.65973672086092,47.48427687080487
155.66347479192004,157.79147868899025,149.94208956848126,114.36907183617076,118.22959470939513,52.542244346569795,156.9017817136532,159.09419933704328,148.6081665424243,112.44302545743571,111.42148823978995,46.905230438796785
153.97037996172952,155.37257464750556,152.80994637089884,116.41237790923671,121.26139110874789,52.519044538994216,157.34878020423557,157.88234422757463,147.4510373843345,113.70085785944896,112.82844526365359,48.597118269946144
156.3318498082915,157.84484622873677,154.02078146351508,117.38123215076759,122.8237402608737,53.86532321906728,158.0454599362376,153.89521827241649,147.21697075142234,114.59236569996249,114.90247793685582,49.08261398177472
157.5859762494347,160.19401732391051,152.97357407963264,116.19405968204372,122.47414954526545,53.901588692758075,158.0161527773623,152.42025763688795,148.46435995876348,113.72699051805884,115.21011178288221,48.66746022941496
158.4046168954679,162.22812448904497,151.96268109817092,116.33334950048396,122.24299476730259,53.375392514731914,157.1288557882111,152.861982737875,149.66036617410782,114.39736919870855,115.76197137010739,48.67030749789006
157.30750836712463,162.1849823211937,151.81868040126335,115.827977857087,123.26405846038296,53.29474304637342,156.56432858676612,153.21008816921204,150.21605985951103,112.0849340575468,114.57545867167713,48.34321628417887
157.37816249827958,161.49232246624106,151.82393957137043,115.86804764451824,122.56746562880649,52.75866506003886,155.93022723107515,155.66240221949016,146.84907030651127,111.15619792763921,111.6743356294982,47.78611844354231
157.7617587648834,160.48897730531792,152.52336932905084,113.11603566412187,116.41383472353623,50.27349541029894,154.627749912382,155.89918403524152,145.2846512637065,109.04507761624522,106.42743905728553,46.90048171212299
158.59591869202248,160.27209255980944,154.06730713381367,109.4540615685588,110.49900042535553,48.15612651248243,154.13516119879637,156.13610402520044,144.99319902234157,104.91294154106244,99.60890063125537,45.175008511978014
158.65895367437668,159.6120658855086,153.97059650601304,108.54095809808403,110.34763153826786,48.402824305619646,154.99307973927455,157.71296359005262,143.98685922581663,102.92563878976198,98.35758584787456,45.459233982968875
157.51105119882698,158.4008954394462,153.968645178578,108.77502940548767,112.40132727089829,49.94191695282948,156.6625863341455,156.8911746253818,143.13791233658225,102.89232688412443,101.31255035738941,47.04456275151065
156.4813729233452,156.94294187594414,153.02965108027357,109.34355353578793,113.41795688360818,50.61031703631093,156.82521884286538,157.08292296091406,141.74650595785766,103.85135273382465,103.02102324023208,48.00121359304604
155.2699479819095,155.6679109290152,153.16582947775987,109.72489957247872,113.61207086684196,50.16938578775667,157.3339219274024,157.5982919587109,142.02001002215223,103.92346365874847,102.88724293972487,47.602030007393545
154.50282898103958,154.64380471375358,153.77057618592482,109.86346943313255,111.12108025628291,47.70932105450963,157.16019686296698,158.52225095920656,141.39826715651802,104.1106392149511,102.67953229703127,46.4482985220396
154.5221249668382,154.43863923377427,154.8190961118012,111.47980664658716,113.00963573916943,47.05491662811775,158.45953845674129,159.51907477097782,140.58895622271203,103.86975733115085,103.3781442747789,45.55969082581183
155.20686038690667,155.2223324397761,155.11590251893873,111.37767607975972,113.02742434299891,47.221456160348524,159.76522298344204,159.5143936924797,139.15893350505365,103.7581089075223,103.35350015289089,45.36142922937005
156.14134817948639,155.88872517434655,155.77656775791425,111.50911451787394,111.9687669943713,46.28422652289197,160.84742307666284,160.99080029255043,137.62044742263456,102.9584847341079,101.83150374166111,45.003188555518705
156.66563701308002,156.584651898227,155.50108405920602,110.80971087361843,112.21472401442149,46.3352025670167,163.30284308984668,157.87757254721106,137.8127615913103,101.2643897533739,100.35985016416934,45.06855090084958
156.9174654808394,157.63220436772127,156.13390061683236,111.47011377319019,114.29431301388777,46.71959024673276,165.0483713031133,159.2664608209882,140.01139684519498,101.08526463918872,98.9079491001782,43.57590081268593
156.90518887823293,158.00169081536737,156.12524844933665,111.49584107516493,114.032121376241,46.60743134579801,165.5600972881533,160.16537674593843,140.9562672853787,101.1907215658767,97.69337863918498,43.17639289613195
157.1691631438099,157.67551935455643,155.92276041405856,112.16990776069981,114.52793120835688,46.60597852075948,165.64890312835848,160.28920387150154,140.7472392770608,100.53869586629833,96.57265737342604,42.89170868459114
155.6480711873694,154.02139891273998,156.7157847645183,113.31252340026057,113.99126494721472,46.947873353705525,165.98011516526174,158.74950466761754,140.67382917632924,101.47759936989813,96.2294363582316,42.673679329242965
152.80921083794934,149.31545031595846,157.89712509882668,122.5487072208049,130.93056790306431,51.85359778381716,164.4045575387732,158.03296659805795,141.58565328557933,112.63411487783574,112.47197845116068,45.87165668437232
156.0761160024321,148.0536633717383,159.8739135160867,120.80471044540747,132.55314123923816,52.857125705832956,163.53515118786848,159.39806223323248,143.1014306249596,110.8643834879179,111.30938259923063,48.85561538763352
155.75275142940058,147.30913061645938,160.66844021399135,114.47874880647767,124.3064705109164,50.94273549192163,164.2487816957011,158.7315780721803,144.75597409762483,97.21525024883407,97.64743660950067,50.24187777863184
153.0217884787796,144.78479923997926,159.4304140039903,117.26602819053792,118.64702874860433,48.7709200485175,164.49026721473578,156.87510860471795,144.49928616665113,90.70225242994434,87.73128276675162,49.35825054372006
152.46933492230107,141.9185291726291,157.96388264382088,120.44050271460445,113.24166155271047,47.05487610226427,165.1223194855104,152.83039427131237,144.33335820890812,98.4671190519118,91.83541463200294,49.71330673955452
150.7934836128771,140.5987017743489,156.04823772574184,136.37786825122416,131.26269802881092,49.33107009099136,165.03049703901434,152.75706039769943,141.71705431429004,120.58154163278478,120.42101645021626,53.2876996640122
150.7183372910648,140.99557672200757,154.9800306782307,139.79008500518003,136.4252131892432,52.812438077906336,165.63163537091765,154.21226255923676,142.05423444687554,136.24203539879127,136.4875538304952,56.071597062000926
151.30023140469635,141.57701499061713,154.42082498958789,147.1486808270922,143.62281851960057,53.6403709555042,166.88865341819167,150.8241331975369,139.63639657509265,145.62408013907734,144.75185990522687,55.62057579971347
153.02102011158044,142.15935631018303,155.70178264953518,145.8531892453397,142.37033200960218,58.54066597393273,167.0409158243039,153.77064746012806,142.2538663197562,143.39692635067763,143.61896800767207,59.369195478652266
154.3446489581796,145.20225086989274,154.76521178232966,146.39429961372414,137.30097648940728,56.583828832035536,169.37223927524025,151.55270738536214,142.0897193895881,146.64897568657292,140.66689807737842,56.45316776934088
153.09890962486506,147.50218081721636,155.19449145753765,146.52497441561277,141.88865928200505,57.46366193943784,170.54288171935158,148.02966468129804,141.8820268425888,143.9792047731251,142.9617591800803,57.19234738939544
156.08840693611808,149.63501221762428,154.66530028762935,145.3159607214408,138.88059100274833,56.47143433813511,170.36746006284727,152.75816388939575,143.931248475674,146.55617120329174,142.00985652878362,57.24538884311154
157.1819635003897,152.4371069721508,153.70808833662272,145.97926671785018,139.68112677878304,58.71685281189784,171.15483766205108,156.1220854969732,144.13490173790515,147.5389435314469,142.17277181456447,57.992262255045546
158.23957398371937,153.0953188309597,152.52950658873024,143.3645017446874,142.3506908424369,57.69779390922244,170.5512290744627,156.10413351026418,145.72906581116376,147.93800033764703,147.09985018093252,58.32999713927866
157.40745185064688,154.19515008629918,154.51897986370824,142.8482231811418,142.77541299072095,59.07394465786527,170.40665788920685,153.0453891218358,144.42307745050033,146.57994713056374,147.02854225346329,59.093944876984146
155.67941387246745,153.87972250539147,152.28015705164214,149.53656567084374,144.38082048788849,60.774029223990986,171.18347628908447,152.92275887400677,143.87755862104729,149.19995329612263,146.56115915226474,60.24417042672549
156.5717755717857,154.83968819520481,152.85493888420163,153.61286455755544,140.60311515088284,66.32633076343119,165.72562679320427,159.2704465560015,146.38997070038334,160.19049659973743,148.12363870972268,64.76118269871375
156.07823973681195,155.02009812539143,151.4620405658778,156.23286259528027,140.90860283161896,65.83255870991223,163.33376054288402,157.9357533779929,146.67783164066003,161.1282126536061,146.08805780290322,64.41290465247057
150.89230374696317,156.08648854437064,150.43201265366545,165.88490003915854,142.9260269002919,67.78699395928955,153.42784736493215,155.0220424583378,149.3965982962184,167.02840291164688,143.38329662376026,66.65682865428367
148.71485413002324,156.15255499075442,150.8141563430884,167.57786777666718,144.2132417515479,68.88676687681314,149.29710123899164,153.6747015151617,152.35613328586635,169.2814953858243,140.06197153027412,67.33019087667874
132.89972646972888,155.00320435436547,151.87525474527007,168.97470533576205,144.15209190449448,73.46442309696585,132.99824052745015,149.992061178408,155.17765466973532,173.3194239823058,129.73563922401578,69.62079833499793
128.82111094424343,153.67898110988355,153.39537501254685,168.80879585023933,139.23409460859594,73.21341639903397,128.45223835159112,146.26130065621086,158.18041001734923,175.9119587574438,131.69726162354186,70.1909765913455
134.96691127483365,150.6647145141725,150.71049819139003,167.9318488956121,139.6048607508737,70.0291266367715,133.52261816582012,143.70972646292682,157.73165385575584,171.9596876086629,132.07293088580906,69.36631492150096
129.16452695475672,149.5249623714296,153.8696002628163,166.86467652921462,141.33584240158345,69.89744526075913,139.98789605389118,142.25598146047588,165.85500612012663,168.4248239627633,136.55457824182423,69.77175759175762
137.16947639879237,147.2982514116003,154.9042958418835,161.29226234207607,139.1434898128554,73.61712738956474,136.42086402077265,142.99661100704765,168.00294680835577,164.98386949315832,139.78050715884308,73.65682837778043
124.55312213360781,144.03673364063607,153.91931802941338,164.0832470352464,136.53025259672904,79.07018111923382,122.0654789010248,135.10626242910075,161.19324219680018,176.68501975792924,138.2613148181325,77.79043689231285
132.36775678795968,143.70544637128305,153.7127210731284,154.01353927311095,138.11504118264156,84.09818288228105,121.9364108999021,145.77986889641474,164.74552893380505,160.57115702049757,138.03887418437662,83.16984635053333
106.06674590715856,148.14633578650046,167.21184467914284,155.13533238896045,124.87780140297637,90.54396476242869,95.33307184517064,147.1551275980849,170.61148510025075,164.04597547865052,122.24675815280268,89.19275502254094
99.02504672963519,148.65596304245085,168.9368305947538,158.08094594313567,120.02014101840578,87.84169578381366,89.13512807443377,144.03887882059345,157.23728142425057,170.49741672541555,122.01489445097678,89.66590419866453
80.49818712130337,138.6185968797685,169.09490857419294,162.89064846076144,113.72575110051064,93.03894783803693,75.70342601568079,126.15466654808317,159.21181815297325,166.6097904247964,116.73012228920217,94.0162969926758
78.12955978114283,126.95401634657262,170.52011209148378,163.07238737747352,123.13112238921097,107.31691225877076,86.8098470599294,99.82364671799472,157.21932449237804,170.11732609532254,116.57949897490319,104.92414190952218
75.27605249082977,113.95391000494688,170.08392455171142,159.03285198688044,144.60778672355627,125.99271503052407,97.22197336092836,91.22756342477419,156.26553458983625,169.19174751670926,127.7236668616919,118.6132081719762
85.63309806943907,95.47551017980766,163.2856185012423,154.48990438909914,140.82877358399952,118.19029619047363,93.92349400354266,83.31781971712871,160.10040053095017,167.39084893130203,125.92671259298318,115.96074818315925
81.12709139195016,82.50794992049752,167.34631278232027,151.3921350518033,142.30776894476094,118.49862615985475,80.72186669870278,80.55579819521296,156.19159593452176,163.84864210930255,126.93319581281496,114.3825770941027
65.80628147590272,98.86815076069284,142.59862269351765,149.84212932002288,146.22061663317947,121.57873840419997,72.70061486893664,76.96161280747377,154.02099061097212,164.31651738295793,137.8126912899737,123.72369786171768
56.20532071665519,126.73537372538789,123.70510381005005,150.83518526665546,152.35461782698184,126.79168870527958,52.73870412431765,110.88086327432742,134.99890178579497,163.57563982068896,140.96613234387976,124.59456511961588
55.793742554180206,114.48618740516882,126.79151192853008,148.5772748103879,157.45480714919134,128.07889582864038,50.413599866468815,102.5719912780532,126.934103469926,156.02332559573765,153.47860887830672,130.93626020145655
53.205183668102364,108.58771776196171,133.5263282713345,147.66150565224672,160.73224148021836,129.27154555526212,49.90951308353149,95.12957410084411,137.66195222773175,152.80697464586729,154.6498744684143,132.60042548944747
49.60719621340442,108.28833580763839,135.25385827336223,142.64192825167893,160.3380723917412,127.21403099471769,51.56508656117285,92.63232767687607,137.9338833949562,150.84194255616163,155.70615782733523,127.68944709664754
46.22129058105899,109.4647678658883,129.86557425183068,146.85409164602035,158.2534292117018,123.00611328960058,52.716393928467504,90.62404766416313,147.15842889618554,152.7253524312746,155.84459177576568,125.2539294221059
43.49480773793641,106.6580577550295,133.55176144074875,147.96564450697753,156.53017230795007,118.81932279539538,49.00516802270806,92.64462652019637,153.42679003493578,150.899846201014,150.36911505004474,115.35755144439487
41.560357585685665,104.42710327265948,136.0874868492388,148.73638588144055,154.5467791948872,114.43110988626975,45.33150483054798,93.29916017191445,158.19388302966993,150.77128748141416,142.27642947483318,106.68351105939081
37.07610351682546,104.06646666070252,141.3977326770704,147.7927883728693,154.2740959524341,110.64841990055052,40.583089404189,95.4301184854003,161.9780422390953,149.08103007198878,144.03372478427474,105.01555660159323
35.75775734338818,104.21202433920158,143.14483870910368,145.99215403622838,155.21372120861687,107.44926764292423,36.96050475871283,100.13843107868819,166.86931781191367,148.81380291236513,144.2505908050189,103.66419929041126
34.34720968297793,105.38889385346586,143.62065746151845,146.75007400302093,152.94764399184874,103.18681657433316,34.19741661308834,106.2497463004167,165.81657130515615,147.20877929755503,138.85699460873437,96.6405831799557
33.37909889637268,106.10773547338414,140.65014774313929,148.39267098115454,155.21215717319353,106.07291332465041,34.47621946789018,106.04725862029467,161.1367847048685,150.09509175907561,139.69955014658166,97.46503747211072
34.052734434618685,107.68777589130038,135.86650336562664,149.21952522344188,154.0488872500063,105.85945421254259,35.210044684604604,109.97220931204863,157.5621347932074,152.8683373551957,137.13309109644732,97.16671194506297
36.31074020495962,105.83459887854553,130.4128833280962,153.87025203263698,157.77875299764884,116.28362591385441,39.352839890256035,104.49863438954426,162.07687338038963,155.9376161668707,143.43371014918145,106.0263972396924
39.61373751944204,111.99107838540894,132.6515836513722,155.63253215741042,157.9890338314878,116.4533252489487,42.797973075940746,107.80605171410126,155.35908760316192,156.61797761385208,146.59391806430702,109.65067262868654
41.26108914679426,110.960024436048,139.85284596484573,155.53754449055754,156.99862579366794,113.10158890542691,45.40652160628613,110.13448153781141,155.08706328074848,158.133884126171,146.2127029388897,107.74400561706975
43.86671956496922,114.61940197911085,144.1620345100168,155.1773273660049,153.7744746432747,107.01477132174062,49.38495568568147,116.35286825759201,155.5431796030844,158.30509366452642,144.82797232787988,103.6323081096497
48.25557003502286,113.53265514110429,126.80393924162802,157.2314369016885,156.43853848437666,108.67804271109081,53.41624091084196,116.69195156188572,161.90668190806423,157.9472686253159,151.3416688231399,106.31022107357099
52.29720224291492,119.95081340680836,145.0290167749605,159.4451965798849,158.2526587049194,110.39093832477003,60.98242033615219,114.49758669858254,165.32344983588422,158.8609340156552,152.69992961611456,108.52396055367608
57.22341001982462,127.99518995745122,159.28415607607164,160.72818242397,158.03882699806906,107.65598570288327,74.03425662130871,103.99639292750842,178.22230920358916,159.19019120379772,153.93634093560706,107.5007277465755
60.28058879256568,133.0213375049614,161.37924592241444,160.25091680543719,154.8779932918366,103.34693312047793,76.15241373917522,112.1102725894009,175.53603218325486,158.4415271793053,149.97697611972052,101.8060223985032
63.26730570879924,141.30525482845454,161.87670275155014,159.87033249495215,149.34459238914582,96.52841581077519,73.60561141547575,128.27043736929343,174.01933603302558,156.9190855896233,149.41569329922353,97.61704139365419
67.75551685221662,144.41971242613928,169.36872174974638,158.47889949247298,143.4551550125145,90.0534895434343,77.2111582355487,133.19874095031048,174.30163471448228,156.79059536445052,141.73320988361235,89.92401950930861
74.89044759414298,133.8772606133291,161.81032754152224,159.17752605413517,139.90430121364622,90.40905358883387,90.45630044321831,118.31799145012761,164.10817187812097,159.45697124763274,135.1278553056156,89.84879118953063
92.75518116397973,135.54332560858077,165.15305177884466,159.7001256553958,133.6926078286243,75.51960566952609,108.14116310984548,123.27614302202176,163.7080624327159,160.899123603278,128.28918528264478,76.32026119882326
103.5321113948977,133.5428612018995,149.34198882863086,156.2360117636537,139.04223858395434,68.34072385533989,118.41111733156161,127.49367735894138,147.13826860386683,159.45156413082864,133.73387631133423,68.28015568831931
133.09746395442963,138.0371743267851,150.51469472030885,167.86738049329372,145.61563876544685,61.4745730402685,145.03511309926134,136.4771292984057,148.81598655505394,166.25745064911595,137.0548858882559,61.529673358403215
138.67243179853423,141.46836409272888,150.6027121843117,168.0358332355761,145.14837122103262,65.7149013655283,149.0936855417066,138.03990341366332,147.32446835374193,167.17531041325512,141.350717098069,65.12843081462431
143.51584851852706,143.1439108035568,151.85045702026534,166.04029903134145,144.85436825364533,64.26451635625982,156.06870865261493,139.6524784804376,141.92905523529433,166.77641571176062,144.1395514455467,61.895209324053745
146.24889931758307,144.49671560918952,152.90883146900248,163.29300672602034,143.1669097953873,63.14074131438799,160.39522821793128,143.81905112565,140.96555539297634,165.09821073498668,143.3704557866216,60.27323668907988
152.80501298777006,150.39400178575409,151.54115621387334,155.35698007031414,146.1365509046051,59.42082133240793,166.24117303562824,148.53481635610513,140.29129162348235,155.14873022742833,146.84703835960937,57.54170413298678
154.40848968980757,153.78991195537142,150.96685231263191,151.13231119617973,141.60284084069008,57.53961230155381,167.8611490857164,149.90426965756356,141.98791521856833,150.87682583805872,143.7665239049961,54.74278714708767
155.02972980995725,155.42406248903382,151.04145542999137,153.5779031956685,136.43090335862564,57.56986223956661,169.62997954822288,151.5362384475265,141.87307207859462,150.22212777520943,136.43742017390792,55.36697842533657
156.0206854995964,155.431341117325,150.5227204166656,157.79046256912363,141.51588332585652,61.253709693402286,167.91071321453933,152.03073493386256,143.15924668348208,161.9962045865368,146.11626310877165,58.46000584760002
155.6130670930672,154.6831936246549,151.2274861517582,156.5019178205686,136.68970196801274,59.769850896651924,166.02756102037506,151.92314286645563,144.25469463143298,162.1103708084516,141.98978684003288,58.170306364446574
155.68121341164294,154.21695529268916,152.2361779887039,158.94003003644494,139.62360194104534,59.79746852241928,165.0001717871679,150.177957597477,143.91907017552617,163.15639547195312,142.9724734764439,58.26039016235461
156.85230233053352,154.9781319148403,154.14032116089433,157.09304096634006,143.8145729046621,59.252491299008824,164.05866436820835,149.4957726918843,143.22626876669057,160.33339970596438,146.44893288362445,57.86528010193782
155.19196649621878,151.35305734205295,154.9168328295328,156.7073175940622,144.05043842314274,58.24575356614101,160.9435924684051,152.9607264046243,146.51606896820735,162.3793430444973,144.51969023419744,59.13502154261168
155.04812689632246,151.00012798063176,156.10362795301202,155.20304978908874,143.4311558193718,66.07582858404707,160.9001132103689,152.4241366707741,151.45403227292337,163.5131232952955,148.8320018699437,65.82183372795306
156.6112919140445,150.78259898456506,157.07005604645417,151.81420199488713,142.96982731291283,64.89385440916661,159.84545314840472,148.12199304501718,153.21949093134467,159.35233671857853,149.2561370584472,65.54609882898545
146.06924537791843,148.19762638628606,154.36942600200095,162.38528372039195,134.05360680083072,62.53745118779407,145.80648590534904,146.11879451516322,156.66242589463326,164.53740237332136,130.79542207414795,60.8217276999713
140.0547178970179,147.79546161763417,158.7765866726467,159.61867472675166,125.6079108922035,62.284943314229004,140.6130366577022,143.86843936831337,156.60403748587282,161.74923612595765,119.24324394882805,61.224945895031716
126.55951510051905,147.22398487729285,157.70694987867773,159.81005884145696,121.4034669770929,63.884067987485054,123.74528569886745,142.11929511610336,160.52627202019104,169.94360592702503,115.2177938881523,64.4138218488718
136.17217043314653,145.7442177575316,161.76071996942716,148.36033231630222,113.06749395343152,62.60571572485904,131.85741090599538,137.42275349622366,163.57974518025702,154.96876701376087,112.56206934843486,64.38994425015352
126.60814206488308,145.72265001995598,163.59545210235964,143.81746373242714,104.71698130808633,64.44758379140053,115.68767020661194,145.44344003837472,165.35426835865852,156.93378412675094,107.55760993086179,66.57963788587922
135.8552176151883,143.57978044516986,160.00204432628655,134.57209369563643,96.56778407891709,58.32630090308943,115.60991054379514,138.95407625085772,170.07670937426025,154.27379626026934,103.64374016636079,63.756204783392405
115.66714776661122,138.96708004753896,163.09213231784787,140.38968457583184,86.54258316305629,60.57254000601026,103.93470503797009,118.01517727277205,165.63618015085603,163.78495358476965,99.45322258810604,67.16074353662142
105.00903437904225,132.25853039700937,163.61670462935032,145.0274918284168,83.56080341386918,60.79999798398044,98.14618086501763,108.88995464973212,164.57492384175882,166.92640783467945,95.3867882852348,68.53875147919767
91.53997578811313,119.59323063604418,162.35679872717932,153.3440807918949,91.31018395220444,68.11020478269232,92.03995904603943,95.64955463305277,167.11829264430528,165.17889952647135,99.75327501774423,75.83420342644699
76.50266954251542,106.71239936101159,159.31235304979066,156.3272177345335,92.62038031268305,69.98248998463562,86.03521031671896,86.83384781253253,165.63618982053092,161.39998767772627,96.81386932658837,77.20634956680625
77.60832513773212,84.63289395757641,158.8767265234796,155.9197497146624,94.80248652860878,75.6761365489325,86.97742024853832,74.16011677362732,160.62455957370094,163.81247816574893,92.49079782393201,82.31496401719352
74.13512215966787,89.24972396242106,155.85608428433184,156.09847206189232,92.46772616826395,72.92210253094,71.7393751743637,87.1669104892848,157.13980636032946,164.96831548942072,90.65519656987816,81.30335118573939
64.78420372945625,95.70701420873553,142.3239112755356,155.69901294801568,97.78830897148237,77.4076394944335,61.68362784784884,103.84861496762282,125.39396842213375,163.53376726930443,95.4237808600413,83.5458461067569
58.94383143165292,98.12054820965463,155.02802620720695,155.6258509509484,97.7489884994919,78.5956419994578,56.1748048854075,110.26130356121638,139.6575710873301,162.90460340536646,102.2347877421851,85.22903851388894
57.53908904890642,98.85493348598206,142.1801396338301,156.2157323673991,94.21868533963352,75.34199102453348,55.63940774820779,107.43670897895218,131.17755466499742,161.93539744394616,100.34863436232604,83.31468365040845
52.18338768003743,104.24519583600161,123.50017655723441,155.1212620917165,94.4122063322189,77.18558589458027,50.92162582208159,110.71379792368731,135.64385696066654,158.74464902349746,104.83675837213288,85.05557729886532
51.195020971287825,103.05364163844351,123.83807722505787,154.72341449971074,97.4932618661601,80.36497809363412,50.08499205538046,111.51956522297199,133.068199593387,157.16817670272331,111.59409224965665,88.56888108844359
48.29946039601817,105.58313765519667,127.18980157794348,154.65143125184468,101.16034697845998,82.85908497417955,46.50513892143463,112.08927792290316,143.62016259532987,156.7577984595406,114.23574492309984,91.07504724384243
46.76826627426135,108.56087265509817,129.25162463604718,154.6476175699675,103.2705037988254,82.3955916502647,43.5326003257026,113.36922293320421,145.54658812679804,158.8508060366714,112.10602898288595,91.26944311351238
46.33810440052102,109.5063806377237,128.87353154404965,155.11480740918773,94.359284179414,76.79622728904322,41.40529743245277,118.34179017293347,144.95568091172393,159.20245290782992,104.6785675027838,83.35348221935747
44.053508173060216,113.75147316893364,133.7342117365164,154.98732493910623,102.7656729270214,83.00564306316973,40.3778567329026,115.96133281635502,142.92776947750258,159.01619773174838,112.15079643953881,89.86802338264273
42.38927419005397,117.46247760920355,132.89843140708285,155.21363729415043,105.1112833587401,81.41224821140334,40.149653370470936,118.59410104162039,149.4094265475392,160.22423467990848,107.94170050704103,86.66198024117035
42.78164474120522,116.29069871281558,127.49765249815076,156.4298441180827,111.04078224797772,86.12712413363634,41.942301396214575,118.92041138152658,146.8648500235684,159.99617513452003,107.75607352791461,89.44492701457054
42.146152159391065,114.68952852880012,139.2638657886622,156.01963052024422,133.46335681026912,103.99476020757642,42.45460485496411,114.07332208858263,148.29734893476274,159.92109514865,122.99693870969575,102.7830728677864
44.6744815988706,109.11355640243661,143.03161821581085,155.32770645314727,132.79123330972973,101.14886629651423,45.36655750926508,109.7155925942978,144.7862151082735,161.38117507033311,120.08542183329128,101.8007016926817
47.18301492811546,103.85845164340822,125.85381764757153,155.3909650595825,135.24913416349418,104.03434617751367,47.13462805336098,112.27577121407163,142.43421568012704,161.455629419996,119.62316682218274,99.40472646437368
53.58454470376038,78.06793935768509,132.63181327395034,155.09889046495206,150.96694334319383,118.2444834326239,58.635236375580796,84.27990459164353,149.79977629478014,160.76885617628952,129.63908523297962,109.96894253661553
51.954050138755974,87.59353188824488,140.19039711960642,153.0965568440963,155.80526747400316,119.37452895619218,69.21523918029801,76.60541257011104,162.22390831046388,159.51036612640291,135.09734394417126,109.43893649064755
60.72925252184905,80.6291425218868,154.39627330235004,152.69323204509325,154.87597902112853,119.76078946807218,76.84529669229305,75.50136431679377,166.24545340659122,157.1782947210624,141.98772772809116,113.96234494982536
62.79428233019796,98.84633769955869,164.87378416059298,152.7717479219937,152.40920472741118,117.31963070798419,78.30675084959694,87.2011197251846,174.66773836364857,157.7128972970017,143.22860545370472,113.1536153784144
63.00082047316014,101.1085967910825,136.8565281765538,152.80401193082972,153.2689123224826,114.50051846878091,79.87015161284506,94.60039174254491,166.75311039889917,157.70979667697017,144.18647429882773,110.76391399972059
63.46588336593778,123.97094338904505,168.03624669963762,149.78287072415483,151.24146945353354,109.0871313554452,88.62096166126378,93.82102665413728,156.13487828626035,154.9635592500992,143.13535598702265,103.44737431323365
64.65593774031817,139.34616255402278,168.32187412994543,153.2147402594225,150.51266020308276,106.78705192931632,81.46920962569352,89.98829512991603,110.61832527963671,160.6682307693156,141.36542913651846,102.7890898953548
67.154948704666,141.7768388067955,167.14689624108902,156.3005842696889,143.82482711829724,101.87706911558655,81.26068591547029,111.73684975848994,153.46227275077663,162.94244880922284,137.31475158275927,99.6125736854826
72.33798827130937,137.85369924550096,148.81954415808124,156.74577216265317,136.16398433753852,92.42219763175844,83.60080330474668,114.78861177785524,141.67355239216494,164.01024213404463,131.35291733239646,91.33685894557516
96.47033623436438,144.00463886864446,156.23005540283754,158.38988387054485,132.17657060988952,77.41248774960512,105.11056057763085,130.98529535832273,158.44806466062838,167.93817400281236,131.3236698024887,77.9998914344041
112.82664073345242,146.97224995915067,156.90365066288555,160.31463759966948,134.71293247300008,67.09061829654726,120.84475351193694,139.32151141587877,158.63005773033692,169.31506908868383,136.46276125919053,68.1463870029598
146.660863331815,148.5096952550069,155.1504924750063,152.6071333265778,141.8994915968707,65.99491458210603,152.74857079930723,144.14276208974843,154.43048257445932,155.52773264676802,141.4418353580002,65.99292745099855
148.9803599464887,149.94854898050224,155.78409385920267,150.9323848099776,142.408392669578,68.33648192486785,155.8521593554848,145.01580359440075,153.89546239597453,156.73192307128755,142.9839300290731,66.47335053861076
152.70007838558115,150.56847565410925,153.61855127394708,149.5615215245694,144.786107969626,65.52218452101728,162.1984493761151,148.00739649797023,149.3352380064064,151.58014044683256,144.68844223181884,64.66694070656693
152.63737453182893,152.41428527536507,154.45958875297703,157.9292550137528,141.11980699746925,61.991218880572305,162.93547531843953,152.92659754910602,148.75826732888092,156.2247289222924,140.53100678632677,62.07411764254143
151.03004437463932,154.93010264333518,153.56590552476638,161.07993776017142,136.85102236499938,63.215843723569385,158.9415258271045,157.48660893283804,149.37179954766694,161.21107825654036,136.89346164228286,62.55458509328137
158.49350097304236,157.06383394289918,153.3941490961116,158.4747302819645,144.0310080840983,62.045521027335845,168.96577174000788,157.0213462487388,144.88646863023058,155.2498909355369,143.42960498063528,61.62457322892546
159.12574167771587,159.89829385692718,151.66012554444478,157.4048155125973,134.81582246636597,58.98976773809016,165.7754449458899,158.00665975333897,147.02429521694114,162.54398740851812,141.20228780173983,59.205315771238524
158.96550589904172,160.3553848799936,151.68470661656647,162.3515341303438,141.24277044505007,62.37361859901612,164.86056167798807,155.81085713706148,147.71189190716808,162.42382726846782,142.0587522127227,61.4394605423893
153.24362502722778,157.39681235136874,146.64532390983925,165.16947545687543,138.5263331872776,63.28165362466575,154.5567247174153,155.607710784429,147.9287390444304,168.24165686363122,141.24359684249353,63.76771346962808
157.74903725730647,157.12009535495005,149.4594787494468,158.44059831287862,135.1854553943772,60.63624181075144,162.85936484829654,153.51491575418171,147.94519378168866,164.41373701015047,144.22600250362655,61.700029564664234
158.1265831665269,156.5140884364141,151.90759201129512,158.8883296278781,137.52911085172693,57.51236002661724,164.93656317607827,154.5770286118509,149.09667189736425,165.58309513880533,146.1697262517639,58.781584065773096
157.22665883202833,154.37022043906916,153.19161818854815,161.46020590874966,141.59449191631427,56.123740517282705,164.29824790415597,153.50790448074275,151.12946054112362,165.66700098142883,148.3106163022344,58.513832437924094
158.08884430645406,153.72239560892,153.32150848811568,159.58448614659375,143.2485127283006,56.73440274548229,160.93026873693222,148.72334027387075,152.7190942702504,167.4302647412963,150.17820603987695,59.33678467859795
158.5613436039602,153.9022404188166,155.4285726449758,152.82735959852943,143.68239222209357,55.819627192872765,159.55482364252717,148.60285624408615,156.4765000978012,160.96521811529948,150.71122385527957,58.06013089744665
155.7089259371531,152.3135486185921,159.29267704097694,154.19808369381445,142.06490387211448,54.33972918216145,156.3297062265077,141.56244086470429,148.7958548243993,162.4971336516102,148.42278239991944,56.574530676056675
153.89552665324183,150.19587526519425,158.49915590963377,153.37394266669847,142.4049926528173,52.91298082473627,154.52216630316923,139.05026693971274,154.45107181407886,159.2002989657624,149.7507102500312,57.39086619783824
151.91487215796337,149.2655095399716,159.09717860199427,154.20903455264954,125.48929625103186,50.08874239403149,148.8774669175095,139.4191389000949,159.51061031736361,154.77056345658573,127.45965593319153,53.765885462203926
152.10283731872133,146.50246713449172,158.10059506445626,147.2360276755733,117.6655817862655,48.41276695187292,144.29932620770265,135.39215457406928,159.23412989950123,160.41411445630067,126.44018575217127,53.52956020503095
142.96477945818947,144.0050466063619,158.9336990733436,146.90219450883473,109.01913735403292,50.63666204736744,131.5439980332784,131.57032714407163,158.6025237797257,161.81175111099344,110.72873938831304,49.6800038530595
148.18004367232453,142.0778846095778,160.99083942482002,131.4626463914692,96.46700899501573,49.180774330774724,133.7272058490104,130.59830454142102,123.69374260572384,153.18309669782263,107.90498695658418,53.08848939400284
127.90543084183031,140.61837587258623,168.13308362732784,136.8946093004658,86.57415567719222,51.071957232596404,116.99288006657709,118.97141340258318,163.66312450090325,155.8073175901006,89.26303263899204,53.70822580665718
118.87948326875453,140.40866831436222,171.3533010159594,135.56306893641016,79.60300025391476,54.39173712827233,107.58738526658954,121.2703206966928,167.62321385896388,153.66958208560038,80.98679786480467,61.137862767269944
114.17337469547724,138.93993645767918,172.23427357248315,133.3782052575283,75.71061481297134,55.944003064289205,104.47112393303675,124.40186766758515,166.1097601219756,147.01791184557223,74.33199228147183,70.67103960014111
108.82323641105829,134.95787349093447,162.40208983731685,137.41991474597737,75.86747258128105,55.36175750211012,98.13448664516916,112.69360778845426,159.21094793997915,151.75315447466352,72.5437723556018,79.36425187352795
102.40113421554018,126.67718397456612,154.18472350894683,137.68926698710112,72.96814073265807,56.628673936041984,91.48240474306587,105.89909361467134,157.3105499621352,150.17870951745942,65.5571989872718,85.77230444563567
97.91256660540391,123.87019385156393,126.1887752093991,135.77100197380113,70.22066682136361,58.055249733716366,91.68807274691873,84.36417248643133,155.3413573457877,146.0270173272656,62.592974205320175,83.85336248541327
86.15388042913591,119.63972474194182,131.72820481555735,143.20467443902982,69.0524035137649,60.967760728370706,82.64661911329036,119.97791029753895,148.48452847363305,144.37248601088206,62.392721472243146,82.11574363984238
89.95576060338216,119.37284325693973,141.40686651023933,138.78384518720856,69.36126029267429,57.979942689702106,80.89719298941074,115.82013469302007,156.7159247739624,147.46790009579408,67.75336378430111,80.62415173752646
84.84756552529058,118.25901414881122,129.34700775175494,140.37687723074208,69.50302362234099,59.43698141711699,78.39099261732314,123.29111620335131,152.68739013236168,146.21032520506256,67.86346348776658,73.33237928541729
79.17019817569853,104.99636091878327,132.14739900903004,140.39447345467053,68.22689916488412,62.907512048523294,72.86852686887127,118.4457071289901,150.09489067116883,147.08357179244197,68.53478870559915,70.0785226033488
73.19978440603056,106.10249910814484,136.49966143394528,145.34535045388816,74.43610382459893,58.920347380470595,69.14507063690826,120.01001570774523,148.2451380938666,148.90135365323397,73.52416164338555,65.17728206146133
68.93754240570678,107.97389932001137,128.00083552601814,148.0824481538844,75.8202120548549,58.33208049897954,66.53113214310574,116.7100014565834,151.25577301036185,149.18324370916383,73.96415554828303,64.36516494491572
57.38411426268312,108.6940397035572,126.60222736178824,158.37115733753342,84.84153195549085,65.2753229003555,55.63697487560985,116.53272863258111,140.99657620015805,157.40922881319008,81.16078515810597,65.50310147322446
53.11416373194854,108.31613371753255,132.37534201964704,160.46237671160654,92.31997399891316,70.45524297596072,52.982444558310384,114.29342502075032,139.95198998696168,158.55292409674405,90.48757009130935,71.29695081929782
51.379786810779336,100.94492604429765,131.02834062124393,161.92498165249137,92.37403495768218,71.24279407017701,49.044505462522444,114.41008596996821,138.06821126857275,157.8446322440803,95.02077906893244,73.38660268706951
50.410351261439985,94.72462442382732,125.62325249737337,161.1185077551141,93.20105889151915,72.08507020392335,46.30677296312359,113.79650509704973,135.15896391366036,155.01610967932172,96.81940474181873,74.92504388088939
50.36102113535608,102.76504233494764,128.29686914869177,159.1288866762919,94.35110884694029,71.57353542606496,48.02982893712837,112.56188624031712,141.8740351594572,155.88874695403075,101.71535797768793,76.0613502534645
50.08767589476366,106.82885053602934,123.5086177693828,158.56885686381378,100.69376551350898,77.9773317285748,48.94936914703909,112.80285600137512,139.3502007167275,156.88223227138388,106.682356815985,83.224543083669
50.223948040325666,107.6035408842249,127.86867042529857,157.55649743887085,106.37441505612267,83.99995820155762,48.96568770902986,111.98017918432035,141.40539875645598,158.16859951347888,108.3617798472815,90.41000924111036
50.06707645872228,106.94092008217939,130.6034686456327,156.50624478087113,112.41252581595556,89.16656525854259,49.17569776299377,114.48779289171559,140.66632690268463,158.282662525327,110.83376773163087,94.58024222314893
51.04589367151341,99.15949936627776,122.69561491924163,155.04624829570068,127.1849876104532,100.95248267353762,49.47909264804118,113.35267378391079,143.46914564379097,158.1748693229293,119.15853634580601,102.1927177720848
50.94840542673322,91.54585805830902,130.89573800502765,153.31054056428007,143.29972153650783,118.13160245023077,60.60451110104246,85.06646200734264,151.60214255395127,158.81305269305184,128.265460690257,116.15791012302027
51.80325933993267,90.66728082031467,133.9185647201362,152.60295386450264,152.82805113587114,129.83523415431745,70.11593305660914,78.96437887474174,158.67326892865864,160.91016515667312,136.20442681207874,126.12976653203427
61.907356002377384,74.37141731560195,151.27692786974947,153.39962791770995,156.39489625542762,135.09321812257906,103.33702729185079,76.88308144594546,164.23691541646815,161.5092456358243,141.96816946805257,131.4724858425221
65.04953452588374,79.85680377943078,162.39909446934533,156.5461932309605,156.57000712140683,134.08554030797205,116.30958196876007,98.07213620508402,153.72700911611358,162.02215041352312,147.365364920648,133.795235905579
61.852380824101175,101.14106035977105,158.55083524062127,157.55451637118128,151.07544026824988,121.65125545829049,104.95773873201168,89.84796107532982,155.01883637260357,161.7683802361001,140.26756723906828,121.5280200061838
68.61498810296372,108.25001377331242,168.0932283487635,159.84569921625038,137.3266707754521,109.77889192725232,96.88788787188143,90.20237218240696,159.70855640456068,162.43895450894723,122.23258585052251,106.64956990448334
61.221555457908615,140.17790123022462,163.60434929631677,160.71678397990098,135.94071372672556,107.20837636286454,73.50213935965046,121.43732472795747,167.61965092879663,162.3051029807245,122.75252349331136,105.53447537231949
61.80447306132681,148.8559301991643,172.73940244198303,161.4397196260935,137.85766051677123,107.70121213949919,72.76391788303951,133.00561793160514,166.7723039476273,163.43874934059423,123.4130423450806,106.13468603696597
68.20122134672509,146.71079751977896,135.77179304114006,161.718121134161,137.78048848212708,104.72525028907911,81.38502361942807,123.46048854315312,141.82903186231164,165.12498467574477,116.76992483080113,94.96668881798492
82.89372470403983,142.40461942553833,166.52721021769256,158.65070554496154,129.56901726455644,82.33735650652321,94.95543832091514,125.33243903281206,154.23203383255077,165.8066078753661,109.43784168816954,79.99177494406194
89.81642787564331,141.91213469914686,159.98640866125194,155.22550469567378,133.66784815214976,78.76800004697286,101.06454852291515,128.8332062922511,154.63173475672932,163.74440098094055,119.24856538543794,76.97107841233772
103.9080840702458,143.90064200863705,158.5092285355707,158.534271685589,135.70498978611658,73.25181161687493,117.05408982562628,131.9655705278759,152.579590681029,165.13385092402288,121.74344600985509,72.44998118725661
115.91962446346894,147.70224145959503,157.9140778435959,162.1431971308744,137.4049002813328,72.89675665009223,128.93201231893005,138.25794171687605,153.02835115028157,163.13007225969824,126.7763503058533,72.25666764596517
114.17059512107956,148.3281294144833,156.12116558857625,160.03400626899796,138.17239744624078,73.70584955557716,125.08684210758258,140.7645700540425,149.71978803682606,168.0575776445005,124.51785918323732,67.12367871305139
140.16291972464032,151.20783945530815,154.34010949074096,160.89993221568452,139.34441385256022,68.87888851846587,147.62708515663567,143.81868623505594,145.5225484531459,159.57567397336936,133.21283615722544,65.53479983248683
154.44690795038446,153.88593338307777,149.43124381375927,153.03155080837112,140.93968352115942,66.18545424794264,161.2377969720524,146.56519693725454,142.74374641380254,154.7295807233185,140.7780415286446,64.98224986896041
157.02618557774932,158.4602275913912,147.84543464332006,153.4591635514553,131.14204416332598,58.428733404412014,164.3047668960603,153.58822476876603,142.17734819213584,155.00685141116782,135.64035056228798,59.07584780361988
157.98610630277034,160.28251403039891,149.9791395016519,146.5334716206327,132.6075994904307,65.79848255197999,167.1040532972379,157.26067470011995,141.96763267588116,151.82920829342382,137.18950020935952,65.41593293140124
161.2348847645641,159.6992243635327,148.38303172091102,142.79907678105678,128.29477671569896,61.21264664335438,169.11375791335757,161.94586481637438,146.03883918352227,158.63458227016002,139.0067145014375,61.01712053303199
158.12747179455505,160.6164216567819,146.7728411996275,149.48858523882637,127.20671853756903,60.532623988672384,165.28057184013645,162.87588172817587,146.04978527402454,160.47242916457142,137.22595410114437,62.263886155693484
158.31374965898712,158.88636195261014,146.39493452227507,152.03868199243382,131.10760924014957,62.344101729317764,166.44341332383357,160.92404132344686,144.49081936999085,160.60049066016887,138.6890462032466,64.69746363621574
156.484473771289,159.62991973035776,147.97785556902937,155.90790931957739,131.70396193352101,63.421668519651334,162.54674856277623,159.6470305101708,145.83660832341243,159.98508433323943,134.48146514739153,64.39145704710845
159.08454656885615,161.36719756814045,147.99925491706858,160.05977247017307,131.853159841667,57.94255733603628,166.00745022149627,158.779149709299,147.41371768778592,156.10409263882798,135.16112455701318,62.35816757211764
161.61330928304398,162.57480264921188,152.34431319907873,152.79173264351888,127.96559937792944,55.49652800376511,166.2750690693058,159.86318797831228,150.51221760741808,153.2188329947329,130.86432758302345,59.181743946316544
163.16231719010662,161.38212421177226,151.8284891781042,149.6840954296092,126.06338982619731,54.87023534955083,166.09625672210998,158.96929676346093,150.10241213970647,149.89887777340434,128.6039696299779,58.18529331038114
164.95553078386249,160.95414887172743,153.63518876219936,143.17722224175304,125.67637039682047,57.56202124043932,162.9433170604265,158.4756967062755,150.59284862604449,147.88341236911,129.79004801521302,60.62097170835901
164.8467745821126,160.76679289921339,154.48271341924666,147.80587521435328,130.9112794212343,57.705303393239454,160.84183763861915,156.5731731537538,152.1136793093073,153.468822940728,135.06738177191804,61.80575602103589
164.75904798809228,161.0328430349262,156.23275318025088,150.248325207731,135.14244545995203,55.39113117085734,158.85234996539202,155.14650740410318,151.3929563235771,154.97191297591635,138.61319160275576,60.45796728401303
162.09593303640753,160.40336194836306,156.62040201874802,146.27752238348126,133.6475315007365,54.50763795683668,157.82132635373648,152.38103279470866,153.20115356053697,147.94528210443764,136.0581941302385,57.82435624360527
161.47810141251156,157.5234873292641,156.11001488619183,153.5726016914341,134.9743781437727,50.72062096682875,155.21809682101656,147.41979209692713,152.37586754501527,154.74915505001806,136.78263103497912,55.91268126695149
158.86249397883833,152.45261057787485,156.24351332952097,156.35153497490305,126.15792506840208,54.22090465870184,151.6229496066053,141.1719569245137,155.49277003143328,163.29837321185096,132.08759950363842,57.29819181771356
155.97312896589912,150.60696574387896,159.19711382600096,137.12033314480857,98.59393247358248,52.62863264119039,145.16405561622653,132.41601558964078,159.44798834521578,145.30157567045222,103.479494565253,69.75333229069838
151.94295873198715,146.50215626319056,165.49556396611527,134.17189818868255,88.72465956441079,79.43783596214445,142.12473497290017,128.25257360285835,160.8685581555876,136.23718943081892,89.55906613632031,87.74229569685211
147.07304772635658,142.66370646341431,167.4915058855958,126.10825689715281,68.31491380843312,143.63026880647078,136.6581007369987,122.67586149800799,163.59560356794086,137.11115958291484,79.03629342967652,143.9594456581328
143.6078431932607,139.28857634430383,168.46701044293127,131.1887204356982,74.12100436073915,149.58662918505388,128.2995693871138,110.65247519996926,162.77359766277706,145.9464839023219,79.23177466806071,157.1740676899634
135.31370631085932,136.12263418320862,171.8286861400139,133.01343011814762,70.35582854303243,155.077507107544,121.5705813500797,98.06221836840119,166.95576835916233,151.0190922016515,77.677754242993,160.35302450596336
130.86825435970076,136.82332774952155,166.92411820773754,138.35387486026013,74.83588010546207,154.95888234020964,120.04920025322734,87.95063531762726,110.15377851176716,152.45336925900355,79.81260879145621,162.98925784790313
120.44657152798169,136.34626376473645,166.32770247315153,145.2499602907306,78.81334985643475,154.77989409344946,111.88300585696547,110.3372052639751,163.7646763917149,156.68591321602364,80.46213947257503,160.53924664920436
114.20407158788471,130.27196328060475,151.90314663152725,134.6051520964597,66.0065601948331,145.87699301564652,102.4474815939234,74.62246368770863,162.31853886183737,156.70997622338717,76.33161494601072,158.96625203848632
110.36444823234311,128.70829125620122,111.74714063795345,132.7740690106107,70.97716478560326,72.51491694474541,96.98496185890562,76.37362363475002,146.4060546630896,151.99151323876603,70.75178583812603,125.68712071432783
105.39233573623623,124.21342792701198,129.6556693468316,129.53307130953363,70.39468130888797,73.40788399272101,93.77480295716704,101.40960341453454,124.43447036677529,145.06093819730881,62.541884798087956,122.08505059430772
93.35333050912598,110.00781564690439,135.05415124350517,138.45760235955382,71.72853368020424,61.71131548125829,89.62806046528692,116.70441494544323,136.1037603723517,146.54202293312997,67.1813674837048,87.02563213941471
94.7560613793832,110.85154534420397,166.5639730868668,137.55823058751278,75.76017708830987,63.58508358175685,89.92941894544347,123.6191988674118,145.32060829812832,144.6027777388248,68.77801115822173,86.74645889014715
87.45395237102926,111.09025285423166,146.9457097622445,139.8288574568001,77.42285183280914,62.10489233764347,83.95780804165766,121.477353465941,149.2094109354867,147.9586683748083,71.43141873546666,75.98988194023559
75.73272688582152,100.3360655995919,137.75387530863904,147.1507038887961,84.81632515504523,60.32519050824155,78.71996481621011,122.11927371207608,146.83743124752513,150.1311218130263,74.10112932930063,70.80282262491511
65.6131990172363,89.58639428543079,133.92160498901322,155.01487003277882,97.9778003918984,66.99682320015734,70.50138824682455,120.35238836043361,143.65535174684055,156.98542568014292,85.55805581892996,66.03898381421409
59.25096261706625,98.51956595440386,136.41550991038292,160.16326005454508,113.26408048565922,79.7344588960143,59.83782494261131,117.02131631111192,141.53604603180594,161.57813693447702,92.79666841478551,72.59741411826465
53.68463770537676,105.61266243595047,141.62525061788156,160.96611896200156,118.17621420633836,82.61712427807961,55.96806688038749,110.06125081923868,149.26689603805855,160.0604653511838,100.24324053774583,73.6212268352222
52.21907143217834,103.1815632637653,141.42992727241918,160.97064253767456,110.63038814504121,77.47576570689081,53.415952240944414,115.82563150346682,148.38749852896342,159.4321105335782,96.17151184608103,74.69199314452018
54.191474802459005,98.27566840547529,141.15973176219805,160.7229049368578,113.18699621536545,81.99750528522704,53.41354390539021,116.88057736903717,146.92055580544752,159.0860772288674,96.95787829074123,78.03272108446151
54.49894130067913,96.77888942741521,140.87188360485075,157.3560414292782,102.9246595142027,75.09198096763703,52.014210300067326,119.58879828307558,154.19268843349542,158.62629132634234,92.7184194190428,75.5681579158697
55.850759618566855,89.48832154479796,135.81544755905716,152.85604822000496,94.8701479226967,76.1801074195872,53.09873871741547,118.57017484423292,153.52696276512947,156.99706183160112,92.76923884029743,79.20149463671585
56.58974492922491,93.86729397960256,133.52360499533495,149.06998886058304,86.17364127469105,75.10848668035794,54.31934433319593,118.21773047943059,153.69168330867356,153.89823000099705,90.08913441318035,82.91721569259411
56.74796196002658,91.34565432025293,131.22590389779597,145.21833476967709,86.0727242943911,74.17566954003712,53.22717814265503,120.48302885161311,147.66028539021912,154.13592802463901,92.54384690023977,83.04056932576528
56.83179068093871,98.86520408996664,124.38435135590083,141.07228697644845,76.89882014059275,71.04703773794112,53.647043483842566,116.57867344538283,143.7552469579165,149.7148419937198,80.74723157504837,82.46595325512041
50.72783619332015,98.24759240514155,133.25537284184165,147.48163762565534,82.48090549347431,70.06781651308899,49.20786484657444,105.61909193116652,145.31340809952204,153.668867303397,86.19300591542566,82.4708325727117
48.144138807969284,94.40049569025558,137.35426420630614,150.4532185110956,90.3371814360938,72.24611887775424,46.57587620676614,104.05500111524657,146.87276100047103,155.7861355335002,89.39086125422266,83.52008896608761
45.984434455568945,94.11813106098074,145.0069009911716,151.4445533545088,104.91588002824699,80.8092430245359,44.87962866991138,103.41585732428902,153.97599581969854,156.2718896786321,96.55781872825419,88.15416711298928
46.05957373762746,101.34356255987942,136.9809533752844,151.3211704126427,109.72145869702334,83.88005242888781,44.721714025664994,108.1723175939552,148.38233723614727,156.3713135144193,101.40258876741035,91.29207536026874
45.218029438590875,106.06497101721938,140.32812218271866,149.20572339061727,129.33960923452474,99.90376931976554,46.15787568528605,103.94058555827678,151.55726303344986,155.76296037751885,112.47197620526417,101.00083126909742
44.40331101312529,106.6177536123123,136.43486154443443,147.9885248825925,151.5117345840057,122.00514470000118,47.62069588065821,101.57766229762535,143.2356704088013,154.10129611253646,129.3386792167239,118.8477250305794
42.86772658265923,106.63035344998757,139.5175253053284,149.64895566136704,150.42297565577752,122.52758963798,46.94528264122825,104.10230117873158,150.56320155435574,156.9321490326114,127.99662521535271,121.7277894377516
41.529437066598334,111.63327593644303,145.42291435991945,150.60830002136126,152.76907895420877,127.04428041583607,45.746383464513286,107.64046582189478,147.93316605711126,158.06028868537007,136.42105121649678,130.4021610017128
41.964020734293996,109.90349053928998,133.48109918198753,152.56612072195836,151.21847923514318,129.34159484770439,48.08338320930558,105.00211013482591,144.31163277693855,160.92392449359775,136.89796760042833,133.7171017024826
43.87718593675676,105.33369298725769,121.33269320685682,153.35926502865098,151.68059604594177,132.10384296491327,56.442191531243836,86.97357856746675,146.4841109816247,162.03057175579363,136.02794429224687,134.86707289617328
49.27306681406888,90.34358316846915,125.898234963695,154.24844965221263,151.49448644180526,134.2343355645909,80.40334466511176,53.36925811834325,161.79493031058783,162.86874218407627,134.38464012659335,135.77790154321926
50.64238006824394,94.52643247463035,125.44081552980188,154.81439131511706,149.10680085559062,132.38885275966635,88.00373560536136,61.388675881038786,156.6171646462068,162.0415453120005,131.2574327399439,133.3071348444243
54.30563079525001,87.3760917828587,136.2266091246352,154.90415937966407,149.33075615804785,134.0517819104782,88.1226120533327,62.339318999207556,156.80901920256238,163.60897263815627,133.59645762544295,134.5316032670387
61.1717774120651,75.9048794941342,142.3449753114174,155.67405839892982,149.3327484580809,133.52642646724175,105.45295418215832,81.16308475362472,153.97814881700407,165.08634089734804,134.46166370412,134.39556335072436
61.019587331206,79.9492596260189,148.73557664193967,159.1036658176125,151.7076137927537,136.4631763325642,98.03796965100854,69.75669138681901,163.25456114693702,167.04132215426293,138.7165231553511,135.4894746849893
65.6296878466335,79.3242617465497,156.15538307240803,159.25855124307603,151.71023072095264,133.81909138820737,115.73633704997269,92.28971227548494,154.75333563219968,166.5862924944971,137.59576946804592,128.88907548976584
69.86457297838751,81.71699366100317,163.25495998502203,158.83111995482426,149.05774718091536,128.60226470212987,112.60540924440056,89.38296950582532,156.0044512712644,166.43498725933705,135.96172398345274,122.54243278933247
55.5084227016446,109.29255594360157,149.07018276287948,159.59533043928252,147.14209712419455,125.09240936387071,108.83903986339135,85.36871886020886,160.11428168267955,167.3731455019898,137.75240155107485,122.0958518819127
55.59346893759626,124.43122168310309,147.42172409831102,159.35928297622243,140.95250633617263,115.69389807996845,93.25289700536055,77.56564724005653,155.829899195543,167.79116525120918,130.51515255379636,112.7918639281749
59.99904930898476,130.07366761427127,163.3198115075374,159.63101249869928,138.90747141907175,110.24361199781673,84.122950635175,93.14087974602747,153.212026430798,168.54963577153114,128.9563920171194,111.16218674677367
63.3217812037843,133.25894941016074,165.01603131533085,159.36077040614623,138.36566037031994,105.57187479247341,84.00303698856521,103.55354099386663,159.9976530195765,168.60469829324163,130.69587859708827,108.44665384418252
69.1271045371939,130.71311861636406,164.1497216903389,163.53703687446935,135.74307187612285,101.43145699014019,86.66464270908483,112.45784972790003,162.9411179290817,170.01498963083412,128.93567013930405,104.26627408985973
75.11606625281168,132.29944975073573,160.3411449828953,163.22766728227322,129.460551966585,87.35740076627778,92.00786527211915,120.68020442544197,163.63128339841188,167.85759468503733,123.6980496281576,91.4246279067142
81.53116417147456,136.94489885629716,160.14811411145033,159.9202276699314,130.08670909257964,79.01693839685463,97.32853146282397,129.9188229978356,163.16881008025118,165.22767976353953,125.37540798310907,83.3711110932797
94.01130553412743,137.14200855808446,160.88326128012886,156.00466996820202,134.99432878549686,69.37532139009105,112.76002557654651,138.38574965496747,158.51493451056527,166.13893164420995,129.11080559052658,73.8781356918664
122.68160930611094,140.02731101472844,160.32102327492728,164.62627162441868,137.99907486679365,68.74372884220877,141.44263582414283,145.38956154043944,157.0808331415357,160.60004020960378,133.24940824194445,72.82664803234373
144.89965713952714,141.20024487003835,160.23701078309836,148.8854685539301,140.17358407234323,64.9408873082058,159.83577099664808,146.33382545664995,152.9382065618253,144.2414371191254,133.89384475652153,68.33829863221132
147.4937535537533,142.06530164971886,159.8900656994634,147.26253734653892,139.50338145317482,64.94791505375257,162.97527640491,149.9288940768989,151.23798332097286,140.502167748295,131.72520541344093,68.15293818873674
152.07771705611188,143.7503039786502,158.71421807313232,143.7461695203822,137.3746393499223,61.59052641204076,164.42186430822792,151.38142411865027,148.85632310773588,144.40714323065933,137.05646765189996,63.451572460543765
154.99607658203016,146.8813817259945,157.2884419006938,143.31029269715157,134.81870278283003,57.54254012271111,164.57908012760342,152.2047866413217,147.7599546857137,146.7699632642997,139.80423945882706,60.06246283513849
159.4282432384823,153.9856906919681,154.35070999775593,143.1276388204938,137.89517772497118,54.61291453357714,164.52429698678944,156.64131220236644,146.76647259817992,141.65378723873116,137.3118990056075,57.32629840807792
163.11545575295006,155.10839248794483,155.98574322012593,137.1560892971729,128.7926518134117,54.48778867218663,166.83183036664394,158.82152634573217,153.6376742349974,149.0960104737851,140.33696861808392,57.32457224183566
164.68549286083476,157.17082871318485,157.44136755181097,146.14978759455488,143.6351126592026,60.53529419228956,166.5000229600503,162.5988219964963,153.35409993503154,151.3907066519907,148.24521972118495,64.53919560338048
164.9806132547237,156.7259439304035,156.06758205363644,148.23866536939187,141.97365372898176,54.40752032382816,166.26084831295185,161.82570949387252,152.84585399230107,154.02628767693068,149.60986129807648,59.39813257288218
164.79731112552864,155.27084764757484,155.4820899490609,141.09308816160464,130.09377419214582,50.691519126788705,163.10551984517673,162.6971438647828,155.40149893017434,145.9363443152823,139.39419528452393,56.34975855142128
163.71865071205903,156.6206767109893,155.9306054963136,138.55258003572357,126.83590301786292,51.781807655164975,159.66292813105875,164.030696171218,155.21839068462006,144.60633416383496,134.05871505966388,55.26501184234309
164.37974223805028,157.1358871641963,155.4979559159171,150.4239192885142,137.9925598137243,51.72136761030582,161.78628766674046,160.797939585791,154.31654460049728,151.48474045594898,139.86174076021717,52.83162204321791
165.11082984663764,159.19335042388323,157.22190995547672,147.70271930948903,138.64744503957866,50.90793856121664,161.77106138356302,160.4784273314076,154.33758353967508,152.18002924018995,141.21097306361372,49.3547216301981
164.78056096400672,159.45797185557697,155.6362234891158,163.34121597703492,154.20561567921442,51.757201154893345,159.8212588871238,158.73411050240404,151.29261723366218,162.55288297981753,151.3863678986629,49.22051519283255
165.42512854824574,160.55230327385624,156.73754533952774,160.13798175879845,152.05701305534177,50.903360043211734,161.12251861674622,159.52725872238977,150.64875456435902,161.6161582809618,150.06611029481815,48.22441807306967
168.1093056014468,155.91825612268119,153.8469669227581,160.0838645119914,152.43145055700768,54.53499373289878,161.79479436440315,158.73176024850562,150.08292333117905,159.5069833209535,148.13456617652693,48.94322667338905
163.36447033171393,160.60773232467398,155.49261531158282,155.67997302109868,147.87298930071154,52.8468293808094,162.56328931694222,158.19309716696068,150.11714591671668,150.46004353312998,140.15740868946702,49.737280920248125
162.80013526067503,156.59740540522736,153.811338427855,154.58815620827235,148.0998719217203,53.32390848508909,163.9137987536719,155.30838426236835,149.4586085359357,145.58826395769938,137.86886903701,50.60187510844356
162.78247242335812,160.94510510830227,155.63073476675575,144.9116294088491,143.21700030790495,52.68998691156678,166.16710816693163,152.84760751786573,148.51862084855952,141.53742360165612,139.6314805847178,52.29009339545857
164.41163877107908,161.59386702062758,155.91642612857987,139.33464483388755,139.01137472015168,53.76633692946621,169.5042231883786,155.57875124057762,152.6304848150269,140.9353916884893,140.60969168991167,55.22235372810277
165.62571212754048,161.12420885541457,155.56397729132627,135.24685302724876,137.36775849682468,55.07933249999158,169.45789069752232,157.01454584836006,151.81455516433113,140.97411925214746,141.85631164157942,55.48451499909341
166.34750811042886,162.9059907434166,156.41900266777898,135.28035931543053,137.32555224984324,55.51977007375982,168.92376791539974,158.1194310100332,150.89841557907056,141.66336088087078,143.00842248599332,55.737247951966815
166.27830451896375,164.3271616375915,156.5626407206619,133.39702620433314,139.21927964403127,59.31348893986616,169.94792309172266,157.33480303585046,151.03884564487177,139.36291043651173,142.9029834884025,58.36177146861802
166.02091749457276,164.75156146997688,157.05825171195917,125.89347724224493,135.17666832914657,60.7498206843565,169.72926987959465,155.61244605229666,150.40490819137116,132.45666051626105,138.18616253124125,59.29421218888237
165.41768651701247,164.19406256472388,155.90173194649316,125.27279318304099,135.81229074217413,60.683552040107855,170.29201747392244,158.87714074826357,154.21084074140816,131.58088599078522,138.61860864566555,60.31917837608038
163.9256881746873,165.85807607645853,155.61065090327114,120.32195692076513,133.21332461602307,62.812067168782015,170.39927676290262,158.7415568512754,153.3787330019098,126.23554486019864,135.16822501503563,62.3318135185839
165.81280392758626,167.05138336572267,155.49201239029577,125.22471863409703,134.94631847352153,64.7880103929844,170.03591891924148,154.30828655541373,146.26211074219793,130.6040184885116,134.94178609332377,63.0901521129804
164.61347453088555,165.60310967083865,154.63982405572946,121.04450381722441,134.62285258879888,63.992544824527734,170.9961351196001,156.41125984017222,152.23465510943495,129.83286148659582,139.7967528998012,64.23311392155034
162.93480728748037,165.54084617250618,154.71151485856225,118.26472845792162,132.99900738369166,63.151009941613424,169.5823905718422,153.1961575237925,148.37496331777035,122.14620037897738,134.37479145435486,62.75007931333874
164.12107768579884,165.33298865578533,155.449513562405,119.33589829803255,132.9566696359938,62.40566659011247,169.12709998546066,154.27904774957048,148.74425627851548,125.55339326322775,137.2930316427375,62.68301934730631
166.6743958460148,163.34337895274808,156.07529685734482,118.79360938333804,132.22091775096473,63.00556232825956,171.04508932169648,157.1729416010263,153.07140767208222,127.59950357470656,137.49972544675737,62.67667772808085
168.84193326749696,161.92622565876957,156.43743833368157,116.32613252523142,131.5071985950191,64.83295944451055,172.99492963982507,163.10847284676512,161.11183941194466,127.63442640235779,140.4640072661901,65.1032888424225
168.04607179813863,162.0418008929992,156.39902022162272,116.9734422187887,133.44377016945856,67.95632610755331,172.41553686574488,165.86253502635253,167.2028279712967,134.9460282776718,151.14481442469204,69.02975771686431
169.2517963489632,161.29475339691967,156.87111053712695,121.08613358319288,135.64275342448755,69.20835702281495,173.19176325851976,166.90332436353086,165.15881825856047,137.1436917628501,152.69250294920246,70.57109916613601
169.77509899649604,162.8568017619092,155.49966952880072,129.20429237405733,136.31793589114375,71.31966872696488,173.5727255527008,161.12514273033173,157.24739788511724,140.46871233263263,151.76837848744353,72.93759825933876
170.25410397146186,164.48736760860086,156.08803476729025,129.3840646983639,134.86411117726317,70.16602125048185,172.60311369088274,154.73741755869162,149.44015772449885,140.9688555196603,149.97883953661483,71.17111340912217
170.63116028243928,163.26583736366754,154.58834907542297,128.23806728566015,132.37092336610144,67.88364278160263,170.73557963784302,155.77980523673895,147.4267625835047,140.46929747515105,144.18825882000357,66.15065341670784
170.79153241900434,163.69518609739,154.89999126038532,131.17987921090716,126.26938414451661,60.76831719218663,173.04979321778683,158.06096937599688,148.48374700608022,140.64073614856622,136.67074702162384,61.054690237982015
170.4009934408812,165.32827247588096,156.96231626973125,131.106740040392,121.64536069699209,58.316864648827156,173.55550990340274,155.25018690502424,147.08801609270483,135.34152956430918,126.67317526239458,57.38307569754997
168.10155553924724,163.99372189251355,155.79824606292422,133.61271998840868,117.37092146336484,55.74831642895631,172.94668827700852,158.05096074408198,147.61917632087253,133.4926519088877,115.4471180974867,56.26616211439578
165.74461844231007,164.65836197027045,154.20401632005766,134.12528670456635,113.27952371353962,55.18686107532468,172.29024381752347,160.63829189321083,146.62611436925786,134.00908357460563,109.2643578408877,58.21912696246488
162.61741151519703,163.5087490100357,152.94187619257698,138.4625309242891,109.8154635003478,56.98424507935129,168.80456921491532,162.9475085069317,148.20493785771768,137.99753307004852,104.81222773398429,61.429099291561165
164.00817440277433,163.62763727419897,152.11816127852492,138.9204073964315,108.68560050417075,56.576981291853535,170.43869087687838,161.51660272801792,147.85781162519527,135.4289776323905,102.01293509193215,62.872311339221916
163.75022270989723,162.6652865609002,152.23386601280052,134.8896508105723,105.15577528339992,55.60560502557092,170.8826929190346,161.46983549962744,148.73394329515915,133.40159116253977,100.45457085460907,58.76346359751164
161.69541225472864,163.30831343683963,151.61951147991763,133.90644654862427,101.50305029911827,55.09604332955397,170.16200659661155,161.67436757078292,148.91809161433306,128.35625237292115,93.60595179474024,60.13237193358174
160.58240664457887,162.2565090807447,150.79455249428466,131.73486280439735,98.79410441115564,54.19769306857832,168.59942601967728,162.68105397190473,149.74107077985033,127.2295851180662,90.2443138152474,60.786372487607416
158.8943363551206,162.5799601858757,150.50220111430122,131.0366062271052,99.87473001612018,54.86201831115279,167.4636569488349,163.86309695589094,149.52090073525815,126.82868883226877,88.95932925194894,58.36924599663041
153.5279932825871,163.30345083086266,150.1811881068369,135.5403127398809,98.10765318581375,56.167160066929085,162.69467242425208,164.57696172186252,147.77616959825727,129.94826105884687,87.53228992488046,65.16344167658877
158.44225759998432,165.08434084978236,151.67440308623267,132.60655557649326,103.22795741240762,59.08481157260197,167.41500084584237,162.99289469148474,150.40165734216887,126.40506863422503,92.09149205871398,63.9977361788591
163.3587873909595,169.6949707515791,156.6771061667039,128.62628986277085,110.37826930281726,62.417468655609795,172.55334603713052,158.02486987379905,146.4972740709921,120.31398866505049,103.54682346208864,62.21428240837066
163.26064668112267,169.5250947262582,155.58636611648785,128.82960914281645,115.11992557408531,64.8462530891104,172.26524630714977,157.57885886894567,145.7809976852496,125.49120345569632,112.99370418580978,64.66840435886833
162.31005142743675,169.4659079427956,155.2762344953611,130.31608789132036,127.61298646824619,73.56050250446906,173.1161007630188,159.7682375420417,146.51376520861436,128.70351030007703,128.73544070654034,73.18902616535784
163.2858281249256,170.63668879763034,156.77871351937486,134.30349557407823,131.4468375815031,72.97902122985747,171.99548904418762,158.72567571971058,145.9516284921388,134.39146209429217,136.88911970973604,74.78829575046522
164.89787703731704,170.06622221447736,155.76581126444998,136.13257616060704,134.88165111031134,72.11888218683177,171.8648832242145,158.41412449957616,146.40741332966692,138.9834926195965,141.704642733608,73.93891979279991
167.05090090474457,169.03887922827826,154.52459107773797,129.2211424028127,136.5639637040011,71.7651635668036,173.85791376622905,156.36011013487692,146.27537144859596,135.21296456734973,144.422924899156,73.3041809506698
167.49781963385425,168.56482948556484,153.55701143236027,128.11311004247028,137.35755244161103,73.01506470956147,171.93037102054572,156.52002378166054,146.59124906572967,135.92488349704942,146.0766334447523,72.70729143449647
166.56428420212714,168.4039144871028,153.47223436711775,125.61612673598025,138.07585443723704,71.97572745823621,169.99895358458423,156.1263895714349,146.76062661607352,132.3727895031106,146.44332748351343,70.9526486281526
168.56735381025584,166.2095024744949,153.61313021769612,117.94113638315186,136.02868333619057,77.45423300800395,170.3667785385909,156.08592575196624,147.7803030657634,123.0546538226846,140.78471515409606,75.26849975813953
170.63609163714426,165.55329094402592,155.0368049072434,113.25254153019796,132.25267535606292,77.2148211382298,169.65660813426106,155.23132831985,149.98290993699976,117.73672368595517,136.69330334539217,74.59486813076113
168.6549426213876,167.06866626026408,155.1615648014282,114.77039989046781,136.31996861723584,77.99969615196966,169.12628949458494,155.48478715716365,149.48255965041992,119.02463437934946,136.38610203649117,70.54556812747919
168.90247263356682,166.42211714401873,154.89517809157135,119.02979052375706,136.80882225588738,74.41879516708443,168.8336327359577,157.06702488728837,149.8162477503295,125.76327094228158,142.4153486069261,70.23565980314567
169.28644685169968,166.18901854398337,155.06971109390537,120.3391265762038,135.40181828624836,73.006911339096,170.18314146955265,160.82712486592422,154.36965759402779,129.93524519557053,145.73403552141997,70.8827471336966
171.6420453000515,167.2282714167809,156.9712916628261,128.60942383973483,137.0273707159964,74.50699525215872,170.71882272946448,158.52165472849654,151.8284582955923,133.8607541034381,143.84802692608608,70.36225565426021
168.40410070063982,166.21406584749357,156.0188505345478,136.24231949173122,136.57574340610407,73.75686627609468,167.5436041667516,161.30619530398982,152.1948249410813,140.68688157082477,142.6754027068163,71.09820981878936
169.45971941910733,166.04072334474728,156.1388144014108,135.01917053054535,136.81481762020707,74.03561732982539,168.5762980349738,161.00698660858873,151.4214170648847,139.18418094171287,142.72506110831048,72.71030512975227
170.6886505261907,166.0945434740674,156.012249767264,140.79641606899588,139.07411378136462,70.07415207940429,170.05984753446558,160.48898053084383,150.67905861777982,140.6080919781781,142.9957125751406,70.19041546676998
170.19438323006196,165.6438731940333,156.5200604731486,142.5521695673044,137.6012236650516,67.52138093506017,171.74355381157127,160.8893059117257,150.03856410340975,141.01986552660992,143.52794320283598,68.32706989621401
170.83564145805013,166.73854274332342,156.6262557090275,144.32474406845634,137.1588812338879,64.49469163573528,172.9758236840296,157.7356822556102,148.64727506216238,141.91480927969448,143.65105033131377,66.27458239754985
170.63989062634985,166.26047560429885,156.03563478578323,146.8807443915145,131.64797613369478,57.95806423011109,173.65355012400346,156.65165925490152,148.76237840545105,143.9697418229977,137.9735080340211,60.31146356383235
169.53916512586298,164.27820374918738,154.15297995400002,149.0153764117302,126.48939142591239,55.40337270094733,172.1505417992644,156.35595141834597,146.77281790713207,146.76473554500214,132.52974010785357,57.215137435079015
168.14915903756074,165.19062041058268,154.3266542924419,149.41848205725668,125.38062461254535,55.620176797754425,171.48801415538068,160.00861610298568,148.53920696916478,151.16231609227984,134.94460701603407,56.79147817124846
164.81932222548082,163.7789224754388,153.48385807934844,146.9022512310094,125.99794425595731,57.23480300723392,170.52313137656014,161.6944217345447,149.63487158500774,157.10078938206732,138.16629429324047,55.29863375854407
163.19901345892654,165.2815403776365,157.36953645456225,131.3601579975539,114.73257415637102,56.70774974002989,166.51060810036884,162.5062826050142,152.99692597039996,157.31912731635063,139.0612162743363,52.50373988503834
162.16570034920713,165.40814414111907,157.83905164722478,128.5795293761769,110.82011425740254,58.441301248641764,166.0242896345235,161.30635453479744,157.40334137285015,161.24113458252876,139.41282142655356,54.35694827388594
165.28439746074665,166.14449348277913,164.52957254400465,65.12453842233437,51.49342236950923,55.6572831547217,165.50201289749867,159.63885824041313,158.96818091029823,160.0353106480574,139.2548990842624,56.90150856697574
165.4942497303729,166.72271480201502,163.56529771969699,72.30270772671703,60.34200770847389,52.672562921481656,165.92364202453112,157.80372485281313,156.6179226707288,166.5303107801003,148.5001465301214,54.86643726320431
165.79676903452642,167.05405319303716,164.0594608015929,61.09254705761147,48.54443948786037,54.128043942785,166.6583670026523,156.90555140655962,157.1646774832117,168.36278956384655,148.51039248488212,55.669713764427115
167.244927065111,166.73963782805538,165.38759121473362,52.7205697202939,41.66537246299703,55.43319777605276,167.289214418514,157.7187440762626,158.8818923401027,137.84902841317694,119.05055177947615,45.0607303553385
165.08443898071877,167.04476497227174,163.29965961668066,64.16263420948349,51.00704071749868,51.61774404083073,164.52588705496157,157.116853008386,155.15285545164997,145.25581363395327,128.65795836958412,51.34505800390978
166.41672111346463,166.3723159608239,153.85880939925516,66.60091759423993,54.825638724014574,54.398464574313294,160.29274262904337,157.18572172475436,154.9774975209614,139.1856180512958,122.30648552536513,51.773833789628455
164.65823094779412,166.36964589714023,158.9525848462957,92.86097180471813,80.6993753597846,51.98393507821376,162.50983736348775,162.14150483304985,153.3678022339141,136.71623059109692,120.75777930236444,48.743771457438505
165.240927188471,165.49349225728014,159.53020047435479,113.5179850018205,101.81589677083764,50.588483690404985,161.29070909797466,166.19116420816482,157.45891900756072,143.78964612527994,129.80013039570687,50.23934152362184
165.06043001726187,162.62983292389606,155.62751273935032,138.76050804238398,126.44122972204889,51.32616853112786,161.7578783150924,165.37040062858213,152.97926117611192,154.7796303220997,142.07556834122946,51.730248296550876
166.61269531088666,162.17597148209168,155.6258391991925,147.14020211361438,138.88380517257409,50.43576259215914,162.83911340387013,162.8585508069615,152.5095842752,155.77377268678816,148.82179167804813,52.64987107284196
168.88121888734835,159.35169895674593,152.43231797903073,150.6438006015711,142.72458533025255,52.27350126662272,163.8721869223932,161.82864816077458,154.83894858598396,153.89967168826036,148.6294515493813,54.55283270292941
168.96362314410425,159.44437719436362,152.218532046383,146.63528442986757,141.45660287883942,55.51866714726514,167.42666484595455,159.2560965032336,154.57703072432432,154.355051592039,151.35334891913993,56.9354110865152
166.71871683412348,163.57793053986512,155.51408149044354,140.46076795389143,139.21560361949977,52.60756721937926,171.24910073084305,156.37926313151323,156.8775847135978,146.70858036193704,148.99712397481628,57.562786376340995
165.18081240675372,164.93482018599602,156.5957764270075,136.7791519712725,141.11453883091508,53.76149927053681,172.12670398894525,160.1792782672724,160.9572149348,138.62284198910893,142.9248990025149,55.934282065631315
164.55736721944723,164.48422634808006,156.99069262415753,130.9022630912744,139.74992334649556,56.74732624562857,171.0328220019398,158.97498363928355,159.39328902143956,132.76337065798725,138.95224765874005,57.45517851396065
163.83966231983928,164.00324484966868,156.94659374619613,128.5052691566771,138.9113903227605,57.3483336801968,171.29929766624252,155.6953768392292,156.6064019282396,130.71406642721755,137.54444633795924,56.72122703487951
164.92168205732895,161.79036079590398,156.27568197246254,129.77272562701955,141.02980197113283,59.65296032965474,169.82233597572574,154.69624697971582,154.06417968111353,133.6739056142936,138.71044522996172,55.99215430542842
162.36900640042577,163.06581339364192,156.99518441783837,127.70219662906489,141.37996528702175,60.780486296855884,163.66450757570604,153.0981571279675,145.83337031444455,133.0305172978618,142.07816160318106,58.93752505590139
161.2192052822798,164.5994287620943,154.93574875481835,127.93269863405907,139.70721478439899,60.733686155927984,166.70804428763077,156.95597196204005,151.00581360795806,133.61053139606742,141.46415783562622,57.71680291791416
160.91402610064705,165.101772559693,154.52798010349062,129.5703656763473,138.88913294369624,61.433924759113715,168.12902443245747,154.19198776085548,148.1416673833948,134.34891868848757,141.15015309641728,57.784235647250874
161.79121113456495,164.48559028610225,153.1279694479381,126.29509948081886,137.29554540610033,62.898695590950354,169.8625880232654,155.1018953765035,149.35799437325792,135.28363400867553,143.7099572256532,60.48047726525625
161.83850906708193,164.70415121710707,152.56627792170636,133.37419757548932,139.43902897857697,61.08951695359414,171.23990029287373,152.68004106970332,147.68709568844446,138.91752354852034,145.2879167353409,60.00453462948373
163.65478696047444,162.6563849216509,150.07213356007537,135.9895636451608,139.52653189371404,61.78875181967606,171.91637529033576,155.8696559909645,147.80758545443445,143.29661371343946,146.29210409989705,59.64078247278011
165.40615768235304,162.56544109475277,150.3833481866605,138.23281403150554,140.18004315338143,63.88634328339923,173.66807619758768,161.07882447447722,150.29975634986616,145.9627025163206,146.90284626237172,61.76964535219897
165.62056298991342,161.9614650980602,150.06332767417967,145.35398638215588,139.89655084234485,63.962663864909096,174.99014777859335,159.8619394398393,147.6064579243938,150.29226824549167,145.50347284524406,62.410929528274316
164.88211320921886,162.35359531044563,148.18762103009374,148.3210564378194,133.67014523686308,60.13580655091086,175.3193776933398,157.2015354033608,144.54354009599393,147.00672968232178,136.2696587526355,59.134950503811545
165.18644135950206,160.52588898731003,148.1396903571696,150.10131012715797,132.5392177062263,59.34421488195101,172.32969011647532,158.3372724868273,145.92584063302328,149.71323278359043,133.5648828571493,59.00184286590119
165.16378493503694,161.32958286740816,147.83163617036107,151.25314366010494,129.9038660121692,56.32697089068673,171.9108556817858,157.53656587913594,143.71066067468988,149.4552204608117,131.16955479609692,56.50570748458785
160.5043268371374,159.4009744351437,147.55155717662407,156.6811374180176,131.19958047455015,63.009620071466884,166.04129206598702,157.80133250061613,142.79215617562994,155.40539827709117,129.17937114116432,60.53456454627488
161.88130041972957,160.52048684386438,149.98846111398998,156.37250871701508,134.11017059699,61.85438955283111,168.97950954994525,158.84755206863167,144.39957445895152,156.06450853156133,134.15927242621427,60.77157289451527
160.00610706680814,161.07867649399253,151.8478769866402,158.6827016447662,127.89305817413404,60.51534514432478,164.9672059097803,158.44543372536626,146.6107297309326,156.69921594414313,127.59334819848215,60.56286508761782
156.31641679330377,158.7072647916299,152.75367825064117,155.77748900218856,120.21681164360793,59.06314780804514,160.77765366466343,158.76720369606565,148.1388126731242,160.96126416589814,124.50667058873088,60.04277822680622
158.46687601798553,155.95997642395807,144.81934029359905,155.67522693267478,121.5065685719122,56.448486411603504,162.6319775436552,156.90783825624726,147.56114724236758,155.98018066736358,123.63686312016735,57.85955545748701
154.38022368483587,160.32791507149733,154.262103740688,146.69648064737356,102.30356040593493,57.747999475464134,155.20629373536948,152.95339285016397,146.74833270000758,153.32856867655735,110.55849053404022,56.48829547672212
158.183173031199,160.78278376987683,155.66936439241402,149.11115544857412,113.23354468366355,57.85824247050366,159.6104301945491,154.5876227663043,144.3817661915409,149.32049727224614,112.76702924038092,56.879066532682465
156.7962604821949,151.81001924611033,135.76814435444368,152.7968546259103,126.11600895817745,53.74367930827048,157.72119918017128,153.42035050367102,147.74158838980185,163.43666973030665,133.3239878975337,60.15181092011974
156.9399923326337,154.89525583780735,157.00216247088292,144.79051720341283,112.19659513574186,53.250221479976126,153.79004685168076,149.9748491082344,150.9645633506204,155.7102648736828,119.41548421539557,59.54904435969025
155.86697107101514,153.10854561212017,155.45765569735568,145.52658839394462,111.28322115745742,51.490524490569165,147.89945879616138,146.20061748589774,152.9842715092456,151.63310759281717,105.00250415907584,62.21291730338638
159.0615360080306,152.43262062154923,155.79647102785538,130.69834835427628,94.39232711354767,47.496606077435885,142.50705661691399,133.50080638525466,135.18792452908534,129.11820711444838,83.467699821509,62.04149236680844
164.3998354499203,149.15523649881803,151.30392805750768,118.59063495965918,95.6484882979879,46.78406483817931,140.90542215258134,135.58766069759994,155.08000509421416,103.47863133000733,73.3663510330201,70.66357624915108
159.69327472062588,143.45247610253062,152.54287772086542,116.84741910159298,95.34464938610085,48.216351485635954,137.44531797148318,130.4613799395528,158.43094150221094,104.19813996294603,75.39855173399403,76.44676640710897
150.407487434319,142.64479536066116,152.052774535442,109.08813958638676,92.80049706679968,48.38626902719948,133.87814756647717,126.54803377189222,158.07783861525192,100.75077953400039,75.31021028728973,77.10360976561455
154.25030064985717,141.69386570278346,153.74033591588454,111.20586346471696,92.87524979140711,48.66898654825788,132.40067441828847,126.6215076706,155.31735902341654,104.32681580815809,75.78508894120424,74.70022359503999
154.069459734187,138.64029448438558,154.349376475118,108.20639317160904,88.6365183620267,50.25386448304707,133.72103803147942,129.19304143034543,160.53638624087552,101.10033812572317,70.08100238031668,80.27037400923251
156.79060398737084,135.7927937714461,159.4036015689461,103.02487892752241,80.75487817992462,50.62676857594846,135.60126409070213,131.3547352881606,166.0062569547267,97.64823869888288,63.30487149537029,96.47784306810877
153.17803252728604,134.926048936729,170.14777037611825,108.5093997526639,72.09012250653646,50.285909622999384,121.06646316827548,124.73021191408935,168.90591225995982,108.2643941959625,53.57177856405106,84.40559353052669
145.96018931240562,129.92839214274474,167.61834147436932,109.7288810863469,67.46387390788117,55.087185603346185,107.64709378320208,100.69643889150183,170.22546287495996,117.33073834663914,50.387758464595215,85.34164951089029
137.81727750143727,124.80526068165506,166.52420968866105,112.4479121302558,63.63391917472548,55.846275179586165,106.5466589130091,97.60267310021995,175.25963592329558,113.97550808368051,49.358562328166855,86.96534963086837
132.90130083238344,114.2080915707689,167.97437877624083,112.52482083675271,60.42475294597078,64.16231351804092,95.69779715732956,74.00579731924151,170.46338641767483,119.7162775494973,53.972636474339026,92.71411872904757
128.01565532360456,123.82036837242292,152.19667767977865,111.32778606130023,59.15116531486713,69.86223241014451,86.58678479520084,86.73471700438678,166.41999125174408,125.08300530683445,55.53697370039106,85.3993286361066
114.25610463183595,128.90469297055924,154.6458726014826,119.16311319030098,57.55039032660216,79.68210388762957,93.881409475608,93.98426872836095,173.85864548773796,140.5901180829734,59.099460760524394,91.46467907220129
112.32994253495967,130.76601814493236,151.61137957432413,116.89309159777356,55.810535197093856,77.57043999761936,93.84929004242596,98.01077949930622,177.68264523836228,140.35899250994356,59.46536710714368,91.11546436492102
109.18488556025963,129.71997006285847,150.85917509326305,119.4462379700943,56.975520555014235,100.99979181987547,87.74972199394007,73.70778520535971,177.26768166394695,139.1330391199044,63.678069562827744,101.50077646003017
104.9204283993783,129.16285170460196,143.92819523461978,120.29861057733889,56.52707207572996,103.0112156819403,84.91330131779996,70.65048875263751,139.0309460675857,139.1761099586708,65.36533816477211,105.19627203221188
105.48162812557736,128.448299543242,142.69925651372014,117.72446097495902,56.140559986225114,116.24774053075424,83.15787797077154,63.96893320774459,143.25328902034136,140.14009315315315,66.58440799340472,111.47093108234877
102.2595158516989,126.46118742246502,141.33815012182106,120.49086730800367,56.95925918185875,126.81843218560711,85.17619985843783,119.92611026525331,146.03218248227108,142.16832776552187,68.9810399572827,128.02500913740064
98.2877790261776,127.09686440902007,111.51247445977212,125.5745711620238,59.76775620450808,145.2280007711909,85.21812327871203,128.73960113387386,149.1454360788258,144.7494166403983,71.5767352817432,137.00626543010313
87.70900254166327,122.64695297172776,131.16663776887074,131.07824492614026,57.910816697185275,150.66694650996416,80.0598579122817,122.49838883138074,145.38195473418656,147.75213641531417,71.18461973587448,147.60108427822388
70.9323358297101,118.6587223198884,137.3881645341822,144.5218788345956,58.36278365952757,155.87303559737285,65.6367068038811,118.08074707299652,142.90678700282868,151.185657034932,72.41892097143398,156.7354938256373
69.50856272778356,119.6560263602772,137.87569128057032,143.669169707528,57.11746944107426,152.3595737979164,63.12782152765153,117.28219729099904,142.73618600764487,152.45057622618276,71.98161044118805,155.01320065227566
69.0385993136224,113.89610172232594,134.02833858336265,143.35988501165747,58.64532746086476,151.8634979577825,62.48795181182157,117.59083566509692,142.32049666257683,155.36125656567245,75.73386058519189,150.21500164993932
74.95575903568746,113.66014292757335,134.40791088048547,136.49181065735786,60.15782557217757,148.79514559822718,63.260302971676815,122.77958306762766,145.09126609212367,156.20716733968433,74.90752517533831,138.24093161787295
73.5642924710679,116.42621927917617,138.4541729950319,140.39968202282813,70.72223196960825,71.14788889975475,74.73006590028184,125.6179556085592,153.280253846638,149.6222059367647,77.30451908934664,83.5650756414338
74.32673054772093,115.01759347076468,134.96079716790754,140.74772321269953,76.44285409882917,59.16607966966771,72.97866911877543,127.92790022771057,156.48353008029608,146.70186114921054,74.0325757883412,75.78103881233059
73.24959969644094,115.4918267564673,137.12277987665328,142.8242165689837,83.2604030170299,51.208663367937326,73.13102731356243,130.40210305067785,157.67912961288206,148.55357982113276,78.28076113333353,66.88673351453343
71.68895218532694,115.17435505887167,138.0781862760135,141.0441346662451,91.92898597497881,56.355642614348795,72.13827770957744,129.56076530424647,156.00675155838852,156.5873304584048,93.95307466894688,60.81575527430344
63.531374583294024,112.68122992377279,135.84971999731812,148.0465901531777,97.14270880868246,64.0315731392582,63.26292721403993,126.13419025193352,158.30984182226643,159.3999882963875,97.42363754262296,64.22664467612876
57.44957263759075,107.25161351051948,135.11147538779906,154.3642122338242,104.3914457645102,66.60362415641755,56.080832885757445,117.29540440514,152.64384864157117,161.31273088047405,101.19365614310718,64.37734523020563
47.80803971406802,107.06246775180897,142.12674424364272,160.9340975692579,118.2549096438121,72.98335106635925,47.00828495081157,107.41069460643244,157.7772773503935,158.579151016525,116.19555958354786,73.58289317478139
46.65840395909123,106.2175421249169,142.69117606598928,158.9953197579424,130.86528889983796,79.1084201588903,47.061859241772915,105.42741865494625,154.98447222014207,157.81725160543772,126.1315007387618,82.14283608581746
52.95521312267746,93.24031322846355,131.49360530309642,161.43328304473502,122.32141918444948,76.40143162125409,52.667745887630815,114.0556700909786,155.59553288739002,161.14681084491707,120.2758167604826,78.55966769984701
56.17692395627236,93.64453920731854,136.81179118365333,160.80392253795407,130.3864564950166,78.47187812669655,55.87787862771647,114.92613254905083,149.75538368687717,161.12177045368057,129.42743636014916,83.75843820016891
57.84266866962587,90.6368853424947,139.22508387882777,159.86064493244112,129.16868433458035,76.28840609326687,57.62903164335399,111.48751168585801,151.30902186830366,160.98429688613697,127.371482016908,82.74940004423961
60.10652968875936,91.51312769979027,150.50089660266002,157.65020091815535,136.82086480556325,81.93891377932579,60.556238632326085,112.19124948181101,156.02492744956345,159.35094332197934,133.06269443290242,87.99606020011147
59.38209126195415,110.76884907321174,151.0172465610118,153.3274165231127,154.22747178598328,95.93922041045637,73.81375345235584,75.53070135020997,173.38542364982263,157.17660780135077,144.45810052013084,99.96120393457853
61.99320983681609,126.98866596263892,156.88244991188827,153.06713171352402,158.03318353792142,99.99135278738078,72.92605846690758,97.36832554620818,168.4984467918059,157.6008348164078,145.89661668353705,100.02116979071255
64.61711041719808,135.42695823611714,154.08252505917304,152.47375647603891,158.070789863346,100.34335197821856,78.86901023055714,100.84487742706683,168.88581328383557,158.1943490664383,141.53841872777255,96.5913281767071
65.38378378758169,130.35272246567584,161.32497619152528,151.35775013888258,152.80925844998347,99.32226081693778,84.10635702374543,98.96530359280183,168.09559093352192,157.55311917180424,139.58200695154997,96.11766471174144
64.25788734892066,133.07829871026834,169.88025060101123,150.13867540488934,144.70173801135007,96.66760057681161,81.97380748931936,105.47299613805119,166.85310408280333,157.83070215650912,130.0426526908363,90.89136635667029
73.06288421254307,133.67178572130294,173.06651958761609,151.46783635122833,136.38042856165038,88.78880955186739,86.5305930188381,111.10753350046537,167.87276816223255,160.85821871536942,122.8049231447816,87.07447729629143
81.677119388831,130.46790449406433,168.12415845384217,151.8466032675809,132.2160628004565,85.23947298647428,93.06502116606262,116.67231867594693,166.86069318138294,162.42922662115276,119.99517510720217,85.42539147499012
100.345629849113,129.23959554045345,172.31258328229802,156.30346755834137,123.67366369627025,73.300234912576,104.21553589382485,116.91533280234125,143.06630198941616,163.77954029254187,108.98512086841744,70.64034655596402
110.589675924977,133.34804177675517,160.09437778197315,159.66434886381285,116.08573509121578,64.03916504590687,119.79889914709236,124.89309699754433,152.1696095415983,163.91249770674528,111.48589952098743,65.7799940440128
120.09096699648026,137.46004430365667,161.26487052383104,156.77775324510338,116.86799010467755,61.76322731617641,130.86959833315973,129.24122529608735,153.84874638995646,161.86158858245898,114.51839835594399,63.97722502413513
138.86929195213375,140.46195497313437,160.1321226698683,144.843767928183,118.25069958823678,59.30418822438737,150.77922287502605,135.18370829835882,150.66989996872525,147.3612639864085,114.82866516975595,61.30747061149473
133.57961070747209,139.27226804870693,159.291704219832,150.45917628056296,117.64776097284759,62.109633283062145,147.03541736337712,140.19421455228655,153.57703457288997,154.67291983180996,112.89748496137172,63.39793037853109
150.92480311848723,142.86636789291964,156.32464125494045,140.576305833621,131.55662000700934,61.24923338691892,161.70291357919277,142.96554062298702,150.41750211497714,140.6861921972085,124.56588280457846,61.9571079458492
152.71530945523776,149.8699196572002,156.85687823016514,139.1771240073477,123.94289818970124,60.64792578272635,166.00186755643605,150.4532902903459,150.702054457686,143.53522916945636,119.26526316730627,60.488567422609584
157.74586756508197,156.16497623211805,152.5537764221643,136.4832626821495,128.92327729815636,65.74721093562803,173.61686951230323,163.3439038616642,148.8575832855331,144.72186502794693,125.96788794068412,63.16873004492112
157.18406952860673,155.37279605369474,152.06855362403488,140.6221545929094,128.22073566811122,61.219024040360466,176.35836679712196,166.22377984116363,148.8995430023774,146.43943704383273,126.03644746614538,61.26163988300489
158.58931880878097,155.37539152212847,153.79996612174838,137.9803256241638,129.90510610841918,66.70830643150572,173.48469156790844,169.0954824998753,154.96823472152903,146.94188397819647,130.2553737750418,70.12993662275356
160.3783157258488,155.2071280267491,156.37620525341814,141.35296701794124,136.75843880642117,65.28763630428595,168.97839420637962,167.9443609713863,164.007517544165,150.03770535226118,141.30715827762486,68.26282413886034
165.30370543030807,153.66628618669574,156.00729858394564,136.91656688300614,140.6690604224235,59.42139748988973,167.65334514917345,164.1351394673995,162.16758122206073,144.36320997776542,146.94628385212513,62.59189617200987
163.11371455357005,152.59490500709708,158.73029335426617,149.22844206335995,144.83629245489027,61.105893536293664,166.57192900534073,160.89568640752708,161.08106212880648,153.5102400855869,148.39754222219827,63.69864561594018
164.68823309346,151.469158945398,157.29518043385218,148.7112398942064,138.87845677591488,54.54595459827663,165.7438579006046,158.75335527519815,158.92785014309766,150.8611884373276,140.25565472905072,57.71960138795679
165.7778025176055,153.22703072292336,157.37765673641428,146.04960463755697,135.72096251007792,54.258775147892,165.38680262212281,157.62554010581624,157.3924971172751,146.29128778918675,133.94565543965635,56.964157767879264
164.5758565696009,152.04464214374,156.09188685283968,153.5392676439463,142.31638035612667,59.00212487591772,164.63949669537433,159.30630207993536,157.22396264866737,150.03640526214986,139.97015956972805,60.72097825204355
163.23123389789896,153.19825020022176,155.096852516907,153.6465758140642,141.86540525823577,60.42667316574993,166.25737513502594,161.28167802485785,155.9845771027205,149.76776952790374,138.54000713945425,63.49236003865441
166.56409020214366,155.5373919559661,157.48081097616986,144.89786684310832,142.59901935824837,61.2696553038267,168.600626807926,164.193303544082,161.06834229207584,141.15329200977257,135.0451968519769,61.026322030437534
165.4591127758928,155.24464123824015,156.78933929099585,139.00157064632353,135.52012856690956,62.48090099059333,168.13316736088532,162.52959073719063,158.312016840494,132.21280126799678,125.41933768447578,63.924251188463266
165.75671585591917,155.31496689356288,156.12145150502363,135.56054745624584,131.78987542754658,61.104402611375704,168.11570175264046,162.1451963451362,156.73986991564138,131.32181310572182,123.22856946527808,63.28307273356066
166.07278268933726,156.36501537615777,155.88940217063518,134.78560631652365,138.111388562885,68.30347046799677,168.5798248302392,161.98183068852612,155.4130559631774,134.52208259452604,132.372886458293,67.78905633870889
166.30193513581665,156.65706911720534,156.21795894469938,129.2358694332063,136.97001022996196,68.71296244847218,169.19246730398766,162.1654591954556,157.32813148975845,137.16084720478761,142.19992259704733,69.45878413187285
168.18946075063502,154.17039526794443,154.62241199505354,115.50105704884793,130.89857060013122,65.44499873755564,168.19867627421485,162.71615540806573,156.09634590711102,129.52328770199844,143.2864994922944,68.77474376135874
168.59311255505332,158.0611279562233,153.95856153596594,115.42505751011743,129.2609090985917,69.43003855541399,170.88610257461008,162.40401817325298,153.4262613666956,131.98180485554025,145.38504511334864,68.55769271722303
167.64816420692728,157.4127505625129,153.1269880324937,110.40615277860002,127.2994169511206,68.08024242673348,170.20607763631364,161.6810641564772,153.22759937008556,130.36285706921907,145.389431683958,65.74228156710369
163.01690726695097,175.68958233101108,150.0790648028473,111.62344695170788,134.03099534978531,75.98826852820866,170.49931395706278,140.49870471079674,127.95527580662495,121.45029101577833,144.82872837027298,75.05874581749566
155.43622016413963,159.5145795459638,149.77940467256923,118.10925184502717,140.48606968546764,84.22045823138934,157.85055717373274,170.7008500128544,154.34586780411075,119.96045134823422,147.22729476684134,83.17507332507165
175.73950444766544,176.09392674451038,116.79483138569458,119.13854709302377,131.7055915645509,73.68751306340104,157.18511465855443,163.95557848768357,143.28794668904135,121.64078966812819,135.8296014194865,66.2768572515092
153.03232138606793,161.54810085946662,142.73520774741317,122.00223836278795,136.06099195504032,71.62465587191474,176.995968586916,161.60697062595082,152.77665006302325,125.28869777522047,139.47257449811568,73.69101307022521
171.9348705091782,159.67029528601384,128.0364725262803,122.42308634236952,135.05280465894614,72.68832686813128,171.41575041514335,166.01662679922472,150.64610974702924,133.7784666008322,141.9274999279106,68.712646598375
164.31050593836787,157.83513043203928,143.50567194883223,127.9599491915651,135.81785728660196,64.10689004117583,169.95399180449172,163.49867102799112,151.67896243597082,136.93385055945254,146.30341108428286,62.241386525079356
164.16929570451822,158.64195292885717,145.07018507976122,131.21917552181998,136.9403254981647,60.998467505459864,170.49369996276315,161.88231535139343,148.51614800589837,140.86979750668542,147.19586022489247,60.30939059469497
163.25793912501183,156.70110981936656,142.05170627509818,134.6958734145878,137.98543188012084,65.43202492834428,168.4532459996798,161.99626057731126,142.6909049238025,147.47750430349302,150.0360242439441,65.4106137206199
160.92789468904974,147.45378001258968,132.21278695202767,138.65555319217063,141.4998780566647,70.26387168967403,169.21119293924718,163.53338552793298,144.19700974464376,149.11848768919663,150.67838377293,70.01556384015494
163.86836324680348,152.41834413643355,132.18132902613152,146.8347421536569,148.26298120257385,68.30517528625555,167.157335926987,152.66353844220117,126.62681322580008,147.05914781220645,147.56284387930904,67.94328237341462
161.6240531059009,157.4827034583001,130.40694036186628,153.08085528904647,150.30334866723135,63.86918972882073,167.37309705203424,154.23222855716796,134.46123703256376,148.90517903565961,144.1573891238283,63.277532712010604
159.84391376248442,162.47718464465146,146.6928757984475,148.08472453888058,137.4154844454053,54.1318687780712,168.72812436088512,159.46515702784035,141.1427037451276,148.5134584200129,138.32156558787963,56.096327198063754
159.87006235272545,163.85303785262508,146.86975424343436,152.35487703690518,140.2816594207252,53.88718180242279,166.6161441586182,161.0065272694304,142.47725420489596,150.20229111564856,138.4166978784261,54.21870213671942
159.32083204511744,162.82850332207275,139.93089368683226,154.30563550958888,147.33946431789076,56.96996622617974,164.68347649443842,163.98031452933094,144.47901446123464,156.7435306584086,145.9532375752201,57.74326124197107
158.56295662797848,162.44083049648611,145.69407251958572,157.7828492335489,145.86670469876194,57.04038936788513,163.3931399086876,165.58974688725186,145.7333842371436,156.4860196216659,141.45282846853365,57.84872473293446
156.68087044428285,164.25796899395732,148.60280568363513,157.06496472799424,145.00800549395854,53.30715783463508,162.7028690500738,164.81620259160226,146.66342733406697,155.61251158114842,142.07937096418075,53.93089769429668
159.73566742313582,160.8313078021493,145.01230812036408,169.76414156163887,157.91041381827804,57.90880819408022,164.16875763194946,164.07588671671627,146.1447954425098,167.5546490980412,150.82739752937854,54.081865828689615
158.26134447082714,160.45584683838578,150.109573161052,163.03065028768324,151.1115770415983,57.75989228411167,163.2040383732148,162.89021309707292,146.40244130705665,155.63833371708404,137.99031131666823,56.66906419376583
134.49388769635647,130.95902888103737,86.24229100063081,173.68447646958413,164.45416025495933,70.40454431283662,137.51332771116887,164.99251364857668,135.71002422274935,171.16162955530612,156.43655536153614,62.31340196359455
142.29915492517074,146.84239325356728,99.8156298735348,170.83774519464146,163.97405323690936,67.13835739233947,143.74828825518685,167.59588930043148,122.7912567966905,175.68911123855528,160.56732792171124,65.28148451954559
138.42671227715138,128.09115499305463,84.36746537153685,171.6384590621836,168.86287835662787,76.23228496976095,141.81299735753834,165.78508808524862,128.08836704058547,173.79792110394865,156.08231579343632,89.7611891172052
159.84370249878927,169.7657916895969,120.0859400654754,156.919664479579,146.7049076020398,58.838288804824685,150.27223127953982,172.13280461527557,152.17863852251742,163.28867775712857,148.82554925278455,69.55235525964187
160.8506589431666,163.60056291594518,156.91012725439768,151.91019649693428,139.55417030152444,54.033483347080626,159.46003210752895,174.59567970379905,150.4679307735753,146.3251327279397,130.97085098594522,57.19983583229526
163.7670234952133,164.14715136698058,153.0751779738602,154.94547450339596,152.7221880860858,65.38357348720442,166.5361531781646,169.80280869336244,154.28478529240013,154.56973937606458,139.59199040581223,62.308901616226485
163.00620672868996,161.3331137225417,151.21893921401278,138.67625609212607,141.57663768486537,55.718780907320074,173.25133865889276,163.23981738862088,156.86256927362402,135.12979212506016,131.94130448179797,52.339369371717844
164.1480400522894,162.96555784483456,151.24401933007206,133.51026769248222,135.70831753675643,54.42702327969666,174.1350026110121,162.5151199182023,155.2224348474436,128.64701645563798,124.40066522225165,51.795554782269754
165.51085851821352,163.26929755323104,151.46756280603506,129.18202565292037,138.81904178457629,57.225702436579446,173.60368182169893,165.32455196517992,156.54405145717857,130.60714805583473,134.56351889179092,55.50597968529369
164.75155661496794,162.70075091029298,151.1041496414815,131.18114637103056,141.1763439340362,57.598465073598994,173.88894739909642,165.61205344796636,157.25546548740778,131.3313548196118,137.04187696588977,56.93795894272656
164.71441921649108,163.46834750686656,152.44057362965447,129.11628794505873,139.9860010720539,57.78657740040077,173.5606793160646,164.97279219476678,156.70158859348905,127.18421034082054,133.6002246260938,55.85817161814098
164.89064068017376,162.2060469849418,154.05150769368444,121.82464406225098,135.3431696795427,59.85130508575372,171.38549732611347,163.35054862840136,155.26167163566768,127.08813892497952,136.01048130081284,58.1835351795861
163.0402048380605,161.640509141535,154.48589622291408,117.7863543542884,133.33981602624746,63.23638338131303,170.2044439187855,162.77924026069317,153.99161869649225,126.74865821547152,137.92692645812642,60.921660624697985
161.7945290955762,162.06377617594123,154.67042731596,121.6462471074566,135.53568671447752,62.66581831875544,167.68285473377435,157.53049587873338,147.31358433688064,129.4325338513515,139.31912922926443,60.385347404039685
161.62935675041703,161.4993164679072,154.88381064527866,123.8233388651978,136.91692197891845,63.461207353385745,169.19407923574016,158.92564528427647,149.4700462520373,131.59956042816697,140.73084475755684,61.08313890703443
163.03012924977577,161.2927753769744,155.99491032565953,123.93741898294866,136.44543458655937,63.28591791679936,170.78613673339748,159.2944471614231,150.99428833574981,129.34174699038837,137.68606436684254,60.65194959484239
164.58983473579528,161.12855977952933,156.11867144518405,125.5562377783131,137.81573508854788,64.18058329443915,171.02868861974684,162.4397962672725,152.54931015619525,132.68298605343404,139.54736362930416,61.70601538474366
164.79371605862536,162.0473708001628,154.71433238922648,130.33797066826233,136.179068881444,63.21603668694466,170.79288630746981,158.16705321685328,145.96845934044902,137.17179535448474,140.40382909040702,61.4835561963715
166.494188650991,161.33500904697678,153.67036791880736,134.07212279720642,136.6218122969733,65.25774677389524,171.64993834022385,159.19510027067474,146.14405929904086,140.30518885207923,141.2045941995325,63.355302637960214
165.54372521593947,162.4648992795406,153.2770787660153,137.1178472395265,137.29233488969146,65.6890741704958,172.106921950997,156.86317068524312,144.67233707201143,141.1297744214292,140.6693508933459,63.23782297333235
166.36103969914168,162.06785932994876,152.93312076474731,138.3025862719124,138.0419994878646,68.07361806852904,171.1913381837907,158.24602613673812,145.4430281657785,143.29468020720154,142.1080006793703,66.02792985955635
166.3966076740051,161.54676514491263,152.90875852214714,142.46473131778146,138.72658477757867,68.82869278014033,168.0875281129467,161.18349706836645,146.86785558427133,148.63996309097413,140.97645691727868,65.82167982882774
164.43656741085,160.58864607243396,152.4295856768642,140.69122274712495,133.87255926448861,68.9299385658643,165.50194921868663,161.82308057545742,146.85273903227824,150.6914552718716,140.87345931017472,68.31026662165424
161.96357281015023,161.01875850343924,152.30755193006544,140.7687733823651,127.55469549730799,65.77676933646953,163.46019523602095,163.34440641713857,146.7817467896669,153.09636566974646,135.21101421288998,67.59691871696592
164.47840611120782,161.98582184058748,152.79252936580446,138.55550855472146,125.21923762591686,63.150874503654165,169.05170201470025,161.91345517331277,146.6801071320682,147.5372375666489,130.24038771395055,61.26925625465644
161.61321736989132,160.07786233254544,151.3349958414374,140.76103984986193,124.67984252870825,63.30211596331765,165.83572779034142,163.61403096041772,146.24802788912876,152.67927185300235,129.09369194228967,61.55488698849306
159.9629495565763,159.88337637238394,150.33287723410197,145.13265985752494,126.89481182212607,62.205900569397066,165.09241170121902,166.17760394914856,146.74914300042167,154.4288464449171,125.23532586848167,59.89006865910518
154.3475950109871,158.9037315538411,150.55656578837042,147.58226073045452,119.3120197945777,59.10944535161652,159.03884326518653,167.66405458616353,148.16967675193348,154.7885247204394,116.94427054481807,61.17835945284868
153.75573355643823,156.99685921775094,147.48751982172394,146.32384133848868,111.65312744578061,58.2049944186545,157.1782399391924,167.2469400453067,147.3588829943684,153.75564174595354,108.09875106619249,62.29523317359706
156.70760598455837,156.3738195377502,148.5640059222027,143.22298683626838,110.09137388486083,57.08597056577202,162.04600932481236,168.18381343585546,146.84483365214422,153.9318178673291,107.17390544060781,61.06601883651117
156.95981729445896,158.85912024789687,152.03140574410858,148.4333752415891,110.96780185768392,53.16503434125684,162.8581053205105,170.62609479846932,155.20607066625965,156.39040955626282,111.50245267321868,56.04533689087433
160.79163731538014,155.57741143949178,147.72738726689195,146.41654971504815,111.15366053446562,52.52937176792429,151.39292149507492,167.9606243838514,161.6742959339807,158.16807574194686,115.06891939930749,56.90416808571012
164.3480054348128,157.489579060542,149.75825720617323,142.30636387728467,112.79060444942584,52.511136828906444,161.74337271645885,167.45616285468185,160.2652920960423,149.41689034152515,112.86736785804003,59.29042412924507
165.31488275153967,158.96185307507963,151.32766101793428,141.0805870292922,114.51789177245243,54.04842025883968,165.2095571224106,167.31073288734143,160.14349324989766,144.99863691462699,110.18111589011806,62.760973351763056
165.00781867050253,158.52668179394752,152.11165196448377,139.1827994698239,114.78522581481624,56.28488819399119,165.18097833238,166.47813854650073,160.2471678866787,138.59107326100158,102.40638691850931,63.24642719192817
157.71099798708744,156.49043380540695,148.5717795904038,145.09773491526553,112.83843196260362,55.53004000089584,148.47339076587193,170.192893189186,166.77346377517136,151.20565275941826,105.6614006829463,60.55530722302687
158.40698779995373,157.32234588755512,149.9595825915193,145.48070220984206,115.3400668457797,57.010826149866425,155.72015888415538,164.36251583811062,156.0445687887331,151.90132840264755,110.59061258813034,58.16200766817519
155.3031507846173,154.4743840376936,150.90656591918074,149.62081265355724,122.60154136698868,57.74237871159439,164.6020975568697,165.7014114842136,150.4516939452755,158.71494760186744,121.80012963801065,59.56681568617411
159.16944926486576,158.21683327345147,154.2298884477266,151.70156154532359,136.07763200783273,64.39722389134761,161.88934922941016,163.6067624361889,150.75790493046563,159.02012434078085,129.6310357482553,62.48670812193396
160.49909062644943,158.59531915491775,154.36999561481858,151.9490987895801,141.11669003061135,67.60921647660386,165.16718317422354,163.78307328273803,148.84218382203545,156.4650302979182,133.0438553735762,64.93834678116549
160.81380739378397,161.86532992254308,156.68526849404873,150.9508018941873,146.62387420661202,72.16231984929537,166.84459261602737,162.7589595516875,147.35140571569042,153.7450604534412,141.43889126049234,70.83095216463575
168.67878478372515,163.00116351033998,156.67821205958398,141.65488032276332,143.6317660499497,70.29231142118006,170.98335425916375,158.7708035725674,150.11497217610014,142.30842901240655,142.79620536522467,69.52402264372813
170.88579587081813,162.15248810273349,156.36314375147506,134.24738393972422,141.97248705449104,68.21911748861635,171.85966717081487,159.89991837050135,151.66966131598102,136.02578031922383,141.56938038204447,67.29041487511518
171.56425287224684,159.69409023023886,155.3616135979688,132.03126305562816,143.06899350087178,64.15792826263575,172.01434938337053,163.49376582698628,154.02489656341595,134.68153052120815,141.8660945250705,64.89134330929836
171.38278943244774,159.80546266927448,154.5069720042681,130.59494948264378,142.2351370381121,62.14594200318763,170.19504196057687,162.82264086578357,151.42267733679566,135.52819451921812,144.3401216238028,62.59505333058991
173.0540834157649,158.3079607881492,154.9767035740807,130.7590915554648,141.4736001496176,60.394360010076554,169.71436786765423,163.56370624583167,152.95848210482,135.2871276442549,142.0345707381166,59.87165819737573
173.3898954456848,159.50168192524725,156.4319081863132,129.65955814723335,141.91301416030825,61.42048340961979,168.74061181782093,164.59566890789534,153.98323872571572,134.31348016936417,143.23491630121862,61.47329290285005
174.2326305526379,159.19077152350073,157.92593865068054,128.47586721277733,141.57485975691228,60.30413822017245,165.29432511350365,170.74978992642667,163.70233084714175,130.8945952602472,138.88675230777378,61.423217027800014
175.8617672699242,158.94705063998754,157.8835029351345,130.19530065948453,140.1841918326309,58.406876611504785,155.05037047465217,169.86596001289078,152.06224545593346,128.0634470789845,133.0563581421772,61.59018671841468
176.25588470458828,158.48873808944765,156.9386488874622,131.41244906569125,139.74200613282719,56.760991821134205,162.00632032947897,164.91920087037383,147.72084735894572,123.88138833603942,129.20961971482967,59.918861973716815
176.62096521555893,159.85320942170856,157.47882609111065,133.0624276573096,139.51456864426254,56.77949111009194,165.22063752486272,161.671794852192,146.81975731222946,124.55973631479519,128.95175328130313,59.54008574880826
176.22229663447166,160.10390899689506,156.52129792186773,131.16714486130763,137.43957568068654,57.36776084175143,167.6905290104147,160.66218268073843,145.77824986529814,125.24160628634836,129.58715660007397,59.433952775475944
173.94744315197798,160.63841791361784,155.40511898503212,130.7426197059858,137.08206259711233,57.89208507288427,174.78961457344465,164.61344879609172,153.6370566553451,125.16388603082963,129.63284845903493,58.321499355781675
173.45675027058746,162.73567368303895,154.39159664651436,135.78061180511986,138.95079051028893,58.09291770176041,172.73787527097295,171.9547080410962,157.07842342616598,132.32427924023514,136.17472914243376,58.46422583638287
173.09877562303944,164.57774872156483,154.16654594080606,140.9401726665531,142.55275041017546,58.97883962240064,177.992711669417,167.66239441390903,153.95312292400706,136.69096767841106,138.28133069284547,57.587856422153024
170.48290450730508,165.06160814758454,153.51783508302003,149.78549140853684,143.84138516843262,56.11548450309304,178.65608049946346,161.5479266948051,147.13831441128434,146.09044793896348,142.56901643695406,54.98460828405414
170.53584887697343,164.62795128587695,153.11172102423527,153.1205665705039,142.1319263141159,55.613647743186775,178.31330238904542,153.3216101625393,145.39643851491496,148.7543328429587,142.70957318275035,54.23296712232221
168.85387214374498,165.89897204721552,152.13125713401837,155.22416262187588,139.183029984002,54.960492998250935,176.0939233379226,155.4242167159484,147.46787382651706,149.45725715647117,142.09299157310073,55.041593838414066
167.7804801232978,162.83559206927012,151.68915866079521,153.1342752902574,132.48765876252807,55.75488142475396,171.86090000487403,160.36536829776608,151.11401302764835,151.47091770401636,140.78138637060962,54.827964167251636
167.43053722558577,161.87352929302136,152.69667766146435,154.6696973794676,130.96020280126532,54.86324055731943,168.95830966062505,163.45259525373595,151.0837435553854,156.36900845632076,144.15792965771243,52.077807836114836
166.6666746277674,166.46089859116364,157.59905748044545,162.295708693841,145.9573012021556,52.37033899559601,164.69600589114404,167.4711567438742,156.08331773207232,155.47224307352417,144.35130350884495,49.3318435468521
165.16025804349115,168.92319054199118,157.99949308866934,175.61171017450047,164.34393840988517,56.52352230788798,166.3810358832082,161.79210115265028,153.21668440206633,170.22941461682308,160.4441624398413,51.453217150420464
164.68834037635253,169.4726970987925,158.3738268473403,172.6209026493561,168.25294678560115,58.500665113022556,164.88477612734266,165.86991444024682,153.52069477972012,171.6377363429274,164.1477961045157,53.63622341639057
167.10927468720158,169.3004658437403,160.36891851418108,166.60216259535432,147.75063219876273,40.799634678806854,166.81105080643263,165.59056302651737,154.37351927107682,170.41551331185923,166.05459062071859,56.21299665416358
167.11874132742426,169.3815874666555,159.85780229712645,172.1306160261841,154.44268392511054,55.74443986359523,169.1599021564509,162.39893464636782,155.58559177588873,170.47294611444752,165.9777880393959,58.46268852061782
168.15476779277503,169.31220781929403,161.4742296258407,146.72758211251764,129.93930036587588,62.39015136771961,167.7979758434282,162.47723253975929,153.4695647387624,169.2437837634007,168.89398785362002,61.44012129540355
162.75671947041224,168.99583324809362,156.72172362878774,169.8141727964706,166.64700985194804,70.7309665420404,162.21065086401805,165.8659381329447,151.59863683359134,171.32914888434604,163.91016656265208,67.67982774896277
165.4636077116586,166.47806623046955,157.52805450621852,172.51666941272555,165.8710537748562,60.9409293406792,163.70903831532814,164.28504642245042,150.93847551287445,173.91544525896975,164.70600960765339,60.831677173445364
162.26681331351827,169.52085352460463,158.1528779252261,175.08182753966412,162.43699466942957,57.96417660043143,164.79538285900918,163.92510611349178,149.79336584236242,175.31626824460542,164.03192215757625,53.56380243215058
161.90434396594773,169.76794844310123,157.95257040616832,170.57900761850993,155.3222395627825,55.197897489317086,169.61586652642407,158.2292210413794,149.51210098557098,170.38436083132885,156.0771282121372,51.022138615996994
158.1763312864822,168.94792777835045,156.76725746218113,168.8340409242334,159.67301245096485,56.926392381291016,167.37172877500794,157.01898330524295,151.65029144991942,162.77642348205487,155.27049793205367,52.185534822013445
161.98294779618527,166.96031879022053,158.20351103379173,160.92696572213922,154.57147564186565,55.86012336680998,165.97681408921767,160.06255505307482,152.77296863906503,158.72144998238352,154.1423806778984,54.07856080475551
163.63841053322267,165.82318877789558,159.3935363341744,152.33736845257005,147.277513975231,56.832324369426445,166.39428443185784,160.88542653693858,156.39887899806837,155.7400643625599,152.12632005969616,55.38439480915166
167.50730769250626,163.56998896852386,159.14357997169458,149.14004899204437,145.4139533539441,58.1550158981889,163.76203704809612,163.1174307488834,154.4996460393094,153.01737644256895,150.32146357507688,57.98406696847405
167.0632775181249,162.09677324462376,159.0141937740083,141.54351689951213,138.90662946686996,60.41867024145582,158.3684377049335,163.16865847118925,154.67811946555324,151.9174309562605,146.95756422331854,59.709522949059256
167.7084084822502,161.4019963954353,159.23802274033022,128.35198956235885,120.67600561898136,56.53220611254698,160.10982063087422,161.2621676835448,153.4723643334406,147.22242164584497,136.50304963678425,58.72886146787271
165.36071228693055,156.58096765012766,155.79924450643247,143.77550089408578,132.14813598692905,65.9450689289473,154.3432271613596,157.9634995507546,155.43571906042558,153.86290850626446,139.9584753330171,58.082796137955235
162.4886999136606,153.2744688233468,156.99231657630241,154.5713106403474,141.1059961099735,56.604221181849844,153.9560355896583,154.3309991447703,156.55072288857497,153.4803735612622,141.81458189798434,58.69895149552641
160.16658453202925,147.84835220795748,159.2396236925962,151.1985934588671,135.62191871374043,51.49583182539002,148.8910529726882,143.0172757785948,160.48006499647633,147.41595011760842,132.14877597621566,54.97300328657411
154.7161945382835,141.1570177153053,158.5134087964076,140.17157446166183,105.2383240734709,56.82729486437969,144.3276661144217,131.87750223388971,161.8253732486093,148.47516814684755,114.8027008012127,64.33888883728441
151.78011388827147,136.65215536958598,163.65493995475725,136.83961633168127,100.50041220819946,68.29364125680628,141.49513683343466,123.60798995792949,162.66320661683181,130.91102997841796,94.52509118443912,79.44480653728576
147.4637990620954,130.61561803099764,156.03647783173,133.41733339237075,81.61761104079105,110.96525336242672,138.84139199639017,118.57378890732217,163.38099363443627,123.46199707556009,73.7145815577607,108.15542850349975
144.75084645730033,126.14710447162393,148.6831604211228,148.51912607303262,85.93867107990842,155.77746161558898,130.57050774603186,107.64905207155012,162.56854338295693,142.02317451681463,74.26729858222083,164.83791737133473
146.9703491223072,130.66569198598523,157.61314781276755,136.70743527425336,79.03437698212156,157.81266549307622,129.25308909897737,105.31436182670821,168.90857111847373,134.35345859927148,71.86666639384073,163.47529153716616
145.52422791585224,128.89933157225843,155.59469279224174,137.39225580405935,78.3150710420495,158.77114014916629,124.46629370045963,102.6482658691625,164.09196259762092,140.2738731158045,73.65923590635738,166.9877271529005
142.07768828558275,125.25257998001642,144.92196855355138,140.48735316449677,79.18400762267093,157.16329943119257,123.79710998990147,100.88732396826978,161.29799180099062,147.71220125700214,78.65134836680389,164.98555055914989
140.20571728529453,124.37600666607423,147.35566145735646,138.14840966543886,81.70791428892244,156.65144551264413,124.06941272492982,101.66173853291838,159.50865184105865,144.93129795783105,80.00873723689773,161.11415360489048
138.99103524760739,123.2676703844239,149.90254017882324,139.10352452331242,77.9626434687905,151.99577965540598,119.35798822653915,100.78122997394695,161.45075717749157,148.35101877560567,77.28704720878298,157.9987425329051
136.95452787887078,122.82246056305135,154.49781295785155,134.3002897226468,74.56667490028038,146.91821822080928,119.49981805351142,103.27967847278694,160.4377528489115,138.86784124489438,71.00646851894872,155.1821788189097
135.02320852257546,124.42057071094436,159.43653994085057,139.0529298127058,78.2595384449839,152.00699702699032,116.04002000211256,105.49232396954993,156.0654834855696,143.6194349181035,72.65271138005777,163.7416648973546
132.53450431665487,127.51053297631128,165.12580887557226,128.69207947870345,68.89728660422034,121.8617477454558,106.90407887301245,82.23276986738533,161.66812909446534,139.14759322277538,71.20595359035417,153.0690127314996
127.21601808970992,125.66937403943993,165.501522081286,135.45475260741233,71.08868539982771,112.65472983764981,102.51704954243023,78.55383802255899,160.53327110485736,147.27651382881007,72.64955997172059,147.56709786424844
129.016409177644,119.13013665685833,165.29593359870861,116.39804230229491,61.5809728765096,93.86764833687299,103.98317668027714,75.59846365464514,164.9857902914758,137.47958258829019,67.41941274714908,128.68293338675485
125.96169037186749,112.79282874414612,171.23755017844007,108.03757414752538,58.661267177544424,96.91964288649815,101.12561751839912,70.48537993315846,175.07390377211055,117.20722597768432,50.482728871311075,122.52744457835723
124.25505000176159,113.9518917321947,167.2712082053955,104.63204177074317,58.58948661449096,91.19544418768629,96.4257482494598,62.84912390910082,176.60877047994543,101.96219926578334,38.66290144564509,104.92371183711246
124.31070336995225,114.86340785953507,163.35157749852493,104.44619651428769,63.87448349619924,74.18957272804609,92.1603775614328,63.99823656886222,168.88362341378863,88.63001849871802,36.24640098415927,84.00744372561272
113.83576671963232,118.77649117445674,159.4270350095185,113.89221621543284,57.64294446497565,80.62806280408498,90.80176940189916,90.74760015508345,156.31656344996696,115.66344198172034,39.67419958096338,83.47785599484173
94.7622631159348,123.06958643584771,154.8879847546789,136.08193198792608,62.30446660651971,73.69770060889554,82.25435561352558,111.46365450087478,152.26569293437595,131.99503109020384,45.20590696772829,99.235137026187
91.81599097697612,116.17020784785309,133.79003550529546,134.30440343152162,60.46302638687932,58.427787807670775,85.82919282275856,115.62278740647065,153.21642740666007,127.39028480152163,48.66742193904096,84.48802691556996
89.1253866067047,115.16863732995049,121.2570379962821,134.89591440219218,59.12219532213178,68.9978676017203,79.39271201440341,114.33153339606537,149.64185823215817,137.59526839880863,55.436903735373605,80.37277065096421
77.22700724116723,110.41139252491095,129.94473617072964,144.8405572207311,59.5079005161594,60.67704048636162,68.10049398907508,109.94932411090114,150.20429302207157,149.34398342396787,59.80980746013533,71.91676392641043
76.83421098382232,111.0238998215096,136.9358341257924,141.36281314044976,62.41287044169566,55.429874080432874,69.65702464589017,111.62294366741327,145.45360027529492,146.29874141033642,65.05728199102835,65.67113941593523
75.38993418922213,112.54780569244136,130.10435468414258,142.07985200485928,65.54816440074056,48.72488798795856,72.35412932605757,118.39201425861845,148.5304906787143,144.9328839409133,70.97180305688296,56.81476454741441
66.63998800419799,118.62946092239427,135.372143394438,149.76223122685462,77.02955510320017,51.71473929505395,62.95320753268183,115.50514862608262,145.3427888959282,154.14063603237304,87.35931462270413,61.51314013468455
56.39501730388526,118.97954046925756,141.97700182791797,158.37806528578955,89.17025779666506,61.07772358013101,54.8188754308877,117.21857666067918,143.4225973583011,162.5952319571961,101.11230420056619,74.23001966917272
54.90004104959838,114.77277902564605,144.85883472207368,158.5284597912655,94.70443669908872,65.61466131599694,52.536011167630704,114.91259666843114,144.05430584378445,162.25764686423418,105.64419531727945,80.37736135682258
54.08984736877426,104.05397528853962,147.5656368568117,157.36995425663355,109.51941856163785,74.20217678932521,51.60194561014752,109.21267726447361,145.41747509469664,160.88648270899486,114.02334146475278,85.2051556563488
54.43898874765468,95.80522233835617,142.7947980825166,154.78932641970252,121.20660576038448,79.44090981184743,52.43068583126727,104.12308558947451,142.97431234817532,158.50025942745975,119.08701851994307,88.94997730243868
62.13949329893589,62.42499201248644,150.1375274851466,154.42439487336958,122.71643684861382,85.83327856112312,53.25061347333996,102.3878852886184,140.49246382560278,157.5010026717295,125.39859408168248,96.1188490528026
63.57951172744984,57.80845082027169,153.4348436792775,149.38014860302232,140.48878775861442,98.58701123713463,55.40457692402307,99.70168079457001,144.31980314115464,153.4017882911163,133.5293290877184,101.96165648995608
62.909872471033566,69.1097312105216,153.7035504545546,149.4665121026478,143.33077632168414,101.726680549958,63.60856831666648,85.10306792775705,153.55735779256554,153.81745493950177,138.07839791631892,104.4997385015735
74.43147908993073,60.70516102119536,167.76085808028503,147.7947766945638,142.21234403527984,99.53431052553654,83.85590744539417,62.685796313976915,171.68877562887448,152.8692172446544,138.13940416789572,101.51727181649703
68.95028203754156,95.36226896582254,149.18066480020352,147.2229506568084,143.5740079629329,97.36205595186541,87.24760088122595,69.04995961677758,168.547316806582,152.5742725490896,137.41723688485044,96.54297605474942
68.55565156544928,120.10390027921989,158.82681698704428,147.70948424075974,145.00102842187314,96.27667404312645,82.99429025947585,84.31987278845239,168.7919092903814,155.2696614976695,135.44445192803636,95.84527543347768
67.59223285740494,135.99666323649845,157.9752968982842,148.39294127973483,143.31083289929668,94.23420439290621,80.76505944563972,91.39293382747597,136.10590138971162,156.9582484817138,134.04595713295748,94.10607021927262
70.67060684292166,138.0246507584363,161.48836045926595,151.0580007828834,136.1394534356074,89.55287513994966,83.42829529278042,102.69239389257363,146.89528858139062,158.13809668872872,133.38434838054553,93.74818624925183
75.20414574944294,137.76955760045573,167.23748124208433,155.5090137479376,127.01439809338306,86.12927002497871,85.78604673324573,108.01982252101728,149.08352627207614,162.03061471597317,122.01167420509056,81.1413161007679
82.70388950262439,138.07027846404918,167.54456039013255,157.19877769988156,120.09693097772244,74.55241266951093,89.04939682970836,111.69718008669012,152.7222334975021,163.40777732888148,116.6092704845847,74.55475968038871
92.32297287544087,135.8192807823672,159.57402057030043,154.0983069873945,126.64077510595486,69.81847487553033,99.3170604315286,117.51423215552481,155.1127450191414,155.8179233433362,127.74909462390765,71.91387488346479
107.94864318005018,136.95079480211703,161.73632940369407,159.1066963537435,130.08294400226958,67.40875005537066,118.01976259191625,125.08461333692537,160.2574284497493,163.18818188267215,129.8540201428621,66.88995755700635
134.4820459215362,139.21937125279047,160.80200916533042,155.9167331807042,129.9189622050459,60.41344585034093,145.75267577708257,131.3898149065457,156.04481153633193,164.1928272423647,133.8246710358909,60.52585598801559
145.36271766204115,141.23376491596196,160.7969225477998,146.14372529012005,135.1466488728558,65.4767567678404,157.45592413437657,135.74973708694571,153.01289965595632,156.59183302382246,136.16226694813696,61.66514387728601
150.60783967384396,143.25968093289512,161.83573841005582,144.127034650359,135.99379652647045,58.538423880342556,161.6092130691152,140.25909653588354,150.8295419957343,146.77345464208253,133.3785373498706,56.229852431948515
154.25383296843668,146.08961675285005,161.89588377872957,135.34824897158896,134.85214140442122,60.385513155110004,165.39619752232264,149.88325872992576,155.71850476542946,141.54797248775142,135.2753333679675,57.52419974843203
157.7424228545695,149.96728925084008,157.72881044900421,142.10887172283964,139.1373015132675,62.03140494606379,169.52270793972062,154.55143552556117,150.96951019460863,148.22989212689916,142.88282953672675,59.52541188510316
162.4438390519925,154.42304975401385,153.5857107374733,137.57408875630523,138.0672861052054,61.85442694520501,165.64523030877518,166.90921463841732,149.9700825145246,141.1493028936954,134.1492038446852,60.86542550398101
164.4777465791262,154.7754900001515,158.58080409556368,143.52910700580094,137.1548082411544,65.25114503530409,175.3753388389145,157.0102666573918,149.43743324010808,151.6164222917854,139.6538767401028,60.544560739159145
165.0942389815032,156.92780841278895,158.49334309527717,143.17224257976042,134.72747465173887,62.06011092645138,175.00086173468924,152.99162232977085,151.4315168857007,153.27670590968404,144.40697385594308,62.843313316496534
170.54253758086813,150.7300895122064,130.5056177337736,133.9748989247463,143.10114172151188,79.2677795515324,175.61008411219788,155.52978825916577,154.48578821716964,153.07704982774777,151.44340085737224,68.54971744273765
171.41409157733088,156.85268041162712,146.3868818730372,130.03393649687524,137.6665462619776,73.88395096237,172.37060126984815,158.762140620644,151.99852827675636,150.81670960366674,148.0929579476983,65.82432841913132
173.16136114187861,159.28423088693458,153.75527415241064,134.2654536346873,133.08355021788623,66.15541674702038,170.89209730602255,161.268169158685,151.32099890566406,156.40617690830103,148.0898660825492,62.97828441819122
170.24345979515195,158.7010649279396,154.6582466472964,129.91631031533035,129.6455414952108,60.604699466522824,167.59772329704413,162.334826199514,151.33415127898508,147.95535572079257,143.4703520589987,59.818489004546656
171.46400318400595,158.40309963963946,154.27252068974673,131.6707352211248,129.5431980758585,60.89427027213582,169.51100065140858,160.88220872001534,147.93308679352901,148.4689893334199,139.5930068039226,59.30832295812186
169.95395881549447,159.8868345457707,153.013048687811,129.51095396751086,126.11449244523783,57.16837130727127,166.71954753033094,162.07799410139773,146.71252619393286,136.80138007066827,128.46860553140405,56.41484478492828
169.02212990121063,161.7151547198305,153.23581305516223,133.64731596779168,128.35965778385716,57.87677666608314,167.56923197413687,158.25394955101527,144.76618125941468,133.6969129109428,124.49192268573897,56.130527790459865
160.6575817318336,168.4794033813242,148.8449224824023,136.86567231754745,131.8130945651639,58.57454708739129,170.99016481234057,153.63902065224397,142.08472359515147,136.53123166460637,126.92996685077895,57.1860356735798
164.74031204807247,164.63586693374893,150.19193693315145,132.71906055000488,130.81139671149674,58.51503438872035,167.03565839466728,159.11983139373876,144.64431144584952,135.49100053785767,128.1382247343184,58.967167758216874
163.63090583442002,164.14812586699801,149.44982816704805,129.81092824363654,129.14438748884874,57.22647688194899,169.83454508933266,153.20284475602588,143.10876860015395,131.83422144781403,126.65377527142502,55.62789070071962
160.1688712006784,167.50956139810415,146.98865394314402,132.6848890014477,135.24951090605595,64.59646149606571,163.35942287682442,160.17979749135026,148.17039322215024,134.05246496391595,133.72037658025945,61.03721414687292
165.70037529532422,166.81286912791626,148.38959304033943,133.98462760674946,138.221832146199,73.89186855808754,177.50587662189366,143.23714350610842,139.35627734840116,139.52223719445612,140.06444039813613,68.4762771279277
163.36849381520835,167.29702031592885,146.40633893182124,130.89767890655656,138.4016706120317,72.54224347466466,175.86870177555033,150.27631965930198,141.34108541466463,134.0175581889164,134.5660623652309,63.44574604446818
164.51744828919678,166.16418777606142,149.118764989362,124.39664765453755,134.72154928357836,72.40092303165545,174.58580679822302,153.10594337872413,142.89130070652217,128.42199724699685,131.4975137482369,67.6019211861437
164.67551035411185,166.59802800585828,149.62349042520805,122.6466360735103,136.08176640375814,77.90766049763245,175.82914556096188,154.37231245867432,147.13708361178976,129.437823609456,134.60309141481676,69.69248453246027
164.24786470010523,157.3329517433473,146.91706550443894,120.53826668945707,144.46386357793867,100.10452791844041,169.94277406700243,152.68937835942737,146.7873224591781,130.10766990943506,137.7024503873601,80.75799800446312
173.7203535150071,161.66674233608944,122.95272258017731,128.04740137861097,140.08051666553393,83.9214502388571,172.05499877908784,153.83295154687818,143.89032619793807,140.04546250964842,149.7767401442112,79.47560364553097
171.2431149127516,161.91064905826457,104.84140567888922,134.66309812135688,137.8715412965527,77.38167863666548,175.01470648507927,150.2816629607509,140.81743701766734,143.6440485729658,152.9458715261428,80.34820756926995
171.08889428231248,160.55636678139152,109.80815995410148,137.585260447251,141.12973087478548,79.74690328253219,174.59988135529468,154.99528650748735,144.4480129358518,147.08655317221272,155.8277558156515,82.93932774226299
159.6698269083176,170.26110454686318,140.89878507748503,141.39143779304393,140.82291091209746,75.37738752784614,173.43771794229392,135.07011882598226,142.788212737747,147.4688221868067,154.64872350751065,86.08606137518971
167.09822269471238,172.08201938210615,126.11102560280438,146.04878610093388,145.46907123841686,78.48413675754169,175.27764637881467,153.03814701229007,153.9721949003704,142.0472901893925,150.82922296630946,83.27950641800183
158.72290183824387,168.61194992184198,124.17357545803893,143.77051596220045,145.8239189005347,81.27737097393523,176.09825916184218,160.7635058826896,150.20421443701807,142.2284993389732,151.605448149003,84.68194813153899
159.7928005568764,166.06709681675633,151.58491055160073,143.86647482879107,142.97079677716218,78.88768918554335,174.91927069357754,161.6992514778997,148.29637917851255,144.17523797567824,149.65890085908464,81.77064334384156
164.31853044514452,167.35549155688182,155.65190941438786,142.78720658128435,141.9680442957396,78.14380931929044,176.93413032010454,159.23481680949948,145.52674558671254,142.89422645701,148.8067904434455,80.23269823673627
162.98992265976494,162.77314021864126,152.04780300863186,147.64783425218585,141.92407044703637,76.03401789475784,176.23425260335557,159.81342815248888,144.77540804088918,144.20176868811328,148.0655401368004,80.42499749670027
165.38385404285907,162.19177198397932,147.6872675386287,147.70670844248016,141.4026616018478,72.58654021419093,179.58217654634498,167.94552214764778,147.42483322198683,143.7585543162916,147.74320160685957,77.75529763447624
165.59664664836723,162.19396342602565,148.80525314878486,145.1920366536972,141.31029273129454,72.31488032443733,176.32953556561478,162.60135786023775,145.96743606024353,144.49712840222404,148.1569156986338,76.04882000402216
169.00007831211104,163.2539153305745,149.55911721968675,141.26572537494906,143.13520965196196,74.99645139167595,176.43353921697283,159.88864901311945,144.31989913224876,141.79840694135885,149.088506024522,78.8304746045636
169.92015378680023,163.07654599650027,150.33810258819472,139.8581219760262,142.65383068484738,76.21867680957435,177.34021841149183,156.0987249803924,142.6955015691642,140.16548375147102,148.97848533596172,78.69299996891516
169.066277905801,165.7717844121593,150.53874403717663,142.66867225144466,142.55573303495,76.93209790877125,174.32115708034385,154.6872622915472,144.56473690456255,140.75638257272482,147.44002081154633,78.66403217339273
170.3737620339901,162.65123232247004,145.19944055591313,138.46322567826337,141.1447495479678,76.75693606072294,177.05956485753256,151.68519316218212,141.55928244773781,134.61649377725166,142.93874281070526,77.04232005031258
166.96949415512503,166.87009115602314,149.74759904343944,146.5925907214111,140.1428951382207,74.61488589329412,169.85681244999736,145.00490168889777,136.62793019314455,140.581414241308,144.38460689095322,77.80076602436291
170.25535365078878,159.43533277786838,148.3106007372484,130.8267661021149,136.1976717244596,65.84659460767547,172.44267159746187,147.83403168071138,137.00563691246742,131.60538196193178,138.0804805499196,65.18853457272981
167.7798143012521,155.6691386695832,152.70869278821434,126.19440307694883,135.89996869392905,67.89510841853661,168.60631117902508,148.21373970434715,135.67657282468977,129.95731077000283,137.13530630769472,64.27516056799085
166.33350970094628,150.64352711659396,158.2864514807966,124.7507841996238,135.54407986961823,71.08975625416203,162.41281837828015,146.39314033549937,144.02469462556138,131.7938420802426,136.15391560368914,65.17333283816804
163.88790626456114,139.604058570026,160.64891962539355,131.90940425222158,130.0756354836699,68.15795248525558,158.75469955606923,136.5542484015879,143.22629681517026,139.1018641301301,133.03213067237962,66.61617086143521
154.50460482417964,135.6394914530555,163.63451857627996,140.86140926169523,124.66311991277672,70.44258021490063,146.96232907488874,119.38322241741184,152.12558686659463,154.3356498472361,132.11004608652166,70.35127481635016
131.431387288495,121.33110361617746,161.16980106183988,156.82636563730307,140.63926557198727,91.4445496868596,125.49421548986446,101.41119986134295,158.84590401577717,165.21841657955707,141.7151302781582,82.77506594653245
120.91846265135807,109.03344569713117,162.8489454579707,161.44971652630525,142.79427572191548,78.91171732657214,118.1256822330132,86.86608374589855,165.5980575150802,158.99846787535992,150.23081341095897,80.39622838430665
116.13513485973438,89.91784994200208,162.81444273989823,160.6275297261122,136.00102864573486,75.18707324543885,118.55537258243572,80.69768120356497,172.78519035881826,161.04076917345714,146.2802983590109,79.76024282540271
100.93360159356068,60.758833343970224,150.7246121234616,159.286390594203,127.43353551962556,72.77083137565513,106.91367887288686,44.50421740918656,166.21431884872496,156.10329294358363,138.52869775488074,73.46599377857318
90.48252213003322,46.86797559778697,143.55169060033896,157.33486798272824,126.3059791617063,71.95552185763445,93.40396203633246,44.90243673783423,150.16448809540458,154.6933529967036,135.80974753149124,74.66767413940703
77.56251968624443,79.0145121306251,117.47846560239707,157.77687327438122,124.47167511429745,76.08667301154138,76.44412894862275,55.32080127650342,106.93713263819436,160.69076428344505,126.13918448006778,85.33705385146423
69.10094239192219,130.5018991542329,170.06316870738524,157.13148542074998,108.36778462159292,66.78803863696997,72.76420665271418,113.78085497473232,155.39214362195722,157.05651509629496,110.9465045236643,73.7396172868191
49.0459224071913,107.36081382551522,159.5126767979271,153.70155084943266,102.25675416783362,57.697180456070896,50.60866159938321,129.14172355997206,164.23283367981207,157.89653446753138,109.69566058462924,53.947070827401255
34.90780892277078,115.93308108007307,145.3074858523913,133.0358035637947,96.01783200941524,59.00667590119682,36.03681587948463,135.25703079185314,139.24344829293452,137.0410743485168,101.82737007262058,54.79635587894302
25.99777419492426,113.97243062882231,141.09361400864287,128.13958754551575,96.88840018574865,58.41736585839179,35.55030693506392,157.57038863393632,108.81235859899932,132.07254238496512,106.18490202392468,54.92753896287078
30.843169414678506,86.5230426550436,151.65728422617445,127.45002161067777,94.63448283630797,54.07393523121839,35.55791798240704,149.21390828583338,124.53236088795693,136.17155114771734,104.04491399922053,50.977444112448474
